file_id,filename,video_id,size_bytes,exercise,participant,angle,variation,gender,angle_name,variation_name,exercise_name,quality_score,judge_scores,n_judges,has_score,participant_num,split,cv_fold
11681646,E01_P01_AF_VFL_GM.mp4,E01_P01_AF_VFL_GM,75342935,E01,P01,F,FL,M,front,full_light,Abduction,79.52380952,"[70.0, 84.2857, 84.2857]",3,True,1,train,2
11681345,E01_P01_AF_VHJ_GM.mp4,E01_P01_AF_VHJ_GM,71420260,E01,P01,F,HJ,M,front,high_jitter,Abduction,77.14285714,"[70.0, 77.1429, 84.2857]",3,True,1,train,2
11681677,E01_P01_AF_VLJ_GM.mp4,E01_P01_AF_VLJ_GM,76503033,E01,P01,F,LJ,M,front,low_jitter,Abduction,77.14285714,"[77.1429, 77.1429, 77.1429]",3,True,1,train,2
11681702,E01_P01_AF_VLL_GM.mp4,E01_P01_AF_VLL_GM,74278186,E01,P01,F,LL,M,front,low_light,Abduction,77.14285714,"[77.1429, 77.1429, 77.1429]",3,True,1,train,2
11681685,E01_P01_AF_VML_GM.mp4,E01_P01_AF_VML_GM,79813971,E01,P01,F,ML,M,front,medium_light,Abduction,100.0,"[100.0, 100.0, 100.0]",3,True,1,train,2
11681655,E01_P01_AF_VO_GM.mp4,E01_P01_AF_VO_GM,71871001,E01,P01,F,O,M,front,occlusion,Abduction,74.76190476,"[70.0, 77.1429, 77.1429]",3,True,1,train,2
11674927,E01_P01_AL_VFL_GM.mp4,E01_P01_AL_VFL_GM,24825735,E01,P01,L,FL,M,left,full_light,Abduction,78.0952381,"[68.5714, 82.8571, 82.8571]",3,True,1,train,2
11679824,E01_P01_AL_VHJ_GM.mp4,E01_P01_AL_VHJ_GM,54538774,E01,P01,L,HJ,M,left,high_jitter,Abduction,75.71428571,"[68.5714, 75.7143, 82.8571]",3,True,1,train,2
11679838,E01_P01_AL_VLJ_GM.mp4,E01_P01_AL_VLJ_GM,58030950,E01,P01,L,LJ,M,left,low_jitter,Abduction,75.71428571,"[75.7143, 75.7143, 75.7143, 75.7143, 75.7143, 75.7143]",6,True,1,train,2
11681372,E01_P01_AL_VLL_GM.mp4,E01_P01_AL_VLL_GM,63779045,E01,P01,L,LL,M,left,low_light,Abduction,77.14285714,"[77.1429, 77.1429, 77.1429]",3,True,1,train,2
11674808,E01_P01_AL_VML_GM.mp4,E01_P01_AL_VML_GM,27036904,E01,P01,L,ML,M,left,medium_light,Abduction,100.0,"[100.0, 100.0, 100.0]",3,True,1,train,2
11674974,E01_P01_AL_VO_GM.mp4,E01_P01_AL_VO_GM,30720704,E01,P01,L,O,M,left,occlusion,Abduction,73.33333333,"[68.5714, 75.7143, 75.7143]",3,True,1,train,2
11674838,E01_P01_AR_VFL_GM.mp4,E01_P01_AR_VFL_GM,39489466,E01,P01,R,FL,M,right,full_light,Abduction,78.0952381,"[68.5714, 82.8571, 82.8571]",3,True,1,train,2
11681690,E01_P01_AR_VHJ_GM.mp4,E01_P01_AR_VHJ_GM,74237141,E01,P01,R,HJ,M,right,high_jitter,Abduction,75.71428571,"[68.5714, 75.7143, 82.8571]",3,True,1,train,2
11681699,E01_P01_AR_VLJ_GM.mp4,E01_P01_AR_VLJ_GM,77884517,E01,P01,R,LJ,M,right,low_jitter,Abduction,,[],0,False,1,train,2
11681659,E01_P01_AR_VLL_GM.mp4,E01_P01_AR_VLL_GM,76128742,E01,P01,R,LL,M,right,low_light,Abduction,75.71428571,"[75.7143, 75.7143, 75.7143]",3,True,1,train,2
11674911,E01_P01_AR_VML_GM.mp4,E01_P01_AR_VML_GM,38068497,E01,P01,R,ML,M,right,medium_light,Abduction,84.28571429,"[84.2857, 84.2857, 84.2857]",3,True,1,train,2
11681378,E01_P01_AR_VO_GM.mp4,E01_P01_AR_VO_GM,69994062,E01,P01,R,O,M,right,occlusion,Abduction,73.33333333,"[68.5714, 75.7143, 75.7143]",3,True,1,train,2
11674943,E01_P02_AF_VFL_GM.mp4,E01_P02_AF_VFL_GM,13436022,E01,P02,F,FL,M,front,full_light,Abduction,92.85714286,"[100.0, 92.8571, 85.7143]",3,True,2,train,0
11674782,E01_P02_AF_VHJ_GM.mp4,E01_P02_AF_VHJ_GM,36365737,E01,P02,F,HJ,M,front,high_jitter,Abduction,97.61904762,"[92.8571, 100.0, 100.0]",3,True,2,train,0
11675095,E01_P02_AF_VLJ_GM.mp4,E01_P02_AF_VLJ_GM,37368258,E01,P02,F,LJ,M,front,low_jitter,Abduction,90.47619048,"[85.7143, 92.8571, 92.8571]",3,True,2,train,0
11679832,E01_P02_AF_VLL_GM.mp4,E01_P02_AF_VLL_GM,57649027,E01,P02,F,LL,M,front,low_light,Abduction,79.52380952,"[77.1429, 77.1429, 84.2857]",3,True,2,train,0
11674969,E01_P02_AF_VML_GM.mp4,E01_P02_AF_VML_GM,22196243,E01,P02,F,ML,M,front,medium_light,Abduction,95.23809524,"[100.0, 92.8571, 92.8571]",3,True,2,train,0
11674805,E01_P02_AF_VO_GM.mp4,E01_P02_AF_VO_GM,19035166,E01,P02,F,O,M,front,occlusion,Abduction,74.76190476,"[77.1429, 70.0, 77.1429]",3,True,2,train,0
11681697,E01_P02_AL_VFL_GM.mp4,E01_P02_AL_VFL_GM,73723991,E01,P02,L,FL,M,left,full_light,Abduction,92.85714286,"[100.0, 92.8571, 85.7143]",3,True,2,train,0
11681369,E01_P02_AL_VHJ_GM.mp4,E01_P02_AL_VHJ_GM,68000503,E01,P02,L,HJ,M,left,high_jitter,Abduction,81.9047619,"[77.1429, 84.2857, 84.2857]",3,True,2,train,0
11681364,E01_P02_AL_VLJ_GM.mp4,E01_P02_AL_VLJ_GM,65744646,E01,P02,L,LJ,M,left,low_jitter,Abduction,74.76190476,"[70.0, 77.1429, 77.1429]",3,True,2,train,0
11679837,E01_P02_AL_VLL_GM.mp4,E01_P02_AL_VLL_GM,59929068,E01,P02,L,LL,M,left,low_light,Abduction,78.0952381,"[75.7143, 75.7143, 82.8571]",3,True,2,train,0
11681692,E01_P02_AL_VML_GM.mp4,E01_P02_AL_VML_GM,76006210,E01,P02,L,ML,M,left,medium_light,Abduction,79.52380952,"[84.2857, 77.1429, 77.1429]",3,True,2,train,0
11681380,E01_P02_AL_VO_GM.mp4,E01_P02_AL_VO_GM,66495059,E01,P02,L,O,M,left,occlusion,Abduction,74.76190476,"[77.1429, 70.0, 77.1429]",3,True,2,train,0
11674858,E01_P02_AR_VFL_GM.mp4,E01_P02_AR_VFL_GM,50834605,E01,P02,R,FL,M,right,full_light,Abduction,92.85714286,"[100.0, 92.8571, 85.7143]",3,True,2,train,0
11681365,E01_P02_AR_VHJ_GM.mp4,E01_P02_AR_VHJ_GM,68483867,E01,P02,R,HJ,M,right,high_jitter,Abduction,81.9047619,"[77.1429, 84.2857, 84.2857]",3,True,2,train,0
11681385,E01_P02_AR_VLJ_GM.mp4,E01_P02_AR_VLJ_GM,65903663,E01,P02,R,LJ,M,right,low_jitter,Abduction,74.76190476,"[70.0, 77.1429, 77.1429]",3,True,2,train,0
11681340,E01_P02_AR_VLL_GM.mp4,E01_P02_AR_VLL_GM,64444388,E01,P02,R,LL,M,right,low_light,Abduction,76.66666667,"[74.2857, 74.2857, 81.4286]",3,True,2,train,0
11679826,E01_P02_AR_VML_GM.mp4,E01_P02_AR_VML_GM,58251568,E01,P02,R,ML,M,right,medium_light,Abduction,95.23809524,"[100.0, 92.8571, 92.8571]",3,True,2,train,0
11679827,E01_P02_AR_VO_GM.mp4,E01_P02_AR_VO_GM,56422166,E01,P02,R,O,M,right,occlusion,Abduction,73.33333333,"[75.7143, 68.5714, 75.7143]",3,True,2,train,0
11675074,E01_P03_AF_VFL_GM.mp4,E01_P03_AF_VFL_GM,12600778,E01,P03,F,FL,M,front,full_light,Abduction,60.47619048,"[48.5714, 62.8571, 70.0]",3,True,3,train,3
11674918,E01_P03_AF_VHJ_GM.mp4,E01_P03_AF_VHJ_GM,36556306,E01,P03,F,HJ,M,front,high_jitter,Abduction,83.33333333,"[92.8571, 78.5714, 78.5714]",3,True,3,train,3
11675047,E01_P03_AF_VLJ_GM.mp4,E01_P03_AF_VLJ_GM,39467232,E01,P03,F,LJ,M,front,low_jitter,Abduction,64.28571429,"[71.4286, 71.4286, 50.0]",3,True,3,train,3
11681363,E01_P03_AF_VLL_GM.mp4,E01_P03_AF_VLL_GM,67108078,E01,P03,F,LL,M,front,low_light,Abduction,83.33333333,"[92.8571, 85.7143, 71.4286]",3,True,3,train,3
11675033,E01_P03_AF_VML_GM.mp4,E01_P03_AF_VML_GM,22947799,E01,P03,F,ML,M,front,medium_light,Abduction,64.28571429,"[71.4286, 57.1429, 64.2857]",3,True,3,train,3
11674741,E01_P03_AF_VO_GM.mp4,E01_P03_AF_VO_GM,20743716,E01,P03,F,O,M,front,occlusion,Abduction,63.33333333,"[65.7143, 72.8571, 51.4286]",3,True,3,train,3
11681675,E01_P03_AL_VFL_GM.mp4,E01_P03_AL_VFL_GM,78708285,E01,P03,L,FL,M,left,full_light,Abduction,59.04761905,"[47.1429, 61.4286, 68.5714]",3,True,3,train,3
11681643,E01_P03_AL_VHJ_GM.mp4,E01_P03_AL_VHJ_GM,76585063,E01,P03,L,HJ,M,left,high_jitter,Abduction,67.61904762,"[77.1429, 62.8571, 62.8571]",3,True,3,train,3
11681662,E01_P03_AL_VLJ_GM.mp4,E01_P03_AL_VLJ_GM,72464486,E01,P03,L,LJ,M,left,low_jitter,Abduction,61.42857143,"[68.5714, 68.5714, 47.1429]",3,True,3,train,3
11681761,E01_P03_AL_VLL_GM.mp4,E01_P03_AL_VLL_GM,82795451,E01,P03,L,LL,M,left,low_light,Abduction,83.33333333,"[92.8571, 85.7143, 71.4286]",3,True,3,train,3
11681680,E01_P03_AL_VML_GM.mp4,E01_P03_AL_VML_GM,75781881,E01,P03,L,ML,M,left,medium_light,Abduction,64.28571429,"[71.4286, 57.1429, 64.2857]",3,True,3,train,3
11681641,E01_P03_AL_VO_GM.mp4,E01_P03_AL_VO_GM,79237639,E01,P03,L,O,M,left,occlusion,Abduction,63.33333333,"[65.7143, 72.8571, 51.4286]",3,True,3,train,3
11675084,E01_P03_AR_VFL_GM.mp4,E01_P03_AR_VFL_GM,13988711,E01,P03,R,FL,M,right,full_light,Abduction,59.04761905,"[47.1429, 61.4286, 68.5714]",3,True,3,train,3
11681672,E01_P03_AR_VHJ_GM.mp4,E01_P03_AR_VHJ_GM,79527537,E01,P03,R,HJ,M,right,high_jitter,Abduction,83.33333333,"[92.8571, 78.5714, 78.5714]",3,True,3,train,3
11679831,E01_P03_AR_VLJ_GM.mp4,E01_P03_AR_VLJ_GM,56121338,E01,P03,R,LJ,M,right,low_jitter,Abduction,70.0,"[77.1429, 77.1429, 55.7143]",3,True,3,train,3
11674774,E01_P03_AR_VLL_GM.mp4,E01_P03_AR_VLL_GM,47095731,E01,P03,R,LL,M,right,low_light,Abduction,61.9047619,"[71.4286, 64.2857, 50.0]",3,True,3,train,3
11674747,E01_P03_AR_VML_GM.mp4,E01_P03_AR_VML_GM,20856811,E01,P03,R,ML,M,right,medium_light,Abduction,70.0,"[77.1429, 62.8571, 70.0]",3,True,3,train,3
11674899,E01_P03_AR_VO_GM.mp4,E01_P03_AR_VO_GM,28783001,E01,P03,R,O,M,right,occlusion,Abduction,67.61904762,"[70.0, 77.1429, 55.7143]",3,True,3,train,3
11674972,E01_P04_AF_VFL_GM.mp4,E01_P04_AF_VFL_GM,18232404,E01,P04,F,FL,M,front,full_light,Abduction,82.85714286,"[82.8571, 82.8571, 82.8571]",3,True,4,train,1
11674728,E01_P04_AF_VHJ_GM.mp4,E01_P04_AF_VHJ_GM,37491302,E01,P04,F,HJ,M,front,high_jitter,Abduction,100.0,"[100.0, 100.0, 100.0]",3,True,4,train,1
11674965,E01_P04_AF_VLJ_GM.mp4,E01_P04_AF_VLJ_GM,32653627,E01,P04,F,LJ,M,front,low_jitter,Abduction,79.52380952,"[84.2857, 70.0, 84.2857]",3,True,4,train,1
11674981,E01_P04_AF_VLL_GM.mp4,E01_P04_AF_VLL_GM,31221593,E01,P04,F,LL,M,front,low_light,Abduction,76.19047619,"[71.4286, 78.5714, 78.5714]",3,True,4,train,1
11674875,E01_P04_AF_VML_GM.mp4,E01_P04_AF_VML_GM,19900194,E01,P04,F,ML,M,front,medium_light,Abduction,84.28571429,"[84.2857, 84.2857, 84.2857]",3,True,4,train,1
11674866,E01_P04_AF_VO_GM.mp4,E01_P04_AF_VO_GM,25027978,E01,P04,F,O,M,front,occlusion,Abduction,100.0,"[100.0, 100.0, 100.0]",3,True,4,train,1
11681386,E01_P04_AL_VFL_GM.mp4,E01_P04_AL_VFL_GM,63941923,E01,P04,L,FL,M,left,full_light,Abduction,84.28571429,"[84.2857, 84.2857, 84.2857]",3,True,4,train,1
11681701,E01_P04_AL_VHJ_GM.mp4,E01_P04_AL_VHJ_GM,72669860,E01,P04,L,HJ,M,left,high_jitter,Abduction,84.28571429,"[84.2857, 84.2857, 84.2857]",3,True,4,train,1
11679817,E01_P04_AL_VLJ_GM.mp4,E01_P04_AL_VLJ_GM,58058238,E01,P04,L,LJ,M,left,low_jitter,Abduction,78.0952381,"[82.8571, 68.5714, 82.8571]",3,True,4,train,1
11681359,E01_P04_AL_VLL_GM.mp4,E01_P04_AL_VLL_GM,70711573,E01,P04,L,LL,M,left,low_light,Abduction,80.47619048,"[75.7143, 82.8571, 82.8571]",3,True,4,train,1
11681347,E01_P04_AL_VML_GM.mp4,E01_P04_AL_VML_GM,70969787,E01,P04,L,ML,M,left,medium_light,Abduction,84.28571429,"[84.2857, 84.2857, 84.2857]",3,True,4,train,1
11681700,E01_P04_AL_VO_GM.mp4,E01_P04_AL_VO_GM,71828750,E01,P04,L,O,M,left,occlusion,Abduction,84.28571429,"[84.2857, 84.2857, 84.2857]",3,True,4,train,1
11674942,E01_P04_AR_VFL_GM.mp4,E01_P04_AR_VFL_GM,13319294,E01,P04,R,FL,M,right,full_light,Abduction,84.28571429,"[84.2857, 84.2857, 84.2857]",3,True,4,train,1
11681362,E01_P04_AR_VHJ_GM.mp4,E01_P04_AR_VHJ_GM,71160689,E01,P04,R,HJ,M,right,high_jitter,Abduction,100.0,"[100.0, 100.0, 100.0]",3,True,4,train,1
11675077,E01_P04_AR_VLJ_GM.mp4,E01_P04_AR_VLJ_GM,43379153,E01,P04,R,LJ,M,right,low_jitter,Abduction,78.0952381,"[82.8571, 68.5714, 82.8571]",3,True,4,train,1
11679830,E01_P04_AR_VLL_GM.mp4,E01_P04_AR_VLL_GM,51288992,E01,P04,R,LL,M,right,low_light,Abduction,81.9047619,"[77.1429, 84.2857, 84.2857]",3,True,4,train,1
11675054,E01_P04_AR_VML_GM.mp4,E01_P04_AR_VML_GM,23016414,E01,P04,R,ML,M,right,medium_light,Abduction,84.28571429,"[84.2857, 84.2857, 84.2857]",3,True,4,train,1
11674878,E01_P04_AR_VO_GM.mp4,E01_P04_AR_VO_GM,29697327,E01,P04,R,O,M,right,occlusion,Abduction,100.0,"[100.0, 100.0, 100.0]",3,True,4,train,1
11674887,E01_P05_AF_VFL_GM.mp4,E01_P05_AF_VFL_GM,13314099,E01,P05,F,FL,M,front,full_light,Abduction,79.52380952,"[77.1429, 77.1429, 84.2857]",3,True,5,train,3
11674735,E01_P05_AF_VHJ_GM.mp4,E01_P05_AF_VHJ_GM,30582109,E01,P05,F,HJ,M,front,high_jitter,Abduction,92.85714286,"[85.7143, 92.8571, 100.0]",3,True,5,train,3
11674888,E01_P05_AF_VLJ_GM.mp4,E01_P05_AF_VLJ_GM,32942887,E01,P05,F,LJ,M,front,low_jitter,Abduction,81.9047619,"[84.2857, 77.1429, 84.2857]",3,True,5,train,3
11679825,E01_P05_AF_VLL_GM.mp4,E01_P05_AF_VLL_GM,54984330,E01,P05,F,LL,M,front,low_light,Abduction,90.47619048,"[100.0, 85.7143, 85.7143]",3,True,5,train,3
11675068,E01_P05_AF_VML_GM.mp4,E01_P05_AF_VML_GM,26143113,E01,P05,F,ML,M,front,medium_light,Abduction,90.47619048,"[92.8571, 85.7143, 92.8571]",3,True,5,train,3
11674801,E01_P05_AF_VO_GM.mp4,E01_P05_AF_VO_GM,16342945,E01,P05,F,O,M,front,occlusion,Abduction,85.71428571,"[85.7143, 85.7143, 85.7143]",3,True,5,train,3
11681750,E01_P05_AL_VFL_GM.mp4,E01_P05_AL_VFL_GM,84448525,E01,P05,L,FL,M,left,full_light,Abduction,79.52380952,"[77.1429, 77.1429, 84.2857]",3,True,5,train,3
11679833,E01_P05_AL_VHJ_GM.mp4,E01_P05_AL_VHJ_GM,59372913,E01,P05,L,HJ,M,left,high_jitter,Abduction,92.85714286,"[85.7143, 92.8571, 100.0]",3,True,5,train,3
11681353,E01_P05_AL_VLJ_GM.mp4,E01_P05_AL_VLJ_GM,67630128,E01,P05,L,LJ,M,left,low_jitter,Abduction,97.61904762,"[100.0, 92.8571, 100.0]",3,True,5,train,3
11681691,E01_P05_AL_VLL_GM.mp4,E01_P05_AL_VLL_GM,78236030,E01,P05,L,LL,M,left,low_light,Abduction,90.47619048,"[100.0, 85.7143, 85.7143]",3,True,5,train,3
11681756,E01_P05_AL_VML_GM.mp4,E01_P05_AL_VML_GM,83326606,E01,P05,L,ML,M,left,medium_light,Abduction,90.47619048,"[92.8571, 85.7143, 92.8571]",3,True,5,train,3
11681368,E01_P05_AL_VO_GM.mp4,E01_P05_AL_VO_GM,70251105,E01,P05,L,O,M,left,occlusion,Abduction,85.71428571,"[85.7143, 85.7143, 85.7143]",3,True,5,train,3
11674883,E01_P05_AR_VFL_GM.mp4,E01_P05_AR_VFL_GM,12526386,E01,P05,R,FL,M,right,full_light,Abduction,79.52380952,"[77.1429, 77.1429, 84.2857]",3,True,5,train,3
11679828,E01_P05_AR_VHJ_GM.mp4,E01_P05_AR_VHJ_GM,59324640,E01,P05,R,HJ,M,right,high_jitter,Abduction,92.85714286,"[85.7143, 92.8571, 100.0]",3,True,5,train,3
11674880,E01_P05_AR_VLJ_GM.mp4,E01_P05_AR_VLJ_GM,45232064,E01,P05,R,LJ,M,right,low_jitter,Abduction,81.9047619,"[84.2857, 77.1429, 84.2857]",3,True,5,train,3
11674874,E01_P05_AR_VLL_GM.mp4,E01_P05_AR_VLL_GM,16847469,E01,P05,R,LL,M,right,low_light,Abduction,74.76190476,"[84.2857, 70.0, 70.0]",3,True,5,train,3
11675005,E01_P05_AR_VML_GM.mp4,E01_P05_AR_VML_GM,11553428,E01,P05,R,ML,M,right,medium_light,Abduction,90.47619048,"[92.8571, 85.7143, 92.8571]",3,True,5,train,3
11675081,E01_P05_AR_VO_GM.mp4,E01_P05_AR_VO_GM,20656967,E01,P05,R,O,M,right,occlusion,Abduction,85.71428571,"[85.7143, 85.7143, 85.7143]",3,True,5,train,3
11675093,E01_P06_AF_VFL_GM.mp4,E01_P06_AF_VFL_GM,11425313,E01,P06,F,FL,M,front,full_light,Abduction,90.47619048,"[92.8571, 85.7143, 92.8571]",3,True,6,train,3
11675096,E01_P06_AF_VHJ_GM.mp4,E01_P06_AF_VHJ_GM,33751383,E01,P06,F,HJ,M,front,high_jitter,Abduction,90.47619048,"[92.8571, 85.7143, 92.8571]",3,True,6,train,3
11674903,E01_P06_AF_VLJ_GM.mp4,E01_P06_AF_VLJ_GM,32326754,E01,P06,F,LJ,M,front,low_jitter,Abduction,95.23809524,"[85.7143, 100.0, 100.0]",3,True,6,train,3
11675016,E01_P06_AF_VLL_GM.mp4,E01_P06_AF_VLL_GM,48339573,E01,P06,F,LL,M,front,low_light,Abduction,77.14285714,"[77.1429, 84.2857, 70.0]",3,True,6,train,3
11674763,E01_P06_AF_VML_GM.mp4,E01_P06_AF_VML_GM,24509231,E01,P06,F,ML,M,front,medium_light,Abduction,75.71428571,"[68.5714, 75.7143, 82.8571]",3,True,6,train,3
11674818,E01_P06_AF_VO_GM.mp4,E01_P06_AF_VO_GM,16615205,E01,P06,F,O,M,front,occlusion,Abduction,74.76190476,"[70.0, 77.1429, 77.1429]",3,True,6,train,3
11681357,E01_P06_AL_VFL_GM.mp4,E01_P06_AL_VFL_GM,70080232,E01,P06,L,FL,M,left,full_light,Abduction,74.76190476,"[77.1429, 70.0, 77.1429]",3,True,6,train,3
11681350,E01_P06_AL_VHJ_GM.mp4,E01_P06_AL_VHJ_GM,65264672,E01,P06,L,HJ,M,left,high_jitter,Abduction,74.76190476,"[77.1429, 70.0, 77.1429]",3,True,6,train,3
11681343,E01_P06_AL_VLJ_GM.mp4,E01_P06_AL_VLJ_GM,64481187,E01,P06,L,LJ,M,left,low_jitter,Abduction,79.52380952,"[70.0, 84.2857, 84.2857]",3,True,6,train,3
11681373,E01_P06_AL_VLL_GM.mp4,E01_P06_AL_VLL_GM,67514450,E01,P06,L,LL,M,left,low_light,Abduction,75.71428571,"[75.7143, 82.8571, 68.5714]",3,True,6,train,3
11681376,E01_P06_AL_VML_GM.mp4,E01_P06_AL_VML_GM,66209043,E01,P06,L,ML,M,left,medium_light,Abduction,74.28571429,"[67.1429, 74.2857, 81.4286]",3,True,6,train,3
11679816,E01_P06_AL_VO_GM.mp4,E01_P06_AL_VO_GM,59499664,E01,P06,L,O,M,left,occlusion,Abduction,73.33333333,"[68.5714, 75.7143, 75.7143]",3,True,6,train,3
11674933,E01_P06_AR_VFL_GM.mp4,E01_P06_AR_VFL_GM,9835878,E01,P06,R,FL,M,right,full_light,Abduction,74.76190476,"[77.1429, 70.0, 77.1429]",3,True,6,train,3
11681371,E01_P06_AR_VHJ_GM.mp4,E01_P06_AR_VHJ_GM,64251028,E01,P06,R,HJ,M,right,high_jitter,Abduction,90.47619048,"[92.8571, 85.7143, 92.8571]",3,True,6,train,3
11674998,E01_P06_AR_VLJ_GM.mp4,E01_P06_AR_VLJ_GM,44878433,E01,P06,R,LJ,M,right,low_jitter,Abduction,95.23809524,"[85.7143, 100.0, 100.0]",3,True,6,train,3
11701305,E01_P06_AR_VLL_GM.mp4,E01_P06_AR_VLL_GM,50834605,E01,P06,R,LL,M,right,low_light,Abduction,75.71428571,"[75.7143, 82.8571, 68.5714]",3,True,6,train,3
11675032,E01_P06_AR_VML_GM.mp4,E01_P06_AR_VML_GM,9527771,E01,P06,R,ML,M,right,medium_light,Abduction,74.28571429,"[67.1429, 74.2857, 81.4286]",3,True,6,train,3
11674836,E01_P06_AR_VO_GM.mp4,E01_P06_AR_VO_GM,19765763,E01,P06,R,O,M,right,occlusion,Abduction,74.76190476,"[70.0, 77.1429, 77.1429]",3,True,6,train,3
11675061,E01_P07_AF_VFL_GM.mp4,E01_P07_AF_VFL_GM,22227307,E01,P07,F,FL,M,front,full_light,Abduction,84.28571429,"[84.2857, 84.2857, 84.2857]",3,True,7,train,0
11674870,E01_P07_AF_VHJ_GM.mp4,E01_P07_AF_VHJ_GM,28357575,E01,P07,F,HJ,M,front,high_jitter,Abduction,67.61904762,"[48.5714, 77.1429, 77.1429]",3,True,7,train,0
11674803,E01_P07_AF_VLJ_GM.mp4,E01_P07_AF_VLJ_GM,34045605,E01,P07,F,LJ,M,front,low_jitter,Abduction,77.14285714,"[77.1429, 77.1429, 77.1429]",3,True,7,train,0
11681374,E01_P07_AF_VLL_GM.mp4,E01_P07_AF_VLL_GM,64537889,E01,P07,F,LL,M,front,low_light,Abduction,84.28571429,"[84.2857, 84.2857, 84.2857]",3,True,7,train,0
11675043,E01_P07_AF_VML_GM.mp4,E01_P07_AF_VML_GM,27583255,E01,P07,F,ML,M,front,medium_light,Abduction,100.0,"[100.0, 100.0, 100.0]",3,True,7,train,0
11674961,E01_P07_AF_VO_GM.mp4,E01_P07_AF_VO_GM,16301868,E01,P07,F,O,M,front,occlusion,Abduction,88.0952381,"[85.7143, 92.8571, 85.7143]",3,True,7,train,0
11681763,E01_P07_AL_VFL_GM.mp4,E01_P07_AL_VFL_GM,84536948,E01,P07,L,FL,M,left,full_light,Abduction,84.28571429,"[84.2857, 84.2857, 84.2857]",3,True,7,train,0
11679834,E01_P07_AL_VHJ_GM.mp4,E01_P07_AL_VHJ_GM,55637486,E01,P07,L,HJ,M,left,high_jitter,Abduction,67.61904762,"[48.5714, 77.1429, 77.1429]",3,True,7,train,0
11681342,E01_P07_AL_VLJ_GM.mp4,E01_P07_AL_VLJ_GM,68691242,E01,P07,L,LJ,M,left,low_jitter,Abduction,77.14285714,"[77.1429, 77.1429, 77.1429]",3,True,7,train,0
11681751,E01_P07_AL_VLL_GM.mp4,E01_P07_AL_VLL_GM,85617497,E01,P07,L,LL,M,left,low_light,Abduction,84.28571429,"[84.2857, 84.2857, 84.2857]",3,True,7,train,0
11681870,E01_P07_AL_VML_GM.mp4,E01_P07_AL_VML_GM,102536546,E01,P07,L,ML,M,left,medium_light,Abduction,100.0,"[100.0, 100.0, 100.0]",3,True,7,train,0
11681694,E01_P07_AL_VO_GM.mp4,E01_P07_AL_VO_GM,71898198,E01,P07,L,O,M,left,occlusion,Abduction,72.38095238,"[70.0, 77.1429, 70.0]",3,True,7,train,0
11675079,E01_P07_AR_VFL_GM.mp4,E01_P07_AR_VFL_GM,11285348,E01,P07,R,FL,M,right,full_light,Abduction,84.28571429,"[84.2857, 84.2857, 84.2857]",3,True,7,train,0
11679839,E01_P07_AR_VHJ_GM.mp4,E01_P07_AR_VHJ_GM,55930062,E01,P07,R,HJ,M,right,high_jitter,Abduction,67.61904762,"[48.5714, 77.1429, 77.1429]",3,True,7,train,0
11675094,E01_P07_AR_VLJ_GM.mp4,E01_P07_AR_VLJ_GM,48839729,E01,P07,R,LJ,M,right,low_jitter,Abduction,75.71428571,"[75.7143, 75.7143, 75.7143]",3,True,7,train,0
11674868,E01_P07_AR_VLL_GM.mp4,E01_P07_AR_VLL_GM,44490229,E01,P07,R,LL,M,right,low_light,Abduction,84.28571429,"[84.2857, 84.2857, 84.2857]",3,True,7,train,0
11675091,E01_P07_AR_VML_GM.mp4,E01_P07_AR_VML_GM,17663484,E01,P07,R,ML,M,right,medium_light,Abduction,100.0,"[100.0, 100.0, 100.0]",3,True,7,train,0
11674810,E01_P07_AR_VO_GM.mp4,E01_P07_AR_VO_GM,21148138,E01,P07,R,O,M,right,occlusion,Abduction,88.0952381,"[85.7143, 92.8571, 85.7143]",3,True,7,train,0
11674821,E01_P08_AF_VFL_GM.mp4,E01_P08_AF_VFL_GM,11055957,E01,P08,F,FL,M,front,full_light,Abduction,73.33333333,"[68.5714, 75.7143, 75.7143]",3,True,8,val,1
11674740,E01_P08_AF_VHJ_GM.mp4,E01_P08_AF_VHJ_GM,38471339,E01,P08,F,HJ,M,front,high_jitter,Abduction,73.33333333,"[68.5714, 75.7143, 75.7143]",3,True,8,val,1
11674913,E01_P08_AF_VLJ_GM.mp4,E01_P08_AF_VLJ_GM,36698460,E01,P08,F,LJ,M,front,low_jitter,Abduction,70.47619048,"[72.8571, 65.7143, 72.8571]",3,True,8,val,1
11675065,E01_P08_AF_VLL_GM.mp4,E01_P08_AF_VLL_GM,48703844,E01,P08,F,LL,M,front,low_light,Abduction,69.04761905,"[64.2857, 71.4286, 71.4286]",3,True,8,val,1
11674851,E01_P08_AF_VML_GM.mp4,E01_P08_AF_VML_GM,12005091,E01,P08,F,ML,M,front,medium_light,Abduction,71.9047619,"[74.2857, 67.1429, 74.2857]",3,True,8,val,1
11675000,E01_P08_AF_VO_GM.mp4,E01_P08_AF_VO_GM,14201102,E01,P08,F,O,M,front,occlusion,Abduction,71.9047619,"[74.2857, 67.1429, 74.2857]",3,True,8,val,1
11681674,E01_P08_AL_VFL_GM.mp4,E01_P08_AL_VFL_GM,75244973,E01,P08,L,FL,M,left,full_light,Abduction,74.76190476,"[70.0, 77.1429, 77.1429]",3,True,8,val,1
11681679,E01_P08_AL_VHJ_GM.mp4,E01_P08_AL_VHJ_GM,76223178,E01,P08,L,HJ,M,left,high_jitter,Abduction,74.76190476,"[70.0, 77.1429, 77.1429]",3,True,8,val,1
11681753,E01_P08_AL_VLJ_GM.mp4,E01_P08_AL_VLJ_GM,85647826,E01,P08,L,LJ,M,left,low_jitter,Abduction,74.76190476,"[77.1429, 70.0, 77.1429]",3,True,8,val,1
11681766,E01_P08_AL_VLL_GM.mp4,E01_P08_AL_VLL_GM,85419061,E01,P08,L,LL,M,left,low_light,Abduction,69.04761905,"[64.2857, 71.4286, 71.4286]",3,True,8,val,1
11681664,E01_P08_AL_VML_GM.mp4,E01_P08_AL_VML_GM,78120677,E01,P08,L,ML,M,left,medium_light,Abduction,73.33333333,"[75.7143, 68.5714, 75.7143]",3,True,8,val,1
11681361,E01_P08_AL_VO_GM.mp4,E01_P08_AL_VO_GM,67271072,E01,P08,L,O,M,left,occlusion,Abduction,73.33333333,"[75.7143, 68.5714, 75.7143]",3,True,8,val,1
11674826,E01_P08_AR_VFL_GM.mp4,E01_P08_AR_VFL_GM,12963081,E01,P08,R,FL,M,right,full_light,Abduction,74.76190476,"[70.0, 77.1429, 77.1429]",3,True,8,val,1
11681640,E01_P08_AR_VHJ_GM.mp4,E01_P08_AR_VHJ_GM,73709151,E01,P08,R,HJ,M,right,high_jitter,Abduction,74.76190476,"[70.0, 77.1429, 77.1429]",3,True,8,val,1
11674906,E01_P08_AR_VLJ_GM.mp4,E01_P08_AR_VLJ_GM,50043110,E01,P08,R,LJ,M,right,low_jitter,Abduction,74.76190476,"[77.1429, 70.0, 77.1429]",3,True,8,val,1
11674922,E01_P08_AR_VLL_GM.mp4,E01_P08_AR_VLL_GM,14585265,E01,P08,R,LL,M,right,low_light,Abduction,71.9047619,"[67.1429, 74.2857, 74.2857]",3,True,8,val,1
11674791,E01_P08_AR_VML_GM.mp4,E01_P08_AR_VML_GM,11742169,E01,P08,R,ML,M,right,medium_light,Abduction,90.47619048,"[92.8571, 85.7143, 92.8571]",3,True,8,val,1
11675080,E01_P08_AR_VO_GM.mp4,E01_P08_AR_VO_GM,15535100,E01,P08,R,O,M,right,occlusion,Abduction,90.47619048,"[92.8571, 85.7143, 92.8571]",3,True,8,val,1
11674844,E01_P09_AF_VFL_GF.mp4,E01_P09_AF_VFL_GF,28958723,E01,P09,F,FL,F,front,full_light,Abduction,69.04761905,"[71.4286, 71.4286, 64.2857]",3,True,9,train,1
11679836,E01_P09_AF_VLL_GF.mp4,E01_P09_AF_VLL_GF,54440158,E01,P09,F,LL,F,front,low_light,Abduction,100.0,"[100.0, 100.0, 100.0]",3,True,9,train,1
11675049,E01_P09_AF_VML_GF.mp4,E01_P09_AF_VML_GF,35184081,E01,P09,F,ML,F,front,medium_light,Abduction,72.38095238,"[62.8571, 84.2857, 70.0]",3,True,9,train,1
11674857,E01_P09_AF_VO_GF.mp4,E01_P09_AF_VO_GF,23742842,E01,P09,F,O,F,front,occlusion,Abduction,63.80952381,"[68.5714, 68.5714, 54.2857]",3,True,9,train,1
11681876,E01_P09_AL_VFL_GF.mp4,E01_P09_AL_VFL_GF,101438185,E01,P09,L,FL,F,left,full_light,Abduction,69.04761905,"[71.4286, 71.4286, 64.2857]",3,True,9,train,1
11681656,E01_P09_AL_VLL_GF.mp4,E01_P09_AL_VLL_GF,73376885,E01,P09,L,LL,F,left,low_light,Abduction,100.0,"[100.0, 100.0, 100.0]",3,True,9,train,1
11681760,E01_P09_AL_VML_GF.mp4,E01_P09_AL_VML_GF,89815271,E01,P09,L,ML,F,left,medium_light,Abduction,72.38095238,"[62.8571, 84.2857, 70.0]",3,True,9,train,1
11679835,E01_P09_AL_VO_GF.mp4,E01_P09_AL_VO_GF,60494516,E01,P09,L,O,F,left,occlusion,Abduction,72.38095238,"[77.1429, 77.1429, 62.8571]",3,True,9,train,1
11674837,E01_P09_AR_VFL_GF.mp4,E01_P09_AR_VFL_GF,16043510,E01,P09,R,FL,F,right,full_light,Abduction,67.61904762,"[70.0, 70.0, 62.8571]",3,True,9,train,1
11675083,E01_P09_AR_VLL_GF.mp4,E01_P09_AR_VLL_GF,16078625,E01,P09,R,LL,F,right,low_light,Abduction,84.28571429,"[84.2857, 84.2857, 84.2857]",3,True,9,train,1
11674832,E01_P09_AR_VML_GF.mp4,E01_P09_AR_VML_GF,14667741,E01,P09,R,ML,F,right,medium_light,Abduction,72.38095238,"[62.8571, 84.2857, 70.0]",3,True,9,train,1
11674757,E01_P09_AR_VO_GF.mp4,E01_P09_AR_VO_GF,30395435,E01,P09,R,O,F,right,occlusion,Abduction,68.0952381,"[72.8571, 72.8571, 58.5714]",3,True,9,train,1
11674890,E01_P10_AF_VFL_GF.mp4,E01_P10_AF_VFL_GF,30794624,E01,P10,F,FL,F,front,full_light,Abduction,100.0,"[100.0, 100.0, 100.0]",3,True,10,train,0
11674793,E01_P10_AF_VLL_GF.mp4,E01_P10_AF_VLL_GF,46094309,E01,P10,F,LL,F,front,low_light,Abduction,59.52380952,"[57.1429, 64.2857, 57.1429]",3,True,10,train,0
11675023,E01_P10_AF_VML_GF.mp4,E01_P10_AF_VML_GF,21291055,E01,P10,F,ML,F,front,medium_light,Abduction,0.0,"[0.0, 0.0, 0.0]",3,True,10,train,0
11674764,E01_P10_AF_VO_GF.mp4,E01_P10_AF_VO_GF,23836599,E01,P10,F,O,F,front,occlusion,Abduction,76.66666667,"[74.2857, 74.2857, 81.4286]",3,True,10,train,0
11681879,E01_P10_AL_VFL_GF.mp4,E01_P10_AL_VFL_GF,92278617,E01,P10,L,FL,F,left,full_light,Abduction,100.0,"[100.0, 100.0, 100.0]",3,True,10,train,0
11681349,E01_P10_AL_VLL_GF.mp4,E01_P10_AL_VLL_GF,65502908,E01,P10,L,LL,F,left,low_light,Abduction,63.80952381,"[61.4286, 68.5714, 61.4286]",3,True,10,train,0
11681743,E01_P10_AL_VML_GF.mp4,E01_P10_AL_VML_GF,89428102,E01,P10,L,ML,F,left,medium_light,Abduction,0.0,"[0.0, 0.0, 0.0]",3,True,10,train,0
11681356,E01_P10_AL_VO_GF.mp4,E01_P10_AL_VO_GF,67694529,E01,P10,L,O,F,left,occlusion,Abduction,79.52380952,"[77.1429, 77.1429, 84.2857]",3,True,10,train,0
11675025,E01_P10_AR_VFL_GF.mp4,E01_P10_AR_VFL_GF,21345485,E01,P10,R,FL,F,right,full_light,Abduction,100.0,"[100.0, 100.0, 100.0]",3,True,10,train,0
11674929,E01_P10_AR_VLL_GF.mp4,E01_P10_AR_VLL_GF,19448475,E01,P10,R,LL,F,right,low_light,Abduction,69.52380952,"[67.1429, 74.2857, 67.1429]",3,True,10,train,0
11674758,E01_P10_AR_VML_GF.mp4,E01_P10_AR_VML_GF,21483960,E01,P10,R,ML,F,right,medium_light,Abduction,0.0,"[0.0, 0.0, 0.0]",3,True,10,train,0
11674889,E01_P10_AR_VO_GF.mp4,E01_P10_AR_VO_GF,45233230,E01,P10,R,O,F,right,occlusion,Abduction,79.52380952,"[77.1429, 77.1429, 84.2857]",3,True,10,train,0
11675060,E01_P11_AF_VFL_GF.mp4,E01_P11_AF_VFL_GF,37143881,E01,P11,F,FL,F,front,full_light,Abduction,85.71428571,"[85.7143, 85.7143, 85.7143]",3,True,11,test,-1
11681754,E01_P11_AF_VLL_GF.mp4,E01_P11_AF_VLL_GF,85448795,E01,P11,F,LL,F,front,low_light,Abduction,84.28571429,"[84.2857, 84.2857, 84.2857]",3,True,11,test,-1
11674809,E01_P11_AF_VML_GF.mp4,E01_P11_AF_VML_GF,42199015,E01,P11,F,ML,F,front,medium_light,Abduction,81.9047619,"[84.2857, 77.1429, 84.2857]",3,True,11,test,-1
11674790,E01_P11_AF_VO_GF.mp4,E01_P11_AF_VO_GF,37576796,E01,P11,F,O,F,front,occlusion,Abduction,84.28571429,"[84.2857, 84.2857, 84.2857]",3,True,11,test,-1
11681868,E01_P11_AL_VFL_GF.mp4,E01_P11_AL_VFL_GF,98952777,E01,P11,L,FL,F,left,full_light,Abduction,70.0,"[70.0, 70.0, 70.0]",3,True,11,test,-1
11681752,E01_P11_AL_VLL_GF.mp4,E01_P11_AL_VLL_GF,87439728,E01,P11,L,LL,F,left,low_light,Abduction,84.28571429,"[84.2857, 84.2857, 84.2857]",3,True,11,test,-1
11681883,E01_P11_AL_VML_GF.mp4,E01_P11_AL_VML_GF,105248514,E01,P11,L,ML,F,left,medium_light,Abduction,81.9047619,"[84.2857, 77.1429, 84.2857]",3,True,11,test,-1
11681344,E01_P11_AL_VO_GF.mp4,E01_P11_AL_VO_GF,71096514,E01,P11,L,O,F,left,occlusion,Abduction,81.42857143,"[81.4286, 81.4286, 81.4286]",3,True,11,test,-1
11674989,E01_P11_AR_VFL_GF.mp4,E01_P11_AR_VFL_GF,14393020,E01,P11,R,FL,F,right,full_light,Abduction,85.71428571,"[85.7143, 85.7143, 85.7143]",3,True,11,test,-1
11674936,E01_P11_AR_VLL_GF.mp4,E01_P11_AR_VLL_GF,35370098,E01,P11,R,LL,F,right,low_light,Abduction,84.28571429,"[84.2857, 84.2857, 84.2857]",3,True,11,test,-1
11674730,E01_P11_AR_VO_GF.mp4,E01_P11_AR_VO_GF,21223321,E01,P11,R,O,F,right,occlusion,Abduction,84.28571429,"[84.2857, 84.2857, 84.2857]",3,True,11,test,-1
11674761,E01_P12_AF_VFL_GF.mp4,E01_P12_AF_VFL_GF,32040910,E01,P12,F,FL,F,front,full_light,Abduction,90.47619048,"[100.0, 85.7143, 85.7143]",3,True,12,train,2
11679819,E01_P12_AF_VLL_GF.mp4,E01_P12_AF_VLL_GF,60724000,E01,P12,F,LL,F,front,low_light,Abduction,95.23809524,"[100.0, 92.8571, 92.8571]",3,True,12,train,2
11674995,E01_P12_AF_VML_GF.mp4,E01_P12_AF_VML_GF,25835780,E01,P12,F,ML,F,front,medium_light,Abduction,76.66666667,"[74.2857, 74.2857, 81.4286]",3,True,12,train,2
11674955,E01_P12_AF_VO_GF.mp4,E01_P12_AF_VO_GF,28140660,E01,P12,F,O,F,front,occlusion,Abduction,82.85714286,"[82.8571, 82.8571, 82.8571]",3,True,12,train,2
11681654,E01_P12_AL_VFL_GF.mp4,E01_P12_AL_VFL_GF,78650810,E01,P12,L,FL,F,left,full_light,Abduction,74.76190476,"[84.2857, 70.0, 70.0]",3,True,12,train,2
11681370,E01_P12_AL_VLL_GF.mp4,E01_P12_AL_VLL_GF,63343716,E01,P12,L,LL,F,left,low_light,Abduction,79.52380952,"[84.2857, 77.1429, 77.1429]",3,True,12,train,2
11681651,E01_P12_AL_VML_GF.mp4,E01_P12_AL_VML_GF,72920844,E01,P12,L,ML,F,left,medium_light,Abduction,79.52380952,"[77.1429, 77.1429, 84.2857]",3,True,12,train,2
11681381,E01_P12_AL_VO_GF.mp4,E01_P12_AL_VO_GF,65391595,E01,P12,L,O,F,left,occlusion,Abduction,84.28571429,"[84.2857, 84.2857, 84.2857]",3,True,12,train,2
11674771,E01_P12_AR_VFL_GF.mp4,E01_P12_AR_VFL_GF,12248306,E01,P12,R,FL,F,right,full_light,Abduction,74.76190476,"[84.2857, 70.0, 70.0]",3,True,12,train,2
11675064,E01_P12_AR_VLL_GF.mp4,E01_P12_AR_VLL_GF,29541313,E01,P12,R,LL,F,right,low_light,Abduction,79.52380952,"[84.2857, 77.1429, 77.1429]",3,True,12,train,2
11675011,E01_P12_AR_VML_GF.mp4,E01_P12_AR_VML_GF,11173874,E01,P12,R,ML,F,right,medium_light,Abduction,79.52380952,"[77.1429, 77.1429, 84.2857]",3,True,12,train,2
11675046,E01_P12_AR_VO_GF.mp4,E01_P12_AR_VO_GF,18576316,E01,P12,R,O,F,right,occlusion,Abduction,84.28571429,"[84.2857, 84.2857, 84.2857]",3,True,12,train,2
11679843,E01_P13_AF_VFL_GF.mp4,E01_P13_AF_VFL_GF,52949025,E01,P13,F,FL,F,front,full_light,Abduction,83.33333333,"[78.5714, 85.7143, 85.7143]",3,True,13,train,2
11675086,E01_P13_AF_VHJ_GF.mp4,E01_P13_AF_VHJ_GF,46289874,E01,P13,F,HJ,F,front,high_jitter,Abduction,70.0,"[70.0, 70.0, 70.0]",3,True,13,train,2
11674775,E01_P13_AF_VLJ_GF.mp4,E01_P13_AF_VLJ_GF,36489434,E01,P13,F,LJ,F,front,low_jitter,Abduction,88.0952381,"[85.7143, 92.8571, 85.7143]",3,True,13,train,2
11674923,E01_P13_AF_VLL_GF.mp4,E01_P13_AF_VLL_GF,33151735,E01,P13,F,LL,F,front,low_light,Abduction,88.0952381,"[85.7143, 92.8571, 85.7143]",3,True,13,train,2
11674966,E01_P13_AF_VML_GF.mp4,E01_P13_AF_VML_GF,35462516,E01,P13,F,ML,F,front,medium_light,Abduction,72.38095238,"[70.0, 77.1429, 70.0]",3,True,13,train,2
11674785,E01_P13_AF_VO_GF.mp4,E01_P13_AF_VO_GF,29348752,E01,P13,F,O,F,front,occlusion,Abduction,88.0952381,"[92.8571, 85.7143, 85.7143]",3,True,13,train,2
11681762,E01_P13_AL_VFL_GF.mp4,E01_P13_AL_VFL_GF,84051874,E01,P13,L,FL,F,left,full_light,Abduction,66.19047619,"[61.4286, 68.5714, 68.5714]",3,True,13,train,2
11681653,E01_P13_AL_VHJ_GF.mp4,E01_P13_AL_VHJ_GF,81091731,E01,P13,L,HJ,F,left,high_jitter,Abduction,70.0,"[70.0, 70.0, 70.0]",3,True,13,train,2
11679823,E01_P13_AL_VLJ_GF.mp4,E01_P13_AL_VLJ_GF,52018527,E01,P13,L,LJ,F,left,low_jitter,Abduction,88.0952381,"[85.7143, 92.8571, 85.7143]",3,True,13,train,2
11681650,E01_P13_AL_VLL_GF.mp4,E01_P13_AL_VLL_GF,72634618,E01,P13,L,LL,F,left,low_light,Abduction,72.38095238,"[70.0, 77.1429, 70.0]",3,True,13,train,2
11681767,E01_P13_AL_VML_GF.mp4,E01_P13_AL_VML_GF,84227973,E01,P13,L,ML,F,left,medium_light,Abduction,72.38095238,"[70.0, 77.1429, 70.0]",3,True,13,train,2
11681645,E01_P13_AL_VO_GF.mp4,E01_P13_AL_VO_GF,79395942,E01,P13,L,O,F,left,occlusion,Abduction,88.0952381,"[92.8571, 85.7143, 85.7143]",3,True,13,train,2
11674928,E01_P13_AR_VFL_GF.mp4,E01_P13_AR_VFL_GF,36641957,E01,P13,R,FL,F,right,full_light,Abduction,83.33333333,"[78.5714, 85.7143, 85.7143]",3,True,13,train,2
11681872,E01_P13_AR_VHJ_GF.mp4,E01_P13_AR_VHJ_GF,103621603,E01,P13,R,HJ,F,right,high_jitter,Abduction,70.0,"[70.0, 70.0, 70.0]",3,True,13,train,2
11674847,E01_P13_AR_VLJ_GF.mp4,E01_P13_AR_VLJ_GF,48585755,E01,P13,R,LJ,F,right,low_jitter,Abduction,72.38095238,"[70.0, 77.1429, 70.0]",3,True,13,train,2
11681671,E01_P13_AR_VLL_GF.mp4,E01_P13_AR_VLL_GF,77451067,E01,P13,R,LL,F,right,low_light,Abduction,88.0952381,"[85.7143, 92.8571, 85.7143]",3,True,13,train,2
11681341,E01_P13_AR_VML_GF.mp4,E01_P13_AR_VML_GF,63355813,E01,P13,R,ML,F,right,medium_light,Abduction,69.52380952,"[67.1429, 74.2857, 67.1429]",3,True,13,train,2
11674781,E01_P13_AR_VO_GF.mp4,E01_P13_AR_VO_GF,27745763,E01,P13,R,O,F,right,occlusion,Abduction,88.0952381,"[92.8571, 85.7143, 85.7143]",3,True,13,train,2
11674877,E01_P14_AF_VFL_GF.mp4,E01_P14_AF_VFL_GF,43476434,E01,P14,F,FL,F,front,full_light,Abduction,95.23809524,"[100.0, 92.8571, 92.8571]",3,True,14,train,4
11674895,E01_P14_AF_VLJ_GF.mp4,E01_P14_AF_VLJ_GF,25739256,E01,P14,F,LJ,F,front,low_jitter,Abduction,82.85714286,"[82.8571, 82.8571, 82.8571]",3,True,14,train,4
11681758,E01_P14_AF_VLL_GF.mp4,E01_P14_AF_VLL_GF,84121400,E01,P14,F,LL,F,front,low_light,Abduction,81.9047619,"[84.2857, 77.1429, 84.2857]",3,True,14,train,4
11674816,E01_P14_AF_VML_GF.mp4,E01_P14_AF_VML_GF,36058098,E01,P14,F,ML,F,front,medium_light,Abduction,76.66666667,"[74.2857, 81.4286, 74.2857]",3,True,14,train,4
11681744,E01_P14_AL_VFL_GF.mp4,E01_P14_AL_VFL_GF,86206507,E01,P14,L,FL,F,left,full_light,Abduction,79.52380952,"[84.2857, 77.1429, 77.1429]",3,True,14,train,4
11681382,E01_P14_AL_VLJ_GF.mp4,E01_P14_AL_VLJ_GF,71531187,E01,P14,L,LJ,F,left,low_jitter,Abduction,100.0,"[100.0, 100.0, 100.0]",3,True,14,train,4
11681673,E01_P14_AL_VLL_GF.mp4,E01_P14_AL_VLL_GF,80630229,E01,P14,L,LL,F,left,low_light,Abduction,81.9047619,"[84.2857, 77.1429, 84.2857]",3,True,14,train,4
11681661,E01_P14_AL_VML_GF.mp4,E01_P14_AL_VML_GF,77882963,E01,P14,L,ML,F,left,medium_light,Abduction,79.52380952,"[77.1429, 84.2857, 77.1429]",3,True,14,train,4
11674737,E01_P14_AR_VFL_GF.mp4,E01_P14_AR_VFL_GF,29077267,E01,P14,R,FL,F,right,full_light,Abduction,79.52380952,"[84.2857, 77.1429, 77.1429]",3,True,14,train,4
11674971,E01_P14_AR_VLJ_GF.mp4,E01_P14_AR_VLJ_GF,33835911,E01,P14,R,LJ,F,right,low_jitter,Abduction,84.28571429,"[84.2857, 84.2857, 84.2857]",3,True,14,train,4
11681749,E01_P14_AR_VLL_GF.mp4,E01_P14_AR_VLL_GF,82588023,E01,P14,R,LL,F,right,low_light,Abduction,81.9047619,"[84.2857, 77.1429, 84.2857]",3,True,14,train,4
11679840,E01_P14_AR_VML_GF.mp4,E01_P14_AR_VML_GF,59900481,E01,P14,R,ML,F,right,medium_light,Abduction,95.23809524,"[92.8571, 100.0, 92.8571]",3,True,14,train,4
11674865,E01_P15_AF_VFL_GF.mp4,E01_P15_AF_VFL_GF,27829243,E01,P15,F,FL,F,front,full_light,Abduction,76.66666667,"[74.2857, 81.4286, 74.2857]",3,True,15,train,1
11674940,E01_P15_AF_VLJ_GF.mp4,E01_P15_AF_VLJ_GF,21970672,E01,P15,F,LJ,F,front,low_jitter,Abduction,79.04761905,"[81.4286, 74.2857, 81.4286]",3,True,15,train,1
11681354,E01_P15_AF_VLL_GF.mp4,E01_P15_AF_VLL_GF,62753219,E01,P15,F,LL,F,front,low_light,Abduction,84.28571429,"[84.2857, 84.2857, 84.2857]",3,True,15,train,1
11675051,E01_P15_AF_VML_GF.mp4,E01_P15_AF_VML_GF,27317198,E01,P15,F,ML,F,front,medium_light,Abduction,73.80952381,"[78.5714, 71.4286, 71.4286]",3,True,15,train,1
11681693,E01_P15_AL_VFL_GF.mp4,E01_P15_AL_VFL_GF,79671976,E01,P15,L,FL,F,left,full_light,Abduction,79.52380952,"[77.1429, 84.2857, 77.1429]",3,True,15,train,1
11674901,E01_P15_AL_VLJ_GF.mp4,E01_P15_AL_VLJ_GF,28409761,E01,P15,L,LJ,F,left,low_jitter,Abduction,73.33333333,"[75.7143, 68.5714, 75.7143]",3,True,15,train,1
11681366,E01_P15_AL_VLL_GF.mp4,E01_P15_AL_VLL_GF,68962721,E01,P15,L,LL,F,left,low_light,Abduction,84.28571429,"[84.2857, 84.2857, 84.2857]",3,True,15,train,1
11681688,E01_P15_AL_VML_GF.mp4,E01_P15_AL_VML_GF,81403963,E01,P15,L,ML,F,left,medium_light,Abduction,79.52380952,"[84.2857, 77.1429, 77.1429]",3,True,15,train,1
11675062,E01_P15_AR_VFL_GF.mp4,E01_P15_AR_VFL_GF,25226039,E01,P15,R,FL,F,right,full_light,Abduction,78.0952381,"[75.7143, 82.8571, 75.7143]",3,True,15,train,1
11675056,E01_P15_AR_VLJ_GF.mp4,E01_P15_AR_VLJ_GF,37687759,E01,P15,R,LJ,F,right,low_jitter,Abduction,81.9047619,"[84.2857, 77.1429, 84.2857]",3,True,15,train,1
11681379,E01_P15_AR_VLL_GF.mp4,E01_P15_AR_VLL_GF,71650254,E01,P15,R,LL,F,right,low_light,Abduction,100.0,"[100.0, 100.0, 100.0]",3,True,15,train,1
11674772,E01_P15_AR_VML_GF.mp4,E01_P15_AR_VML_GF,43249904,E01,P15,R,ML,F,right,medium_light,Abduction,79.52380952,"[84.2857, 77.1429, 77.1429]",3,True,15,train,1
11679822,E01_P16_AF_VFL_GF.mp4,E01_P16_AF_VFL_GF,58425711,E01,P16,F,FL,F,front,full_light,Abduction,66.66666667,"[71.4286, 64.2857, 64.2857]",3,True,16,val,0
11679815,E01_P16_AF_VHJ_GF.mp4,E01_P16_AF_VHJ_GF,51246656,E01,P16,F,HJ,F,front,high_jitter,Abduction,92.85714286,"[92.8571, 92.8571, 92.8571]",3,True,16,val,0
11674892,E01_P16_AF_VLJ_GF.mp4,E01_P16_AF_VLJ_GF,34302177,E01,P16,F,LJ,F,front,low_jitter,Abduction,74.76190476,"[77.1429, 77.1429, 70.0]",3,True,16,val,0
11681768,E01_P16_AF_VLL_GF.mp4,E01_P16_AF_VLL_GF,87781400,E01,P16,F,LL,F,front,low_light,Abduction,74.76190476,"[77.1429, 77.1429, 70.0]",3,True,16,val,0
11679842,E01_P16_AF_VML_GF.mp4,E01_P16_AF_VML_GF,60989600,E01,P16,F,ML,F,front,medium_light,Abduction,74.76190476,"[84.2857, 70.0, 70.0]",3,True,16,val,0
11674863,E01_P16_AF_VO_GF.mp4,E01_P16_AF_VO_GF,32195645,E01,P16,F,O,F,front,occlusion,Abduction,70.95238095,"[75.7143, 68.5714, 68.5714]",3,True,16,val,0
11681869,E01_P16_AL_VFL_GF.mp4,E01_P16_AL_VFL_GF,128197795,E01,P16,L,FL,F,left,full_light,Abduction,50.95238095,"[55.7143, 48.5714, 48.5714]",3,True,16,val,0
11681746,E01_P16_AL_VHJ_GF.mp4,E01_P16_AL_VHJ_GF,84717186,E01,P16,L,HJ,F,left,high_jitter,Abduction,77.14285714,"[77.1429, 77.1429, 77.1429]",3,True,16,val,0
11681647,E01_P16_AL_VLJ_GF.mp4,E01_P16_AL_VLJ_GF,77646635,E01,P16,L,LJ,F,left,low_jitter,Abduction,74.76190476,"[77.1429, 77.1429, 70.0]",3,True,16,val,0
11681747,E01_P16_AL_VLL_GF.mp4,E01_P16_AL_VLL_GF,85581303,E01,P16,L,LL,F,left,low_light,Abduction,69.04761905,"[71.4286, 71.4286, 64.2857]",3,True,16,val,0
11701806,E01_P16_AL_VML_GF.mp4,E01_P16_AL_VML_GF,87399416,E01,P16,L,ML,F,left,medium_light,Abduction,70.47619048,"[80.0, 65.7143, 65.7143]",3,True,16,val,0
11681881,E01_P16_AL_VO_GF.mp4,E01_P16_AL_VO_GF,103619132,E01,P16,L,O,F,left,occlusion,Abduction,70.95238095,"[75.7143, 68.5714, 68.5714]",3,True,16,val,0
11674825,E01_P16_AR_VFL_GF.mp4,E01_P16_AR_VFL_GF,32745311,E01,P16,R,FL,F,right,full_light,Abduction,66.66666667,"[71.4286, 64.2857, 64.2857]",3,True,16,val,0
11681880,E01_P16_AR_VHJ_GF.mp4,E01_P16_AR_VHJ_GF,106368282,E01,P16,R,HJ,F,right,high_jitter,Abduction,92.85714286,"[92.8571, 92.8571, 92.8571]",3,True,16,val,0
11679841,E01_P16_AR_VLJ_GF.mp4,E01_P16_AR_VLJ_GF,52627196,E01,P16,R,LJ,F,right,low_jitter,Abduction,71.9047619,"[74.2857, 74.2857, 67.1429]",3,True,16,val,0
11681764,E01_P16_AR_VLL_GF.mp4,E01_P16_AR_VLL_GF,88071540,E01,P16,R,LL,F,right,low_light,Abduction,74.76190476,"[77.1429, 77.1429, 70.0]",3,True,16,val,0
11681648,E01_P16_AR_VML_GF.mp4,E01_P16_AR_VML_GF,78181069,E01,P16,R,ML,F,right,medium_light,Abduction,73.33333333,"[82.8571, 68.5714, 68.5714]",3,True,16,val,0
11674894,E01_P16_AR_VO_GF.mp4,E01_P16_AR_VO_GF,26749468,E01,P16,R,O,F,right,occlusion,Abduction,72.38095238,"[77.1429, 70.0, 70.0]",3,True,16,val,0
11674834,E01_P17_AF_VFL_GM.mp4,E01_P17_AF_VFL_GM,22091616,E01,P17,F,FL,M,front,full_light,Abduction,92.85714286,"[92.8571, 92.8571, 92.8571]",3,True,17,test,-1
11674802,E01_P17_AF_VHJ_GM.mp4,E01_P17_AF_VHJ_GM,36607317,E01,P17,F,HJ,M,front,high_jitter,Abduction,75.71428571,"[75.7143, 75.7143, 75.7143]",3,True,17,test,-1
11674849,E01_P17_AF_VLJ_GM.mp4,E01_P17_AF_VLJ_GM,46616437,E01,P17,F,LJ,M,front,low_jitter,Abduction,97.61904762,"[100.0, 100.0, 92.8571]",3,True,17,test,-1
11681352,E01_P17_AF_VLL_GM.mp4,E01_P17_AF_VLL_GM,63465107,E01,P17,F,LL,M,front,low_light,Abduction,81.9047619,"[77.1429, 84.2857, 84.2857]",3,True,17,test,-1
11674739,E01_P17_AF_VML_GM.mp4,E01_P17_AF_VML_GM,31837314,E01,P17,F,ML,M,front,medium_light,Abduction,92.85714286,"[92.8571, 92.8571, 92.8571]",3,True,17,test,-1
11674953,E01_P17_AF_VO_GM.mp4,E01_P17_AF_VO_GM,27320931,E01,P17,F,O,M,front,occlusion,Abduction,97.61904762,"[100.0, 92.8571, 100.0]",3,True,17,test,-1
11681682,E01_P17_AL_VFL_GM.mp4,E01_P17_AL_VFL_GM,80322910,E01,P17,L,FL,M,left,full_light,Abduction,77.14285714,"[77.1429, 77.1429, 77.1429]",3,True,17,test,-1
11681367,E01_P17_AL_VHJ_GM.mp4,E01_P17_AL_VHJ_GM,65177553,E01,P17,L,HJ,M,left,high_jitter,Abduction,77.14285714,"[77.1429, 77.1429, 77.1429]",3,True,17,test,-1
11681644,E01_P17_AL_VLJ_GM.mp4,E01_P17_AL_VLJ_GM,80761785,E01,P17,L,LJ,M,left,low_jitter,Abduction,81.9047619,"[84.2857, 84.2857, 77.1429]",3,True,17,test,-1
11681689,E01_P17_AL_VLL_GM.mp4,E01_P17_AL_VLL_GM,78638086,E01,P17,L,LL,M,left,low_light,Abduction,97.61904762,"[92.8571, 100.0, 100.0]",3,True,17,test,-1
11681355,E01_P17_AL_VML_GM.mp4,E01_P17_AL_VML_GM,69684302,E01,P17,L,ML,M,left,medium_light,Abduction,77.14285714,"[77.1429, 77.1429, 77.1429]",3,True,17,test,-1
11681351,E01_P17_AL_VO_GM.mp4,E01_P17_AL_VO_GM,71640060,E01,P17,L,O,M,left,occlusion,Abduction,97.61904762,"[100.0, 92.8571, 100.0]",3,True,17,test,-1
11674987,E01_P17_AR_VFL_GM.mp4,E01_P17_AR_VFL_GM,14133422,E01,P17,R,FL,M,right,full_light,Abduction,92.85714286,"[92.8571, 92.8571, 92.8571]",3,True,17,test,-1
11681339,E01_P17_AR_VHJ_GM.mp4,E01_P17_AR_VHJ_GM,63932267,E01,P17,R,HJ,M,right,high_jitter,Abduction,77.14285714,"[77.1429, 77.1429, 77.1429]",3,True,17,test,-1
11674734,E01_P17_AR_VLJ_GM.mp4,E01_P17_AR_VLJ_GM,45953323,E01,P17,R,LJ,M,right,low_jitter,Abduction,81.9047619,"[84.2857, 84.2857, 77.1429]",3,True,17,test,-1
11674752,E01_P17_AR_VLL_GM.mp4,E01_P17_AR_VLL_GM,16886143,E01,P17,R,LL,M,right,low_light,Abduction,97.61904762,"[92.8571, 100.0, 100.0]",3,True,17,test,-1
11675063,E01_P17_AR_VML_GM.mp4,E01_P17_AR_VML_GM,11853897,E01,P17,R,ML,M,right,medium_light,Abduction,92.85714286,"[92.8571, 92.8571, 92.8571]",3,True,17,test,-1
11674956,E01_P17_AR_VO_GM.mp4,E01_P17_AR_VO_GM,44897686,E01,P17,R,O,M,right,occlusion,Abduction,97.61904762,"[100.0, 92.8571, 100.0]",3,True,17,test,-1
11674765,E01_P18_AF_VFL_GM.mp4,E01_P18_AF_VFL_GM,20983771,E01,P18,F,FL,M,front,full_light,Abduction,95.23809524,"[100.0, 100.0, 85.7143]",3,True,18,test,-1
11675020,E01_P18_AF_VHJ_GM.mp4,E01_P18_AF_VHJ_GM,32684799,E01,P18,F,HJ,M,front,high_jitter,Abduction,78.57142857,"[78.5714, 85.7143, 71.4286]",3,True,18,test,-1
11674993,E01_P18_AF_VLJ_GM.mp4,E01_P18_AF_VLJ_GM,40661428,E01,P18,F,LJ,M,front,low_jitter,Abduction,92.85714286,"[92.8571, 92.8571, 92.8571]",3,True,18,test,-1
11679820,E01_P18_AF_VLL_GM.mp4,E01_P18_AF_VLL_GM,55091863,E01,P18,F,LL,M,front,low_light,Abduction,90.47619048,"[92.8571, 92.8571, 85.7143]",3,True,18,test,-1
11674907,E01_P18_AF_VML_GM.mp4,E01_P18_AF_VML_GM,25145976,E01,P18,F,ML,M,front,medium_light,Abduction,92.85714286,"[92.8571, 92.8571, 92.8571]",3,True,18,test,-1
11675045,E01_P18_AF_VO_GM.mp4,E01_P18_AF_VO_GM,18565872,E01,P18,F,O,M,front,occlusion,Abduction,80.95238095,"[78.5714, 78.5714, 85.7143]",3,True,18,test,-1
11681759,E01_P18_AL_VFL_GM.mp4,E01_P18_AL_VFL_GM,90271152,E01,P18,L,FL,M,left,full_light,Abduction,95.23809524,"[100.0, 100.0, 85.7143]",3,True,18,test,-1
11679829,E01_P18_AL_VHJ_GM.mp4,E01_P18_AL_VHJ_GM,56540084,E01,P18,L,HJ,M,left,high_jitter,Abduction,62.85714286,"[62.8571, 70.0, 55.7143]",3,True,18,test,-1
11681686,E01_P18_AL_VLJ_GM.mp4,E01_P18_AL_VLJ_GM,72392340,E01,P18,L,LJ,M,left,low_jitter,Abduction,77.14285714,"[77.1429, 77.1429, 77.1429]",3,True,18,test,-1
11681660,E01_P18_AL_VLL_GM.mp4,E01_P18_AL_VLL_GM,73091568,E01,P18,L,LL,M,left,low_light,Abduction,90.47619048,"[92.8571, 92.8571, 85.7143]",3,True,18,test,-1
11681348,E01_P18_AL_VML_GM.mp4,E01_P18_AL_VML_GM,70016352,E01,P18,L,ML,M,left,medium_light,Abduction,77.14285714,"[77.1429, 77.1429, 77.1429]",3,True,18,test,-1
11681338,E01_P18_AL_VO_GM.mp4,E01_P18_AL_VO_GM,62926609,E01,P18,L,O,M,left,occlusion,Abduction,80.95238095,"[78.5714, 78.5714, 85.7143]",3,True,18,test,-1
11674833,E01_P18_AR_VFL_GM.mp4,E01_P18_AR_VFL_GM,13435878,E01,P18,R,FL,M,right,full_light,Abduction,95.23809524,"[100.0, 100.0, 85.7143]",3,True,18,test,-1
11679818,E01_P18_AR_VHJ_GM.mp4,E01_P18_AR_VHJ_GM,55560197,E01,P18,R,HJ,M,right,high_jitter,Abduction,78.57142857,"[78.5714, 85.7143, 71.4286]",3,True,18,test,-1
11681875,E01_P18_AR_VLJ_GM.mp4,E01_P18_AR_VLJ_GM,159970549,E01,P18,R,LJ,M,right,low_jitter,Abduction,92.85714286,"[92.8571, 92.8571, 92.8571]",3,True,18,test,-1
11674827,E01_P18_AR_VLL_GM.mp4,E01_P18_AR_VLL_GM,6191177,E01,P18,R,LL,M,right,low_light,Abduction,67.61904762,"[70.0, 70.0, 62.8571]",3,True,18,test,-1
11675059,E01_P18_AR_VML_GM.mp4,E01_P18_AR_VML_GM,11262467,E01,P18,R,ML,M,right,medium_light,Abduction,92.85714286,"[92.8571, 92.8571, 92.8571]",3,True,18,test,-1
11675031,E01_P18_AR_VO_GM.mp4,E01_P18_AR_VO_GM,20477838,E01,P18,R,O,M,right,occlusion,Abduction,80.95238095,"[78.5714, 78.5714, 85.7143]",3,True,18,test,-1
11674794,E01_P19_AF_VFL_GM.mp4,E01_P19_AF_VFL_GM,20585093,E01,P19,F,FL,M,front,full_light,Abduction,95.23809524,"[100.0, 92.8571, 92.8571]",3,True,19,test,-1
11674789,E01_P19_AF_VHJ_GM.mp4,E01_P19_AF_VHJ_GM,42912679,E01,P19,F,HJ,M,front,high_jitter,Abduction,77.14285714,"[77.1429, 77.1429, 77.1429]",3,True,19,test,-1
11674840,E01_P19_AF_VLJ_GM.mp4,E01_P19_AF_VLJ_GM,40815001,E01,P19,F,LJ,M,front,low_jitter,Abduction,72.38095238,"[70.0, 77.1429, 70.0]",3,True,19,test,-1
11679821,E01_P19_AF_VLL_GM.mp4,E01_P19_AF_VLL_GM,58500689,E01,P19,F,LL,M,front,low_light,Abduction,90.47619048,"[92.8571, 92.8571, 85.7143]",3,True,19,test,-1
11674960,E01_P19_AF_VML_GM.mp4,E01_P19_AF_VML_GM,19963013,E01,P19,F,ML,M,front,medium_light,Abduction,79.52380952,"[77.1429, 84.2857, 77.1429]",3,True,19,test,-1
11674882,E01_P19_AF_VO_GM.mp4,E01_P19_AF_VO_GM,21703101,E01,P19,F,O,M,front,occlusion,Abduction,74.76190476,"[70.0, 84.2857, 70.0]",3,True,19,test,-1
11681745,E01_P19_AL_VFL_GM.mp4,E01_P19_AL_VFL_GM,85610558,E01,P19,L,FL,M,left,full_light,Abduction,79.52380952,"[84.2857, 77.1429, 77.1429]",3,True,19,test,-1
11681683,E01_P19_AL_VHJ_GM.mp4,E01_P19_AL_VHJ_GM,76640454,E01,P19,L,HJ,M,left,high_jitter,Abduction,77.14285714,"[77.1429, 77.1429, 77.1429]",3,True,19,test,-1
11681384,E01_P19_AL_VLJ_GM.mp4,E01_P19_AL_VLJ_GM,71205167,E01,P19,L,LJ,M,left,low_jitter,Abduction,72.38095238,"[70.0, 77.1429, 70.0]",3,True,19,test,-1
11681695,E01_P19_AL_VLL_GM.mp4,E01_P19_AL_VLL_GM,72872444,E01,P19,L,LL,M,left,low_light,Abduction,74.76190476,"[77.1429, 77.1429, 70.0]",3,True,19,test,-1
11681666,E01_P19_AL_VML_GM.mp4,E01_P19_AL_VML_GM,77498211,E01,P19,L,ML,M,left,medium_light,Abduction,95.23809524,"[92.8571, 100.0, 92.8571]",3,True,19,test,-1
11681676,E01_P19_AL_VO_GM.mp4,E01_P19_AL_VO_GM,73421530,E01,P19,L,O,M,left,occlusion,Abduction,71.9047619,"[67.1429, 81.4286, 67.1429]",3,True,19,test,-1
11675078,E01_P19_AR_VFL_GM.mp4,E01_P19_AR_VFL_GM,12961654,E01,P19,R,FL,M,right,full_light,Abduction,95.23809524,"[100.0, 92.8571, 92.8571]",3,True,19,test,-1
11681649,E01_P19_AR_VHJ_GM.mp4,E01_P19_AR_VHJ_GM,76429654,E01,P19,R,HJ,M,right,high_jitter,Abduction,92.85714286,"[92.8571, 92.8571, 92.8571]",3,True,19,test,-1
11681871,E01_P19_AR_VLJ_GM.mp4,E01_P19_AR_VLJ_GM,152630796,E01,P19,R,LJ,M,right,low_jitter,Abduction,72.38095238,"[70.0, 77.1429, 70.0]",3,True,19,test,-1
11674962,E01_P19_AR_VLL_GM.mp4,E01_P19_AR_VLL_GM,12367209,E01,P19,R,LL,M,right,low_light,Abduction,74.76190476,"[77.1429, 77.1429, 70.0]",3,True,19,test,-1
11674898,E01_P19_AR_VML_GM.mp4,E01_P19_AR_VML_GM,12405122,E01,P19,R,ML,M,right,medium_light,Abduction,79.52380952,"[77.1429, 84.2857, 77.1429]",3,True,19,test,-1
11674902,E01_P19_AR_VO_GM.mp4,E01_P19_AR_VO_GM,18119681,E01,P19,R,O,M,right,occlusion,Abduction,74.76190476,"[70.0, 84.2857, 70.0]",3,True,19,test,-1
11674829,E01_P20_AF_VFL_GM.mp4,E01_P20_AF_VFL_GM,23947075,E01,P20,F,FL,M,front,full_light,Abduction,70.0,"[70.0, 70.0, 70.0]",3,True,20,train,2
11675002,E01_P20_AF_VHJ_GM.mp4,E01_P20_AF_VHJ_GM,37196422,E01,P20,F,HJ,M,front,high_jitter,Abduction,76.66666667,"[74.2857, 81.4286, 74.2857]",3,True,20,train,2
11681765,E01_P20_AF_VLL_GM.mp4,E01_P20_AF_VLL_GM,92138605,E01,P20,F,LL,M,front,low_light,Abduction,83.33333333,"[78.5714, 85.7143, 85.7143]",3,True,20,train,2
11674945,E01_P20_AF_VML_GM.mp4,E01_P20_AF_VML_GM,18158173,E01,P20,F,ML,M,front,medium_light,Abduction,75.71428571,"[75.7143, 75.7143, 75.7143]",3,True,20,train,2
11674770,E01_P20_AF_VO_GM.mp4,E01_P20_AF_VO_GM,21503195,E01,P20,F,O,M,front,occlusion,Abduction,71.9047619,"[67.1429, 74.2857, 74.2857]",3,True,20,train,2
11681877,E01_P20_AL_VFL_GM.mp4,E01_P20_AL_VFL_GM,96549262,E01,P20,L,FL,M,left,full_light,Abduction,85.71428571,"[85.7143, 85.7143, 85.7143]",3,True,20,train,2
11681377,E01_P20_AL_VHJ_GM.mp4,E01_P20_AL_VHJ_GM,67629673,E01,P20,L,HJ,M,left,high_jitter,Abduction,95.23809524,"[92.8571, 100.0, 92.8571]",3,True,20,train,2
11681639,E01_P20_AL_VLJ_GM.mp4,E01_P20_AL_VLJ_GM,76601306,E01,P20,L,LJ,M,left,low_jitter,Abduction,97.61904762,"[100.0, 92.8571, 100.0]",3,True,20,train,2
11681873,E01_P20_AL_VLL_GM.mp4,E01_P20_AL_VLL_GM,101313179,E01,P20,L,LL,M,left,low_light,Abduction,67.61904762,"[62.8571, 70.0, 70.0]",3,True,20,train,2
11681874,E01_P20_AL_VML_GM.mp4,E01_P20_AL_VML_GM,94821554,E01,P20,L,ML,M,left,medium_light,Abduction,92.85714286,"[92.8571, 92.8571, 92.8571]",3,True,20,train,2
11681667,E01_P20_AL_VO_GM.mp4,E01_P20_AL_VO_GM,72460946,E01,P20,L,O,M,left,occlusion,Abduction,73.33333333,"[68.5714, 75.7143, 75.7143]",3,True,20,train,2
11674743,E01_P20_AR_VFL_GM.mp4,E01_P20_AR_VFL_GM,14451423,E01,P20,R,FL,M,right,full_light,Abduction,85.71428571,"[85.7143, 85.7143, 85.7143]",3,True,20,train,2
11681375,E01_P20_AR_VHJ_GM.mp4,E01_P20_AR_VHJ_GM,69048269,E01,P20,R,HJ,M,right,high_jitter,Abduction,79.52380952,"[77.1429, 84.2857, 77.1429]",3,True,20,train,2
11675072,E01_P20_AR_VLJ_GM.mp4,E01_P20_AR_VLJ_GM,50687786,E01,P20,R,LJ,M,right,low_jitter,Abduction,81.9047619,"[84.2857, 77.1429, 84.2857]",3,True,20,train,2
11674839,E01_P20_AR_VLL_GM.mp4,E01_P20_AR_VLL_GM,19361720,E01,P20,R,LL,M,right,low_light,Abduction,83.33333333,"[78.5714, 85.7143, 85.7143]",3,True,20,train,2
11674970,E01_P20_AR_VML_GM.mp4,E01_P20_AR_VML_GM,16804113,E01,P20,R,ML,M,right,medium_light,Abduction,92.85714286,"[92.8571, 92.8571, 92.8571]",3,True,20,train,2
11675019,E01_P20_AR_VO_GM.mp4,E01_P20_AR_VO_GM,21373941,E01,P20,R,O,M,right,occlusion,Abduction,74.76190476,"[70.0, 77.1429, 77.1429]",3,True,20,train,2
11674939,E01_P21_AF_VFL_GM.mp4,E01_P21_AF_VFL_GM,20636626,E01,P21,F,FL,M,front,full_light,Abduction,92.85714286,"[92.8571, 92.8571, 92.8571]",3,True,21,train,4
11675055,E01_P21_AF_VHJ_GM.mp4,E01_P21_AF_VHJ_GM,31818139,E01,P21,F,HJ,M,front,high_jitter,Abduction,92.85714286,"[92.8571, 92.8571, 92.8571]",3,True,21,train,4
11674830,E01_P21_AF_VLJ_GM.mp4,E01_P21_AF_VLJ_GM,36863685,E01,P21,F,LJ,M,front,low_jitter,Abduction,67.61904762,"[70.0, 62.8571, 70.0]",3,True,21,train,4
11675021,E01_P21_AF_VLL_GM.mp4,E01_P21_AF_VLL_GM,44808340,E01,P21,F,LL,M,front,low_light,Abduction,75.23809524,"[80.0, 80.0, 65.7143]",3,True,21,train,4
11674873,E01_P21_AF_VML_GM.mp4,E01_P21_AF_VML_GM,25824842,E01,P21,F,ML,M,front,medium_light,Abduction,90.47619048,"[92.8571, 85.7143, 92.8571]",3,True,21,train,4
11675030,E01_P21_AF_VO_GM.mp4,E01_P21_AF_VO_GM,19999056,E01,P21,F,O,M,front,occlusion,Abduction,64.76190476,"[60.0, 67.1429, 67.1429]",3,True,21,train,4
11681696,E01_P21_AL_VFL_GM.mp4,E01_P21_AL_VFL_GM,80501562,E01,P21,L,FL,M,left,full_light,Abduction,92.85714286,"[92.8571, 92.8571, 92.8571]",3,True,21,train,4
11681652,E01_P21_AL_VHJ_GM.mp4,E01_P21_AL_VHJ_GM,72080531,E01,P21,L,HJ,M,left,high_jitter,Abduction,77.14285714,"[77.1429, 77.1429, 77.1429]",3,True,21,train,4
11681663,E01_P21_AL_VLJ_GM.mp4,E01_P21_AL_VLJ_GM,76817883,E01,P21,L,LJ,M,left,low_jitter,Abduction,74.76190476,"[77.1429, 70.0, 77.1429]",3,True,21,train,4
11681748,E01_P21_AL_VLL_GM.mp4,E01_P21_AL_VLL_GM,86073465,E01,P21,L,LL,M,left,low_light,Abduction,78.0952381,"[82.8571, 82.8571, 68.5714]",3,True,21,train,4
11681665,E01_P21_AL_VML_GM.mp4,E01_P21_AL_VML_GM,81593327,E01,P21,L,ML,M,left,medium_light,Abduction,74.76190476,"[77.1429, 70.0, 77.1429]",3,True,21,train,4
11681684,E01_P21_AL_VO_GM.mp4,E01_P21_AL_VO_GM,76595336,E01,P21,L,O,M,left,occlusion,Abduction,67.61904762,"[62.8571, 70.0, 70.0]",3,True,21,train,4
11675057,E01_P21_AR_VFL_GM.mp4,E01_P21_AR_VFL_GM,14412280,E01,P21,R,FL,M,right,full_light,Abduction,77.14285714,"[77.1429, 77.1429, 77.1429]",3,True,21,train,4
11681678,E01_P21_AR_VHJ_GM.mp4,E01_P21_AR_VHJ_GM,73244379,E01,P21,R,HJ,M,right,high_jitter,Abduction,77.14285714,"[77.1429, 77.1429, 77.1429]",3,True,21,train,4
11679844,E01_P21_AR_VLJ_GM.mp4,E01_P21_AR_VLJ_GM,53138198,E01,P21,R,LJ,M,right,low_jitter,Abduction,69.04761905,"[71.4286, 64.2857, 71.4286]",3,True,21,train,4
11674814,E01_P21_AR_VLL_GM.mp4,E01_P21_AR_VLL_GM,14850629,E01,P21,R,LL,M,right,low_light,Abduction,78.0952381,"[82.8571, 82.8571, 68.5714]",3,True,21,train,4
11674783,E01_P21_AR_VML_GM.mp4,E01_P21_AR_VML_GM,16683587,E01,P21,R,ML,M,right,medium_light,Abduction,74.76190476,"[77.1429, 70.0, 77.1429]",3,True,21,train,4
11674980,E01_P21_AR_VO_GM.mp4,E01_P21_AR_VO_GM,18004475,E01,P21,R,O,M,right,occlusion,Abduction,67.61904762,"[62.8571, 70.0, 70.0]",3,True,21,train,4
11674885,E01_P22_AF_VFL_GM.mp4,E01_P22_AF_VFL_GM,21059118,E01,P22,F,FL,M,front,full_light,Abduction,95.23809524,"[100.0, 85.7143, 100.0]",3,True,22,train,4
11674776,E01_P22_AF_VHJ_GM.mp4,E01_P22_AF_VHJ_GM,30405964,E01,P22,F,HJ,M,front,high_jitter,Abduction,88.0952381,"[85.7143, 85.7143, 92.8571]",3,True,22,train,4
11674985,E01_P22_AF_VLJ_GM.mp4,E01_P22_AF_VLJ_GM,35765765,E01,P22,F,LJ,M,front,low_jitter,Abduction,74.28571429,"[81.4286, 67.1429, 74.2857]",3,True,22,train,4
11675066,E01_P22_AF_VLL_GM.mp4,E01_P22_AF_VLL_GM,40617282,E01,P22,F,LL,M,front,low_light,Abduction,90.47619048,"[92.8571, 85.7143, 92.8571]",3,True,22,train,4
11674854,E01_P22_AF_VML_GM.mp4,E01_P22_AF_VML_GM,16970521,E01,P22,F,ML,M,front,medium_light,Abduction,100.0,"[100.0, 100.0, 100.0]",3,True,22,train,4
11674845,E01_P22_AF_VO_GM.mp4,E01_P22_AF_VO_GM,19870845,E01,P22,F,O,M,front,occlusion,Abduction,88.0952381,"[85.7143, 92.8571, 85.7143]",3,True,22,train,4
11681757,E01_P22_AL_VFL_GM.mp4,E01_P22_AL_VFL_GM,82900458,E01,P22,L,FL,M,left,full_light,Abduction,79.52380952,"[84.2857, 70.0, 84.2857]",3,True,22,train,4
11681657,E01_P22_AL_VHJ_GM.mp4,E01_P22_AL_VHJ_GM,74414956,E01,P22,L,HJ,M,left,high_jitter,Abduction,88.0952381,"[85.7143, 85.7143, 92.8571]",3,True,22,train,4
11681346,E01_P22_AL_VLJ_GM.mp4,E01_P22_AL_VLJ_GM,71514071,E01,P22,L,LJ,M,left,low_jitter,Abduction,77.14285714,"[84.2857, 70.0, 77.1429]",3,True,22,train,4
11681658,E01_P22_AL_VLL_GM.mp4,E01_P22_AL_VLL_GM,72962074,E01,P22,L,LL,M,left,low_light,Abduction,74.76190476,"[77.1429, 70.0, 77.1429]",3,True,22,train,4
11681360,E01_P22_AL_VML_GM.mp4,E01_P22_AL_VML_GM,70848776,E01,P22,L,ML,M,left,medium_light,Abduction,84.28571429,"[84.2857, 84.2857, 84.2857]",3,True,22,train,4
11681358,E01_P22_AL_VO_GM.mp4,E01_P22_AL_VO_GM,67785660,E01,P22,L,O,M,left,occlusion,Abduction,72.38095238,"[70.0, 77.1429, 70.0]",3,True,22,train,4
11674779,E01_P22_AR_VFL_GM.mp4,E01_P22_AR_VFL_GM,15443055,E01,P22,R,FL,M,right,full_light,Abduction,79.52380952,"[84.2857, 70.0, 84.2857]",3,True,22,train,4
11681698,E01_P22_AR_VHJ_GM.mp4,E01_P22_AR_VHJ_GM,72675739,E01,P22,R,HJ,M,right,high_jitter,Abduction,88.0952381,"[85.7143, 85.7143, 92.8571]",3,True,22,train,4
11681681,E01_P22_AR_VLJ_GM.mp4,E01_P22_AR_VLJ_GM,72067834,E01,P22,R,LJ,M,right,low_jitter,Abduction,77.14285714,"[84.2857, 70.0, 77.1429]",3,True,22,train,4
11674760,E01_P22_AR_VLL_GM.mp4,E01_P22_AR_VLL_GM,25209457,E01,P22,R,LL,M,right,low_light,Abduction,73.33333333,"[75.7143, 68.5714, 75.7143]",3,True,22,train,4
11675073,E01_P22_AR_VML_GM.mp4,E01_P22_AR_VML_GM,12217545,E01,P22,R,ML,M,right,medium_light,Abduction,84.28571429,"[84.2857, 84.2857, 84.2857]",3,True,22,train,4
11674897,E01_P22_AR_VO_GM.mp4,E01_P22_AR_VO_GM,21588191,E01,P22,R,O,M,right,occlusion,Abduction,72.38095238,"[70.0, 77.1429, 70.0]",3,True,22,train,4
11675050,E01_P23_AF_VFL_GM.mp4,E01_P23_AF_VFL_GM,36121578,E01,P23,F,FL,M,front,full_light,Abduction,50.95238095,"[55.7143, 48.5714, 48.5714]",3,True,23,test,-1
11674934,E01_P23_AF_VHJ_GM.mp4,E01_P23_AF_VHJ_GM,28266146,E01,P23,F,HJ,M,front,high_jitter,Abduction,92.85714286,"[92.8571, 92.8571, 92.8571]",3,True,23,test,-1
11675027,E01_P23_AF_VLJ_GM.mp4,E01_P23_AF_VLJ_GM,45889501,E01,P23,F,LJ,M,front,low_jitter,Abduction,79.52380952,"[84.2857, 77.1429, 77.1429]",3,True,23,test,-1
11681383,E01_P23_AF_VLL_GM.mp4,E01_P23_AF_VLL_GM,70937481,E01,P23,F,LL,M,front,low_light,Abduction,95.23809524,"[92.8571, 100.0, 92.8571]",3,True,23,test,-1
11674914,E01_P23_AF_VML_GM.mp4,E01_P23_AF_VML_GM,28199071,E01,P23,F,ML,M,front,medium_light,Abduction,80.95238095,"[85.7143, 78.5714, 78.5714]",3,True,23,test,-1
11674994,E01_P23_AF_VO_GM.mp4,E01_P23_AF_VO_GM,28190287,E01,P23,F,O,M,front,occlusion,Abduction,84.28571429,"[84.2857, 84.2857, 84.2857]",3,True,23,test,-1
11681882,E01_P23_AL_VFL_GM.mp4,E01_P23_AL_VFL_GM,112885233,E01,P23,L,FL,M,left,full_light,Abduction,50.95238095,"[55.7143, 48.5714, 48.5714]",3,True,23,test,-1
11681642,E01_P23_AL_VHJ_GM.mp4,E01_P23_AL_VHJ_GM,73935838,E01,P23,L,HJ,M,left,high_jitter,Abduction,77.14285714,"[77.1429, 77.1429, 77.1429]",3,True,23,test,-1
11681668,E01_P23_AL_VLJ_GM.mp4,E01_P23_AL_VLJ_GM,78192330,E01,P23,L,LJ,M,left,low_jitter,Abduction,79.52380952,"[84.2857, 77.1429, 77.1429]",3,True,23,test,-1
11681755,E01_P23_AL_VLL_GM.mp4,E01_P23_AL_VLL_GM,83572857,E01,P23,L,LL,M,left,low_light,Abduction,79.52380952,"[77.1429, 84.2857, 77.1429]",3,True,23,test,-1
11681878,E01_P23_AL_VML_GM.mp4,E01_P23_AL_VML_GM,95272010,E01,P23,L,ML,M,left,medium_light,Abduction,65.23809524,"[70.0, 62.8571, 62.8571]",3,True,23,test,-1
11681669,E01_P23_AL_VO_GM.mp4,E01_P23_AL_VO_GM,78585044,E01,P23,L,O,M,left,occlusion,Abduction,84.28571429,"[84.2857, 84.2857, 84.2857]",3,True,23,test,-1
11674748,E01_P23_AR_VFL_GM.mp4,E01_P23_AR_VFL_GM,24584973,E01,P23,R,FL,M,right,full_light,Abduction,66.66666667,"[71.4286, 64.2857, 64.2857]",3,True,23,test,-1
11681687,E01_P23_AR_VHJ_GM.mp4,E01_P23_AR_VHJ_GM,78305296,E01,P23,R,HJ,M,right,high_jitter,Abduction,77.14285714,"[77.1429, 77.1429, 77.1429]",3,True,23,test,-1
11681670,E01_P23_AR_VLJ_GM.mp4,E01_P23_AR_VLJ_GM,77683593,E01,P23,R,LJ,M,right,low_jitter,Abduction,79.52380952,"[84.2857, 77.1429, 77.1429]",3,True,23,test,-1
11674938,E01_P23_AR_VLL_GM.mp4,E01_P23_AR_VLL_GM,15956556,E01,P23,R,LL,M,right,low_light,Abduction,79.52380952,"[77.1429, 84.2857, 77.1429]",3,True,23,test,-1
11674924,E01_P23_AR_VML_GM.mp4,E01_P23_AR_VML_GM,21006044,E01,P23,R,ML,M,right,medium_light,Abduction,65.23809524,"[70.0, 62.8571, 62.8571]",3,True,23,test,-1
11674784,E01_P23_AR_VO_GM.mp4,E01_P23_AR_VO_GM,21765612,E01,P23,R,O,M,right,occlusion,Abduction,100.0,"[100.0, 100.0, 100.0]",3,True,23,test,-1
11674736,E01_P24_AF_VFL_GM.mp4,E01_P24_AF_VFL_GM,25676773,E01,P24,F,FL,M,front,full_light,Abduction,100.0,"[100.0, 100.0, 100.0]",3,True,24,train,0
11675070,E01_P24_AF_VLL_GM.mp4,E01_P24_AF_VLL_GM,32639840,E01,P24,F,LL,M,front,low_light,Abduction,100.0,"[100.0, 100.0, 100.0]",3,True,24,train,0
11675058,E01_P24_AF_VML_GM.mp4,E01_P24_AF_VML_GM,23079550,E01,P24,F,ML,M,front,medium_light,Abduction,100.0,"[100.0, 100.0, 100.0]",3,True,24,train,0
11674944,E01_P24_AL_VFL_GM.mp4,E01_P24_AL_VFL_GM,48585201,E01,P24,L,FL,M,left,full_light,Abduction,82.85714286,"[82.8571, 82.8571, 82.8571]",3,True,24,train,0
11674896,E01_P24_AL_VLL_GM.mp4,E01_P24_AL_VLL_GM,46154969,E01,P24,L,LL,M,left,low_light,Abduction,100.0,"[100.0, 100.0, 100.0]",3,True,24,train,0
11675001,E01_P24_AL_VML_GM.mp4,E01_P24_AL_VML_GM,46133321,E01,P24,L,ML,M,left,medium_light,Abduction,100.0,"[100.0, 100.0, 100.0]",3,True,24,train,0
11674792,E01_P26_AF_VFL_GF.mp4,E01_P26_AF_VFL_GF,5478440,E01,P26,F,FL,F,front,full_light,Abduction,,[],0,False,26,test,-1
11674773,E01_P26_AF_VHJ_GF.mp4,E01_P26_AF_VHJ_GF,5591928,E01,P26,F,HJ,F,front,high_jitter,Abduction,,[],0,False,26,test,-1
11674867,E01_P26_AF_VLJ_GF.mp4,E01_P26_AF_VLJ_GF,5637648,E01,P26,F,LJ,F,front,low_jitter,Abduction,,[],0,False,26,test,-1
11674920,E01_P26_AF_VLL_GF.mp4,E01_P26_AF_VLL_GF,5722005,E01,P26,F,LL,F,front,low_light,Abduction,,[],0,False,26,test,-1
11674727,E01_P26_AF_VLR_GF.mp4,E01_P26_AF_VLR_GF,5471846,E01,P26,F,LR,F,front,low_resolution,Abduction,,[],0,False,26,test,-1
11674864,E01_P26_AL_VFL_GF.mp4,E01_P26_AL_VFL_GF,5768203,E01,P26,L,FL,F,left,full_light,Abduction,,[],0,False,26,test,-1
11675038,E01_P26_AR_VFL_GF.mp4,E01_P26_AR_VFL_GF,5204592,E01,P26,R,FL,F,right,full_light,Abduction,,[],0,False,26,test,-1
11674879,E01_P27_AF_VFL_GM.mp4,E01_P27_AF_VFL_GM,9238969,E01,P27,F,FL,M,front,full_light,Abduction,,[],0,False,27,train,3
11674881,E01_P27_AF_VHJ_GM.mp4,E01_P27_AF_VHJ_GM,10172260,E01,P27,F,HJ,M,front,high_jitter,Abduction,,[],0,False,27,train,3
11675085,E01_P27_AF_VLJ_GM.mp4,E01_P27_AF_VLJ_GM,9629064,E01,P27,F,LJ,M,front,low_jitter,Abduction,,[],0,False,27,train,3
11674967,E01_P27_AF_VLL_GM.mp4,E01_P27_AF_VLL_GM,9062701,E01,P27,F,LL,M,front,low_light,Abduction,,[],0,False,27,train,3
11675069,E01_P27_AF_VML_GM.mp4,E01_P27_AF_VML_GM,9752900,E01,P27,F,ML,M,front,medium_light,Abduction,,[],0,False,27,train,3
11675034,E01_P27_AL_VFL_GM.mp4,E01_P27_AL_VFL_GM,10038836,E01,P27,L,FL,M,left,full_light,Abduction,,[],0,False,27,train,3
11675006,E01_P27_AR_VFL_GM.mp4,E01_P27_AR_VFL_GM,9065020,E01,P27,R,FL,M,right,full_light,Abduction,,[],0,False,27,train,3
11674977,E01_P28_AF_VFL_GM.mp4,E01_P28_AF_VFL_GM,10314801,E01,P28,F,FL,M,front,full_light,Abduction,,[],0,False,28,train,4
11674935,E01_P28_AF_VHJ_GM.mp4,E01_P28_AF_VHJ_GM,11640840,E01,P28,F,HJ,M,front,high_jitter,Abduction,,[],0,False,28,train,4
11674850,E01_P28_AF_VLJ_GM.mp4,E01_P28_AF_VLJ_GM,9884648,E01,P28,F,LJ,M,front,low_jitter,Abduction,,[],0,False,28,train,4
11675012,E01_P28_AF_VLL_GM.mp4,E01_P28_AF_VLL_GM,8212663,E01,P28,F,LL,M,front,low_light,Abduction,,[],0,False,28,train,4
11674738,E01_P28_AF_VLR_GM.mp4,E01_P28_AF_VLR_GM,3247768,E01,P28,F,LR,M,front,low_resolution,Abduction,,[],0,False,28,train,4
11675013,E01_P28_AF_VML_GM.mp4,E01_P28_AF_VML_GM,9132776,E01,P28,F,ML,M,front,medium_light,Abduction,,[],0,False,28,train,4
11674828,E01_P28_AF_VO_GM.mp4,E01_P28_AF_VO_GM,12691863,E01,P28,F,O,M,front,occlusion,Abduction,,[],0,False,28,train,4
11675044,E01_P28_AL_VFL_GM.mp4,E01_P28_AL_VFL_GM,10265341,E01,P28,L,FL,M,left,full_light,Abduction,,[],0,False,28,train,4
11674869,E01_P28_AR_VFL_GM.mp4,E01_P28_AR_VFL_GM,9106514,E01,P28,R,FL,M,right,full_light,Abduction,,[],0,False,28,train,4
11674925,E01_P29_AF_VFL_GM.mp4,E01_P29_AF_VFL_GM,10342390,E01,P29,F,FL,M,front,full_light,Abduction,,[],0,False,29,train,0
11674999,E01_P29_AF_VHJ_GM.mp4,E01_P29_AF_VHJ_GM,9796377,E01,P29,F,HJ,M,front,high_jitter,Abduction,,[],0,False,29,train,0
11674930,E01_P29_AF_VLJ_GM.mp4,E01_P29_AF_VLJ_GM,7769196,E01,P29,F,LJ,M,front,low_jitter,Abduction,,[],0,False,29,train,0
11674797,E01_P29_AF_VLL_GM.mp4,E01_P29_AF_VLL_GM,10517184,E01,P29,F,LL,M,front,low_light,Abduction,,[],0,False,29,train,0
11674746,E01_P29_AF_VLR_GM.mp4,E01_P29_AF_VLR_GM,3484296,E01,P29,F,LR,M,front,low_resolution,Abduction,,[],0,False,29,train,0
11674762,E01_P29_AF_VML_GM.mp4,E01_P29_AF_VML_GM,10652155,E01,P29,F,ML,M,front,medium_light,Abduction,,[],0,False,29,train,0
11675022,E01_P29_AF_VO_GM.mp4,E01_P29_AF_VO_GM,6603672,E01,P29,F,O,M,front,occlusion,Abduction,,[],0,False,29,train,0
11674908,E01_P29_AL_VFL_GM.mp4,E01_P29_AL_VFL_GM,10393532,E01,P29,L,FL,M,left,full_light,Abduction,,[],0,False,29,train,0
11675036,E01_P29_AR_VFL_GM.mp4,E01_P29_AR_VFL_GM,9114112,E01,P29,R,FL,M,right,full_light,Abduction,,[],0,False,29,train,0
11675009,E01_P30_AF_VFL_GF.mp4,E01_P30_AF_VFL_GF,19164812,E01,P30,F,FL,F,front,full_light,Abduction,,[],0,False,30,test,-1
11675024,E01_P30_AF_VHJ_GF.mp4,E01_P30_AF_VHJ_GF,9485248,E01,P30,F,HJ,F,front,high_jitter,Abduction,,[],0,False,30,test,-1
11675071,E01_P30_AF_VLJ_GF.mp4,E01_P30_AF_VLJ_GF,10827563,E01,P30,F,LJ,F,front,low_jitter,Abduction,,[],0,False,30,test,-1
11674886,E01_P30_AF_VLL_GF.mp4,E01_P30_AF_VLL_GF,13779686,E01,P30,F,LL,F,front,low_light,Abduction,,[],0,False,30,test,-1
11675092,E01_P30_AF_VLR_GF.mp4,E01_P30_AF_VLR_GF,4192292,E01,P30,F,LR,F,front,low_resolution,Abduction,,[],0,False,30,test,-1
11674884,E01_P30_AF_VML_GF.mp4,E01_P30_AF_VML_GF,12064633,E01,P30,F,ML,F,front,medium_light,Abduction,,[],0,False,30,test,-1
11674997,E01_P30_AL_VFL_GF.mp4,E01_P30_AL_VFL_GF,13585714,E01,P30,L,FL,F,left,full_light,Abduction,,[],0,False,30,test,-1
11674768,E01_P30_AR_VFL_GF.mp4,E01_P30_AR_VFL_GF,12066489,E01,P30,R,FL,F,right,full_light,Abduction,,[],0,False,30,test,-1
11674744,E01_P31_AF_VFL_GM.mp4,E01_P31_AF_VFL_GM,12568197,E01,P31,F,FL,M,front,full_light,Abduction,,[],0,False,31,test,-1
11674859,E01_P31_AF_VHJ_GM.mp4,E01_P31_AF_VHJ_GM,3225442,E01,P31,F,HJ,M,front,high_jitter,Abduction,,[],0,False,31,test,-1
11674750,E01_P31_AF_VLJ_GM.mp4,E01_P31_AF_VLJ_GM,7708606,E01,P31,F,LJ,M,front,low_jitter,Abduction,,[],0,False,31,test,-1
11674842,E01_P31_AF_VLL_GM.mp4,E01_P31_AF_VLL_GM,7229047,E01,P31,F,LL,M,front,low_light,Abduction,,[],0,False,31,test,-1
11674823,E01_P31_AF_VLR_GM.mp4,E01_P31_AF_VLR_GM,5067384,E01,P31,F,LR,M,front,low_resolution,Abduction,,[],0,False,31,test,-1
11675010,E01_P31_AF_VML_GM.mp4,E01_P31_AF_VML_GM,7453120,E01,P31,F,ML,M,front,medium_light,Abduction,,[],0,False,31,test,-1
11674788,E01_P31_AF_VO_GM.mp4,E01_P31_AF_VO_GM,8924440,E01,P31,F,O,M,front,occlusion,Abduction,,[],0,False,31,test,-1
11675026,E01_P31_AL_VFL_GM.mp4,E01_P31_AL_VFL_GM,7569848,E01,P31,L,FL,M,left,full_light,Abduction,,[],0,False,31,test,-1
11675041,E01_P31_AR_VFL_GM.mp4,E01_P31_AR_VFL_GM,7744453,E01,P31,R,FL,M,right,full_light,Abduction,,[],0,False,31,test,-1
11674843,E01_P32_AF_VFL_GM.mp4,E01_P32_AF_VFL_GM,8568545,E01,P32,F,FL,M,front,full_light,Abduction,,[],0,False,32,train,0
11674742,E01_P32_AF_VHJ_GM.mp4,E01_P32_AF_VHJ_GM,10304119,E01,P32,F,HJ,M,front,high_jitter,Abduction,,[],0,False,32,train,0
11675097,E01_P32_AF_VLJ_GM.mp4,E01_P32_AF_VLJ_GM,9831021,E01,P32,F,LJ,M,front,low_jitter,Abduction,,[],0,False,32,train,0
11674905,E01_P32_AF_VLL_GM.mp4,E01_P32_AF_VLL_GM,9762245,E01,P32,F,LL,M,front,low_light,Abduction,,[],0,False,32,train,0
11674778,E01_P32_AF_VLR_GM.mp4,E01_P32_AF_VLR_GM,3033288,E01,P32,F,LR,M,front,low_resolution,Abduction,,[],0,False,32,train,0
11674947,E01_P32_AF_VML_GM.mp4,E01_P32_AF_VML_GM,9698284,E01,P32,F,ML,M,front,medium_light,Abduction,,[],0,False,32,train,0
11674910,E01_P32_AF_VO_GM.mp4,E01_P32_AF_VO_GM,7166874,E01,P32,F,O,M,front,occlusion,Abduction,,[],0,False,32,train,0
11674860,E01_P32_AL_VFL_GM.mp4,E01_P32_AL_VFL_GM,9979041,E01,P32,L,FL,M,left,full_light,Abduction,,[],0,False,32,train,0
11674954,E01_P32_AR_VFL_GM.mp4,E01_P32_AR_VFL_GM,9348735,E01,P32,R,FL,M,right,full_light,Abduction,,[],0,False,32,train,0
11674853,E01_P33_AF_VFL_GM.mp4,E01_P33_AF_VFL_GM,13013883,E01,P33,F,FL,M,front,full_light,Abduction,,[],0,False,33,test,-1
11674984,E01_P33_AF_VLJ_GM.mp4,E01_P33_AF_VLJ_GM,11973626,E01,P33,F,LJ,M,front,low_jitter,Abduction,,[],0,False,33,test,-1
11674777,E01_P33_AF_VLL_GM.mp4,E01_P33_AF_VLL_GM,13962168,E01,P33,F,LL,M,front,low_light,Abduction,,[],0,False,33,test,-1
11674813,E01_P33_AF_VML_GM.mp4,E01_P33_AF_VML_GM,15031344,E01,P33,F,ML,M,front,medium_light,Abduction,,[],0,False,33,test,-1
11675042,E01_P33_AR_VFL_GM.mp4,E01_P33_AR_VFL_GM,8559514,E01,P33,R,FL,M,right,full_light,Abduction,,[],0,False,33,test,-1
11674986,E01_P34_AF_VFL_GF.mp4,E01_P34_AF_VFL_GF,5996147,E01,P34,F,FL,F,front,full_light,Abduction,,[],0,False,34,train,2
11674751,E01_P34_AF_VHJ_GF.mp4,E01_P34_AF_VHJ_GF,7515369,E01,P34,F,HJ,F,front,high_jitter,Abduction,,[],0,False,34,train,2
11674831,E01_P34_AF_VLJ_GF.mp4,E01_P34_AF_VLJ_GF,7342511,E01,P34,F,LJ,F,front,low_jitter,Abduction,,[],0,False,34,train,2
11674952,E01_P34_AF_VLL_GF.mp4,E01_P34_AF_VLL_GF,5834338,E01,P34,F,LL,F,front,low_light,Abduction,,[],0,False,34,train,2
11674835,E01_P34_AF_VML_GF.mp4,E01_P34_AF_VML_GF,6166580,E01,P34,F,ML,F,front,medium_light,Abduction,,[],0,False,34,train,2
11675037,E01_P34_AF_VO_GF.mp4,E01_P34_AF_VO_GF,6951710,E01,P34,F,O,F,front,occlusion,Abduction,,[],0,False,34,train,2
11674872,E01_P34_AL_VFL_GF.mp4,E01_P34_AL_VFL_GF,6324793,E01,P34,L,FL,F,left,full_light,Abduction,,[],0,False,34,train,2
11675015,E01_P34_AR_VFL_GF.mp4,E01_P34_AR_VFL_GF,7745136,E01,P34,R,FL,F,right,full_light,Abduction,,[],0,False,34,train,2
11674755,E01_P35_AF_VFL_GM.mp4,E01_P35_AF_VFL_GM,5639646,E01,P35,F,FL,M,front,full_light,Abduction,,[],0,False,35,train,2
11674862,E01_P35_AF_VHJ_GM.mp4,E01_P35_AF_VHJ_GM,11470495,E01,P35,F,HJ,M,front,high_jitter,Abduction,,[],0,False,35,train,2
11674979,E01_P35_AF_VLJ_GM.mp4,E01_P35_AF_VLJ_GM,8894796,E01,P35,F,LJ,M,front,low_jitter,Abduction,,[],0,False,35,train,2
11674815,E01_P35_AF_VLL_GM.mp4,E01_P35_AF_VLL_GM,4888568,E01,P35,F,LL,M,front,low_light,Abduction,,[],0,False,35,train,2
11674787,E01_P35_AF_VLR_GM.mp4,E01_P35_AF_VLR_GM,4471496,E01,P35,F,LR,M,front,low_resolution,Abduction,,[],0,False,35,train,2
11674852,E01_P35_AF_VML_GM.mp4,E01_P35_AF_VML_GM,15397889,E01,P35,F,ML,M,front,medium_light,Abduction,,[],0,False,35,train,2
11674800,E01_P35_AF_VO_GM.mp4,E01_P35_AF_VO_GM,6588070,E01,P35,F,O,M,front,occlusion,Abduction,,[],0,False,35,train,2
11675035,E01_P35_AL_VFL_GM.mp4,E01_P35_AL_VFL_GM,8502230,E01,P35,L,FL,M,left,full_light,Abduction,,[],0,False,35,train,2
11674917,E01_P35_AR_VFL_GM.mp4,E01_P35_AR_VFL_GM,7147399,E01,P35,R,FL,M,right,full_light,Abduction,,[],0,False,35,train,2
11675014,E01_P36_AF_VFL_GM.mp4,E01_P36_AF_VFL_GM,6676105,E01,P36,F,FL,M,front,full_light,Abduction,,[],0,False,36,val,1
11674996,E01_P36_AF_VHJ_GM.mp4,E01_P36_AF_VHJ_GM,6044186,E01,P36,F,HJ,M,front,high_jitter,Abduction,,[],0,False,36,val,1
11674780,E01_P36_AF_VLJ_GM.mp4,E01_P36_AF_VLJ_GM,5781646,E01,P36,F,LJ,M,front,low_jitter,Abduction,,[],0,False,36,val,1
11675008,E01_P36_AF_VLL_GM.mp4,E01_P36_AF_VLL_GM,5692751,E01,P36,F,LL,M,front,low_light,Abduction,,[],0,False,36,val,1
11674951,E01_P36_AF_VLR_GM.mp4,E01_P36_AF_VLR_GM,3356290,E01,P36,F,LR,M,front,low_resolution,Abduction,,[],0,False,36,val,1
11674950,E01_P36_AF_VML_GM.mp4,E01_P36_AF_VML_GM,6612545,E01,P36,F,ML,M,front,medium_light,Abduction,,[],0,False,36,val,1
11675087,E01_P36_AF_VO_GM.mp4,E01_P36_AF_VO_GM,9112458,E01,P36,F,O,M,front,occlusion,Abduction,,[],0,False,36,val,1
11674926,E01_P36_AL_VFL_GM.mp4,E01_P36_AL_VFL_GM,5508406,E01,P36,L,FL,M,left,full_light,Abduction,,[],0,False,36,val,1
11674931,E01_P36_AR_VFL_GM.mp4,E01_P36_AR_VFL_GM,5309099,E01,P36,R,FL,M,right,full_light,Abduction,,[],0,False,36,val,1
11674975,E01_P37_AF_VO_GM.mp4,E01_P37_AF_VO_GM,8807612,E01,P37,F,O,M,front,occlusion,Abduction,,[],0,False,37,train,3
11675089,E01_P39_AF_VO_GM.mp4,E01_P39_AF_VO_GM,6645223,E01,P39,F,O,M,front,occlusion,Abduction,,[],0,False,39,train,0
11674959,E01_P40_AF_VFL_GM.mp4,E01_P40_AF_VFL_GM,13799746,E01,P40,F,FL,M,front,full_light,Abduction,,[],0,False,40,train,4
11674900,E01_P40_AF_VHJ_GM.mp4,E01_P40_AF_VHJ_GM,9060595,E01,P40,F,HJ,M,front,high_jitter,Abduction,,[],0,False,40,train,4
11674957,E01_P40_AF_VLJ_GM.mp4,E01_P40_AF_VLJ_GM,12128428,E01,P40,F,LJ,M,front,low_jitter,Abduction,,[],0,False,40,train,4
11674786,E01_P40_AF_VLL_GM.mp4,E01_P40_AF_VLL_GM,13811728,E01,P40,F,LL,M,front,low_light,Abduction,,[],0,False,40,train,4
11674731,E01_P40_AF_VLR_GM.mp4,E01_P40_AF_VLR_GM,12107752,E01,P40,F,LR,M,front,low_resolution,Abduction,,[],0,False,40,train,4
11675018,E01_P40_AF_VML_GM.mp4,E01_P40_AF_VML_GM,13924277,E01,P40,F,ML,M,front,medium_light,Abduction,,[],0,False,40,train,4
11675075,E01_P40_AL_VFL_GM.mp4,E01_P40_AL_VFL_GM,12732938,E01,P40,L,FL,M,left,full_light,Abduction,,[],0,False,40,train,4
11675053,E01_P40_AR_VFL_GM.mp4,E01_P40_AR_VFL_GM,13014114,E01,P40,R,FL,M,right,full_light,Abduction,,[],0,False,40,train,4
11674983,E01_P41_AF_VO_GM.mp4,E01_P41_AF_VO_GM,9050888,E01,P41,F,O,M,front,occlusion,Abduction,,[],0,False,41,train,4
11675007,E01_P42_AF_VO_GM.mp4,E01_P42_AF_VO_GM,8049773,E01,P42,F,O,M,front,occlusion,Abduction,,[],0,False,42,val,2
11674846,E01_P48_AF_VFL_GM.mp4,E01_P48_AF_VFL_GM,8889310,E01,P48,F,FL,M,front,full_light,Abduction,,[],0,False,48,val,4
11674796,E01_P48_AF_VLJ_GM.mp4,E01_P48_AF_VLJ_GM,8249126,E01,P48,F,LJ,M,front,low_jitter,Abduction,,[],0,False,48,val,4
11674919,E01_P48_AL_VFL_GM.mp4,E01_P48_AL_VFL_GM,8137332,E01,P48,L,FL,M,left,full_light,Abduction,,[],0,False,48,val,4
11674948,E01_P48_AR_VFL_GM.mp4,E01_P48_AR_VFL_GM,7627141,E01,P48,R,FL,M,right,full_light,Abduction,,[],0,False,48,val,4
11674912,E01_P52_AF_VFL_GM.mp4,E01_P52_AF_VFL_GM,10814287,E01,P52,F,FL,M,front,full_light,Abduction,,[],0,False,52,test,-1
11674807,E01_P52_AF_VHJ_GM.mp4,E01_P52_AF_VHJ_GM,5730350,E01,P52,F,HJ,M,front,high_jitter,Abduction,,[],0,False,52,test,-1
11674932,E01_P52_AF_VLJ_GM.mp4,E01_P52_AF_VLJ_GM,6013112,E01,P52,F,LJ,M,front,low_jitter,Abduction,,[],0,False,52,test,-1
11675017,E01_P52_AF_VLL_GM.mp4,E01_P52_AF_VLL_GM,7816269,E01,P52,F,LL,M,front,low_light,Abduction,,[],0,False,52,test,-1
11674991,E01_P52_AF_VLR_GM.mp4,E01_P52_AF_VLR_GM,4348246,E01,P52,F,LR,M,front,low_resolution,Abduction,,[],0,False,52,test,-1
11675088,E01_P52_AF_VML_GM.mp4,E01_P52_AF_VML_GM,8969980,E01,P52,F,ML,M,front,medium_light,Abduction,,[],0,False,52,test,-1
11675029,E01_P52_AF_VO_GM.mp4,E01_P52_AF_VO_GM,7164287,E01,P52,F,O,M,front,occlusion,Abduction,,[],0,False,52,test,-1
11675082,E01_P52_AL_VFL_GM.mp4,E01_P52_AL_VFL_GM,9048203,E01,P52,L,FL,M,left,full_light,Abduction,,[],0,False,52,test,-1
11674968,E01_P52_AR_VFL_GM.mp4,E01_P52_AR_VFL_GM,8528771,E01,P52,R,FL,M,right,full_light,Abduction,,[],0,False,52,test,-1
11675039,E01_P53_AF_VFL_GF.mp4,E01_P53_AF_VFL_GF,8473873,E01,P53,F,FL,F,front,full_light,Abduction,,[],0,False,53,train,0
11675004,E01_P53_AF_VHJ_GF.mp4,E01_P53_AF_VHJ_GF,7555502,E01,P53,F,HJ,F,front,high_jitter,Abduction,,[],0,False,53,train,0
11675090,E01_P53_AF_VLJ_GF.mp4,E01_P53_AF_VLJ_GF,7480022,E01,P53,F,LJ,F,front,low_jitter,Abduction,,[],0,False,53,train,0
11674745,E01_P53_AF_VLL_GF.mp4,E01_P53_AF_VLL_GF,10335369,E01,P53,F,LL,F,front,low_light,Abduction,,[],0,False,53,train,0
11674822,E01_P53_AF_VLR_GF.mp4,E01_P53_AF_VLR_GF,7152096,E01,P53,F,LR,F,front,low_resolution,Abduction,,[],0,False,53,train,0
11674904,E01_P53_AF_VML_GF.mp4,E01_P53_AF_VML_GF,9299991,E01,P53,F,ML,F,front,medium_light,Abduction,,[],0,False,53,train,0
11674795,E01_P53_AF_VO_GF.mp4,E01_P53_AF_VO_GF,11002920,E01,P53,F,O,F,front,occlusion,Abduction,,[],0,False,53,train,0
11675040,E01_P53_AL_VFL_GF.mp4,E01_P53_AL_VFL_GF,10035659,E01,P53,L,FL,F,left,full_light,Abduction,,[],0,False,53,train,0
11675052,E01_P53_AR_VFL_GF.mp4,E01_P53_AR_VFL_GF,10197726,E01,P53,R,FL,F,right,full_light,Abduction,,[],0,False,53,train,0
11674982,E01_P55_AF_VFL_GM.mp4,E01_P55_AF_VFL_GM,8223285,E01,P55,F,FL,M,front,full_light,Abduction,,[],0,False,55,test,-1
11674973,E01_P55_AF_VHJ_GM.mp4,E01_P55_AF_VHJ_GM,8368425,E01,P55,F,HJ,M,front,high_jitter,Abduction,,[],0,False,55,test,-1
11674824,E01_P55_AF_VLJ_GM.mp4,E01_P55_AF_VLJ_GM,8395464,E01,P55,F,LJ,M,front,low_jitter,Abduction,,[],0,False,55,test,-1
11674820,E01_P55_AF_VLL_GM.mp4,E01_P55_AF_VLL_GM,7788857,E01,P55,F,LL,M,front,low_light,Abduction,,[],0,False,55,test,-1
11674811,E01_P55_AF_VLR_GM.mp4,E01_P55_AF_VLR_GM,6147186,E01,P55,F,LR,M,front,low_resolution,Abduction,,[],0,False,55,test,-1
11674766,E01_P55_AF_VML_GM.mp4,E01_P55_AF_VML_GM,6737058,E01,P55,F,ML,M,front,medium_light,Abduction,,[],0,False,55,test,-1
11674946,E01_P55_AL_VFL_GM.mp4,E01_P55_AL_VFL_GM,8012606,E01,P55,L,FL,M,left,full_light,Abduction,,[],0,False,55,test,-1
11674893,E01_P55_AR_VFL_GM.mp4,E01_P55_AR_VFL_GM,7707418,E01,P55,R,FL,M,right,full_light,Abduction,,[],0,False,55,test,-1
11675003,E01_P56_AF_VHJ_GF.mp4,E01_P56_AF_VHJ_GF,4655281,E01,P56,F,HJ,F,front,high_jitter,Abduction,,[],0,False,56,train,2
11674937,E01_P56_AF_VLJ_GF.mp4,E01_P56_AF_VLJ_GF,5770318,E01,P56,F,LJ,F,front,low_jitter,Abduction,,[],0,False,56,train,2
11674871,E01_P56_AF_VLL_GF.mp4,E01_P56_AF_VLL_GF,5155045,E01,P56,F,LL,F,front,low_light,Abduction,,[],0,False,56,train,2
11675076,E01_P56_AF_VML_GF.mp4,E01_P56_AF_VML_GF,4400118,E01,P56,F,ML,F,front,medium_light,Abduction,,[],0,False,56,train,2
11674855,E01_P57_AF_VHJ_GF.mp4,E01_P57_AF_VHJ_GF,5594427,E01,P57,F,HJ,F,front,high_jitter,Abduction,,[],0,False,57,train,1
11674804,E01_P57_AF_VLJ_GF.mp4,E01_P57_AF_VLJ_GF,6394858,E01,P57,F,LJ,F,front,low_jitter,Abduction,,[],0,False,57,train,1
11674767,E01_P57_AF_VLL_GF.mp4,E01_P57_AF_VLL_GF,7073745,E01,P57,F,LL,F,front,low_light,Abduction,,[],0,False,57,train,1
11674964,E01_P57_AF_VML_GF.mp4,E01_P57_AF_VML_GF,5837107,E01,P57,F,ML,F,front,medium_light,Abduction,,[],0,False,57,train,1
11674976,E01_P57_AL_VFL_GF.mp4,E01_P57_AL_VFL_GF,7576867,E01,P57,L,FL,F,left,full_light,Abduction,,[],0,False,57,train,1
11674798,E01_P57_AR_VFL_GF.mp4,E01_P57_AR_VFL_GF,7962002,E01,P57,R,FL,F,right,full_light,Abduction,,[],0,False,57,train,1
11675067,E01_P58_AF_VFL_GF.mp4,E01_P58_AF_VFL_GF,9454270,E01,P58,F,FL,F,front,full_light,Abduction,,[],0,False,58,train,4
11674729,E01_P58_AF_VHJ_GF.mp4,E01_P58_AF_VHJ_GF,7598697,E01,P58,F,HJ,F,front,high_jitter,Abduction,,[],0,False,58,train,4
11674817,E01_P58_AF_VLJ_GF.mp4,E01_P58_AF_VLJ_GF,6207652,E01,P58,F,LJ,F,front,low_jitter,Abduction,,[],0,False,58,train,4
11675028,E01_P58_AF_VLL_GF.mp4,E01_P58_AF_VLL_GF,7893807,E01,P58,F,LL,F,front,low_light,Abduction,,[],0,False,58,train,4
11674856,E01_P58_AF_VLR_GF.mp4,E01_P58_AF_VLR_GF,11973577,E01,P58,F,LR,F,front,low_resolution,Abduction,,[],0,False,58,train,4
11674992,E01_P58_AF_VML_GF.mp4,E01_P58_AF_VML_GF,9659346,E01,P58,F,ML,F,front,medium_light,Abduction,,[],0,False,58,train,4
11674732,E01_P58_AL_VFL_GF.mp4,E01_P58_AL_VFL_GF,7077856,E01,P58,L,FL,F,left,full_light,Abduction,,[],0,False,58,train,4
11674733,E01_P58_AR_VFL_GF.mp4,E01_P58_AR_VFL_GF,6767342,E01,P58,R,FL,F,right,full_light,Abduction,,[],0,False,58,train,4
11674958,E01_P59_AF_VFL_GF.mp4,E01_P59_AF_VFL_GF,6737086,E01,P59,F,FL,F,front,full_light,Abduction,,[],0,False,59,train,3
11674921,E01_P59_AF_VHJ_GF.mp4,E01_P59_AF_VHJ_GF,7984829,E01,P59,F,HJ,F,front,high_jitter,Abduction,,[],0,False,59,train,3
11674819,E01_P59_AF_VLJ_GF.mp4,E01_P59_AF_VLJ_GF,7148741,E01,P59,F,LJ,F,front,low_jitter,Abduction,,[],0,False,59,train,3
11674756,E01_P59_AF_VLL_GF.mp4,E01_P59_AF_VLL_GF,7460573,E01,P59,F,LL,F,front,low_light,Abduction,,[],0,False,59,train,3
11674861,E01_P59_AF_VML_GF.mp4,E01_P59_AF_VML_GF,7355665,E01,P59,F,ML,F,front,medium_light,Abduction,,[],0,False,59,train,3
11674806,E01_P59_AL_VFL_GF.mp4,E01_P59_AL_VFL_GF,6542686,E01,P59,L,FL,F,left,full_light,Abduction,,[],0,False,59,train,3
11674949,E01_P59_AR_VFL_GF.mp4,E01_P59_AR_VFL_GF,8417892,E01,P59,R,FL,F,right,full_light,Abduction,,[],0,False,59,train,3
11674749,E01_P60_AF_VFL_GF.mp4,E01_P60_AF_VFL_GF,5148533,E01,P60,F,FL,F,front,full_light,Abduction,,[],0,False,60,train,1
11674909,E01_P60_AF_VHJ_GF.mp4,E01_P60_AF_VHJ_GF,5529594,E01,P60,F,HJ,F,front,high_jitter,Abduction,,[],0,False,60,train,1
11674753,E01_P60_AF_VLJ_GF.mp4,E01_P60_AF_VLJ_GF,6739010,E01,P60,F,LJ,F,front,low_jitter,Abduction,,[],0,False,60,train,1
11674978,E01_P60_AF_VLL_GF.mp4,E01_P60_AF_VLL_GF,6043366,E01,P60,F,LL,F,front,low_light,Abduction,,[],0,False,60,train,1
11674988,E01_P60_AF_VLR_GF.mp4,E01_P60_AF_VLR_GF,896495,E01,P60,F,LR,F,front,low_resolution,Abduction,,[],0,False,60,train,1
11674915,E01_P60_AF_VML_GF.mp4,E01_P60_AF_VML_GF,2646636,E01,P60,F,ML,F,front,medium_light,Abduction,,[],0,False,60,train,1
11674941,E01_P60_AF_VO_GF.mp4,E01_P60_AF_VO_GF,7062697,E01,P60,F,O,F,front,occlusion,Abduction,,[],0,False,60,train,1
11674876,E01_P60_AL_VFL_GF.mp4,E01_P60_AL_VFL_GF,6331523,E01,P60,L,FL,F,left,full_light,Abduction,,[],0,False,60,train,1
11675048,E01_P60_AR_VFL_GF.mp4,E01_P60_AR_VFL_GF,4977435,E01,P60,R,FL,F,right,full_light,Abduction,,[],0,False,60,train,1
11674812,E01_P61_AF_VFL_GF.mp4,E01_P61_AF_VFL_GF,11217009,E01,P61,F,FL,F,front,full_light,Abduction,,[],0,False,61,val,1
11674769,E01_P61_AF_VO_GF.mp4,E01_P61_AF_VO_GF,8065643,E01,P61,F,O,F,front,occlusion,Abduction,,[],0,False,61,val,1
11674841,E01_P61_AL_VFL_GF.mp4,E01_P61_AL_VFL_GF,10424125,E01,P61,L,FL,F,left,full_light,Abduction,,[],0,False,61,val,1
11674848,E01_P62_AF_VFL_GF.mp4,E01_P62_AF_VFL_GF,8831858,E01,P62,F,FL,F,front,full_light,Abduction,,[],0,False,62,train,1
11674799,E01_P62_AF_VHJ_GF.mp4,E01_P62_AF_VHJ_GF,9210751,E01,P62,F,HJ,F,front,high_jitter,Abduction,,[],0,False,62,train,1
11674990,E01_P62_AF_VLJ_GF.mp4,E01_P62_AF_VLJ_GF,7819887,E01,P62,F,LJ,F,front,low_jitter,Abduction,,[],0,False,62,train,1
11674916,E01_P62_AF_VLL_GF.mp4,E01_P62_AF_VLL_GF,10017717,E01,P62,F,LL,F,front,low_light,Abduction,,[],0,False,62,train,1
11674754,E01_P62_AF_VLR_GF.mp4,E01_P62_AF_VLR_GF,9270509,E01,P62,F,LR,F,front,low_resolution,Abduction,,[],0,False,62,train,1
11674963,E01_P62_AF_VO_GF.mp4,E01_P62_AF_VO_GF,7159372,E01,P62,F,O,F,front,occlusion,Abduction,,[],0,False,62,train,1
11674759,E01_P62_AL_VFL_GF.mp4,E01_P62_AL_VFL_GF,8737423,E01,P62,L,FL,F,left,full_light,Abduction,,[],0,False,62,train,1
11674891,E01_P62_AR_VFL_GF.mp4,E01_P62_AR_VFL_GF,7252289,E01,P62,R,FL,F,right,full_light,Abduction,,[],0,False,62,train,1
11704533,E02_P01_AF_VFL_GM.mp4,E02_P01_AF_VFL_GM,65401041,E02,P01,F,FL,M,front,full_light,Adduction,84.28571429,"[84.2857, 84.2857, 84.2857]",3,True,1,train,2
11704558,E02_P01_AF_VHJ_GM.mp4,E02_P01_AF_VHJ_GM,64168589,E02,P01,F,HJ,M,front,high_jitter,Adduction,77.61904762,"[72.8571, 80.0, 80.0]",3,True,1,train,2
11704561,E02_P01_AF_VLJ_GM.mp4,E02_P01_AF_VLJ_GM,68008579,E02,P01,F,LJ,M,front,low_jitter,Adduction,80.0,"[80.0, 80.0, 80.0]",3,True,1,train,2
11704553,E02_P01_AF_VLL_GM.mp4,E02_P01_AF_VLL_GM,65100327,E02,P01,F,LL,M,front,low_light,Adduction,82.85714286,"[82.8571, 82.8571, 82.8571]",3,True,1,train,2
11704515,E02_P01_AF_VML_GM.mp4,E02_P01_AF_VML_GM,63176335,E02,P01,F,ML,M,front,medium_light,Adduction,82.85714286,"[82.8571, 82.8571, 82.8571]",3,True,1,train,2
11704552,E02_P01_AF_VO_GM.mp4,E02_P01_AF_VO_GM,70692355,E02,P01,F,O,M,front,occlusion,Adduction,66.66666667,"[64.2857, 71.4286, 64.2857]",3,True,1,train,2
11703845,E02_P01_AL_VFL_GM.mp4,E02_P01_AL_VFL_GM,18123827,E02,P01,L,FL,M,left,full_light,Adduction,81.42857143,"[81.4286, 81.4286, 81.4286]",3,True,1,train,2
11703983,E02_P01_AL_VHJ_GM.mp4,E02_P01_AL_VHJ_GM,45648086,E02,P01,L,HJ,M,left,high_jitter,Adduction,77.61904762,"[72.8571, 80.0, 80.0]",3,True,1,train,2
11703948,E02_P01_AL_VLJ_GM.mp4,E02_P01_AL_VLJ_GM,50433718,E02,P01,L,LJ,M,left,low_jitter,Adduction,81.42857143,"[81.4286, 81.4286, 81.4286]",3,True,1,train,2
11703954,E02_P01_AL_VLL_GM.mp4,E02_P01_AL_VLL_GM,49804951,E02,P01,L,LL,M,left,low_light,Adduction,82.85714286,"[82.8571, 82.8571, 82.8571]",3,True,1,train,2
11703858,E02_P01_AL_VML_GM.mp4,E02_P01_AL_VML_GM,15883454,E02,P01,L,ML,M,left,medium_light,Adduction,82.85714286,"[82.8571, 82.8571, 82.8571]",3,True,1,train,2
11703974,E02_P01_AL_VO_GM.mp4,E02_P01_AL_VO_GM,27291108,E02,P01,L,O,M,left,occlusion,Adduction,66.66666667,"[64.2857, 71.4286, 64.2857]",3,True,1,train,2
11703931,E02_P01_AR_VFL_GM.mp4,E02_P01_AR_VFL_GM,27821698,E02,P01,R,FL,M,right,full_light,Adduction,81.42857143,"[81.4286, 81.4286, 81.4286]",3,True,1,train,2
11704508,E02_P01_AR_VHJ_GM.mp4,E02_P01_AR_VHJ_GM,66175475,E02,P01,R,HJ,M,right,high_jitter,Adduction,79.04761905,"[74.2857, 81.4286, 81.4286]",3,True,1,train,2
11704556,E02_P01_AR_VLJ_GM.mp4,E02_P01_AR_VLJ_GM,70316753,E02,P01,R,LJ,M,right,low_jitter,Adduction,77.14285714,"[77.1429, 77.1429, 77.1429]",3,True,1,train,2
11704527,E02_P01_AR_VLL_GM.mp4,E02_P01_AR_VLL_GM,66453414,E02,P01,R,LL,M,right,low_light,Adduction,81.42857143,"[81.4286, 81.4286, 81.4286]",3,True,1,train,2
11703915,E02_P01_AR_VML_GM.mp4,E02_P01_AR_VML_GM,43871899,E02,P01,R,ML,M,right,medium_light,Adduction,80.0,"[80.0, 80.0, 80.0]",3,True,1,train,2
11704493,E02_P01_AR_VO_GM.mp4,E02_P01_AR_VO_GM,68898941,E02,P01,R,O,M,right,occlusion,Adduction,66.66666667,"[64.2857, 71.4286, 64.2857]",3,True,1,train,2
11703852,E02_P02_AF_VFL_GM.mp4,E02_P02_AF_VFL_GM,19139865,E02,P02,F,FL,M,front,full_light,Adduction,73.33333333,"[75.7143, 68.5714, 75.7143]",3,True,2,train,0
11703919,E02_P02_AF_VHJ_GM.mp4,E02_P02_AF_VHJ_GM,35316409,E02,P02,F,HJ,M,front,high_jitter,Adduction,66.19047619,"[61.4286, 68.5714, 68.5714]",3,True,2,train,0
11703965,E02_P02_AF_VLJ_GM.mp4,E02_P02_AF_VLJ_GM,28187434,E02,P02,F,LJ,M,front,low_jitter,Adduction,65.71428571,"[58.5714, 65.7143, 72.8571]",3,True,2,train,0
11704002,E02_P02_AF_VLL_GM.mp4,E02_P02_AF_VLL_GM,47029527,E02,P02,F,LL,M,front,low_light,Adduction,57.14285714,"[57.1429, 57.1429, 57.1429]",3,True,2,train,0
11703866,E02_P02_AF_VML_GM.mp4,E02_P02_AF_VML_GM,11539449,E02,P02,F,ML,M,front,medium_light,Adduction,59.52380952,"[64.2857, 57.1429, 57.1429]",3,True,2,train,0
11703834,E02_P02_AF_VO_GM.mp4,E02_P02_AF_VO_GM,16888414,E02,P02,F,O,M,front,occlusion,Adduction,61.9047619,"[71.4286, 57.1429, 57.1429]",3,True,2,train,0
11704075,E02_P02_AL_VFL_GM.mp4,E02_P02_AL_VFL_GM,57581302,E02,P02,L,FL,M,left,full_light,Adduction,74.76190476,"[77.1429, 70.0, 77.1429]",3,True,2,train,0
11704543,E02_P02_AL_VHJ_GM.mp4,E02_P02_AL_VHJ_GM,62755160,E02,P02,L,HJ,M,left,high_jitter,Adduction,63.33333333,"[58.5714, 65.7143, 65.7143]",3,True,2,train,0
11704035,E02_P02_AL_VLJ_GM.mp4,E02_P02_AL_VLJ_GM,54913676,E02,P02,L,LJ,M,left,low_jitter,Adduction,65.71428571,"[58.5714, 65.7143, 72.8571]",3,True,2,train,0
11704056,E02_P02_AL_VLL_GM.mp4,E02_P02_AL_VLL_GM,55305278,E02,P02,L,LL,M,left,low_light,Adduction,57.14285714,"[57.1429, 57.1429, 57.1429]",3,True,2,train,0
11704078,E02_P02_AL_VML_GM.mp4,E02_P02_AL_VML_GM,57491127,E02,P02,L,ML,M,left,medium_light,Adduction,59.52380952,"[64.2857, 57.1429, 57.1429]",3,True,2,train,0
11704046,E02_P02_AL_VO_GM.mp4,E02_P02_AL_VO_GM,59108838,E02,P02,L,O,M,left,occlusion,Adduction,61.9047619,"[71.4286, 57.1429, 57.1429]",3,True,2,train,0
11703958,E02_P02_AR_VFL_GM.mp4,E02_P02_AR_VFL_GM,25672965,E02,P02,R,FL,M,right,full_light,Adduction,73.33333333,"[75.7143, 68.5714, 75.7143]",3,True,2,train,0
11704509,E02_P02_AR_VHJ_GM.mp4,E02_P02_AR_VHJ_GM,64281382,E02,P02,R,HJ,M,right,high_jitter,Adduction,64.76190476,"[60.0, 67.1429, 67.1429]",3,True,2,train,0
11704053,E02_P02_AR_VLJ_GM.mp4,E02_P02_AR_VLJ_GM,56507147,E02,P02,R,LJ,M,right,low_jitter,Adduction,65.71428571,"[58.5714, 65.7143, 72.8571]",3,True,2,train,0
11704052,E02_P02_AR_VLL_GM.mp4,E02_P02_AR_VLL_GM,58470642,E02,P02,R,LL,M,right,low_light,Adduction,57.14285714,"[57.1429, 57.1429, 57.1429]",3,True,2,train,0
11703920,E02_P02_AR_VML_GM.mp4,E02_P02_AR_VML_GM,37020159,E02,P02,R,ML,M,right,medium_light,Adduction,59.52380952,"[64.2857, 57.1429, 57.1429]",3,True,2,train,0
11704058,E02_P02_AR_VO_GM.mp4,E02_P02_AR_VO_GM,54988567,E02,P02,R,O,M,right,occlusion,Adduction,61.9047619,"[71.4286, 57.1429, 57.1429]",3,True,2,train,0
11703846,E02_P03_AF_VFL_GM.mp4,E02_P03_AF_VFL_GM,13850161,E02,P03,F,FL,M,front,full_light,Adduction,92.85714286,"[92.8571, 85.7143, 100.0]",3,True,3,train,3
11703926,E02_P03_AF_VHJ_GM.mp4,E02_P03_AF_VHJ_GM,34320491,E02,P03,F,HJ,M,front,high_jitter,Adduction,95.23809524,"[100.0, 85.7143, 100.0]",3,True,3,train,3
11703903,E02_P03_AF_VLJ_GM.mp4,E02_P03_AF_VLJ_GM,34967628,E02,P03,F,LJ,M,front,low_jitter,Adduction,95.23809524,"[100.0, 85.7143, 100.0]",3,True,3,train,3
11704069,E02_P03_AF_VLL_GM.mp4,E02_P03_AF_VLL_GM,59111442,E02,P03,F,LL,M,front,low_light,Adduction,95.23809524,"[100.0, 92.8571, 92.8571]",3,True,3,train,3
11703800,E02_P03_AF_VML_GM.mp4,E02_P03_AF_VML_GM,18348169,E02,P03,F,ML,M,front,medium_light,Adduction,97.61904762,"[100.0, 92.8571, 100.0]",3,True,3,train,3
11703857,E02_P03_AF_VO_GM.mp4,E02_P03_AF_VO_GM,15313400,E02,P03,F,O,M,front,occlusion,Adduction,97.61904762,"[100.0, 92.8571, 100.0]",3,True,3,train,3
11704602,E02_P03_AL_VFL_GM.mp4,E02_P03_AL_VFL_GM,84404196,E02,P03,L,FL,M,left,full_light,Adduction,92.85714286,"[92.8571, 85.7143, 100.0]",3,True,3,train,3
11704523,E02_P03_AL_VHJ_GM.mp4,E02_P03_AL_VHJ_GM,70190391,E02,P03,L,HJ,M,left,high_jitter,Adduction,95.23809524,"[100.0, 85.7143, 100.0]",3,True,3,train,3
11704534,E02_P03_AL_VLJ_GM.mp4,E02_P03_AL_VLJ_GM,65857324,E02,P03,L,LJ,M,left,low_jitter,Adduction,95.23809524,"[100.0, 85.7143, 100.0]",3,True,3,train,3
11704532,E02_P03_AL_VLL_GM.mp4,E02_P03_AL_VLL_GM,66250780,E02,P03,L,LL,M,left,low_light,Adduction,79.52380952,"[84.2857, 77.1429, 77.1429]",3,True,3,train,3
11704588,E02_P03_AL_VML_GM.mp4,E02_P03_AL_VML_GM,72077055,E02,P03,L,ML,M,left,medium_light,Adduction,81.9047619,"[84.2857, 77.1429, 84.2857]",3,True,3,train,3
11704576,E02_P03_AL_VO_GM.mp4,E02_P03_AL_VO_GM,72623491,E02,P03,L,O,M,left,occlusion,Adduction,81.9047619,"[84.2857, 77.1429, 84.2857]",3,True,3,train,3
11703842,E02_P03_AR_VFL_GM.mp4,E02_P03_AR_VFL_GM,16376540,E02,P03,R,FL,M,right,full_light,Adduction,77.14285714,"[77.1429, 70.0, 84.2857]",3,True,3,train,3
11704510,E02_P03_AR_VHJ_GM.mp4,E02_P03_AR_VHJ_GM,68692746,E02,P03,R,HJ,M,right,high_jitter,Adduction,79.52380952,"[84.2857, 70.0, 84.2857]",3,True,3,train,3
11704041,E02_P03_AR_VLJ_GM.mp4,E02_P03_AR_VLJ_GM,58365298,E02,P03,R,LJ,M,right,low_jitter,Adduction,78.0952381,"[82.8571, 68.5714, 82.8571]",3,True,3,train,3
11703945,E02_P03_AR_VLL_GM.mp4,E02_P03_AR_VLL_GM,40683978,E02,P03,R,LL,M,right,low_light,Adduction,79.52380952,"[84.2857, 77.1429, 77.1429]",3,True,3,train,3
11703936,E02_P03_AR_VML_GM.mp4,E02_P03_AR_VML_GM,21211715,E02,P03,R,ML,M,right,medium_light,Adduction,80.47619048,"[82.8571, 75.7143, 82.8571]",3,True,3,train,3
11703967,E02_P03_AR_VO_GM.mp4,E02_P03_AR_VO_GM,26537207,E02,P03,R,O,M,right,occlusion,Adduction,80.47619048,"[82.8571, 75.7143, 82.8571]",3,True,3,train,3
11703841,E02_P04_AF_VFL_GM.mp4,E02_P04_AF_VFL_GM,13646145,E02,P04,F,FL,M,front,full_light,Adduction,100.0,"[100.0, 100.0, 100.0]",3,True,4,train,1
11703952,E02_P04_AF_VHJ_GM.mp4,E02_P04_AF_VHJ_GM,32263542,E02,P04,F,HJ,M,front,high_jitter,Adduction,95.23809524,"[92.8571, 92.8571, 100.0]",3,True,4,train,1
11703977,E02_P04_AF_VLJ_GM.mp4,E02_P04_AF_VLJ_GM,35654417,E02,P04,F,LJ,M,front,low_jitter,Adduction,92.85714286,"[92.8571, 92.8571, 92.8571]",3,True,4,train,1
11703937,E02_P04_AF_VLL_GM.mp4,E02_P04_AF_VLL_GM,50167163,E02,P04,F,LL,M,front,low_light,Adduction,97.61904762,"[100.0, 92.8571, 100.0]",3,True,4,train,1
11703944,E02_P04_AF_VML_GM.mp4,E02_P04_AF_VML_GM,25185230,E02,P04,F,ML,M,front,medium_light,Adduction,92.85714286,"[92.8571, 92.8571, 92.8571]",3,True,4,train,1
11703861,E02_P04_AF_VO_GM.mp4,E02_P04_AF_VO_GM,17916833,E02,P04,F,O,M,front,occlusion,Adduction,97.61904762,"[100.0, 92.8571, 100.0]",3,True,4,train,1
11704520,E02_P04_AL_VFL_GM.mp4,E02_P04_AL_VFL_GM,68855201,E02,P04,L,FL,M,left,full_light,Adduction,82.85714286,"[82.8571, 82.8571, 82.8571]",3,True,4,train,1
11704038,E02_P04_AL_VHJ_GM.mp4,E02_P04_AL_VHJ_GM,58163988,E02,P04,L,HJ,M,left,high_jitter,Adduction,95.23809524,"[92.8571, 92.8571, 100.0]",3,True,4,train,1
11704036,E02_P04_AL_VLJ_GM.mp4,E02_P04_AL_VLJ_GM,60384297,E02,P04,L,LJ,M,left,low_jitter,Adduction,92.85714286,"[92.8571, 92.8571, 92.8571]",3,True,4,train,1
11704539,E02_P04_AL_VLL_GM.mp4,E02_P04_AL_VLL_GM,66352311,E02,P04,L,LL,M,left,low_light,Adduction,97.61904762,"[100.0, 92.8571, 100.0]",3,True,4,train,1
11704504,E02_P04_AL_VML_GM.mp4,E02_P04_AL_VML_GM,68264549,E02,P04,L,ML,M,left,medium_light,Adduction,92.85714286,"[92.8571, 92.8571, 92.8571]",3,True,4,train,1
11704495,E02_P04_AL_VO_GM.mp4,E02_P04_AL_VO_GM,63215333,E02,P04,L,O,M,left,occlusion,Adduction,79.04761905,"[81.4286, 74.2857, 81.4286]",3,True,4,train,1
11703827,E02_P04_AR_VFL_GM.mp4,E02_P04_AR_VFL_GM,10896026,E02,P04,R,FL,M,right,full_light,Adduction,82.85714286,"[82.8571, 82.8571, 82.8571]",3,True,4,train,1
11704060,E02_P04_AR_VHJ_GM.mp4,E02_P04_AR_VHJ_GM,59123987,E02,P04,R,HJ,M,right,high_jitter,Adduction,95.23809524,"[92.8571, 92.8571, 100.0]",3,True,4,train,1
11704031,E02_P04_AR_VLJ_GM.mp4,E02_P04_AR_VLJ_GM,53638758,E02,P04,R,LJ,M,right,low_jitter,Adduction,77.14285714,"[77.1429, 77.1429, 77.1429]",3,True,4,train,1
11703985,E02_P04_AR_VLL_GM.mp4,E02_P04_AR_VLL_GM,40889812,E02,P04,R,LL,M,right,low_light,Adduction,81.9047619,"[84.2857, 77.1429, 84.2857]",3,True,4,train,1
11703803,E02_P04_AR_VML_GM.mp4,E02_P04_AR_VML_GM,12284723,E02,P04,R,ML,M,right,medium_light,Adduction,92.85714286,"[92.8571, 92.8571, 92.8571]",3,True,4,train,1
11703984,E02_P04_AR_VO_GM.mp4,E02_P04_AR_VO_GM,21600109,E02,P04,R,O,M,right,occlusion,Adduction,77.61904762,"[80.0, 72.8571, 80.0]",3,True,4,train,1
11703828,E02_P05_AF_VFL_GM.mp4,E02_P05_AF_VFL_GM,11689038,E02,P05,F,FL,M,front,full_light,Adduction,90.47619048,"[92.8571, 85.7143, 92.8571]",3,True,5,train,3
11703970,E02_P05_AF_VHJ_GM.mp4,E02_P05_AF_VHJ_GM,28104647,E02,P05,F,HJ,M,front,high_jitter,Adduction,88.0952381,"[85.7143, 85.7143, 92.8571]",3,True,5,train,3
11703924,E02_P05_AF_VLJ_GM.mp4,E02_P05_AF_VLJ_GM,29398071,E02,P05,F,LJ,M,front,low_jitter,Adduction,85.71428571,"[85.7143, 85.7143, 85.7143]",3,True,5,train,3
11703908,E02_P05_AF_VLL_GM.mp4,E02_P05_AF_VLL_GM,41595490,E02,P05,F,LL,M,front,low_light,Adduction,90.47619048,"[92.8571, 85.7143, 92.8571]",3,True,5,train,3
11703818,E02_P05_AF_VML_GM.mp4,E02_P05_AF_VML_GM,8411988,E02,P05,F,ML,M,front,medium_light,Adduction,90.47619048,"[92.8571, 85.7143, 92.8571]",3,True,5,train,3
11703848,E02_P05_AF_VO_GM.mp4,E02_P05_AF_VO_GM,16683708,E02,P05,F,O,M,front,occlusion,Adduction,92.85714286,"[92.8571, 85.7143, 100.0]",3,True,5,train,3
11704082,E02_P05_AL_VFL_GM.mp4,E02_P05_AL_VFL_GM,59684608,E02,P05,L,FL,M,left,full_light,Adduction,90.47619048,"[92.8571, 85.7143, 92.8571]",3,True,5,train,3
11703966,E02_P05_AL_VHJ_GM.mp4,E02_P05_AL_VHJ_GM,49529710,E02,P05,L,HJ,M,left,high_jitter,Adduction,72.38095238,"[70.0, 70.0, 77.1429]",3,True,5,train,3
11704054,E02_P05_AL_VLJ_GM.mp4,E02_P05_AL_VLJ_GM,52661327,E02,P05,L,LJ,M,left,low_jitter,Adduction,85.71428571,"[85.7143, 85.7143, 85.7143]",3,True,5,train,3
11704034,E02_P05_AL_VLL_GM.mp4,E02_P05_AL_VLL_GM,54482685,E02,P05,L,LL,M,left,low_light,Adduction,90.47619048,"[92.8571, 85.7143, 92.8571]",3,True,5,train,3
11704070,E02_P05_AL_VML_GM.mp4,E02_P05_AL_VML_GM,53048373,E02,P05,L,ML,M,left,medium_light,Adduction,90.47619048,"[92.8571, 85.7143, 92.8571]",3,True,5,train,3
11704061,E02_P05_AL_VO_GM.mp4,E02_P05_AL_VO_GM,58232180,E02,P05,L,O,M,left,occlusion,Adduction,92.85714286,"[92.8571, 85.7143, 100.0]",3,True,5,train,3
11703826,E02_P05_AR_VFL_GM.mp4,E02_P05_AR_VFL_GM,8748168,E02,P05,R,FL,M,right,full_light,Adduction,90.47619048,"[92.8571, 85.7143, 92.8571]",3,True,5,train,3
11704066,E02_P05_AR_VHJ_GM.mp4,E02_P05_AR_VHJ_GM,51973015,E02,P05,R,HJ,M,right,high_jitter,Adduction,88.0952381,"[85.7143, 85.7143, 92.8571]",3,True,5,train,3
11703907,E02_P05_AR_VLJ_GM.mp4,E02_P05_AR_VLJ_GM,38175095,E02,P05,R,LJ,M,right,low_jitter,Adduction,85.71428571,"[85.7143, 85.7143, 85.7143]",3,True,5,train,3
11703808,E02_P05_AR_VLL_GM.mp4,E02_P05_AR_VLL_GM,16478973,E02,P05,R,LL,M,right,low_light,Adduction,74.76190476,"[77.1429, 70.0, 77.1429]",3,True,5,train,3
11703850,E02_P05_AR_VML_GM.mp4,E02_P05_AR_VML_GM,8497983,E02,P05,R,ML,M,right,medium_light,Adduction,74.76190476,"[77.1429, 70.0, 77.1429]",3,True,5,train,3
11703854,E02_P05_AR_VO_GM.mp4,E02_P05_AR_VO_GM,17834355,E02,P05,R,O,M,right,occlusion,Adduction,92.85714286,"[92.8571, 85.7143, 100.0]",3,True,5,train,3
11703820,E02_P06_AF_VFL_GM.mp4,E02_P06_AF_VFL_GM,14161713,E02,P06,F,FL,M,front,full_light,Adduction,100.0,"[100.0, 100.0, 100.0]",3,True,6,train,3
11703922,E02_P06_AF_VHJ_GM.mp4,E02_P06_AF_VHJ_GM,34870528,E02,P06,F,HJ,M,front,high_jitter,Adduction,77.14285714,"[77.1429, 77.1429, 77.1429]",3,True,6,train,3
11703904,E02_P06_AF_VLJ_GM.mp4,E02_P06_AF_VLJ_GM,37037745,E02,P06,F,LJ,M,front,low_jitter,Adduction,100.0,"[100.0, 100.0, 100.0]",3,True,6,train,3
11704077,E02_P06_AF_VLL_GM.mp4,E02_P06_AF_VLL_GM,51790988,E02,P06,F,LL,M,front,low_light,Adduction,84.28571429,"[84.2857, 84.2857, 84.2857]",3,True,6,train,3
11703871,E02_P06_AF_VML_GM.mp4,E02_P06_AF_VML_GM,9796081,E02,P06,F,ML,M,front,medium_light,Adduction,97.61904762,"[92.8571, 100.0, 100.0]",3,True,6,train,3
11703900,E02_P06_AF_VO_GM.mp4,E02_P06_AF_VO_GM,23292523,E02,P06,F,O,M,front,occlusion,Adduction,74.28571429,"[74.2857, 74.2857, 74.2857]",3,True,6,train,3
11704530,E02_P06_AL_VFL_GM.mp4,E02_P06_AL_VFL_GM,66545932,E02,P06,L,FL,M,left,full_light,Adduction,84.28571429,"[84.2857, 84.2857, 84.2857]",3,True,6,train,3
11704516,E02_P06_AL_VHJ_GM.mp4,E02_P06_AL_VHJ_GM,61696846,E02,P06,L,HJ,M,left,high_jitter,Adduction,77.14285714,"[77.1429, 77.1429, 77.1429]",3,True,6,train,3
11704503,E02_P06_AL_VLJ_GM.mp4,E02_P06_AL_VLJ_GM,61733176,E02,P06,L,LJ,M,left,low_jitter,Adduction,100.0,"[100.0, 100.0, 100.0]",3,True,6,train,3
11704546,E02_P06_AL_VLL_GM.mp4,E02_P06_AL_VLL_GM,63733987,E02,P06,L,LL,M,left,low_light,Adduction,84.28571429,"[84.2857, 84.2857, 84.2857]",3,True,6,train,3
11704564,E02_P06_AL_VML_GM.mp4,E02_P06_AL_VML_GM,68159004,E02,P06,L,ML,M,left,medium_light,Adduction,97.61904762,"[92.8571, 100.0, 100.0]",3,True,6,train,3
11704577,E02_P06_AL_VO_GM.mp4,E02_P06_AL_VO_GM,71816466,E02,P06,L,O,M,left,occlusion,Adduction,74.28571429,"[74.2857, 74.2857, 74.2857]",3,True,6,train,3
11703831,E02_P06_AR_VFL_GM.mp4,E02_P06_AR_VFL_GM,11098680,E02,P06,R,FL,M,right,full_light,Adduction,82.85714286,"[82.8571, 82.8571, 82.8571]",3,True,6,train,3
11704540,E02_P06_AR_VHJ_GM.mp4,E02_P06_AR_VHJ_GM,62129052,E02,P06,R,HJ,M,right,high_jitter,Adduction,74.28571429,"[74.2857, 74.2857, 74.2857]",3,True,6,train,3
11703997,E02_P06_AR_VLJ_GM.mp4,E02_P06_AR_VLJ_GM,44802603,E02,P06,R,LJ,M,right,low_jitter,Adduction,82.85714286,"[82.8571, 82.8571, 82.8571]",3,True,6,train,3
11703942,E02_P06_AR_VLL_GM.mp4,E02_P06_AR_VLL_GM,36571408,E02,P06,R,LL,M,right,low_light,Adduction,82.85714286,"[82.8571, 82.8571, 82.8571]",3,True,6,train,3
11703798,E02_P06_AR_VML_GM.mp4,E02_P06_AR_VML_GM,10264771,E02,P06,R,ML,M,right,medium_light,Adduction,80.47619048,"[75.7143, 82.8571, 82.8571]",3,True,6,train,3
11703837,E02_P06_AR_VO_GM.mp4,E02_P06_AR_VO_GM,18736113,E02,P06,R,O,M,right,occlusion,Adduction,72.85714286,"[72.8571, 72.8571, 72.8571]",3,True,6,train,3
11703804,E02_P07_AF_VFL_GM.mp4,E02_P07_AF_VFL_GM,13205598,E02,P07,F,FL,M,front,full_light,Adduction,50.0,"[50.0, 50.0, 50.0]",3,True,7,train,0
11703899,E02_P07_AF_VHJ_GM.mp4,E02_P07_AF_VHJ_GM,30604519,E02,P07,F,HJ,M,front,high_jitter,Adduction,47.61904762,"[57.1429, 42.8571, 42.8571]",3,True,7,train,0
11703940,E02_P07_AF_VLJ_GM.mp4,E02_P07_AF_VLJ_GM,31439623,E02,P07,F,LJ,M,front,low_jitter,Adduction,47.61904762,"[50.0, 42.8571, 50.0]",3,True,7,train,0
11703980,E02_P07_AF_VLL_GM.mp4,E02_P07_AF_VLL_GM,48846455,E02,P07,F,LL,M,front,low_light,Adduction,47.61904762,"[50.0, 42.8571, 50.0]",3,True,7,train,0
11703887,E02_P07_AF_VML_GM.mp4,E02_P07_AF_VML_GM,10418440,E02,P07,F,ML,M,front,medium_light,Adduction,47.61904762,"[50.0, 42.8571, 50.0]",3,True,7,train,0
11703874,E02_P07_AF_VO_GM.mp4,E02_P07_AF_VO_GM,18510371,E02,P07,F,O,M,front,occlusion,Adduction,47.61904762,"[50.0, 42.8571, 50.0]",3,True,7,train,0
11704574,E02_P07_AL_VFL_GM.mp4,E02_P07_AL_VFL_GM,74206642,E02,P07,L,FL,M,left,full_light,Adduction,50.0,"[50.0, 50.0, 50.0]",3,True,7,train,0
11704055,E02_P07_AL_VHJ_GM.mp4,E02_P07_AL_VHJ_GM,53835925,E02,P07,L,HJ,M,left,high_jitter,Adduction,47.61904762,"[57.1429, 42.8571, 42.8571]",3,True,7,train,0
11704064,E02_P07_AL_VLJ_GM.mp4,E02_P07_AL_VLJ_GM,51854911,E02,P07,L,LJ,M,left,low_jitter,Adduction,47.61904762,"[50.0, 42.8571, 50.0]",3,True,7,train,0
11704538,E02_P07_AL_VLL_GM.mp4,E02_P07_AL_VLL_GM,64449136,E02,P07,L,LL,M,left,low_light,Adduction,47.61904762,"[50.0, 42.8571, 50.0]",3,True,7,train,0
11704547,E02_P07_AL_VML_GM.mp4,E02_P07_AL_VML_GM,67356641,E02,P07,L,ML,M,left,medium_light,Adduction,47.61904762,"[50.0, 42.8571, 50.0]",3,True,7,train,0
11704526,E02_P07_AL_VO_GM.mp4,E02_P07_AL_VO_GM,70673769,E02,P07,L,O,M,left,occlusion,Adduction,47.61904762,"[50.0, 42.8571, 50.0]",3,True,7,train,0
11703840,E02_P07_AR_VFL_GM.mp4,E02_P07_AR_VFL_GM,10635072,E02,P07,R,FL,M,right,full_light,Adduction,50.0,"[50.0, 50.0, 50.0]",3,True,7,train,0
11704062,E02_P07_AR_VHJ_GM.mp4,E02_P07_AR_VHJ_GM,57363819,E02,P07,R,HJ,M,right,high_jitter,Adduction,47.61904762,"[57.1429, 42.8571, 42.8571]",3,True,7,train,0
11703930,E02_P07_AR_VLJ_GM.mp4,E02_P07_AR_VLJ_GM,47078256,E02,P07,R,LJ,M,right,low_jitter,Adduction,47.61904762,"[50.0, 42.8571, 50.0]",3,True,7,train,0
11703993,E02_P07_AR_VLL_GM.mp4,E02_P07_AR_VLL_GM,35523954,E02,P07,R,LL,M,right,low_light,Adduction,47.61904762,"[50.0, 42.8571, 50.0]",3,True,7,train,0
11703814,E02_P07_AR_VML_GM.mp4,E02_P07_AR_VML_GM,9824452,E02,P07,R,ML,M,right,medium_light,Adduction,47.61904762,"[50.0, 42.8571, 50.0]",3,True,7,train,0
11703881,E02_P07_AR_VO_GM.mp4,E02_P07_AR_VO_GM,18365738,E02,P07,R,O,M,right,occlusion,Adduction,47.61904762,"[50.0, 42.8571, 50.0]",3,True,7,train,0
11703812,E02_P08_AF_VFL_GM.mp4,E02_P08_AF_VFL_GM,12269188,E02,P08,F,FL,M,front,full_light,Adduction,90.47619048,"[92.8571, 85.7143, 92.8571]",3,True,8,val,1
11703898,E02_P08_AF_VHJ_GM.mp4,E02_P08_AF_VHJ_GM,31010865,E02,P08,F,HJ,M,front,high_jitter,Adduction,74.76190476,"[77.1429, 70.0, 77.1429]",3,True,8,val,1
11703902,E02_P08_AF_VLJ_GM.mp4,E02_P08_AF_VLJ_GM,37606426,E02,P08,F,LJ,M,front,low_jitter,Adduction,92.85714286,"[92.8571, 85.7143, 100.0]",3,True,8,val,1
11703910,E02_P08_AF_VLL_GM.mp4,E02_P08_AF_VLL_GM,38565543,E02,P08,F,LL,M,front,low_light,Adduction,77.14285714,"[77.1429, 70.0, 84.2857]",3,True,8,val,1
11703801,E02_P08_AF_VML_GM.mp4,E02_P08_AF_VML_GM,10303742,E02,P08,F,ML,M,front,medium_light,Adduction,92.85714286,"[92.8571, 85.7143, 100.0]",3,True,8,val,1
11703795,E02_P08_AF_VO_GM.mp4,E02_P08_AF_VO_GM,15406563,E02,P08,F,O,M,front,occlusion,Adduction,77.14285714,"[77.1429, 70.0, 84.2857]",3,True,8,val,1
11704551,E02_P08_AL_VFL_GM.mp4,E02_P08_AL_VFL_GM,66341991,E02,P08,L,FL,M,left,full_light,Adduction,90.47619048,"[92.8571, 85.7143, 92.8571]",3,True,8,val,1
11704081,E02_P08_AL_VHJ_GM.mp4,E02_P08_AL_VHJ_GM,60960083,E02,P08,L,HJ,M,left,high_jitter,Adduction,74.76190476,"[77.1429, 70.0, 77.1429]",3,True,8,val,1
11704590,E02_P08_AL_VLJ_GM.mp4,E02_P08_AL_VLJ_GM,76941806,E02,P08,L,LJ,M,left,low_jitter,Adduction,92.85714286,"[92.8571, 85.7143, 100.0]",3,True,8,val,1
11704528,E02_P08_AL_VLL_GM.mp4,E02_P08_AL_VLL_GM,71186213,E02,P08,L,LL,M,left,low_light,Adduction,75.71428571,"[75.7143, 68.5714, 82.8571]",3,True,8,val,1
11704506,E02_P08_AL_VML_GM.mp4,E02_P08_AL_VML_GM,69147456,E02,P08,L,ML,M,left,medium_light,Adduction,92.85714286,"[92.8571, 85.7143, 100.0]",3,True,8,val,1
11704550,E02_P08_AL_VO_GM.mp4,E02_P08_AL_VO_GM,68549721,E02,P08,L,O,M,left,occlusion,Adduction,75.71428571,"[75.7143, 68.5714, 82.8571]",3,True,8,val,1
11703872,E02_P08_AR_VFL_GM.mp4,E02_P08_AR_VFL_GM,11681723,E02,P08,R,FL,M,right,full_light,Adduction,90.47619048,"[92.8571, 85.7143, 92.8571]",3,True,8,val,1
11704068,E02_P08_AR_VHJ_GM.mp4,E02_P08_AR_VHJ_GM,60824182,E02,P08,R,HJ,M,right,high_jitter,Adduction,90.47619048,"[92.8571, 85.7143, 92.8571]",3,True,8,val,1
11703976,E02_P08_AR_VLJ_GM.mp4,E02_P08_AR_VLJ_GM,44569888,E02,P08,R,LJ,M,right,low_jitter,Adduction,92.85714286,"[92.8571, 85.7143, 100.0]",3,True,8,val,1
11703909,E02_P08_AR_VLL_GM.mp4,E02_P08_AR_VLL_GM,29422558,E02,P08,R,LL,M,right,low_light,Adduction,77.14285714,"[77.1429, 70.0, 84.2857]",3,True,8,val,1
11703796,E02_P08_AR_VML_GM.mp4,E02_P08_AR_VML_GM,10857602,E02,P08,R,ML,M,right,medium_light,Adduction,77.14285714,"[77.1429, 70.0, 84.2857]",3,True,8,val,1
11703880,E02_P08_AR_VO_GM.mp4,E02_P08_AR_VO_GM,15864275,E02,P08,R,O,M,right,occlusion,Adduction,77.14285714,"[77.1429, 70.0, 84.2857]",3,True,8,val,1
11704008,E02_P09_AF_VFL_GF.mp4,E02_P09_AF_VFL_GF,21094238,E02,P09,F,FL,F,front,full_light,Adduction,77.14285714,"[77.1429, 77.1429, 77.1429]",3,True,9,train,1
11703979,E02_P09_AF_VLL_GF.mp4,E02_P09_AF_VLL_GF,42643218,E02,P09,F,LL,F,front,low_light,Adduction,100.0,"[100.0, 100.0, 100.0]",3,True,9,train,1
11703794,E02_P09_AF_VML_GF.mp4,E02_P09_AF_VML_GF,17780650,E02,P09,F,ML,F,front,medium_light,Adduction,95.23809524,"[100.0, 92.8571, 92.8571]",3,True,9,train,1
11703821,E02_P09_AF_VO_GF.mp4,E02_P09_AF_VO_GF,18193467,E02,P09,F,O,F,front,occlusion,Adduction,80.95238095,"[85.7143, 78.5714, 78.5714]",3,True,9,train,1
11704584,E02_P09_AL_VFL_GF.mp4,E02_P09_AL_VFL_GF,75320028,E02,P09,L,FL,F,left,full_light,Adduction,75.71428571,"[75.7143, 75.7143, 75.7143]",3,True,9,train,1
11704071,E02_P09_AL_VLL_GF.mp4,E02_P09_AL_VLL_GF,57986585,E02,P09,L,LL,F,left,low_light,Adduction,84.28571429,"[84.2857, 84.2857, 84.2857]",3,True,9,train,1
11704513,E02_P09_AL_VML_GF.mp4,E02_P09_AL_VML_GF,63793417,E02,P09,L,ML,F,left,medium_light,Adduction,95.23809524,"[100.0, 92.8571, 92.8571]",3,True,9,train,1
11703982,E02_P09_AL_VO_GF.mp4,E02_P09_AL_VO_GF,50968814,E02,P09,L,O,F,left,occlusion,Adduction,63.80952381,"[68.5714, 61.4286, 61.4286]",3,True,9,train,1
11703793,E02_P09_AR_VFL_GF.mp4,E02_P09_AR_VFL_GF,12187576,E02,P09,R,FL,F,right,full_light,Adduction,75.71428571,"[75.7143, 75.7143, 75.7143]",3,True,9,train,1
11703859,E02_P09_AR_VLL_GF.mp4,E02_P09_AR_VLL_GF,12055754,E02,P09,R,LL,F,right,low_light,Adduction,84.28571429,"[84.2857, 84.2857, 84.2857]",3,True,9,train,1
11703876,E02_P09_AR_VML_GF.mp4,E02_P09_AR_VML_GF,10513654,E02,P09,R,ML,F,right,medium_light,Adduction,95.23809524,"[100.0, 92.8571, 92.8571]",3,True,9,train,1
11704005,E02_P09_AR_VO_GF.mp4,E02_P09_AR_VO_GF,26486945,E02,P09,R,O,F,right,occlusion,Adduction,63.80952381,"[68.5714, 61.4286, 61.4286]",3,True,9,train,1
11703987,E02_P10_AF_VFL_GF.mp4,E02_P10_AF_VFL_GF,24457723,E02,P10,F,FL,F,front,full_light,Adduction,54.76190476,"[57.1429, 57.1429, 50.0]",3,True,10,train,0
11703989,E02_P10_AF_VLL_GF.mp4,E02_P10_AF_VLL_GF,39639105,E02,P10,F,LL,F,front,low_light,Adduction,50.0,"[50.0, 57.1429, 42.8571]",3,True,10,train,0
11703870,E02_P10_AF_VML_GF.mp4,E02_P10_AF_VML_GF,15629669,E02,P10,F,ML,F,front,medium_light,Adduction,52.38095238,"[50.0, 57.1429, 50.0]",3,True,10,train,0
11703856,E02_P10_AF_VO_GF.mp4,E02_P10_AF_VO_GF,17955620,E02,P10,F,O,F,front,occlusion,Adduction,52.38095238,"[50.0, 57.1429, 50.0]",3,True,10,train,0
11704593,E02_P10_AL_VFL_GF.mp4,E02_P10_AL_VFL_GF,73882388,E02,P10,L,FL,F,left,full_light,Adduction,54.76190476,"[57.1429, 57.1429, 50.0]",3,True,10,train,0
11704042,E02_P10_AL_VLL_GF.mp4,E02_P10_AL_VLL_GF,60054451,E02,P10,L,LL,F,left,low_light,Adduction,50.0,"[50.0, 57.1429, 42.8571]",3,True,10,train,0
11704548,E02_P10_AL_VML_GF.mp4,E02_P10_AL_VML_GF,65277578,E02,P10,L,ML,F,left,medium_light,Adduction,52.38095238,"[50.0, 57.1429, 50.0]",3,True,10,train,0
11704040,E02_P10_AL_VO_GF.mp4,E02_P10_AL_VO_GF,58446165,E02,P10,L,O,F,left,occlusion,Adduction,52.38095238,"[50.0, 57.1429, 50.0]",3,True,10,train,0
11703860,E02_P10_AR_VFL_GF.mp4,E02_P10_AR_VFL_GF,15805800,E02,P10,R,FL,F,right,full_light,Adduction,54.76190476,"[57.1429, 57.1429, 50.0]",3,True,10,train,0
11703839,E02_P10_AR_VLL_GF.mp4,E02_P10_AR_VLL_GF,16319348,E02,P10,R,LL,F,right,low_light,Adduction,50.0,"[50.0, 57.1429, 42.8571]",3,True,10,train,0
11703797,E02_P10_AR_VML_GF.mp4,E02_P10_AR_VML_GF,14639550,E02,P10,R,ML,F,right,medium_light,Adduction,52.38095238,"[50.0, 57.1429, 50.0]",3,True,10,train,0
11703946,E02_P10_AR_VO_GF.mp4,E02_P10_AR_VO_GF,28746017,E02,P10,R,O,F,right,occlusion,Adduction,52.38095238,"[50.0, 57.1429, 50.0]",3,True,10,train,0
11703961,E02_P11_AF_VFL_GF.mp4,E02_P11_AF_VFL_GF,27719750,E02,P11,F,FL,F,front,full_light,Adduction,68.0952381,"[65.7143, 65.7143, 72.8571]",3,True,11,test,-1
11704511,E02_P11_AF_VLL_GF.mp4,E02_P11_AF_VLL_GF,64987410,E02,P11,F,LL,F,front,low_light,Adduction,77.14285714,"[84.2857, 70.0, 77.1429]",3,True,11,test,-1
11703999,E02_P11_AF_VML_GF.mp4,E02_P11_AF_VML_GF,28047834,E02,P11,F,ML,F,front,medium_light,Adduction,92.85714286,"[100.0, 85.7143, 92.8571]",3,True,11,test,-1
11703981,E02_P11_AF_VO_GF.mp4,E02_P11_AF_VO_GF,27586945,E02,P11,F,O,F,front,occlusion,Adduction,79.52380952,"[84.2857, 77.1429, 77.1429]",3,True,11,test,-1
11704514,E02_P11_AL_VFL_GF.mp4,E02_P11_AL_VFL_GF,70437190,E02,P11,L,FL,F,left,full_light,Adduction,72.38095238,"[70.0, 70.0, 77.1429]",3,True,11,test,-1
11704519,E02_P11_AL_VLL_GF.mp4,E02_P11_AL_VLL_GF,64052170,E02,P11,L,LL,F,left,low_light,Adduction,77.14285714,"[84.2857, 70.0, 77.1429]",3,True,11,test,-1
11704517,E02_P11_AL_VML_GF.mp4,E02_P11_AL_VML_GF,67815263,E02,P11,L,ML,F,left,medium_light,Adduction,92.85714286,"[100.0, 85.7143, 92.8571]",3,True,11,test,-1
11704563,E02_P11_AL_VO_GF.mp4,E02_P11_AL_VO_GF,62667399,E02,P11,L,O,F,left,occlusion,Adduction,79.52380952,"[84.2857, 77.1429, 77.1429]",3,True,11,test,-1
11703843,E02_P11_AR_VFL_GF.mp4,E02_P11_AR_VFL_GF,9868159,E02,P11,R,FL,F,right,full_light,Adduction,69.52380952,"[67.1429, 67.1429, 74.2857]",3,True,11,test,-1
11704009,E02_P11_AR_VLL_GF.mp4,E02_P11_AR_VLL_GF,30300759,E02,P11,R,LL,F,right,low_light,Adduction,77.14285714,"[84.2857, 70.0, 77.1429]",3,True,11,test,-1
11703855,E02_P11_AR_VML_GF.mp4,E02_P11_AR_VML_GF,9567375,E02,P11,R,ML,F,right,medium_light,Adduction,75.71428571,"[82.8571, 68.5714, 75.7143]",3,True,11,test,-1
11703816,E02_P11_AR_VO_GF.mp4,E02_P11_AR_VO_GF,18512822,E02,P11,R,O,F,right,occlusion,Adduction,95.23809524,"[100.0, 92.8571, 92.8571]",3,True,11,test,-1
11703892,E02_P12_AF_VFL_GF.mp4,E02_P12_AF_VFL_GF,26273064,E02,P12,F,FL,F,front,full_light,Adduction,95.23809524,"[100.0, 92.8571, 92.8571]",3,True,12,train,2
11704043,E02_P12_AF_VLL_GF.mp4,E02_P12_AF_VLL_GF,58666537,E02,P12,F,LL,F,front,low_light,Adduction,71.42857143,"[71.4286, 71.4286, 71.4286]",3,True,12,train,2
11703963,E02_P12_AF_VML_GF.mp4,E02_P12_AF_VML_GF,22672460,E02,P12,F,ML,F,front,medium_light,Adduction,97.61904762,"[100.0, 92.8571, 100.0]",3,True,12,train,2
11703927,E02_P12_AF_VO_GF.mp4,E02_P12_AF_VO_GF,24226544,E02,P12,F,O,F,front,occlusion,Adduction,100.0,"[100.0, 100.0, 100.0]",3,True,12,train,2
11704502,E02_P12_AL_VFL_GF.mp4,E02_P12_AL_VFL_GF,68467244,E02,P12,L,FL,F,left,full_light,Adduction,78.0952381,"[82.8571, 75.7143, 75.7143]",3,True,12,train,2
11704074,E02_P12_AL_VLL_GF.mp4,E02_P12_AL_VLL_GF,54981320,E02,P12,L,LL,F,left,low_light,Adduction,74.28571429,"[74.2857, 74.2857, 74.2857]",3,True,12,train,2
11704050,E02_P12_AL_VML_GF.mp4,E02_P12_AL_VML_GF,59985215,E02,P12,L,ML,F,left,medium_light,Adduction,81.9047619,"[84.2857, 77.1429, 84.2857]",3,True,12,train,2
11704051,E02_P12_AL_VO_GF.mp4,E02_P12_AL_VO_GF,59825376,E02,P12,L,O,F,left,occlusion,Adduction,100.0,"[100.0, 100.0, 100.0]",3,True,12,train,2
11703813,E02_P12_AR_VFL_GF.mp4,E02_P12_AR_VFL_GF,9976022,E02,P12,R,FL,F,right,full_light,Adduction,79.52380952,"[84.2857, 77.1429, 77.1429]",3,True,12,train,2
11703938,E02_P12_AR_VLL_GF.mp4,E02_P12_AR_VLL_GF,21586631,E02,P12,R,LL,F,right,low_light,Adduction,77.14285714,"[77.1429, 77.1429, 77.1429]",3,True,12,train,2
11703810,E02_P12_AR_VML_GF.mp4,E02_P12_AR_VML_GF,10512974,E02,P12,R,ML,F,right,medium_light,Adduction,81.9047619,"[84.2857, 77.1429, 84.2857]",3,True,12,train,2
11703886,E02_P12_AR_VO_GF.mp4,E02_P12_AR_VO_GF,17618886,E02,P12,R,O,F,right,occlusion,Adduction,100.0,"[100.0, 100.0, 100.0]",3,True,12,train,2
11703916,E02_P13_AF_VFL_GF.mp4,E02_P13_AF_VFL_GF,31053252,E02,P13,F,FL,F,front,full_light,Adduction,73.33333333,"[82.8571, 61.4286, 75.7143]",3,True,13,train,2
11703968,E02_P13_AF_VHJ_GF.mp4,E02_P13_AF_VHJ_GF,37681974,E02,P13,F,HJ,F,front,high_jitter,Adduction,92.85714286,"[100.0, 78.5714, 100.0]",3,True,13,train,2
11703917,E02_P13_AF_VLJ_GF.mp4,E02_P13_AF_VLJ_GF,22687219,E02,P13,F,LJ,F,front,low_jitter,Adduction,74.76190476,"[84.2857, 62.8571, 77.1429]",3,True,13,train,2
11704010,E02_P13_AF_VLL_GF.mp4,E02_P13_AF_VLL_GF,26432876,E02,P13,F,LL,F,front,low_light,Adduction,66.66666667,"[71.4286, 57.1429, 71.4286]",3,True,13,train,2
11703956,E02_P13_AF_VML_GF.mp4,E02_P13_AF_VML_GF,28331187,E02,P13,F,ML,F,front,medium_light,Adduction,90.47619048,"[92.8571, 78.5714, 100.0]",3,True,13,train,2
11703869,E02_P13_AF_VO_GF.mp4,E02_P13_AF_VO_GF,19176421,E02,P13,F,O,F,front,occlusion,Adduction,97.61904762,"[100.0, 100.0, 92.8571]",3,True,13,train,2
11704589,E02_P13_AL_VFL_GF.mp4,E02_P13_AL_VFL_GF,71871262,E02,P13,L,FL,F,left,full_light,Adduction,73.33333333,"[82.8571, 61.4286, 75.7143]",3,True,13,train,2
11704531,E02_P13_AL_VHJ_GF.mp4,E02_P13_AL_VHJ_GF,68523642,E02,P13,L,HJ,F,left,high_jitter,Adduction,92.85714286,"[100.0, 78.5714, 100.0]",3,True,13,train,2
11703941,E02_P13_AL_VLJ_GF.mp4,E02_P13_AL_VLJ_GF,39497135,E02,P13,L,LJ,F,left,low_jitter,Adduction,74.76190476,"[84.2857, 62.8571, 77.1429]",3,True,13,train,2
11704079,E02_P13_AL_VLL_GF.mp4,E02_P13_AL_VLL_GF,58888992,E02,P13,L,LL,F,left,low_light,Adduction,66.66666667,"[71.4286, 57.1429, 71.4286]",3,True,13,train,2
11704529,E02_P13_AL_VML_GF.mp4,E02_P13_AL_VML_GF,63075932,E02,P13,L,ML,F,left,medium_light,Adduction,90.47619048,"[92.8571, 78.5714, 100.0]",3,True,13,train,2
11704554,E02_P13_AL_VO_GF.mp4,E02_P13_AL_VO_GF,62630440,E02,P13,L,O,F,left,occlusion,Adduction,79.04761905,"[81.4286, 81.4286, 74.2857]",3,True,13,train,2
11703969,E02_P13_AR_VFL_GF.mp4,E02_P13_AR_VFL_GF,25956100,E02,P13,R,FL,F,right,full_light,Adduction,73.33333333,"[82.8571, 61.4286, 75.7143]",3,True,13,train,2
11704604,E02_P13_AR_VHJ_GF.mp4,E02_P13_AR_VHJ_GF,85922387,E02,P13,R,HJ,F,right,high_jitter,Adduction,92.85714286,"[100.0, 78.5714, 100.0]",3,True,13,train,2
11703905,E02_P13_AR_VLJ_GF.mp4,E02_P13_AR_VLJ_GF,27800932,E02,P13,R,LJ,F,right,low_jitter,Adduction,73.33333333,"[82.8571, 61.4286, 75.7143]",3,True,13,train,2
11704080,E02_P13_AR_VLL_GF.mp4,E02_P13_AR_VLL_GF,58345498,E02,P13,R,LL,F,right,low_light,Adduction,65.23809524,"[70.0, 55.7143, 70.0]",3,True,13,train,2
11703988,E02_P13_AR_VML_GF.mp4,E02_P13_AR_VML_GF,40240539,E02,P13,R,ML,F,right,medium_light,Adduction,73.33333333,"[75.7143, 61.4286, 82.8571]",3,True,13,train,2
11703882,E02_P13_AR_VO_GF.mp4,E02_P13_AR_VO_GF,19840126,E02,P13,R,O,F,right,occlusion,Adduction,81.9047619,"[84.2857, 84.2857, 77.1429]",3,True,13,train,2
11703972,E02_P14_AF_VFL_GF.mp4,E02_P14_AF_VFL_GF,32179312,E02,P14,F,FL,F,front,full_light,Adduction,80.47619048,"[82.8571, 75.7143, 82.8571]",3,True,14,train,4
11703921,E02_P14_AF_VLJ_GF.mp4,E02_P14_AF_VLJ_GF,23520876,E02,P14,F,LJ,F,front,low_jitter,Adduction,67.14285714,"[74.2857, 60.0, 67.1429]",3,True,14,train,4
11704544,E02_P14_AF_VLL_GF.mp4,E02_P14_AF_VLL_GF,70064894,E02,P14,F,LL,F,front,low_light,Adduction,70.47619048,"[72.8571, 65.7143, 72.8571]",3,True,14,train,4
11704000,E02_P14_AF_VML_GF.mp4,E02_P14_AF_VML_GF,27277108,E02,P14,F,ML,F,front,medium_light,Adduction,67.14285714,"[74.2857, 60.0, 67.1429]",3,True,14,train,4
11704500,E02_P14_AL_VFL_GF.mp4,E02_P14_AL_VFL_GF,69234282,E02,P14,L,FL,F,left,full_light,Adduction,80.47619048,"[82.8571, 75.7143, 82.8571]",3,True,14,train,4
11704494,E02_P14_AL_VLJ_GF.mp4,E02_P14_AL_VLJ_GF,65122761,E02,P14,L,LJ,F,left,low_jitter,Adduction,67.14285714,"[74.2857, 60.0, 67.1429]",3,True,14,train,4
11704522,E02_P14_AL_VLL_GF.mp4,E02_P14_AL_VLL_GF,70288615,E02,P14,L,LL,F,left,low_light,Adduction,70.47619048,"[72.8571, 65.7143, 72.8571]",3,True,14,train,4
11704057,E02_P14_AL_VML_GF.mp4,E02_P14_AL_VML_GF,61217566,E02,P14,L,ML,F,left,medium_light,Adduction,65.71428571,"[72.8571, 58.5714, 65.7143]",3,True,14,train,4
11703895,E02_P14_AR_VFL_GF.mp4,E02_P14_AR_VFL_GF,23355401,E02,P14,R,FL,F,right,full_light,Adduction,76.19047619,"[78.5714, 71.4286, 78.5714]",3,True,14,train,4
11703953,E02_P14_AR_VLJ_GF.mp4,E02_P14_AR_VLJ_GF,33368686,E02,P14,R,LJ,F,right,low_jitter,Adduction,64.28571429,"[71.4286, 57.1429, 64.2857]",3,True,14,train,4
11704557,E02_P14_AR_VLL_GF.mp4,E02_P14_AR_VLL_GF,71338343,E02,P14,R,LL,F,right,low_light,Adduction,67.61904762,"[70.0, 62.8571, 70.0]",3,True,14,train,4
11704007,E02_P14_AR_VML_GF.mp4,E02_P14_AR_VML_GF,38899460,E02,P14,R,ML,F,right,medium_light,Adduction,65.71428571,"[72.8571, 58.5714, 65.7143]",3,True,14,train,4
11703809,E02_P15_AF_VFL_GF.mp4,E02_P15_AF_VFL_GF,19488807,E02,P15,F,FL,F,front,full_light,Adduction,79.52380952,"[70.0, 84.2857, 84.2857]",3,True,15,train,1
11703817,E02_P15_AF_VLJ_GF.mp4,E02_P15_AF_VLJ_GF,13880455,E02,P15,F,LJ,F,front,low_jitter,Adduction,79.52380952,"[70.0, 84.2857, 84.2857]",3,True,15,train,1
11703986,E02_P15_AF_VLL_GF.mp4,E02_P15_AF_VLL_GF,50562487,E02,P15,F,LL,F,front,low_light,Adduction,97.61904762,"[92.8571, 100.0, 100.0]",3,True,15,train,1
11703825,E02_P15_AF_VML_GF.mp4,E02_P15_AF_VML_GF,17790128,E02,P15,F,ML,F,front,medium_light,Adduction,81.9047619,"[77.1429, 84.2857, 84.2857]",3,True,15,train,1
11704030,E02_P15_AL_VFL_GF.mp4,E02_P15_AL_VFL_GF,59629623,E02,P15,L,FL,F,left,full_light,Adduction,79.52380952,"[70.0, 84.2857, 84.2857]",3,True,15,train,1
11704049,E02_P15_AL_VLJ_GF.mp4,E02_P15_AL_VLJ_GF,51364558,E02,P15,L,LJ,F,left,low_jitter,Adduction,79.52380952,"[70.0, 84.2857, 84.2857]",3,True,15,train,1
11704067,E02_P15_AL_VLL_GF.mp4,E02_P15_AL_VLL_GF,58883852,E02,P15,L,LL,F,left,low_light,Adduction,97.61904762,"[92.8571, 100.0, 100.0]",3,True,15,train,1
11704032,E02_P15_AL_VML_GF.mp4,E02_P15_AL_VML_GF,51580107,E02,P15,L,ML,F,left,medium_light,Adduction,81.9047619,"[77.1429, 84.2857, 84.2857]",3,True,15,train,1
11703878,E02_P15_AR_VFL_GF.mp4,E02_P15_AR_VFL_GF,16870656,E02,P15,R,FL,F,right,full_light,Adduction,79.52380952,"[70.0, 84.2857, 84.2857]",3,True,15,train,1
11704003,E02_P15_AR_VLJ_GF.mp4,E02_P15_AR_VLJ_GF,27374502,E02,P15,R,LJ,F,right,low_jitter,Adduction,95.23809524,"[85.7143, 100.0, 100.0]",3,True,15,train,1
11704059,E02_P15_AR_VLL_GF.mp4,E02_P15_AR_VLL_GF,57107543,E02,P15,R,LL,F,right,low_light,Adduction,81.9047619,"[77.1429, 84.2857, 84.2857]",3,True,15,train,1
11703896,E02_P15_AR_VML_GF.mp4,E02_P15_AR_VML_GF,25528477,E02,P15,R,ML,F,right,medium_light,Adduction,80.47619048,"[75.7143, 82.8571, 82.8571]",3,True,15,train,1
11704001,E02_P16_AF_VFL_GF.mp4,E02_P16_AF_VFL_GF,44007143,E02,P16,F,FL,F,front,full_light,Adduction,66.66666667,"[71.4286, 64.2857, 64.2857]",3,True,16,val,0
11703990,E02_P16_AF_VHJ_GF.mp4,E02_P16_AF_VHJ_GF,38776227,E02,P16,F,HJ,F,front,high_jitter,Adduction,61.9047619,"[71.4286, 57.1429, 57.1429]",3,True,16,val,0
11703893,E02_P16_AF_VLJ_GF.mp4,E02_P16_AF_VLJ_GF,25439989,E02,P16,F,LJ,F,front,low_jitter,Adduction,58.57142857,"[58.5714, 58.5714, 58.5714]",3,True,16,val,0
11704555,E02_P16_AF_VLL_GF.mp4,E02_P16_AF_VLL_GF,66479540,E02,P16,F,LL,F,front,low_light,Adduction,57.14285714,"[57.1429, 57.1429, 57.1429]",3,True,16,val,0
11703943,E02_P16_AF_VML_GF.mp4,E02_P16_AF_VML_GF,43857312,E02,P16,F,ML,F,front,medium_light,Adduction,60.95238095,"[51.4286, 58.5714, 72.8571]",3,True,16,val,0
11703911,E02_P16_AF_VO_GF.mp4,E02_P16_AF_VO_GF,25248364,E02,P16,F,O,F,front,occlusion,Adduction,63.33333333,"[65.7143, 58.5714, 65.7143]",3,True,16,val,0
11704571,E02_P16_AL_VFL_GF.mp4,E02_P16_AL_VFL_GF,77501532,E02,P16,L,FL,F,left,full_light,Adduction,70.95238095,"[75.7143, 68.5714, 68.5714]",3,True,16,val,0
11704491,E02_P16_AL_VHJ_GF.mp4,E02_P16_AL_VHJ_GF,69346627,E02,P16,L,HJ,F,left,high_jitter,Adduction,61.9047619,"[71.4286, 57.1429, 57.1429]",3,True,16,val,0
11704039,E02_P16_AL_VLJ_GF.mp4,E02_P16_AL_VLJ_GF,60945040,E02,P16,L,LJ,F,left,low_jitter,Adduction,58.57142857,"[58.5714, 58.5714, 58.5714]",3,True,16,val,0
11704542,E02_P16_AL_VLL_GF.mp4,E02_P16_AL_VLL_GF,63969477,E02,P16,L,LL,F,left,low_light,Adduction,57.14285714,"[57.1429, 57.1429, 57.1429]",3,True,16,val,0
11704501,E02_P16_AL_VML_GF.mp4,E02_P16_AL_VML_GF,68874009,E02,P16,L,ML,F,left,medium_light,Adduction,62.38095238,"[52.8571, 60.0, 74.2857]",3,True,16,val,0
11704605,E02_P16_AL_VO_GF.mp4,E02_P16_AL_VO_GF,83097045,E02,P16,L,O,F,left,occlusion,Adduction,67.61904762,"[70.0, 62.8571, 70.0]",3,True,16,val,0
11703957,E02_P16_AR_VFL_GF.mp4,E02_P16_AR_VFL_GF,24179629,E02,P16,R,FL,F,right,full_light,Adduction,68.0952381,"[72.8571, 65.7143, 65.7143]",3,True,16,val,0
11704596,E02_P16_AR_VHJ_GF.mp4,E02_P16_AR_VHJ_GF,88425398,E02,P16,R,HJ,F,right,high_jitter,Adduction,61.9047619,"[71.4286, 57.1429, 57.1429]",3,True,16,val,0
11703923,E02_P16_AR_VLJ_GF.mp4,E02_P16_AR_VLJ_GF,40955481,E02,P16,R,LJ,F,right,low_jitter,Adduction,58.57142857,"[58.5714, 58.5714, 58.5714]",3,True,16,val,0
11704518,E02_P16_AR_VLL_GF.mp4,E02_P16_AR_VLL_GF,67026888,E02,P16,R,LL,F,right,low_light,Adduction,57.14285714,"[57.1429, 57.1429, 57.1429]",3,True,16,val,0
11703994,E02_P16_AR_VML_GF.mp4,E02_P16_AR_VML_GF,49576102,E02,P16,R,ML,F,right,medium_light,Adduction,59.52380952,"[50.0, 57.1429, 71.4286]",3,True,16,val,0
11704004,E02_P16_AR_VO_GF.mp4,E02_P16_AR_VO_GF,20567597,E02,P16,R,O,F,right,occlusion,Adduction,61.9047619,"[64.2857, 57.1429, 64.2857]",3,True,16,val,0
11703868,E02_P17_AF_VFL_GM.mp4,E02_P17_AF_VFL_GM,14933998,E02,P17,F,FL,M,front,full_light,Adduction,57.14285714,"[50.0, 64.2857, 57.1429]",3,True,17,test,-1
11703973,E02_P17_AF_VHJ_GM.mp4,E02_P17_AF_VHJ_GM,36715438,E02,P17,F,HJ,M,front,high_jitter,Adduction,59.52380952,"[50.0, 71.4286, 57.1429]",3,True,17,test,-1
11703962,E02_P17_AF_VLJ_GM.mp4,E02_P17_AF_VLJ_GM,38709710,E02,P17,F,LJ,M,front,low_jitter,Adduction,57.14285714,"[57.1429, 57.1429, 57.1429]",3,True,17,test,-1
11704047,E02_P17_AF_VLL_GM.mp4,E02_P17_AF_VLL_GM,51263145,E02,P17,F,LL,M,front,low_light,Adduction,57.14285714,"[57.1429, 57.1429, 57.1429]",3,True,17,test,-1
11703964,E02_P17_AF_VML_GM.mp4,E02_P17_AF_VML_GM,30715360,E02,P17,F,ML,M,front,medium_light,Adduction,59.52380952,"[50.0, 64.2857, 64.2857]",3,True,17,test,-1
11703998,E02_P17_AF_VO_GM.mp4,E02_P17_AF_VO_GM,25882330,E02,P17,F,O,M,front,occlusion,Adduction,59.52380952,"[50.0, 64.2857, 64.2857]",3,True,17,test,-1
11704578,E02_P17_AL_VFL_GM.mp4,E02_P17_AL_VFL_GM,74161528,E02,P17,L,FL,M,left,full_light,Adduction,57.14285714,"[50.0, 64.2857, 57.1429]",3,True,17,test,-1
11704496,E02_P17_AL_VHJ_GM.mp4,E02_P17_AL_VHJ_GM,67181386,E02,P17,L,HJ,M,left,high_jitter,Adduction,59.52380952,"[50.0, 71.4286, 57.1429]",3,True,17,test,-1
11704521,E02_P17_AL_VLJ_GM.mp4,E02_P17_AL_VLJ_GM,69470343,E02,P17,L,LJ,M,left,low_jitter,Adduction,57.14285714,"[57.1429, 57.1429, 57.1429]",3,True,17,test,-1
11704525,E02_P17_AL_VLL_GM.mp4,E02_P17_AL_VLL_GM,71639911,E02,P17,L,LL,M,left,low_light,Adduction,57.14285714,"[57.1429, 57.1429, 57.1429]",3,True,17,test,-1
11704586,E02_P17_AL_VML_GM.mp4,E02_P17_AL_VML_GM,72448868,E02,P17,L,ML,M,left,medium_light,Adduction,59.52380952,"[50.0, 64.2857, 64.2857]",3,True,17,test,-1
11704507,E02_P17_AL_VO_GM.mp4,E02_P17_AL_VO_GM,68454249,E02,P17,L,O,M,left,occlusion,Adduction,59.52380952,"[50.0, 64.2857, 64.2857]",3,True,17,test,-1
11703830,E02_P17_AR_VFL_GM.mp4,E02_P17_AR_VFL_GM,10846360,E02,P17,R,FL,M,right,full_light,Adduction,57.14285714,"[50.0, 64.2857, 57.1429]",3,True,17,test,-1
11704045,E02_P17_AR_VHJ_GM.mp4,E02_P17_AR_VHJ_GM,61390870,E02,P17,R,HJ,M,right,high_jitter,Adduction,59.52380952,"[50.0, 71.4286, 57.1429]",3,True,17,test,-1
11703939,E02_P17_AR_VLJ_GM.mp4,E02_P17_AR_VLJ_GM,45634828,E02,P17,R,LJ,M,right,low_jitter,Adduction,57.14285714,"[57.1429, 57.1429, 57.1429]",3,True,17,test,-1
11703835,E02_P17_AR_VLL_GM.mp4,E02_P17_AR_VLL_GM,15304161,E02,P17,R,LL,M,right,low_light,Adduction,57.14285714,"[57.1429, 57.1429, 57.1429]",3,True,17,test,-1
11703867,E02_P17_AR_VML_GM.mp4,E02_P17_AR_VML_GM,11935637,E02,P17,R,ML,M,right,medium_light,Adduction,59.52380952,"[50.0, 64.2857, 64.2857]",3,True,17,test,-1
11704599,E02_P17_AR_VO_GM.mp4,E02_P17_AR_VO_GM,270604787,E02,P17,R,O,M,right,occlusion,Adduction,59.52380952,"[50.0, 64.2857, 64.2857]",3,True,17,test,-1
11703853,E02_P18_AF_VFL_GM.mp4,E02_P18_AF_VFL_GM,17314189,E02,P18,F,FL,M,front,full_light,Adduction,74.28571429,"[74.2857, 74.2857, 74.2857]",3,True,18,test,-1
11703959,E02_P18_AF_VHJ_GM.mp4,E02_P18_AF_VHJ_GM,29855366,E02,P18,F,HJ,M,front,high_jitter,Adduction,56.66666667,"[54.2857, 54.2857, 61.4286]",3,True,18,test,-1
11703971,E02_P18_AF_VLJ_GM.mp4,E02_P18_AF_VLJ_GM,43324239,E02,P18,F,LJ,M,front,low_jitter,Adduction,100.0,"[100.0, 100.0, 100.0]",3,True,18,test,-1
11704048,E02_P18_AF_VLL_GM.mp4,E02_P18_AF_VLL_GM,56952500,E02,P18,F,LL,M,front,low_light,Adduction,97.61904762,"[100.0, 100.0, 92.8571]",3,True,18,test,-1
11703863,E02_P18_AF_VML_GM.mp4,E02_P18_AF_VML_GM,20352707,E02,P18,F,ML,M,front,medium_light,Adduction,71.42857143,"[71.4286, 71.4286, 71.4286]",3,True,18,test,-1
11703884,E02_P18_AF_VO_GM.mp4,E02_P18_AF_VO_GM,15941060,E02,P18,F,O,M,front,occlusion,Adduction,69.52380952,"[67.1429, 67.1429, 74.2857]",3,True,18,test,-1
11704512,E02_P18_AL_VFL_GM.mp4,E02_P18_AL_VFL_GM,70556982,E02,P18,L,FL,M,left,full_light,Adduction,71.42857143,"[71.4286, 71.4286, 71.4286]",3,True,18,test,-1
11703894,E02_P18_AL_VHJ_GM.mp4,E02_P18_AL_VHJ_GM,48625916,E02,P18,L,HJ,M,left,high_jitter,Adduction,55.23809524,"[52.8571, 52.8571, 60.0]",3,True,18,test,-1
11704592,E02_P18_AL_VLJ_GM.mp4,E02_P18_AL_VLJ_GM,74316604,E02,P18,L,LJ,M,left,low_jitter,Adduction,75.71428571,"[75.7143, 75.7143, 75.7143]",3,True,18,test,-1
11704585,E02_P18_AL_VLL_GM.mp4,E02_P18_AL_VLL_GM,75447534,E02,P18,L,LL,M,left,low_light,Adduction,73.33333333,"[75.7143, 75.7143, 68.5714]",3,True,18,test,-1
11704537,E02_P18_AL_VML_GM.mp4,E02_P18_AL_VML_GM,68337442,E02,P18,L,ML,M,left,medium_light,Adduction,64.28571429,"[64.2857, 64.2857, 64.2857]",3,True,18,test,-1
11704028,E02_P18_AL_VO_GM.mp4,E02_P18_AL_VO_GM,59478479,E02,P18,L,O,M,left,occlusion,Adduction,68.0952381,"[65.7143, 65.7143, 72.8571]",3,True,18,test,-1
11703885,E02_P18_AR_VFL_GM.mp4,E02_P18_AR_VFL_GM,11820624,E02,P18,R,FL,M,right,full_light,Adduction,81.42857143,"[81.4286, 81.4286, 81.4286]",3,True,18,test,-1
11704073,E02_P18_AR_VHJ_GM.mp4,E02_P18_AR_VHJ_GM,51533217,E02,P18,R,HJ,M,right,high_jitter,Adduction,59.52380952,"[57.1429, 57.1429, 64.2857]",3,True,18,test,-1
11704603,E02_P18_AR_VLJ_GM.mp4,E02_P18_AR_VLJ_GM,128362113,E02,P18,R,LJ,M,right,low_jitter,Adduction,82.85714286,"[82.8571, 82.8571, 82.8571]",3,True,18,test,-1
11703873,E02_P18_AR_VLL_GM.mp4,E02_P18_AR_VLL_GM,13626479,E02,P18,R,LL,M,right,low_light,Adduction,97.61904762,"[100.0, 100.0, 92.8571]",3,True,18,test,-1
11703877,E02_P18_AR_VML_GM.mp4,E02_P18_AR_VML_GM,10635459,E02,P18,R,ML,M,right,medium_light,Adduction,70.0,"[70.0, 70.0, 70.0]",3,True,18,test,-1
11703836,E02_P18_AR_VO_GM.mp4,E02_P18_AR_VO_GM,15670728,E02,P18,R,O,M,right,occlusion,Adduction,70.95238095,"[68.5714, 68.5714, 75.7143]",3,True,18,test,-1
11703875,E02_P19_AF_VFL_GM.mp4,E02_P19_AF_VFL_GM,18422614,E02,P19,F,FL,M,front,full_light,Adduction,59.52380952,"[64.2857, 50.0, 64.2857]",3,True,19,test,-1
11703955,E02_P19_AF_VHJ_GM.mp4,E02_P19_AF_VHJ_GM,37585449,E02,P19,F,HJ,M,front,high_jitter,Adduction,64.28571429,"[71.4286, 50.0, 71.4286]",3,True,19,test,-1
11703906,E02_P19_AF_VLJ_GM.mp4,E02_P19_AF_VLJ_GM,39325965,E02,P19,F,LJ,M,front,low_jitter,Adduction,61.9047619,"[57.1429, 57.1429, 71.4286]",3,True,19,test,-1
11704063,E02_P19_AF_VLL_GM.mp4,E02_P19_AF_VLL_GM,58421500,E02,P19,F,LL,M,front,low_light,Adduction,61.9047619,"[64.2857, 57.1429, 64.2857]",3,True,19,test,-1
11703815,E02_P19_AF_VML_GM.mp4,E02_P19_AF_VML_GM,18067355,E02,P19,F,ML,M,front,medium_light,Adduction,61.9047619,"[64.2857, 57.1429, 64.2857]",3,True,19,test,-1
11703864,E02_P19_AF_VO_GM.mp4,E02_P19_AF_VO_GM,19973386,E02,P19,F,O,M,front,occlusion,Adduction,64.28571429,"[57.1429, 71.4286, 64.2857]",3,True,19,test,-1
11704591,E02_P19_AL_VFL_GM.mp4,E02_P19_AL_VFL_GM,76025376,E02,P19,L,FL,M,left,full_light,Adduction,59.52380952,"[64.2857, 50.0, 64.2857]",3,True,19,test,-1
11704565,E02_P19_AL_VHJ_GM.mp4,E02_P19_AL_VHJ_GM,67324929,E02,P19,L,HJ,M,left,high_jitter,Adduction,64.28571429,"[71.4286, 50.0, 71.4286]",3,True,19,test,-1
11704524,E02_P19_AL_VLJ_GM.mp4,E02_P19_AL_VLJ_GM,67459933,E02,P19,L,LJ,M,left,low_jitter,Adduction,61.9047619,"[57.1429, 57.1429, 71.4286]",3,True,19,test,-1
11704579,E02_P19_AL_VLL_GM.mp4,E02_P19_AL_VLL_GM,74199628,E02,P19,L,LL,M,left,low_light,Adduction,61.9047619,"[64.2857, 57.1429, 64.2857]",3,True,19,test,-1
11704545,E02_P19_AL_VML_GM.mp4,E02_P19_AL_VML_GM,70095660,E02,P19,L,ML,M,left,medium_light,Adduction,61.9047619,"[64.2857, 57.1429, 64.2857]",3,True,19,test,-1
11704566,E02_P19_AL_VO_GM.mp4,E02_P19_AL_VO_GM,70806318,E02,P19,L,O,M,left,occlusion,Adduction,64.28571429,"[57.1429, 71.4286, 64.2857]",3,True,19,test,-1
11703829,E02_P19_AR_VFL_GM.mp4,E02_P19_AR_VFL_GM,11846184,E02,P19,R,FL,M,right,full_light,Adduction,59.52380952,"[64.2857, 50.0, 64.2857]",3,True,19,test,-1
11704562,E02_P19_AR_VHJ_GM.mp4,E02_P19_AR_VHJ_GM,68267691,E02,P19,R,HJ,M,right,high_jitter,Adduction,64.28571429,"[71.4286, 50.0, 71.4286]",3,True,19,test,-1
11704606,E02_P19_AR_VLJ_GM.mp4,E02_P19_AR_VLJ_GM,142106613,E02,P19,R,LJ,M,right,low_jitter,Adduction,61.9047619,"[57.1429, 57.1429, 71.4286]",3,True,19,test,-1
11703844,E02_P19_AR_VLL_GM.mp4,E02_P19_AR_VLL_GM,12962777,E02,P19,R,LL,M,right,low_light,Adduction,61.9047619,"[64.2857, 57.1429, 64.2857]",3,True,19,test,-1
11703883,E02_P19_AR_VML_GM.mp4,E02_P19_AR_VML_GM,12161112,E02,P19,R,ML,M,right,medium_light,Adduction,61.9047619,"[64.2857, 57.1429, 64.2857]",3,True,19,test,-1
11703807,E02_P19_AR_VO_GM.mp4,E02_P19_AR_VO_GM,17833200,E02,P19,R,O,M,right,occlusion,Adduction,64.28571429,"[57.1429, 71.4286, 64.2857]",3,True,19,test,-1
11703975,E02_P20_AF_VFL_GM.mp4,E02_P20_AF_VFL_GM,24871963,E02,P20,F,FL,M,front,full_light,Adduction,23.80952381,"[14.2857, 21.4286, 35.7143]",3,True,20,train,2
11704006,E02_P20_AF_VHJ_GM.mp4,E02_P20_AF_VHJ_GM,38775559,E02,P20,F,HJ,M,front,high_jitter,Adduction,42.85714286,"[35.7143, 42.8571, 50.0]",3,True,20,train,2
11703912,E02_P20_AF_VLJ_GM.mp4,E02_P20_AF_VLJ_GM,45889407,E02,P20,F,LJ,M,front,low_jitter,Adduction,64.28571429,"[57.1429, 64.2857, 71.4286]",3,True,20,train,2
11704598,E02_P20_AF_VLL_GM.mp4,E02_P20_AF_VLL_GM,84374199,E02,P20,F,LL,M,front,low_light,Adduction,81.42857143,"[81.4286, 81.4286, 81.4286]",3,True,20,train,2
11703811,E02_P20_AF_VML_GM.mp4,E02_P20_AF_VML_GM,19637401,E02,P20,F,ML,M,front,medium_light,Adduction,80.47619048,"[75.7143, 82.8571, 82.8571]",3,True,20,train,2
11703950,E02_P20_AF_VO_GM.mp4,E02_P20_AF_VO_GM,21554175,E02,P20,F,O,M,front,occlusion,Adduction,40.47619048,"[35.7143, 35.7143, 50.0]",3,True,20,train,2
11704601,E02_P20_AL_VFL_GM.mp4,E02_P20_AL_VFL_GM,93349129,E02,P20,L,FL,M,left,full_light,Adduction,23.80952381,"[14.2857, 21.4286, 35.7143]",3,True,20,train,2
11704549,E02_P20_AL_VHJ_GM.mp4,E02_P20_AL_VHJ_GM,67814435,E02,P20,L,HJ,M,left,high_jitter,Adduction,42.85714286,"[35.7143, 42.8571, 50.0]",3,True,20,train,2
11704572,E02_P20_AL_VLJ_GM.mp4,E02_P20_AL_VLJ_GM,74369158,E02,P20,L,LJ,M,left,low_jitter,Adduction,64.28571429,"[57.1429, 64.2857, 71.4286]",3,True,20,train,2
11704607,E02_P20_AL_VLL_GM.mp4,E02_P20_AL_VLL_GM,94627476,E02,P20,L,LL,M,left,low_light,Adduction,100.0,"[100.0, 100.0, 100.0]",3,True,20,train,2
11704581,E02_P20_AL_VML_GM.mp4,E02_P20_AL_VML_GM,78927021,E02,P20,L,ML,M,left,medium_light,Adduction,79.04761905,"[74.2857, 81.4286, 81.4286]",3,True,20,train,2
11704535,E02_P20_AL_VO_GM.mp4,E02_P20_AL_VO_GM,67727794,E02,P20,L,O,M,left,occlusion,Adduction,40.47619048,"[35.7143, 35.7143, 50.0]",3,True,20,train,2
11703862,E02_P20_AR_VFL_GM.mp4,E02_P20_AR_VFL_GM,13901033,E02,P20,R,FL,M,right,full_light,Adduction,23.80952381,"[14.2857, 21.4286, 35.7143]",3,True,20,train,2
11704492,E02_P20_AR_VHJ_GM.mp4,E02_P20_AR_VHJ_GM,69107991,E02,P20,R,HJ,M,right,high_jitter,Adduction,42.85714286,"[35.7143, 42.8571, 50.0]",3,True,20,train,2
11703897,E02_P20_AR_VLJ_GM.mp4,E02_P20_AR_VLJ_GM,45165077,E02,P20,R,LJ,M,right,low_jitter,Adduction,64.28571429,"[57.1429, 64.2857, 71.4286]",3,True,20,train,2
11703865,E02_P20_AR_VLL_GM.mp4,E02_P20_AR_VLL_GM,17106918,E02,P20,R,LL,M,right,low_light,Adduction,100.0,"[100.0, 100.0, 100.0]",3,True,20,train,2
11703823,E02_P20_AR_VML_GM.mp4,E02_P20_AR_VML_GM,12259360,E02,P20,R,ML,M,right,medium_light,Adduction,97.61904762,"[92.8571, 100.0, 100.0]",3,True,20,train,2
11703918,E02_P20_AR_VO_GM.mp4,E02_P20_AR_VO_GM,22189000,E02,P20,R,O,M,right,occlusion,Adduction,40.47619048,"[35.7143, 35.7143, 50.0]",3,True,20,train,2
11703806,E02_P21_AF_VFL_GM.mp4,E02_P21_AF_VFL_GM,15980177,E02,P21,F,FL,M,front,full_light,Adduction,84.28571429,"[84.2857, 84.2857, 84.2857]",3,True,21,train,4
11703913,E02_P21_AF_VHJ_GM.mp4,E02_P21_AF_VHJ_GM,22789055,E02,P21,F,HJ,M,front,high_jitter,Adduction,59.04761905,"[61.4286, 61.4286, 54.2857]",3,True,21,train,4
11703951,E02_P21_AF_VLJ_GM.mp4,E02_P21_AF_VLJ_GM,32281931,E02,P21,F,LJ,M,front,low_jitter,Adduction,92.85714286,"[92.8571, 92.8571, 92.8571]",3,True,21,train,4
11703932,E02_P21_AF_VLL_GM.mp4,E02_P21_AF_VLL_GM,34084360,E02,P21,F,LL,M,front,low_light,Adduction,77.14285714,"[70.0, 77.1429, 84.2857]",3,True,21,train,4
11703790,E02_P21_AF_VML_GM.mp4,E02_P21_AF_VML_GM,20373205,E02,P21,F,ML,M,front,medium_light,Adduction,88.0952381,"[85.7143, 85.7143, 92.8571]",3,True,21,train,4
11703805,E02_P21_AF_VO_GM.mp4,E02_P21_AF_VO_GM,15562000,E02,P21,F,O,M,front,occlusion,Adduction,73.33333333,"[68.5714, 75.7143, 75.7143]",3,True,21,train,4
11704559,E02_P21_AL_VFL_GM.mp4,E02_P21_AL_VFL_GM,64298750,E02,P21,L,FL,M,left,full_light,Adduction,77.14285714,"[77.1429, 77.1429, 77.1429]",3,True,21,train,4
11704044,E02_P21_AL_VHJ_GM.mp4,E02_P21_AL_VHJ_GM,59558763,E02,P21,L,HJ,M,left,high_jitter,Adduction,76.19047619,"[78.5714, 78.5714, 71.4286]",3,True,21,train,4
11704498,E02_P21_AL_VLJ_GM.mp4,E02_P21_AL_VLJ_GM,67441756,E02,P21,L,LJ,M,left,low_jitter,Adduction,92.85714286,"[92.8571, 92.8571, 92.8571]",3,True,21,train,4
11704560,E02_P21_AL_VLL_GM.mp4,E02_P21_AL_VLL_GM,67195099,E02,P21,L,LL,M,left,low_light,Adduction,75.71428571,"[68.5714, 75.7143, 82.8571]",3,True,21,train,4
11704541,E02_P21_AL_VML_GM.mp4,E02_P21_AL_VML_GM,69834479,E02,P21,L,ML,M,left,medium_light,Adduction,88.0952381,"[85.7143, 85.7143, 92.8571]",3,True,21,train,4
11704536,E02_P21_AL_VO_GM.mp4,E02_P21_AL_VO_GM,66376421,E02,P21,L,O,M,left,occlusion,Adduction,73.33333333,"[68.5714, 75.7143, 75.7143]",3,True,21,train,4
11703819,E02_P21_AR_VFL_GM.mp4,E02_P21_AR_VFL_GM,11119369,E02,P21,R,FL,M,right,full_light,Adduction,84.28571429,"[84.2857, 84.2857, 84.2857]",3,True,21,train,4
11704072,E02_P21_AR_VHJ_GM.mp4,E02_P21_AR_VHJ_GM,59840527,E02,P21,R,HJ,M,right,high_jitter,Adduction,57.61904762,"[60.0, 60.0, 52.8571]",3,True,21,train,4
11704505,E02_P21_AR_VLJ_GM.mp4,E02_P21_AR_VLJ_GM,66827603,E02,P21,R,LJ,M,right,low_jitter,Adduction,77.14285714,"[77.1429, 77.1429, 77.1429]",3,True,21,train,4
11703879,E02_P21_AR_VLL_GM.mp4,E02_P21_AR_VLL_GM,11095860,E02,P21,R,LL,M,right,low_light,Adduction,75.71428571,"[68.5714, 75.7143, 82.8571]",3,True,21,train,4
11703792,E02_P21_AR_VML_GM.mp4,E02_P21_AR_VML_GM,11970310,E02,P21,R,ML,M,right,medium_light,Adduction,88.0952381,"[85.7143, 85.7143, 92.8571]",3,True,21,train,4
11703822,E02_P21_AR_VO_GM.mp4,E02_P21_AR_VO_GM,14059839,E02,P21,R,O,M,right,occlusion,Adduction,90.47619048,"[85.7143, 92.8571, 92.8571]",3,True,21,train,4
11703849,E02_P22_AF_VFL_GM.mp4,E02_P22_AF_VFL_GM,18964778,E02,P22,F,FL,M,front,full_light,Adduction,84.28571429,"[84.2857, 84.2857, 84.2857]",3,True,22,train,4
11703978,E02_P22_AF_VHJ_GM.mp4,E02_P22_AF_VHJ_GM,25758017,E02,P22,F,HJ,M,front,high_jitter,Adduction,92.85714286,"[92.8571, 92.8571, 92.8571]",3,True,22,train,4
11703934,E02_P22_AF_VLJ_GM.mp4,E02_P22_AF_VLJ_GM,30797574,E02,P22,F,LJ,M,front,low_jitter,Adduction,82.85714286,"[82.8571, 82.8571, 82.8571]",3,True,22,train,4
11703991,E02_P22_AF_VLL_GM.mp4,E02_P22_AF_VLL_GM,30783873,E02,P22,F,LL,M,front,low_light,Adduction,84.28571429,"[84.2857, 84.2857, 84.2857]",3,True,22,train,4
11703791,E02_P22_AF_VML_GM.mp4,E02_P22_AF_VML_GM,14144533,E02,P22,F,ML,M,front,medium_light,Adduction,81.9047619,"[77.1429, 84.2857, 84.2857]",3,True,22,train,4
11703802,E02_P22_AF_VO_GM.mp4,E02_P22_AF_VO_GM,15230596,E02,P22,F,O,M,front,occlusion,Adduction,82.85714286,"[82.8571, 82.8571, 82.8571]",3,True,22,train,4
11704583,E02_P22_AL_VFL_GM.mp4,E02_P22_AL_VFL_GM,76372245,E02,P22,L,FL,M,left,full_light,Adduction,84.28571429,"[84.2857, 84.2857, 84.2857]",3,True,22,train,4
11704033,E02_P22_AL_VHJ_GM.mp4,E02_P22_AL_VHJ_GM,57655375,E02,P22,L,HJ,M,left,high_jitter,Adduction,92.85714286,"[92.8571, 92.8571, 92.8571]",3,True,22,train,4
11704029,E02_P22_AL_VLJ_GM.mp4,E02_P22_AL_VLJ_GM,57685980,E02,P22,L,LJ,M,left,low_jitter,Adduction,80.0,"[80.0, 80.0, 80.0]",3,True,22,train,4
11704497,E02_P22_AL_VLL_GM.mp4,E02_P22_AL_VLL_GM,63072586,E02,P22,L,LL,M,left,low_light,Adduction,100.0,"[100.0, 100.0, 100.0]",3,True,22,train,4
11704065,E02_P22_AL_VML_GM.mp4,E02_P22_AL_VML_GM,52603102,E02,P22,L,ML,M,left,medium_light,Adduction,80.47619048,"[75.7143, 82.8571, 82.8571]",3,True,22,train,4
11704076,E02_P22_AL_VO_GM.mp4,E02_P22_AL_VO_GM,57969532,E02,P22,L,O,M,left,occlusion,Adduction,80.0,"[80.0, 80.0, 80.0]",3,True,22,train,4
11703799,E02_P22_AR_VFL_GM.mp4,E02_P22_AR_VFL_GM,13850398,E02,P22,R,FL,M,right,full_light,Adduction,82.85714286,"[82.8571, 82.8571, 82.8571]",3,True,22,train,4
11703933,E02_P22_AR_VHJ_GM.mp4,E02_P22_AR_VHJ_GM,49950511,E02,P22,R,HJ,M,right,high_jitter,Adduction,77.14285714,"[77.1429, 77.1429, 77.1429]",3,True,22,train,4
11704037,E02_P22_AR_VLJ_GM.mp4,E02_P22_AR_VLJ_GM,58864167,E02,P22,R,LJ,M,right,low_jitter,Adduction,81.42857143,"[81.4286, 81.4286, 81.4286]",3,True,22,train,4
11703832,E02_P22_AR_VLL_GM.mp4,E02_P22_AR_VLL_GM,11411588,E02,P22,R,LL,M,right,low_light,Adduction,82.85714286,"[82.8571, 82.8571, 82.8571]",3,True,22,train,4
11703838,E02_P22_AR_VML_GM.mp4,E02_P22_AR_VML_GM,10045431,E02,P22,R,ML,M,right,medium_light,Adduction,80.47619048,"[75.7143, 82.8571, 82.8571]",3,True,22,train,4
11703824,E02_P22_AR_VO_GM.mp4,E02_P22_AR_VO_GM,17694573,E02,P22,R,O,M,right,occlusion,Adduction,82.85714286,"[82.8571, 82.8571, 82.8571]",3,True,22,train,4
11703928,E02_P23_AF_VFL_GM.mp4,E02_P23_AF_VFL_GM,32651425,E02,P23,F,FL,M,front,full_light,Adduction,35.71428571,"[28.5714, 42.8571, 35.7143]",3,True,23,test,-1
11703914,E02_P23_AF_VHJ_GM.mp4,E02_P23_AF_VHJ_GM,31672997,E02,P23,F,HJ,M,front,high_jitter,Adduction,66.66666667,"[64.2857, 71.4286, 64.2857]",3,True,23,test,-1
11703929,E02_P23_AF_VLJ_GM.mp4,E02_P23_AF_VLJ_GM,38600961,E02,P23,F,LJ,M,front,low_jitter,Adduction,66.66666667,"[57.1429, 71.4286, 71.4286]",3,True,23,test,-1
11704499,E02_P23_AF_VLL_GM.mp4,E02_P23_AF_VLL_GM,62557271,E02,P23,F,LL,M,front,low_light,Adduction,69.04761905,"[71.4286, 71.4286, 64.2857]",3,True,23,test,-1
11703996,E02_P23_AF_VML_GM.mp4,E02_P23_AF_VML_GM,22573569,E02,P23,F,ML,M,front,medium_light,Adduction,65.71428571,"[65.7143, 65.7143, 65.7143]",3,True,23,test,-1
11703992,E02_P23_AF_VO_GM.mp4,E02_P23_AF_VO_GM,25220269,E02,P23,F,O,M,front,occlusion,Adduction,66.66666667,"[64.2857, 71.4286, 64.2857]",3,True,23,test,-1
11704597,E02_P23_AL_VFL_GM.mp4,E02_P23_AL_VFL_GM,101169965,E02,P23,L,FL,M,left,full_light,Adduction,35.71428571,"[28.5714, 42.8571, 35.7143]",3,True,23,test,-1
11704580,E02_P23_AL_VHJ_GM.mp4,E02_P23_AL_VHJ_GM,71822326,E02,P23,L,HJ,M,left,high_jitter,Adduction,66.66666667,"[64.2857, 71.4286, 64.2857]",3,True,23,test,-1
11704587,E02_P23_AL_VLJ_GM.mp4,E02_P23_AL_VLJ_GM,75912209,E02,P23,L,LJ,M,left,low_jitter,Adduction,66.66666667,"[57.1429, 71.4286, 71.4286]",3,True,23,test,-1
11704594,E02_P23_AL_VLL_GM.mp4,E02_P23_AL_VLL_GM,76684219,E02,P23,L,LL,M,left,low_light,Adduction,69.04761905,"[71.4286, 71.4286, 64.2857]",3,True,23,test,-1
11704600,E02_P23_AL_VML_GM.mp4,E02_P23_AL_VML_GM,92531484,E02,P23,L,ML,M,left,medium_light,Adduction,70.0,"[70.0, 70.0, 70.0]",3,True,23,test,-1
11704575,E02_P23_AL_VO_GM.mp4,E02_P23_AL_VO_GM,72311004,E02,P23,L,O,M,left,occlusion,Adduction,66.66666667,"[64.2857, 71.4286, 64.2857]",3,True,23,test,-1
11703995,E02_P23_AR_VFL_GM.mp4,E02_P23_AR_VFL_GM,21871139,E02,P23,R,FL,M,right,full_light,Adduction,35.71428571,"[28.5714, 42.8571, 35.7143]",3,True,23,test,-1
11704573,E02_P23_AR_VHJ_GM.mp4,E02_P23_AR_VHJ_GM,72487047,E02,P23,R,HJ,M,right,high_jitter,Adduction,66.66666667,"[64.2857, 71.4286, 64.2857]",3,True,23,test,-1
11704582,E02_P23_AR_VLJ_GM.mp4,E02_P23_AR_VLJ_GM,76138874,E02,P23,R,LJ,M,right,low_jitter,Adduction,66.66666667,"[57.1429, 71.4286, 71.4286]",3,True,23,test,-1
11703847,E02_P23_AR_VLL_GM.mp4,E02_P23_AR_VLL_GM,15461671,E02,P23,R,LL,M,right,low_light,Adduction,69.04761905,"[71.4286, 71.4286, 64.2857]",3,True,23,test,-1
11703901,E02_P23_AR_VML_GM.mp4,E02_P23_AR_VML_GM,21683975,E02,P23,R,ML,M,right,medium_light,Adduction,70.0,"[70.0, 70.0, 70.0]",3,True,23,test,-1
11703947,E02_P23_AR_VO_GM.mp4,E02_P23_AR_VO_GM,21482900,E02,P23,R,O,M,right,occlusion,Adduction,66.66666667,"[64.2857, 71.4286, 64.2857]",3,True,23,test,-1
11703833,E02_P24_AF_VFL_GM.mp4,E02_P24_AF_VFL_GM,16474105,E02,P24,F,FL,M,front,full_light,Adduction,100.0,"[100.0, 100.0, 100.0]",3,True,24,train,0
11703851,E02_P24_AF_VLL_GM.mp4,E02_P24_AF_VLL_GM,20100998,E02,P24,F,LL,M,front,low_light,Adduction,95.23809524,"[92.8571, 92.8571, 100.0]",3,True,24,train,0
11703949,E02_P24_AF_VML_GM.mp4,E02_P24_AF_VML_GM,23346567,E02,P24,F,ML,M,front,medium_light,Adduction,95.23809524,"[92.8571, 92.8571, 100.0]",3,True,24,train,0
11703935,E02_P24_AL_VFL_GM.mp4,E02_P24_AL_VFL_GM,35601927,E02,P24,L,FL,M,left,full_light,Adduction,100.0,"[100.0, 100.0, 100.0]",3,True,24,train,0
11703960,E02_P24_AL_VLL_GM.mp4,E02_P24_AL_VLL_GM,32906549,E02,P24,L,LL,M,left,low_light,Adduction,95.23809524,"[92.8571, 92.8571, 100.0]",3,True,24,train,0
11703925,E02_P24_AL_VML_GM.mp4,E02_P24_AL_VML_GM,35292376,E02,P24,L,ML,M,left,medium_light,Adduction,95.23809524,"[92.8571, 92.8571, 100.0]",3,True,24,train,0
11714775,E03_P01_AF_VFL_GM.mp4,E03_P01_AF_VFL_GM,62067959,E03,P01,F,FL,M,front,full_light,Lateral Rotation,84.28571429,"[84.2857, 84.2857, 84.2857]",3,True,1,train,2
11708744,E03_P01_AF_VHJ_GM.mp4,E03_P01_AF_VHJ_GM,55630951,E03,P01,F,HJ,M,front,high_jitter,Lateral Rotation,84.28571429,"[84.2857, 84.2857, 84.2857]",3,True,1,train,2
11714748,E03_P01_AF_VLJ_GM.mp4,E03_P01_AF_VLJ_GM,63913720,E03,P01,F,LJ,M,front,low_jitter,Lateral Rotation,82.85714286,"[82.8571, 82.8571, 82.8571]",3,True,1,train,2
11708724,E03_P01_AF_VLL_GM.mp4,E03_P01_AF_VLL_GM,58422919,E03,P01,F,LL,M,front,low_light,Lateral Rotation,82.85714286,"[82.8571, 82.8571, 82.8571]",3,True,1,train,2
11708737,E03_P01_AF_VML_GM.mp4,E03_P01_AF_VML_GM,61086626,E03,P01,F,ML,M,front,medium_light,Lateral Rotation,82.85714286,"[82.8571, 82.8571, 82.8571]",3,True,1,train,2
11714762,E03_P01_AF_VO_GM.mp4,E03_P01_AF_VO_GM,62481018,E03,P01,F,O,M,front,occlusion,Lateral Rotation,79.52380952,"[84.2857, 70.0, 84.2857]",3,True,1,train,2
11704773,E03_P01_AL_VFL_GM.mp4,E03_P01_AL_VFL_GM,15029444,E03,P01,L,FL,M,left,full_light,Lateral Rotation,82.85714286,"[82.8571, 82.8571, 82.8571]",3,True,1,train,2
11705364,E03_P01_AL_VHJ_GM.mp4,E03_P01_AL_VHJ_GM,40021591,E03,P01,L,HJ,M,left,high_jitter,Lateral Rotation,82.85714286,"[82.8571, 82.8571, 82.8571]",3,True,1,train,2
11708766,E03_P01_AL_VLJ_GM.mp4,E03_P01_AL_VLJ_GM,46592833,E03,P01,L,LJ,M,left,low_jitter,Lateral Rotation,80.0,"[80.0, 80.0, 80.0]",3,True,1,train,2
11705382,E03_P01_AL_VLL_GM.mp4,E03_P01_AL_VLL_GM,37530957,E03,P01,L,LL,M,left,low_light,Lateral Rotation,82.85714286,"[82.8571, 82.8571, 82.8571]",3,True,1,train,2
11704803,E03_P01_AL_VML_GM.mp4,E03_P01_AL_VML_GM,16112726,E03,P01,L,ML,M,left,medium_light,Lateral Rotation,82.85714286,"[82.8571, 82.8571, 82.8571]",3,True,1,train,2
11704910,E03_P01_AL_VO_GM.mp4,E03_P01_AL_VO_GM,24594682,E03,P01,L,O,M,left,occlusion,Lateral Rotation,79.52380952,"[84.2857, 70.0, 84.2857]",3,True,1,train,2
11708785,E03_P01_AR_VFL_GM.mp4,E03_P01_AR_VFL_GM,43402071,E03,P01,R,FL,M,right,full_light,Lateral Rotation,82.85714286,"[82.8571, 82.8571, 82.8571]",3,True,1,train,2
11708779,E03_P01_AR_VHJ_GM.mp4,E03_P01_AR_VHJ_GM,56991009,E03,P01,R,HJ,M,right,high_jitter,Lateral Rotation,82.85714286,"[82.8571, 82.8571, 82.8571]",3,True,1,train,2
11714746,E03_P01_AR_VLJ_GM.mp4,E03_P01_AR_VLJ_GM,61964314,E03,P01,R,LJ,M,right,low_jitter,Lateral Rotation,78.57142857,"[78.5714, 78.5714, 78.5714]",3,True,1,train,2
11708735,E03_P01_AR_VLL_GM.mp4,E03_P01_AR_VLL_GM,47902486,E03,P01,R,LL,M,right,low_light,Lateral Rotation,84.28571429,"[84.2857, 84.2857, 84.2857]",3,True,1,train,2
11708746,E03_P01_AR_VML_GM.mp4,E03_P01_AR_VML_GM,49881196,E03,P01,R,ML,M,right,medium_light,Lateral Rotation,82.85714286,"[82.8571, 82.8571, 82.8571]",3,True,1,train,2
11708754,E03_P01_AR_VO_GM.mp4,E03_P01_AR_VO_GM,54947676,E03,P01,R,O,M,right,occlusion,Lateral Rotation,78.0952381,"[82.8571, 68.5714, 82.8571]",3,True,1,train,2
11704683,E03_P02_AF_VFL_GM.mp4,E03_P02_AF_VFL_GM,7973966,E03,P02,F,FL,M,front,full_light,Lateral Rotation,26.19047619,"[35.7143, 21.4286, 21.4286]",3,True,2,train,0
11704918,E03_P02_AF_VHJ_GM.mp4,E03_P02_AF_VHJ_GM,20915526,E03,P02,F,HJ,M,front,high_jitter,Lateral Rotation,26.19047619,"[28.5714, 21.4286, 28.5714]",3,True,2,train,0
11704796,E03_P02_AF_VLJ_GM.mp4,E03_P02_AF_VLJ_GM,19006900,E03,P02,F,LJ,M,front,low_jitter,Lateral Rotation,28.57142857,"[28.5714, 28.5714, 28.5714]",3,True,2,train,0
11705358,E03_P02_AF_VLL_GM.mp4,E03_P02_AF_VLL_GM,36716544,E03,P02,F,LL,M,front,low_light,Lateral Rotation,21.42857143,"[21.4286, 21.4286, 21.4286]",3,True,2,train,0
11704873,E03_P02_AF_VML_GM.mp4,E03_P02_AF_VML_GM,13052046,E03,P02,F,ML,M,front,medium_light,Lateral Rotation,16.66666667,"[21.4286, 14.2857, 14.2857]",3,True,2,train,0
11704744,E03_P02_AF_VO_GM.mp4,E03_P02_AF_VO_GM,9065354,E03,P02,F,O,M,front,occlusion,Lateral Rotation,16.66666667,"[21.4286, 14.2857, 14.2857]",3,True,2,train,0
11708736,E03_P02_AL_VFL_GM.mp4,E03_P02_AL_VFL_GM,45694640,E03,P02,L,FL,M,left,full_light,Lateral Rotation,26.19047619,"[35.7143, 21.4286, 21.4286]",3,True,2,train,0
11708771,E03_P02_AL_VHJ_GM.mp4,E03_P02_AL_VHJ_GM,41996468,E03,P02,L,HJ,M,left,high_jitter,Lateral Rotation,26.19047619,"[28.5714, 21.4286, 28.5714]",3,True,2,train,0
11705365,E03_P02_AL_VLJ_GM.mp4,E03_P02_AL_VLJ_GM,40429674,E03,P02,L,LJ,M,left,low_jitter,Lateral Rotation,28.57142857,"[28.5714, 28.5714, 28.5714]",3,True,2,train,0
11705367,E03_P02_AL_VLL_GM.mp4,E03_P02_AL_VLL_GM,40725386,E03,P02,L,LL,M,left,low_light,Lateral Rotation,21.42857143,"[21.4286, 21.4286, 21.4286]",3,True,2,train,0
11708762,E03_P02_AL_VML_GM.mp4,E03_P02_AL_VML_GM,51768269,E03,P02,L,ML,M,left,medium_light,Lateral Rotation,16.66666667,"[21.4286, 14.2857, 14.2857]",3,True,2,train,0
11708723,E03_P02_AL_VO_GM.mp4,E03_P02_AL_VO_GM,42999274,E03,P02,L,O,M,left,occlusion,Lateral Rotation,16.66666667,"[21.4286, 14.2857, 14.2857]",3,True,2,train,0
11705385,E03_P02_AR_VFL_GM.mp4,E03_P02_AR_VFL_GM,31674016,E03,P02,R,FL,M,right,full_light,Lateral Rotation,26.19047619,"[35.7143, 21.4286, 21.4286]",3,True,2,train,0
11708767,E03_P02_AR_VHJ_GM.mp4,E03_P02_AR_VHJ_GM,42291133,E03,P02,R,HJ,M,right,high_jitter,Lateral Rotation,26.19047619,"[28.5714, 21.4286, 28.5714]",3,True,2,train,0
11708778,E03_P02_AR_VLJ_GM.mp4,E03_P02_AR_VLJ_GM,42566731,E03,P02,R,LJ,M,right,low_jitter,Lateral Rotation,28.57142857,"[28.5714, 28.5714, 28.5714]",3,True,2,train,0
11708797,E03_P02_AR_VLL_GM.mp4,E03_P02_AR_VLL_GM,42582159,E03,P02,R,LL,M,right,low_light,Lateral Rotation,21.42857143,"[21.4286, 21.4286, 21.4286]",3,True,2,train,0
11705368,E03_P02_AR_VML_GM.mp4,E03_P02_AR_VML_GM,37767119,E03,P02,R,ML,M,right,medium_light,Lateral Rotation,16.66666667,"[21.4286, 14.2857, 14.2857]",3,True,2,train,0
11705377,E03_P02_AR_VO_GM.mp4,E03_P02_AR_VO_GM,35587303,E03,P02,R,O,M,right,occlusion,Lateral Rotation,16.66666667,"[21.4286, 14.2857, 14.2857]",3,True,2,train,0
11704626,E03_P03_AF_VFL_GM.mp4,E03_P03_AF_VFL_GM,10028574,E03,P03,F,FL,M,front,full_light,Lateral Rotation,64.28571429,"[64.2857, 64.2857, 64.2857]",3,True,3,train,3
11705374,E03_P03_AF_VHJ_GM.mp4,E03_P03_AF_VHJ_GM,35028396,E03,P03,F,HJ,M,front,high_jitter,Lateral Rotation,77.14285714,"[77.1429, 77.1429, 77.1429]",3,True,3,train,3
11705356,E03_P03_AF_VLJ_GM.mp4,E03_P03_AF_VLJ_GM,37701588,E03,P03,F,LJ,M,front,low_jitter,Lateral Rotation,97.61904762,"[92.8571, 100.0, 100.0]",3,True,3,train,3
11708741,E03_P03_AF_VLL_GM.mp4,E03_P03_AF_VLL_GM,50236721,E03,P03,F,LL,M,front,low_light,Lateral Rotation,73.33333333,"[68.5714, 75.7143, 75.7143]",3,True,3,train,3
11704781,E03_P03_AF_VML_GM.mp4,E03_P03_AF_VML_GM,16391322,E03,P03,F,ML,M,front,medium_light,Lateral Rotation,75.23809524,"[65.7143, 80.0, 80.0]",3,True,3,train,3
11704893,E03_P03_AF_VO_GM.mp4,E03_P03_AF_VO_GM,25901715,E03,P03,F,O,M,front,occlusion,Lateral Rotation,97.61904762,"[100.0, 100.0, 92.8571]",3,True,3,train,3
11714743,E03_P03_AL_VFL_GM.mp4,E03_P03_AL_VFL_GM,63998345,E03,P03,L,FL,M,left,full_light,Lateral Rotation,64.28571429,"[64.2857, 64.2857, 64.2857]",3,True,3,train,3
11708790,E03_P03_AL_VHJ_GM.mp4,E03_P03_AL_VHJ_GM,60011281,E03,P03,L,HJ,M,left,high_jitter,Lateral Rotation,92.85714286,"[92.8571, 92.8571, 92.8571]",3,True,3,train,3
11714737,E03_P03_AL_VLJ_GM.mp4,E03_P03_AL_VLJ_GM,65372161,E03,P03,L,LJ,M,left,low_jitter,Lateral Rotation,81.9047619,"[77.1429, 84.2857, 84.2857]",3,True,3,train,3
11714736,E03_P03_AL_VLL_GM.mp4,E03_P03_AL_VLL_GM,62780884,E03,P03,L,LL,M,left,low_light,Lateral Rotation,81.9047619,"[77.1429, 84.2857, 84.2857]",3,True,3,train,3
11708721,E03_P03_AL_VML_GM.mp4,E03_P03_AL_VML_GM,61118729,E03,P03,L,ML,M,left,medium_light,Lateral Rotation,78.0952381,"[68.5714, 82.8571, 82.8571]",3,True,3,train,3
11714757,E03_P03_AL_VO_GM.mp4,E03_P03_AL_VO_GM,81046792,E03,P03,L,O,M,left,occlusion,Lateral Rotation,97.61904762,"[100.0, 100.0, 92.8571]",3,True,3,train,3
11704686,E03_P03_AR_VFL_GM.mp4,E03_P03_AR_VFL_GM,9126764,E03,P03,R,FL,M,right,full_light,Lateral Rotation,64.28571429,"[64.2857, 64.2857, 64.2857]",3,True,3,train,3
11708777,E03_P03_AR_VHJ_GM.mp4,E03_P03_AR_VHJ_GM,60659508,E03,P03,R,HJ,M,right,high_jitter,Lateral Rotation,92.85714286,"[92.8571, 92.8571, 92.8571]",3,True,3,train,3
11708747,E03_P03_AR_VLJ_GM.mp4,E03_P03_AR_VLJ_GM,56835611,E03,P03,R,LJ,M,right,low_jitter,Lateral Rotation,81.9047619,"[77.1429, 84.2857, 84.2857]",3,True,3,train,3
11704795,E03_P03_AR_VLL_GM.mp4,E03_P03_AR_VLL_GM,19491973,E03,P03,R,LL,M,right,low_light,Lateral Rotation,73.33333333,"[68.5714, 75.7143, 75.7143]",3,True,3,train,3
11704797,E03_P03_AR_VML_GM.mp4,E03_P03_AR_VML_GM,13378140,E03,P03,R,ML,M,right,medium_light,Lateral Rotation,75.23809524,"[65.7143, 80.0, 80.0]",3,True,3,train,3
11705362,E03_P03_AR_VO_GM.mp4,E03_P03_AR_VO_GM,31909696,E03,P03,R,O,M,right,occlusion,Lateral Rotation,97.61904762,"[100.0, 100.0, 92.8571]",3,True,3,train,3
11704839,E03_P04_AF_VFL_GM.mp4,E03_P04_AF_VFL_GM,13186957,E03,P04,F,FL,M,front,full_light,Lateral Rotation,81.9047619,"[77.1429, 84.2857, 84.2857]",3,True,4,train,1
11704935,E03_P04_AF_VHJ_GM.mp4,E03_P04_AF_VHJ_GM,30221607,E03,P04,F,HJ,M,front,high_jitter,Lateral Rotation,77.14285714,"[62.8571, 84.2857, 84.2857]",3,True,4,train,1
11704922,E03_P04_AF_VLJ_GM.mp4,E03_P04_AF_VLJ_GM,28146707,E03,P04,F,LJ,M,front,low_jitter,Lateral Rotation,92.85714286,"[78.5714, 100.0, 100.0]",3,True,4,train,1
11708750,E03_P04_AF_VLL_GM.mp4,E03_P04_AF_VLL_GM,41788864,E03,P04,F,LL,M,front,low_light,Lateral Rotation,95.23809524,"[85.7143, 100.0, 100.0]",3,True,4,train,1
11704834,E03_P04_AF_VML_GM.mp4,E03_P04_AF_VML_GM,14796824,E03,P04,F,ML,M,front,medium_light,Lateral Rotation,95.23809524,"[85.7143, 100.0, 100.0]",3,True,4,train,1
11704854,E03_P04_AF_VO_GM.mp4,E03_P04_AF_VO_GM,15171175,E03,P04,F,O,M,front,occlusion,Lateral Rotation,78.57142857,"[78.5714, 78.5714, 78.5714]",3,True,4,train,1
11708749,E03_P04_AL_VFL_GM.mp4,E03_P04_AL_VFL_GM,58838422,E03,P04,L,FL,M,left,full_light,Lateral Rotation,97.61904762,"[92.8571, 100.0, 100.0]",3,True,4,train,1
11708791,E03_P04_AL_VHJ_GM.mp4,E03_P04_AL_VHJ_GM,56735493,E03,P04,L,HJ,M,left,high_jitter,Lateral Rotation,77.14285714,"[62.8571, 84.2857, 84.2857]",3,True,4,train,1
11708794,E03_P04_AL_VLJ_GM.mp4,E03_P04_AL_VLJ_GM,56373162,E03,P04,L,LJ,M,left,low_jitter,Lateral Rotation,77.14285714,"[62.8571, 84.2857, 84.2857]",3,True,4,train,1
11708798,E03_P04_AL_VLL_GM.mp4,E03_P04_AL_VLL_GM,61069768,E03,P04,L,LL,M,left,low_light,Lateral Rotation,79.52380952,"[70.0, 84.2857, 84.2857]",3,True,4,train,1
11708795,E03_P04_AL_VML_GM.mp4,E03_P04_AL_VML_GM,57664530,E03,P04,L,ML,M,left,medium_light,Lateral Rotation,79.52380952,"[70.0, 84.2857, 84.2857]",3,True,4,train,1
11714787,E03_P04_AL_VO_GM.mp4,E03_P04_AL_VO_GM,62034804,E03,P04,L,O,M,left,occlusion,Lateral Rotation,75.71428571,"[75.7143, 75.7143, 75.7143]",3,True,4,train,1
11704627,E03_P04_AR_VFL_GM.mp4,E03_P04_AR_VFL_GM,9184636,E03,P04,R,FL,M,right,full_light,Lateral Rotation,97.61904762,"[92.8571, 100.0, 100.0]",3,True,4,train,1
11708783,E03_P04_AR_VHJ_GM.mp4,E03_P04_AR_VHJ_GM,58919553,E03,P04,R,HJ,M,right,high_jitter,Lateral Rotation,77.14285714,"[62.8571, 84.2857, 84.2857]",3,True,4,train,1
11708768,E03_P04_AR_VLJ_GM.mp4,E03_P04_AR_VLJ_GM,54539059,E03,P04,R,LJ,M,right,low_jitter,Lateral Rotation,77.14285714,"[62.8571, 84.2857, 84.2857]",3,True,4,train,1
11704927,E03_P04_AR_VLL_GM.mp4,E03_P04_AR_VLL_GM,29747133,E03,P04,R,LL,M,right,low_light,Lateral Rotation,79.52380952,"[70.0, 84.2857, 84.2857]",3,True,4,train,1
11704699,E03_P04_AR_VML_GM.mp4,E03_P04_AR_VML_GM,9629780,E03,P04,R,ML,M,right,medium_light,Lateral Rotation,95.23809524,"[85.7143, 100.0, 100.0]",3,True,4,train,1
11704790,E03_P04_AR_VO_GM.mp4,E03_P04_AR_VO_GM,17551834,E03,P04,R,O,M,right,occlusion,Lateral Rotation,81.42857143,"[81.4286, 81.4286, 81.4286]",3,True,4,train,1
11704806,E03_P05_AF_VFL_GM.mp4,E03_P05_AF_VFL_GM,11915068,E03,P05,F,FL,M,front,full_light,Lateral Rotation,69.04761905,"[64.2857, 71.4286, 71.4286]",3,True,5,train,3
11704915,E03_P05_AF_VHJ_GM.mp4,E03_P05_AF_VHJ_GM,23635108,E03,P05,F,HJ,M,front,high_jitter,Lateral Rotation,69.04761905,"[64.2857, 71.4286, 71.4286]",3,True,5,train,3
11704923,E03_P05_AF_VLJ_GM.mp4,E03_P05_AF_VLJ_GM,24732297,E03,P05,F,LJ,M,front,low_jitter,Lateral Rotation,69.04761905,"[64.2857, 71.4286, 71.4286]",3,True,5,train,3
11705384,E03_P05_AF_VLL_GM.mp4,E03_P05_AF_VLL_GM,31501584,E03,P05,F,LL,M,front,low_light,Lateral Rotation,80.47619048,"[75.7143, 82.8571, 82.8571]",3,True,5,train,3
11704624,E03_P05_AF_VML_GM.mp4,E03_P05_AF_VML_GM,9660089,E03,P05,F,ML,M,front,medium_light,Lateral Rotation,69.04761905,"[64.2857, 71.4286, 71.4286]",3,True,5,train,3
11704878,E03_P05_AF_VO_GM.mp4,E03_P05_AF_VO_GM,12399595,E03,P05,F,O,M,front,occlusion,Lateral Rotation,71.42857143,"[71.4286, 71.4286, 71.4286]",3,True,5,train,3
11708780,E03_P05_AL_VFL_GM.mp4,E03_P05_AL_VFL_GM,58605537,E03,P05,L,FL,M,left,full_light,Lateral Rotation,69.04761905,"[64.2857, 71.4286, 71.4286]",3,True,5,train,3
11708765,E03_P05_AL_VHJ_GM.mp4,E03_P05_AL_VHJ_GM,46581599,E03,P05,L,HJ,M,left,high_jitter,Lateral Rotation,69.04761905,"[64.2857, 71.4286, 71.4286]",3,True,5,train,3
11708755,E03_P05_AL_VLJ_GM.mp4,E03_P05_AL_VLJ_GM,48899673,E03,P05,L,LJ,M,left,low_jitter,Lateral Rotation,74.76190476,"[70.0, 77.1429, 77.1429]",3,True,5,train,3
11708801,E03_P05_AL_VLL_GM.mp4,E03_P05_AL_VLL_GM,57847216,E03,P05,L,LL,M,left,low_light,Lateral Rotation,71.9047619,"[67.1429, 74.2857, 74.2857]",3,True,5,train,3
11708733,E03_P05_AL_VML_GM.mp4,E03_P05_AL_VML_GM,55683092,E03,P05,L,ML,M,left,medium_light,Lateral Rotation,69.04761905,"[64.2857, 71.4286, 71.4286]",3,True,5,train,3
11708728,E03_P05_AL_VO_GM.mp4,E03_P05_AL_VO_GM,48026995,E03,P05,L,O,M,left,occlusion,Lateral Rotation,71.42857143,"[71.4286, 71.4286, 71.4286]",3,True,5,train,3
11704625,E03_P05_AR_VFL_GM.mp4,E03_P05_AR_VFL_GM,8795173,E03,P05,R,FL,M,right,full_light,Lateral Rotation,69.04761905,"[64.2857, 71.4286, 71.4286]",3,True,5,train,3
11708760,E03_P05_AR_VHJ_GM.mp4,E03_P05_AR_VHJ_GM,49773075,E03,P05,R,HJ,M,right,high_jitter,Lateral Rotation,69.04761905,"[64.2857, 71.4286, 71.4286]",3,True,5,train,3
11705359,E03_P05_AR_VLJ_GM.mp4,E03_P05_AR_VLJ_GM,40075595,E03,P05,R,LJ,M,right,low_jitter,Lateral Rotation,74.76190476,"[70.0, 77.1429, 77.1429]",3,True,5,train,3
11704926,E03_P05_AR_VLL_GM.mp4,E03_P05_AR_VLL_GM,22640309,E03,P05,R,LL,M,right,low_light,Lateral Rotation,74.76190476,"[70.0, 77.1429, 77.1429]",3,True,5,train,3
11704826,E03_P05_AR_VML_GM.mp4,E03_P05_AR_VML_GM,10742937,E03,P05,R,ML,M,right,medium_light,Lateral Rotation,69.04761905,"[64.2857, 71.4286, 71.4286]",3,True,5,train,3
11704845,E03_P05_AR_VO_GM.mp4,E03_P05_AR_VO_GM,11724167,E03,P05,R,O,M,right,occlusion,Lateral Rotation,71.42857143,"[71.4286, 71.4286, 71.4286]",3,True,5,train,3
11704789,E03_P06_AF_VFL_GM.mp4,E03_P06_AF_VFL_GM,11044476,E03,P06,F,FL,M,front,full_light,Lateral Rotation,81.42857143,"[81.4286, 81.4286, 81.4286]",3,True,6,train,3
11705381,E03_P06_AF_VHJ_GM.mp4,E03_P06_AF_VHJ_GM,31109054,E03,P06,F,HJ,M,front,high_jitter,Lateral Rotation,84.28571429,"[84.2857, 84.2857, 84.2857]",3,True,6,train,3
11704938,E03_P06_AF_VLJ_GM.mp4,E03_P06_AF_VLJ_GM,29851377,E03,P06,F,LJ,M,front,low_jitter,Lateral Rotation,82.85714286,"[82.8571, 82.8571, 82.8571]",3,True,6,train,3
11708739,E03_P06_AF_VLL_GM.mp4,E03_P06_AF_VLL_GM,41521938,E03,P06,F,LL,M,front,low_light,Lateral Rotation,84.28571429,"[84.2857, 84.2857, 84.2857]",3,True,6,train,3
11704829,E03_P06_AF_VML_GM.mp4,E03_P06_AF_VML_GM,10351398,E03,P06,F,ML,M,front,medium_light,Lateral Rotation,97.61904762,"[92.8571, 100.0, 100.0]",3,True,6,train,3
11704847,E03_P06_AF_VO_GM.mp4,E03_P06_AF_VO_GM,12969610,E03,P06,F,O,M,front,occlusion,Lateral Rotation,77.61904762,"[72.8571, 80.0, 80.0]",3,True,6,train,3
11708763,E03_P06_AL_VFL_GM.mp4,E03_P06_AL_VFL_GM,60633250,E03,P06,L,FL,M,left,full_light,Lateral Rotation,81.42857143,"[81.4286, 81.4286, 81.4286]",3,True,6,train,3
11708752,E03_P06_AL_VHJ_GM.mp4,E03_P06_AL_VHJ_GM,55660395,E03,P06,L,HJ,M,left,high_jitter,Lateral Rotation,84.28571429,"[84.2857, 84.2857, 84.2857]",3,True,6,train,3
11708800,E03_P06_AL_VLJ_GM.mp4,E03_P06_AL_VLJ_GM,53358686,E03,P06,L,LJ,M,left,low_jitter,Lateral Rotation,84.28571429,"[84.2857, 84.2857, 84.2857]",3,True,6,train,3
11714782,E03_P06_AL_VLL_GM.mp4,E03_P06_AL_VLL_GM,63115899,E03,P06,L,LL,M,left,low_light,Lateral Rotation,84.28571429,"[84.2857, 84.2857, 84.2857]",3,True,6,train,3
11708722,E03_P06_AL_VML_GM.mp4,E03_P06_AL_VML_GM,57569793,E03,P06,L,ML,M,left,medium_light,Lateral Rotation,81.9047619,"[77.1429, 84.2857, 84.2857]",3,True,6,train,3
11708748,E03_P06_AL_VO_GM.mp4,E03_P06_AL_VO_GM,53794721,E03,P06,L,O,M,left,occlusion,Lateral Rotation,76.19047619,"[71.4286, 78.5714, 78.5714]",3,True,6,train,3
11704687,E03_P06_AR_VFL_GM.mp4,E03_P06_AR_VFL_GM,8603601,E03,P06,R,FL,M,right,full_light,Lateral Rotation,84.28571429,"[84.2857, 84.2857, 84.2857]",3,True,6,train,3
11708758,E03_P06_AR_VHJ_GM.mp4,E03_P06_AR_VHJ_GM,58909457,E03,P06,R,HJ,M,right,high_jitter,Lateral Rotation,84.28571429,"[84.2857, 84.2857, 84.2857]",3,True,6,train,3
11708734,E03_P06_AR_VLJ_GM.mp4,E03_P06_AR_VLJ_GM,47331921,E03,P06,R,LJ,M,right,low_jitter,Lateral Rotation,100.0,"[100.0, 100.0, 100.0]",3,True,6,train,3
11704785,E03_P06_AR_VLL_GM.mp4,E03_P06_AR_VLL_GM,19810301,E03,P06,R,LL,M,right,low_light,Lateral Rotation,84.28571429,"[84.2857, 84.2857, 84.2857]",3,True,6,train,3
11704798,E03_P06_AR_VML_GM.mp4,E03_P06_AR_VML_GM,10560896,E03,P06,R,ML,M,right,medium_light,Lateral Rotation,81.9047619,"[77.1429, 84.2857, 84.2857]",3,True,6,train,3
11704850,E03_P06_AR_VO_GM.mp4,E03_P06_AR_VO_GM,17777192,E03,P06,R,O,M,right,occlusion,Lateral Rotation,74.76190476,"[70.0, 77.1429, 77.1429]",3,True,6,train,3
11704837,E03_P07_AF_VFL_GM.mp4,E03_P07_AF_VFL_GM,15905467,E03,P07,F,FL,M,front,full_light,Lateral Rotation,76.19047619,"[71.4286, 78.5714, 78.5714]",3,True,7,train,0
11704920,E03_P07_AF_VHJ_GM.mp4,E03_P07_AF_VHJ_GM,29111601,E03,P07,F,HJ,M,front,high_jitter,Lateral Rotation,71.42857143,"[71.4286, 71.4286, 71.4286]",3,True,7,train,0
11704903,E03_P07_AF_VLJ_GM.mp4,E03_P07_AF_VLJ_GM,29323650,E03,P07,F,LJ,M,front,low_jitter,Lateral Rotation,66.66666667,"[57.1429, 71.4286, 71.4286]",3,True,7,train,0
11705372,E03_P07_AF_VLL_GM.mp4,E03_P07_AF_VLL_GM,34368766,E03,P07,F,LL,M,front,low_light,Lateral Rotation,74.28571429,"[74.2857, 74.2857, 74.2857]",3,True,7,train,0
11704855,E03_P07_AF_VML_GM.mp4,E03_P07_AF_VML_GM,12969419,E03,P07,F,ML,M,front,medium_light,Lateral Rotation,69.04761905,"[64.2857, 71.4286, 71.4286]",3,True,7,train,0
11704808,E03_P07_AF_VO_GM.mp4,E03_P07_AF_VO_GM,14090629,E03,P07,F,O,M,front,occlusion,Lateral Rotation,71.42857143,"[71.4286, 71.4286, 71.4286]",3,True,7,train,0
11714752,E03_P07_AL_VFL_GM.mp4,E03_P07_AL_VFL_GM,66554823,E03,P07,L,FL,M,left,full_light,Lateral Rotation,80.0,"[80.0, 80.0, 80.0]",3,True,7,train,0
11708720,E03_P07_AL_VHJ_GM.mp4,E03_P07_AL_VHJ_GM,58720556,E03,P07,L,HJ,M,left,high_jitter,Lateral Rotation,71.42857143,"[71.4286, 71.4286, 71.4286]",3,True,7,train,0
11708756,E03_P07_AL_VLJ_GM.mp4,E03_P07_AL_VLJ_GM,47406681,E03,P07,L,LJ,M,left,low_jitter,Lateral Rotation,66.66666667,"[57.1429, 71.4286, 71.4286]",3,True,7,train,0
11708774,E03_P07_AL_VLL_GM.mp4,E03_P07_AL_VLL_GM,52678691,E03,P07,L,LL,M,left,low_light,Lateral Rotation,74.28571429,"[74.2857, 74.2857, 74.2857]",3,True,7,train,0
11708725,E03_P07_AL_VML_GM.mp4,E03_P07_AL_VML_GM,60517120,E03,P07,L,ML,M,left,medium_light,Lateral Rotation,69.04761905,"[64.2857, 71.4286, 71.4286]",3,True,7,train,0
11708796,E03_P07_AL_VO_GM.mp4,E03_P07_AL_VO_GM,51891191,E03,P07,L,O,M,left,occlusion,Lateral Rotation,71.42857143,"[71.4286, 71.4286, 71.4286]",3,True,7,train,0
11704741,E03_P07_AR_VFL_GM.mp4,E03_P07_AR_VFL_GM,10138081,E03,P07,R,FL,M,right,full_light,Lateral Rotation,80.0,"[80.0, 80.0, 80.0]",3,True,7,train,0
11708751,E03_P07_AR_VHJ_GM.mp4,E03_P07_AR_VHJ_GM,59831189,E03,P07,R,HJ,M,right,high_jitter,Lateral Rotation,71.42857143,"[71.4286, 71.4286, 71.4286]",3,True,7,train,0
11708730,E03_P07_AR_VLJ_GM.mp4,E03_P07_AR_VLJ_GM,46088631,E03,P07,R,LJ,M,right,low_jitter,Lateral Rotation,66.66666667,"[57.1429, 71.4286, 71.4286]",3,True,7,train,0
11704811,E03_P07_AR_VLL_GM.mp4,E03_P07_AR_VLL_GM,19832185,E03,P07,R,LL,M,right,low_light,Lateral Rotation,74.28571429,"[74.2857, 74.2857, 74.2857]",3,True,7,train,0
11704714,E03_P07_AR_VML_GM.mp4,E03_P07_AR_VML_GM,9077058,E03,P07,R,ML,M,right,medium_light,Lateral Rotation,69.04761905,"[64.2857, 71.4286, 71.4286]",3,True,7,train,0
11704937,E03_P07_AR_VO_GM.mp4,E03_P07_AR_VO_GM,21797454,E03,P07,R,O,M,right,occlusion,Lateral Rotation,71.42857143,"[71.4286, 71.4286, 71.4286]",3,True,7,train,0
11704860,E03_P08_AF_VFL_GM.mp4,E03_P08_AF_VFL_GM,12615935,E03,P08,F,FL,M,front,full_light,Lateral Rotation,100.0,"[100.0, 100.0, 100.0]",3,True,8,val,1
11704902,E03_P08_AF_VHJ_GM.mp4,E03_P08_AF_VHJ_GM,27607512,E03,P08,F,HJ,M,front,high_jitter,Lateral Rotation,81.9047619,"[77.1429, 84.2857, 84.2857]",3,True,8,val,1
11704921,E03_P08_AF_VLJ_GM.mp4,E03_P08_AF_VLJ_GM,25390515,E03,P08,F,LJ,M,front,low_jitter,Lateral Rotation,82.85714286,"[82.8571, 82.8571, 82.8571]",3,True,8,val,1
11705375,E03_P08_AF_VLL_GM.mp4,E03_P08_AF_VLL_GM,34903733,E03,P08,F,LL,M,front,low_light,Lateral Rotation,84.28571429,"[84.2857, 84.2857, 84.2857]",3,True,8,val,1
11704691,E03_P08_AF_VML_GM.mp4,E03_P08_AF_VML_GM,8805588,E03,P08,F,ML,M,front,medium_light,Lateral Rotation,82.85714286,"[82.8571, 82.8571, 82.8571]",3,True,8,val,1
11704777,E03_P08_AF_VO_GM.mp4,E03_P08_AF_VO_GM,13620998,E03,P08,F,O,M,front,occlusion,Lateral Rotation,80.0,"[80.0, 80.0, 80.0]",3,True,8,val,1
11714766,E03_P08_AL_VFL_GM.mp4,E03_P08_AL_VFL_GM,68268781,E03,P08,L,FL,M,left,full_light,Lateral Rotation,84.28571429,"[84.2857, 84.2857, 84.2857]",3,True,8,val,1
11708799,E03_P08_AL_VHJ_GM.mp4,E03_P08_AL_VHJ_GM,56302151,E03,P08,L,HJ,M,left,high_jitter,Lateral Rotation,81.9047619,"[77.1429, 84.2857, 84.2857]",3,True,8,val,1
11708792,E03_P08_AL_VLJ_GM.mp4,E03_P08_AL_VLJ_GM,58401750,E03,P08,L,LJ,M,left,low_jitter,Lateral Rotation,84.28571429,"[84.2857, 84.2857, 84.2857]",3,True,8,val,1
11714749,E03_P08_AL_VLL_GM.mp4,E03_P08_AL_VLL_GM,64265816,E03,P08,L,LL,M,left,low_light,Lateral Rotation,84.28571429,"[84.2857, 84.2857, 84.2857]",3,True,8,val,1
11714767,E03_P08_AL_VML_GM.mp4,E03_P08_AL_VML_GM,62577600,E03,P08,L,ML,M,left,medium_light,Lateral Rotation,84.28571429,"[84.2857, 84.2857, 84.2857]",3,True,8,val,1
11714770,E03_P08_AL_VO_GM.mp4,E03_P08_AL_VO_GM,61449320,E03,P08,L,O,M,left,occlusion,Lateral Rotation,84.28571429,"[84.2857, 84.2857, 84.2857]",3,True,8,val,1
11704824,E03_P08_AR_VFL_GM.mp4,E03_P08_AR_VFL_GM,10995525,E03,P08,R,FL,M,right,full_light,Lateral Rotation,100.0,"[100.0, 100.0, 100.0]",3,True,8,val,1
11708726,E03_P08_AR_VHJ_GM.mp4,E03_P08_AR_VHJ_GM,57906511,E03,P08,R,HJ,M,right,high_jitter,Lateral Rotation,81.9047619,"[77.1429, 84.2857, 84.2857]",3,True,8,val,1
11708769,E03_P08_AR_VLJ_GM.mp4,E03_P08_AR_VLJ_GM,43649706,E03,P08,R,LJ,M,right,low_jitter,Lateral Rotation,84.28571429,"[84.2857, 84.2857, 84.2857]",3,True,8,val,1
11704848,E03_P08_AR_VLL_GM.mp4,E03_P08_AR_VLL_GM,11934271,E03,P08,R,LL,M,right,low_light,Lateral Rotation,84.28571429,"[84.2857, 84.2857, 84.2857]",3,True,8,val,1
11704818,E03_P08_AR_VML_GM.mp4,E03_P08_AR_VML_GM,11145350,E03,P08,R,ML,M,right,medium_light,Lateral Rotation,84.28571429,"[84.2857, 84.2857, 84.2857]",3,True,8,val,1
11704813,E03_P08_AR_VO_GM.mp4,E03_P08_AR_VO_GM,14124162,E03,P08,R,O,M,right,occlusion,Lateral Rotation,81.42857143,"[81.4286, 81.4286, 81.4286]",3,True,8,val,1
11704928,E03_P09_AF_VFL_GF.mp4,E03_P09_AF_VFL_GF,30951145,E03,P09,F,FL,F,front,full_light,Lateral Rotation,69.52380952,"[74.2857, 67.1429, 67.1429]",3,True,9,train,1
11705388,E03_P09_AF_VLL_GF.mp4,E03_P09_AF_VLL_GF,37523003,E03,P09,F,LL,F,front,low_light,Lateral Rotation,69.52380952,"[60.0, 74.2857, 74.2857]",3,True,9,train,1
11704782,E03_P09_AF_VML_GF.mp4,E03_P09_AF_VML_GF,18032953,E03,P09,F,ML,F,front,medium_light,Lateral Rotation,69.04761905,"[64.2857, 71.4286, 71.4286]",3,True,9,train,1
11704836,E03_P09_AF_VO_GF.mp4,E03_P09_AF_VO_GF,18467415,E03,P09,F,O,F,front,occlusion,Lateral Rotation,74.28571429,"[74.2857, 74.2857, 74.2857]",3,True,9,train,1
11714735,E03_P09_AL_VFL_GF.mp4,E03_P09_AL_VFL_GF,87153581,E03,P09,L,FL,F,left,full_light,Lateral Rotation,66.66666667,"[71.4286, 64.2857, 64.2857]",3,True,9,train,1
11708759,E03_P09_AL_VLL_GF.mp4,E03_P09_AL_VLL_GF,58001987,E03,P09,L,LL,F,left,low_light,Lateral Rotation,66.66666667,"[57.1429, 71.4286, 71.4286]",3,True,9,train,1
11714788,E03_P09_AL_VML_GF.mp4,E03_P09_AL_VML_GF,63772921,E03,P09,L,ML,F,left,medium_light,Lateral Rotation,70.47619048,"[65.7143, 72.8571, 72.8571]",3,True,9,train,1
11708775,E03_P09_AL_VO_GF.mp4,E03_P09_AL_VO_GF,52179961,E03,P09,L,O,F,left,occlusion,Lateral Rotation,71.42857143,"[71.4286, 71.4286, 71.4286]",3,True,9,train,1
11704810,E03_P09_AR_VFL_GF.mp4,E03_P09_AR_VFL_GF,14524306,E03,P09,R,FL,F,right,full_light,Lateral Rotation,66.66666667,"[71.4286, 64.2857, 64.2857]",3,True,9,train,1
11704821,E03_P09_AR_VLL_GF.mp4,E03_P09_AR_VLL_GF,11041607,E03,P09,R,LL,F,right,low_light,Lateral Rotation,73.80952381,"[64.2857, 78.5714, 78.5714]",3,True,9,train,1
11704619,E03_P09_AR_VML_GF.mp4,E03_P09_AR_VML_GF,9578280,E03,P09,R,ML,F,right,medium_light,Lateral Rotation,70.47619048,"[65.7143, 72.8571, 72.8571]",3,True,9,train,1
11705386,E03_P09_AR_VO_GF.mp4,E03_P09_AR_VO_GF,31499360,E03,P09,R,O,F,right,occlusion,Lateral Rotation,78.57142857,"[78.5714, 78.5714, 78.5714]",3,True,9,train,1
11704940,E03_P10_AF_VFL_GF.mp4,E03_P10_AF_VFL_GF,23711911,E03,P10,F,FL,F,front,full_light,Lateral Rotation,81.42857143,"[81.4286, 81.4286, 81.4286]",3,True,10,train,0
11708784,E03_P10_AF_VLL_GF.mp4,E03_P10_AF_VLL_GF,54318544,E03,P10,F,LL,F,front,low_light,Lateral Rotation,81.42857143,"[81.4286, 81.4286, 81.4286]",3,True,10,train,0
11704859,E03_P10_AF_VML_GF.mp4,E03_P10_AF_VML_GF,11041120,E03,P10,F,ML,F,front,medium_light,Lateral Rotation,74.28571429,"[74.2857, 74.2857, 74.2857]",3,True,10,train,0
11704830,E03_P10_AF_VO_GF.mp4,E03_P10_AF_VO_GF,14540636,E03,P10,F,O,F,front,occlusion,Lateral Rotation,100.0,"[100.0, 100.0, 100.0]",3,True,10,train,0
11714739,E03_P10_AL_VFL_GF.mp4,E03_P10_AL_VFL_GF,76407505,E03,P10,L,FL,F,left,full_light,Lateral Rotation,81.42857143,"[81.4286, 81.4286, 81.4286]",3,True,10,train,0
11714768,E03_P10_AL_VLL_GF.mp4,E03_P10_AL_VLL_GF,68677203,E03,P10,L,LL,F,left,low_light,Lateral Rotation,84.28571429,"[84.2857, 84.2857, 84.2857]",3,True,10,train,0
11714780,E03_P10_AL_VML_GF.mp4,E03_P10_AL_VML_GF,66745630,E03,P10,L,ML,F,left,medium_light,Lateral Rotation,77.14285714,"[77.1429, 77.1429, 77.1429]",3,True,10,train,0
11708719,E03_P10_AL_VO_GF.mp4,E03_P10_AL_VO_GF,60056288,E03,P10,L,O,F,left,occlusion,Lateral Rotation,84.28571429,"[84.2857, 84.2857, 84.2857]",3,True,10,train,0
11704883,E03_P10_AR_VFL_GF.mp4,E03_P10_AR_VFL_GF,11884841,E03,P10,R,FL,F,right,full_light,Lateral Rotation,82.85714286,"[82.8571, 82.8571, 82.8571]",3,True,10,train,0
11704884,E03_P10_AR_VLL_GF.mp4,E03_P10_AR_VLL_GF,19071922,E03,P10,R,LL,F,right,low_light,Lateral Rotation,84.28571429,"[84.2857, 84.2857, 84.2857]",3,True,10,train,0
11704752,E03_P10_AR_VML_GF.mp4,E03_P10_AR_VML_GF,9718402,E03,P10,R,ML,F,right,medium_light,Lateral Rotation,71.42857143,"[71.4286, 71.4286, 71.4286]",3,True,10,train,0
11704911,E03_P10_AR_VO_GF.mp4,E03_P10_AR_VO_GF,30043832,E03,P10,R,O,F,right,occlusion,Lateral Rotation,84.28571429,"[84.2857, 84.2857, 84.2857]",3,True,10,train,0
11704909,E03_P11_AF_VFL_GF.mp4,E03_P11_AF_VFL_GF,26254819,E03,P11,F,FL,F,front,full_light,Lateral Rotation,69.04761905,"[64.2857, 71.4286, 71.4286]",3,True,11,test,-1
11714756,E03_P11_AF_VLL_GF.mp4,E03_P11_AF_VLL_GF,71336727,E03,P11,F,LL,F,front,low_light,Lateral Rotation,69.04761905,"[71.4286, 71.4286, 64.2857]",3,True,11,test,-1
11704912,E03_P11_AF_VML_GF.mp4,E03_P11_AF_VML_GF,25514719,E03,P11,F,ML,F,front,medium_light,Lateral Rotation,71.42857143,"[71.4286, 71.4286, 71.4286]",3,True,11,test,-1
11704901,E03_P11_AF_VO_GF.mp4,E03_P11_AF_VO_GF,25836018,E03,P11,F,O,F,front,occlusion,Lateral Rotation,66.66666667,"[71.4286, 71.4286, 57.1429]",3,True,11,test,-1
11714786,E03_P11_AL_VFL_GF.mp4,E03_P11_AL_VFL_GF,73003240,E03,P11,L,FL,F,left,full_light,Lateral Rotation,69.04761905,"[64.2857, 71.4286, 71.4286]",3,True,11,test,-1
11714755,E03_P11_AL_VLL_GF.mp4,E03_P11_AL_VLL_GF,68992295,E03,P11,L,LL,F,left,low_light,Lateral Rotation,69.04761905,"[71.4286, 71.4286, 64.2857]",3,True,11,test,-1
11714779,E03_P11_AL_VML_GF.mp4,E03_P11_AL_VML_GF,66718163,E03,P11,L,ML,F,left,medium_light,Lateral Rotation,71.42857143,"[71.4286, 71.4286, 71.4286]",3,True,11,test,-1
11714769,E03_P11_AL_VO_GF.mp4,E03_P11_AL_VO_GF,65180158,E03,P11,L,O,F,left,occlusion,Lateral Rotation,66.66666667,"[71.4286, 71.4286, 57.1429]",3,True,11,test,-1
11704623,E03_P11_AR_VFL_GF.mp4,E03_P11_AR_VFL_GF,9848782,E03,P11,R,FL,F,right,full_light,Lateral Rotation,69.04761905,"[64.2857, 71.4286, 71.4286]",3,True,11,test,-1
11704775,E03_P11_AR_VLL_GF.mp4,E03_P11_AR_VLL_GF,12830969,E03,P11,R,LL,F,right,low_light,Lateral Rotation,69.04761905,"[71.4286, 71.4286, 64.2857]",3,True,11,test,-1
11704767,E03_P11_AR_VML_GF.mp4,E03_P11_AR_VML_GF,8979407,E03,P11,R,ML,F,right,medium_light,Lateral Rotation,71.42857143,"[71.4286, 71.4286, 71.4286]",3,True,11,test,-1
11704862,E03_P11_AR_VO_GF.mp4,E03_P11_AR_VO_GF,15979801,E03,P11,R,O,F,right,occlusion,Lateral Rotation,66.66666667,"[71.4286, 71.4286, 57.1429]",3,True,11,test,-1
11704899,E03_P12_AF_VFL_GF.mp4,E03_P12_AF_VFL_GF,28082554,E03,P12,F,FL,F,front,full_light,Lateral Rotation,71.9047619,"[74.2857, 74.2857, 67.1429]",3,True,12,train,2
11714772,E03_P12_AF_VLL_GF.mp4,E03_P12_AF_VLL_GF,65593761,E03,P12,F,LL,F,front,low_light,Lateral Rotation,97.61904762,"[100.0, 100.0, 92.8571]",3,True,12,train,2
11704931,E03_P12_AF_VML_GF.mp4,E03_P12_AF_VML_GF,24729350,E03,P12,F,ML,F,front,medium_light,Lateral Rotation,74.76190476,"[77.1429, 77.1429, 70.0]",3,True,12,train,2
11704919,E03_P12_AF_VO_GF.mp4,E03_P12_AF_VO_GF,25866446,E03,P12,F,O,F,front,occlusion,Lateral Rotation,78.0952381,"[82.8571, 82.8571, 68.5714]",3,True,12,train,2
11714747,E03_P12_AL_VFL_GF.mp4,E03_P12_AL_VFL_GF,74562228,E03,P12,L,FL,F,left,full_light,Lateral Rotation,73.33333333,"[75.7143, 75.7143, 68.5714]",3,True,12,train,2
11714760,E03_P12_AL_VLL_GF.mp4,E03_P12_AL_VLL_GF,63770260,E03,P12,L,LL,F,left,low_light,Lateral Rotation,97.61904762,"[100.0, 100.0, 92.8571]",3,True,12,train,2
11714758,E03_P12_AL_VML_GF.mp4,E03_P12_AL_VML_GF,66588842,E03,P12,L,ML,F,left,medium_light,Lateral Rotation,76.19047619,"[78.5714, 78.5714, 71.4286]",3,True,12,train,2
11714774,E03_P12_AL_VO_GF.mp4,E03_P12_AL_VO_GF,66568143,E03,P12,L,O,F,left,occlusion,Lateral Rotation,78.0952381,"[82.8571, 82.8571, 68.5714]",3,True,12,train,2
11704861,E03_P12_AR_VFL_GF.mp4,E03_P12_AR_VFL_GF,10240614,E03,P12,R,FL,F,right,full_light,Lateral Rotation,73.33333333,"[75.7143, 75.7143, 68.5714]",3,True,12,train,2
11704914,E03_P12_AR_VLL_GF.mp4,E03_P12_AR_VLL_GF,24180712,E03,P12,R,LL,F,right,low_light,Lateral Rotation,97.61904762,"[100.0, 100.0, 92.8571]",3,True,12,train,2
11704716,E03_P12_AR_VML_GF.mp4,E03_P12_AR_VML_GF,9812702,E03,P12,R,ML,F,right,medium_light,Lateral Rotation,81.9047619,"[84.2857, 84.2857, 77.1429]",3,True,12,train,2
11704885,E03_P12_AR_VO_GF.mp4,E03_P12_AR_VO_GF,15018947,E03,P12,R,O,F,right,occlusion,Lateral Rotation,78.0952381,"[82.8571, 82.8571, 68.5714]",3,True,12,train,2
11705373,E03_P13_AF_VFL_GF.mp4,E03_P13_AF_VFL_GF,40712884,E03,P13,F,FL,F,front,full_light,Lateral Rotation,81.9047619,"[84.2857, 84.2857, 77.1429]",3,True,13,train,2
11705357,E03_P13_AF_VHJ_GF.mp4,E03_P13_AF_VHJ_GF,36453007,E03,P13,F,HJ,F,front,high_jitter,Lateral Rotation,70.95238095,"[75.7143, 75.7143, 61.4286]",3,True,13,train,2
11704941,E03_P13_AF_VLJ_GF.mp4,E03_P13_AF_VLJ_GF,23449726,E03,P13,F,LJ,F,front,low_jitter,Lateral Rotation,79.52380952,"[84.2857, 84.2857, 70.0]",3,True,13,train,2
11705360,E03_P13_AF_VLL_GF.mp4,E03_P13_AF_VLL_GF,31477394,E03,P13,F,LL,F,front,low_light,Lateral Rotation,97.61904762,"[100.0, 100.0, 92.8571]",3,True,13,train,2
11705392,E03_P13_AF_VML_GF.mp4,E03_P13_AF_VML_GF,33863680,E03,P13,F,ML,F,front,medium_light,Lateral Rotation,73.80952381,"[71.4286, 78.5714, 71.4286]",3,True,13,train,2
11704898,E03_P13_AF_VO_GF.mp4,E03_P13_AF_VO_GF,22596228,E03,P13,F,O,F,front,occlusion,Lateral Rotation,81.42857143,"[81.4286, 81.4286, 81.4286]",3,True,13,train,2
11714781,E03_P13_AL_VFL_GF.mp4,E03_P13_AL_VFL_GF,96675310,E03,P13,L,FL,F,left,full_light,Lateral Rotation,81.9047619,"[84.2857, 84.2857, 77.1429]",3,True,13,train,2
11714759,E03_P13_AL_VHJ_GF.mp4,E03_P13_AL_VHJ_GF,70062189,E03,P13,L,HJ,F,left,high_jitter,Lateral Rotation,75.23809524,"[80.0, 80.0, 65.7143]",3,True,13,train,2
11708743,E03_P13_AL_VLJ_GF.mp4,E03_P13_AL_VLJ_GF,59636367,E03,P13,L,LJ,F,left,low_jitter,Lateral Rotation,79.52380952,"[84.2857, 84.2857, 70.0]",3,True,13,train,2
11714742,E03_P13_AL_VLL_GF.mp4,E03_P13_AL_VLL_GF,70464258,E03,P13,L,LL,F,left,low_light,Lateral Rotation,81.9047619,"[84.2857, 84.2857, 77.1429]",3,True,13,train,2
11714738,E03_P13_AL_VML_GF.mp4,E03_P13_AL_VML_GF,78267117,E03,P13,L,ML,F,left,medium_light,Lateral Rotation,78.0952381,"[75.7143, 82.8571, 75.7143]",3,True,13,train,2
11714740,E03_P13_AL_VO_GF.mp4,E03_P13_AL_VO_GF,69556184,E03,P13,L,O,F,left,occlusion,Lateral Rotation,82.85714286,"[82.8571, 82.8571, 82.8571]",3,True,13,train,2
11705379,E03_P13_AR_VFL_GF.mp4,E03_P13_AR_VFL_GF,35595515,E03,P13,R,FL,F,right,full_light,Lateral Rotation,81.9047619,"[84.2857, 84.2857, 77.1429]",3,True,13,train,2
11714745,E03_P13_AR_VHJ_GF.mp4,E03_P13_AR_VHJ_GF,85562157,E03,P13,R,HJ,F,right,high_jitter,Lateral Rotation,75.23809524,"[80.0, 80.0, 65.7143]",3,True,13,train,2
11705391,E03_P13_AR_VLJ_GF.mp4,E03_P13_AR_VLJ_GF,33801189,E03,P13,R,LJ,F,right,low_jitter,Lateral Rotation,95.23809524,"[100.0, 100.0, 85.7143]",3,True,13,train,2
11714765,E03_P13_AR_VLL_GF.mp4,E03_P13_AR_VLL_GF,71115933,E03,P13,R,LL,F,right,low_light,Lateral Rotation,81.9047619,"[84.2857, 84.2857, 77.1429]",3,True,13,train,2
11708757,E03_P13_AR_VML_GF.mp4,E03_P13_AR_VML_GF,45222687,E03,P13,R,ML,F,right,medium_light,Lateral Rotation,72.38095238,"[70.0, 77.1429, 70.0]",3,True,13,train,2
11704869,E03_P13_AR_VO_GF.mp4,E03_P13_AR_VO_GF,19586400,E03,P13,R,O,F,right,occlusion,Lateral Rotation,82.85714286,"[82.8571, 82.8571, 82.8571]",3,True,13,train,2
11705369,E03_P14_AF_VFL_GF.mp4,E03_P14_AF_VFL_GF,36101833,E03,P14,F,FL,F,front,full_light,Lateral Rotation,68.57142857,"[68.5714, 75.7143, 61.4286]",3,True,14,train,4
11704925,E03_P14_AF_VLJ_GF.mp4,E03_P14_AF_VLJ_GF,26852618,E03,P14,F,LJ,F,front,low_jitter,Lateral Rotation,71.42857143,"[71.4286, 71.4286, 71.4286]",3,True,14,train,4
11714773,E03_P14_AF_VLL_GF.mp4,E03_P14_AF_VLL_GF,73463506,E03,P14,F,LL,F,front,low_light,Lateral Rotation,66.66666667,"[64.2857, 71.4286, 64.2857]",3,True,14,train,4
11705370,E03_P14_AF_VML_GF.mp4,E03_P14_AF_VML_GF,35452652,E03,P14,F,ML,F,front,medium_light,Lateral Rotation,66.66666667,"[64.2857, 64.2857, 71.4286]",3,True,14,train,4
11714761,E03_P14_AL_VFL_GF.mp4,E03_P14_AL_VFL_GF,76118924,E03,P14,L,FL,F,left,full_light,Lateral Rotation,71.42857143,"[71.4286, 78.5714, 64.2857]",3,True,14,train,4
11714784,E03_P14_AL_VLJ_GF.mp4,E03_P14_AL_VLJ_GF,70858162,E03,P14,L,LJ,F,left,low_jitter,Lateral Rotation,71.42857143,"[71.4286, 71.4286, 71.4286]",3,True,14,train,4
11714741,E03_P14_AL_VLL_GF.mp4,E03_P14_AL_VLL_GF,73668927,E03,P14,L,LL,F,left,low_light,Lateral Rotation,66.66666667,"[64.2857, 71.4286, 64.2857]",3,True,14,train,4
11714785,E03_P14_AL_VML_GF.mp4,E03_P14_AL_VML_GF,80319826,E03,P14,L,ML,F,left,medium_light,Lateral Rotation,66.66666667,"[64.2857, 64.2857, 71.4286]",3,True,14,train,4
11704894,E03_P14_AR_VFL_GF.mp4,E03_P14_AR_VFL_GF,21338926,E03,P14,R,FL,F,right,full_light,Lateral Rotation,68.57142857,"[68.5714, 75.7143, 61.4286]",3,True,14,train,4
11704936,E03_P14_AR_VLJ_GF.mp4,E03_P14_AR_VLJ_GF,30302594,E03,P14,R,LJ,F,right,low_jitter,Lateral Rotation,71.42857143,"[71.4286, 71.4286, 71.4286]",3,True,14,train,4
11714764,E03_P14_AR_VLL_GF.mp4,E03_P14_AR_VLL_GF,75736619,E03,P14,R,LL,F,right,low_light,Lateral Rotation,66.66666667,"[64.2857, 71.4286, 64.2857]",3,True,14,train,4
11708776,E03_P14_AR_VML_GF.mp4,E03_P14_AR_VML_GF,47570300,E03,P14,R,ML,F,right,medium_light,Lateral Rotation,66.66666667,"[64.2857, 64.2857, 71.4286]",3,True,14,train,4
11704835,E03_P15_AF_VFL_GF.mp4,E03_P15_AF_VFL_GF,19113310,E03,P15,F,FL,F,front,full_light,Lateral Rotation,97.61904762,"[100.0, 100.0, 92.8571]",3,True,15,train,1
11704871,E03_P15_AF_VLJ_GF.mp4,E03_P15_AF_VLJ_GF,18714833,E03,P15,F,LJ,F,front,low_jitter,Lateral Rotation,84.28571429,"[84.2857, 84.2857, 84.2857]",3,True,15,train,1
11708742,E03_P15_AF_VLL_GF.mp4,E03_P15_AF_VLL_GF,50637589,E03,P15,F,LL,F,front,low_light,Lateral Rotation,81.9047619,"[84.2857, 84.2857, 77.1429]",3,True,15,train,1
11704831,E03_P15_AF_VML_GF.mp4,E03_P15_AF_VML_GF,20205571,E03,P15,F,ML,F,front,medium_light,Lateral Rotation,78.0952381,"[75.7143, 82.8571, 75.7143]",3,True,15,train,1
11714751,E03_P15_AL_VFL_GF.mp4,E03_P15_AL_VFL_GF,66964440,E03,P15,L,FL,F,left,full_light,Lateral Rotation,81.9047619,"[84.2857, 84.2857, 77.1429]",3,True,15,train,1
11714744,E03_P15_AL_VLJ_GF.mp4,E03_P15_AL_VLJ_GF,61732354,E03,P15,L,LJ,F,left,low_jitter,Lateral Rotation,84.28571429,"[84.2857, 84.2857, 84.2857]",3,True,15,train,1
11708764,E03_P15_AL_VLL_GF.mp4,E03_P15_AL_VLL_GF,59857319,E03,P15,L,LL,F,left,low_light,Lateral Rotation,81.9047619,"[84.2857, 84.2857, 77.1429]",3,True,15,train,1
11714753,E03_P15_AL_VML_GF.mp4,E03_P15_AL_VML_GF,63273293,E03,P15,L,ML,F,left,medium_light,Lateral Rotation,78.0952381,"[75.7143, 82.8571, 75.7143]",3,True,15,train,1
11704849,E03_P15_AR_VFL_GF.mp4,E03_P15_AR_VFL_GF,13098832,E03,P15,R,FL,F,right,full_light,Lateral Rotation,81.9047619,"[84.2857, 84.2857, 77.1429]",3,True,15,train,1
11704924,E03_P15_AR_VLJ_GF.mp4,E03_P15_AR_VLJ_GF,26433215,E03,P15,R,LJ,F,right,low_jitter,Lateral Rotation,84.28571429,"[84.2857, 84.2857, 84.2857]",3,True,15,train,1
11708802,E03_P15_AR_VLL_GF.mp4,E03_P15_AR_VLL_GF,58511736,E03,P15,R,LL,F,right,low_light,Lateral Rotation,81.9047619,"[84.2857, 84.2857, 77.1429]",3,True,15,train,1
11704904,E03_P15_AR_VML_GF.mp4,E03_P15_AR_VML_GF,26713696,E03,P15,R,ML,F,right,medium_light,Lateral Rotation,79.52380952,"[77.1429, 84.2857, 77.1429]",3,True,15,train,1
11705389,E03_P16_AF_VFL_GF.mp4,E03_P16_AF_VFL_GF,31149339,E03,P16,F,FL,F,front,full_light,Lateral Rotation,75.23809524,"[80.0, 72.8571, 72.8571]",3,True,16,val,0
11708718,E03_P16_AF_VHJ_GF.mp4,E03_P16_AF_VHJ_GF,46599602,E03,P16,F,HJ,F,front,high_jitter,Lateral Rotation,95.23809524,"[100.0, 92.8571, 92.8571]",3,True,16,val,0
11705366,E03_P16_AF_VLJ_GF.mp4,E03_P16_AF_VLJ_GF,33553603,E03,P16,F,LJ,F,front,low_jitter,Lateral Rotation,79.52380952,"[84.2857, 77.1429, 77.1429]",3,True,16,val,0
11714763,E03_P16_AF_VLL_GF.mp4,E03_P16_AF_VLL_GF,68652033,E03,P16,F,LL,F,front,low_light,Lateral Rotation,95.23809524,"[100.0, 92.8571, 92.8571]",3,True,16,val,0
11708738,E03_P16_AF_VML_GF.mp4,E03_P16_AF_VML_GF,51839168,E03,P16,F,ML,F,front,medium_light,Lateral Rotation,73.33333333,"[75.7143, 68.5714, 75.7143]",3,True,16,val,0
11704932,E03_P16_AF_VO_GF.mp4,E03_P16_AF_VO_GF,24264542,E03,P16,F,O,F,front,occlusion,Lateral Rotation,95.23809524,"[92.8571, 100.0, 92.8571]",3,True,16,val,0
11714776,E03_P16_AL_VFL_GF.mp4,E03_P16_AL_VFL_GF,90874383,E03,P16,L,FL,F,left,full_light,Lateral Rotation,79.52380952,"[84.2857, 77.1429, 77.1429]",3,True,16,val,0
11714750,E03_P16_AL_VHJ_GF.mp4,E03_P16_AL_VHJ_GF,79980059,E03,P16,L,HJ,F,left,high_jitter,Lateral Rotation,79.52380952,"[84.2857, 77.1429, 77.1429]",3,True,16,val,0
11714783,E03_P16_AL_VLJ_GF.mp4,E03_P16_AL_VLJ_GF,81595952,E03,P16,L,LJ,F,left,low_jitter,Lateral Rotation,79.52380952,"[84.2857, 77.1429, 77.1429]",3,True,16,val,0
11714771,E03_P16_AL_VLL_GF.mp4,E03_P16_AL_VLL_GF,68838875,E03,P16,L,LL,F,left,low_light,Lateral Rotation,78.0952381,"[82.8571, 75.7143, 75.7143]",3,True,16,val,0
11714754,E03_P16_AL_VML_GF.mp4,E03_P16_AL_VML_GF,81031528,E03,P16,L,ML,F,left,medium_light,Lateral Rotation,73.33333333,"[75.7143, 68.5714, 75.7143]",3,True,16,val,0
11714778,E03_P16_AL_VO_GF.mp4,E03_P16_AL_VO_GF,84354330,E03,P16,L,O,F,left,occlusion,Lateral Rotation,79.52380952,"[77.1429, 84.2857, 77.1429]",3,True,16,val,0
11704917,E03_P16_AR_VFL_GF.mp4,E03_P16_AR_VFL_GF,24807155,E03,P16,R,FL,F,right,full_light,Lateral Rotation,76.66666667,"[81.4286, 74.2857, 74.2857]",3,True,16,val,0
11714777,E03_P16_AR_VHJ_GF.mp4,E03_P16_AR_VHJ_GF,96433607,E03,P16,R,HJ,F,right,high_jitter,Lateral Rotation,79.52380952,"[84.2857, 77.1429, 77.1429]",3,True,16,val,0
11720500,E03_P16_AR_VLJ_GF.mp4,E03_P16_AR_VLJ_GF,62651293,E03,P16,R,LJ,F,right,low_jitter,Lateral Rotation,79.52380952,"[84.2857, 77.1429, 77.1429]",3,True,16,val,0
11720501,E03_P16_AR_VLL_GF.mp4,E03_P16_AR_VLL_GF,72955056,E03,P16,R,LL,F,right,low_light,Lateral Rotation,79.52380952,"[84.2857, 77.1429, 77.1429]",3,True,16,val,0
11708731,E03_P16_AR_VML_GF.mp4,E03_P16_AR_VML_GF,56251336,E03,P16,R,ML,F,right,medium_light,Lateral Rotation,73.33333333,"[75.7143, 68.5714, 75.7143]",3,True,16,val,0
11704897,E03_P16_AR_VO_GF.mp4,E03_P16_AR_VO_GF,23554337,E03,P16,R,O,F,right,occlusion,Lateral Rotation,79.52380952,"[77.1429, 84.2857, 77.1429]",3,True,16,val,0
11704817,E03_P17_AF_VFL_GM.mp4,E03_P17_AF_VFL_GM,20125073,E03,P17,F,FL,M,front,full_light,Lateral Rotation,69.04761905,"[71.4286, 71.4286, 64.2857]",3,True,17,test,-1
11705353,E03_P17_AF_VHJ_GM.mp4,E03_P17_AF_VHJ_GM,38251125,E03,P17,F,HJ,M,front,high_jitter,Lateral Rotation,95.23809524,"[92.8571, 100.0, 92.8571]",3,True,17,test,-1
11708729,E03_P17_AF_VLJ_GM.mp4,E03_P17_AF_VLJ_GM,41743941,E03,P17,F,LJ,M,front,low_jitter,Lateral Rotation,74.76190476,"[77.1429, 77.1429, 70.0]",3,True,17,test,-1
11708793,E03_P17_AF_VLL_GM.mp4,E03_P17_AF_VLL_GM,55249481,E03,P17,F,LL,M,front,low_light,Lateral Rotation,73.80952381,"[71.4286, 78.5714, 71.4286]",3,True,17,test,-1
11704933,E03_P17_AF_VML_GM.mp4,E03_P17_AF_VML_GM,30007367,E03,P17,F,ML,M,front,medium_light,Lateral Rotation,69.04761905,"[71.4286, 71.4286, 64.2857]",3,True,17,test,-1
11704929,E03_P17_AF_VO_GM.mp4,E03_P17_AF_VO_GM,25141534,E03,P17,F,O,M,front,occlusion,Lateral Rotation,74.76190476,"[77.1429, 77.1429, 70.0]",3,True,17,test,-1
11720504,E03_P17_AL_VFL_GM.mp4,E03_P17_AL_VFL_GM,101008658,E03,P17,L,FL,M,left,full_light,Lateral Rotation,67.61904762,"[70.0, 70.0, 62.8571]",3,True,17,test,-1
11720505,E03_P17_AL_VHJ_GM.mp4,E03_P17_AL_VHJ_GM,64089455,E03,P17,L,HJ,M,left,high_jitter,Lateral Rotation,79.52380952,"[77.1429, 84.2857, 77.1429]",3,True,17,test,-1
11720503,E03_P17_AL_VLJ_GM.mp4,E03_P17_AL_VLJ_GM,71938659,E03,P17,L,LJ,M,left,low_jitter,Lateral Rotation,74.76190476,"[77.1429, 77.1429, 70.0]",3,True,17,test,-1
11720502,E03_P17_AL_VLL_GM.mp4,E03_P17_AL_VLL_GM,68960131,E03,P17,L,LL,M,left,low_light,Lateral Rotation,78.0952381,"[75.7143, 82.8571, 75.7143]",3,True,17,test,-1
11731707,E03_P17_AL_VML_GM.mp4,E03_P17_AL_VML_GM,71722607,E03,P17,L,ML,M,left,medium_light,Lateral Rotation,69.04761905,"[71.4286, 71.4286, 64.2857]",3,True,17,test,-1
11731705,E03_P17_AL_VO_GM.mp4,E03_P17_AL_VO_GM,63089830,E03,P17,L,O,M,left,occlusion,Lateral Rotation,74.76190476,"[77.1429, 77.1429, 70.0]",3,True,17,test,-1
11704788,E03_P17_AR_VFL_GM.mp4,E03_P17_AR_VFL_GM,14222671,E03,P17,R,FL,M,right,full_light,Lateral Rotation,66.19047619,"[68.5714, 68.5714, 61.4286]",3,True,17,test,-1
11731706,E03_P17_AR_VHJ_GM.mp4,E03_P17_AR_VHJ_GM,65559541,E03,P17,R,HJ,M,right,high_jitter,Lateral Rotation,95.23809524,"[92.8571, 100.0, 92.8571]",3,True,17,test,-1
11731704,E03_P17_AR_VLJ_GM.mp4,E03_P17_AR_VLJ_GM,62074653,E03,P17,R,LJ,M,right,low_jitter,Lateral Rotation,74.76190476,"[77.1429, 77.1429, 70.0]",3,True,17,test,-1
11704874,E03_P17_AR_VML_GM.mp4,E03_P17_AR_VML_GM,11262518,E03,P17,R,ML,M,right,medium_light,Lateral Rotation,69.04761905,"[71.4286, 71.4286, 64.2857]",3,True,17,test,-1
11731673,E03_P17_AR_VO_GM.mp4,E03_P17_AR_VO_GM,248049195,E03,P17,R,O,M,right,occlusion,Lateral Rotation,74.76190476,"[77.1429, 77.1429, 70.0]",3,True,17,test,-1
11704784,E03_P18_AF_VFL_GM.mp4,E03_P18_AF_VFL_GM,15588397,E03,P18,F,FL,M,front,full_light,Lateral Rotation,69.52380952,"[74.2857, 67.1429, 67.1429]",3,True,18,test,-1
11705380,E03_P18_AF_VHJ_GM.mp4,E03_P18_AF_VHJ_GM,32674861,E03,P18,F,HJ,M,front,high_jitter,Lateral Rotation,66.66666667,"[71.4286, 64.2857, 64.2857]",3,True,18,test,-1
11705355,E03_P18_AF_VLJ_GM.mp4,E03_P18_AF_VLJ_GM,38529799,E03,P18,F,LJ,M,front,low_jitter,Lateral Rotation,69.04761905,"[71.4286, 71.4286, 64.2857]",3,True,18,test,-1
11708786,E03_P18_AF_VLL_GM.mp4,E03_P18_AF_VLL_GM,52755610,E03,P18,F,LL,M,front,low_light,Lateral Rotation,71.9047619,"[74.2857, 74.2857, 67.1429]",3,True,18,test,-1
11704906,E03_P18_AF_VML_GM.mp4,E03_P18_AF_VML_GM,21457447,E03,P18,F,ML,M,front,medium_light,Lateral Rotation,74.28571429,"[67.1429, 81.4286, 74.2857]",3,True,18,test,-1
11704868,E03_P18_AF_VO_GM.mp4,E03_P18_AF_VO_GM,16645712,E03,P18,F,O,M,front,occlusion,Lateral Rotation,70.95238095,"[75.7143, 68.5714, 68.5714]",3,True,18,test,-1
11731676,E03_P18_AL_VFL_GM.mp4,E03_P18_AL_VFL_GM,72985212,E03,P18,L,FL,M,left,full_light,Lateral Rotation,69.52380952,"[74.2857, 67.1429, 67.1429]",3,True,18,test,-1
11708770,E03_P18_AL_VHJ_GM.mp4,E03_P18_AL_VHJ_GM,56950188,E03,P18,L,HJ,M,left,high_jitter,Lateral Rotation,66.66666667,"[71.4286, 64.2857, 64.2857]",3,True,18,test,-1
11731683,E03_P18_AL_VLJ_GM.mp4,E03_P18_AL_VLJ_GM,69386255,E03,P18,L,LJ,M,left,low_jitter,Lateral Rotation,69.04761905,"[71.4286, 71.4286, 64.2857]",3,True,18,test,-1
11731666,E03_P18_AL_VLL_GM.mp4,E03_P18_AL_VLL_GM,64551291,E03,P18,L,LL,M,left,low_light,Lateral Rotation,76.19047619,"[78.5714, 78.5714, 71.4286]",3,True,18,test,-1
11731668,E03_P18_AL_VML_GM.mp4,E03_P18_AL_VML_GM,70675169,E03,P18,L,ML,M,left,medium_light,Lateral Rotation,74.28571429,"[67.1429, 81.4286, 74.2857]",3,True,18,test,-1
11708789,E03_P18_AL_VO_GM.mp4,E03_P18_AL_VO_GM,61223954,E03,P18,L,O,M,left,occlusion,Lateral Rotation,73.80952381,"[78.5714, 71.4286, 71.4286]",3,True,18,test,-1
11704866,E03_P18_AR_VFL_GM.mp4,E03_P18_AR_VFL_GM,11647067,E03,P18,R,FL,M,right,full_light,Lateral Rotation,69.52380952,"[74.2857, 67.1429, 67.1429]",3,True,18,test,-1
11708745,E03_P18_AR_VHJ_GM.mp4,E03_P18_AR_VHJ_GM,58896400,E03,P18,R,HJ,M,right,high_jitter,Lateral Rotation,68.0952381,"[72.8571, 65.7143, 65.7143]",3,True,18,test,-1
11731699,E03_P18_AR_VLJ_GM.mp4,E03_P18_AR_VLJ_GM,151196845,E03,P18,R,LJ,M,right,low_jitter,Lateral Rotation,70.47619048,"[72.8571, 72.8571, 65.7143]",3,True,18,test,-1
11704801,E03_P18_AR_VLL_GM.mp4,E03_P18_AR_VLL_GM,11858090,E03,P18,R,LL,M,right,low_light,Lateral Rotation,74.76190476,"[77.1429, 77.1429, 70.0]",3,True,18,test,-1
11704876,E03_P18_AR_VML_GM.mp4,E03_P18_AR_VML_GM,10784393,E03,P18,R,ML,M,right,medium_light,Lateral Rotation,71.42857143,"[64.2857, 78.5714, 71.4286]",3,True,18,test,-1
11704870,E03_P18_AR_VO_GM.mp4,E03_P18_AR_VO_GM,15676950,E03,P18,R,O,M,right,occlusion,Lateral Rotation,73.80952381,"[78.5714, 71.4286, 71.4286]",3,True,18,test,-1
11704823,E03_P19_AF_VFL_GM.mp4,E03_P19_AF_VFL_GM,14582789,E03,P19,F,FL,M,front,full_light,Lateral Rotation,64.28571429,"[64.2857, 71.4286, 57.1429]",3,True,19,test,-1
11705390,E03_P19_AF_VHJ_GM.mp4,E03_P19_AF_VHJ_GM,39911909,E03,P19,F,HJ,M,front,high_jitter,Lateral Rotation,72.38095238,"[77.1429, 77.1429, 62.8571]",3,True,19,test,-1
11708761,E03_P19_AF_VLJ_GM.mp4,E03_P19_AF_VLJ_GM,41031341,E03,P19,F,LJ,M,front,low_jitter,Lateral Rotation,71.9047619,"[74.2857, 74.2857, 67.1429]",3,True,19,test,-1
11708787,E03_P19_AF_VLL_GM.mp4,E03_P19_AF_VLL_GM,54435875,E03,P19,F,LL,M,front,low_light,Lateral Rotation,75.23809524,"[80.0, 80.0, 65.7143]",3,True,19,test,-1
11704877,E03_P19_AF_VML_GM.mp4,E03_P19_AF_VML_GM,16028167,E03,P19,F,ML,M,front,medium_light,Lateral Rotation,68.0952381,"[72.8571, 72.8571, 58.5714]",3,True,19,test,-1
11704864,E03_P19_AF_VO_GM.mp4,E03_P19_AF_VO_GM,20078865,E03,P19,F,O,M,front,occlusion,Lateral Rotation,97.61904762,"[92.8571, 100.0, 100.0]",3,True,19,test,-1
11731678,E03_P19_AL_VFL_GM.mp4,E03_P19_AL_VFL_GM,81297987,E03,P19,L,FL,M,left,full_light,Lateral Rotation,64.28571429,"[64.2857, 71.4286, 57.1429]",3,True,19,test,-1
11731664,E03_P19_AL_VHJ_GM.mp4,E03_P19_AL_VHJ_GM,73705287,E03,P19,L,HJ,M,left,high_jitter,Lateral Rotation,72.38095238,"[77.1429, 77.1429, 62.8571]",3,True,19,test,-1
11731665,E03_P19_AL_VLJ_GM.mp4,E03_P19_AL_VLJ_GM,75425226,E03,P19,L,LJ,M,left,low_jitter,Lateral Rotation,73.33333333,"[75.7143, 75.7143, 68.5714]",3,True,19,test,-1
11731671,E03_P19_AL_VLL_GM.mp4,E03_P19_AL_VLL_GM,71301260,E03,P19,L,LL,M,left,low_light,Lateral Rotation,78.0952381,"[82.8571, 82.8571, 68.5714]",3,True,19,test,-1
11731672,E03_P19_AL_VML_GM.mp4,E03_P19_AL_VML_GM,75770457,E03,P19,L,ML,M,left,medium_light,Lateral Rotation,72.38095238,"[77.1429, 77.1429, 62.8571]",3,True,19,test,-1
11731677,E03_P19_AL_VO_GM.mp4,E03_P19_AL_VO_GM,80178276,E03,P19,L,O,M,left,occlusion,Lateral Rotation,97.61904762,"[92.8571, 100.0, 100.0]",3,True,19,test,-1
11704809,E03_P19_AR_VFL_GM.mp4,E03_P19_AR_VFL_GM,11739814,E03,P19,R,FL,M,right,full_light,Lateral Rotation,64.28571429,"[64.2857, 71.4286, 57.1429]",3,True,19,test,-1
11731703,E03_P19_AR_VHJ_GM.mp4,E03_P19_AR_VHJ_GM,73878278,E03,P19,R,HJ,M,right,high_jitter,Lateral Rotation,72.38095238,"[77.1429, 77.1429, 62.8571]",3,True,19,test,-1
11731670,E03_P19_AR_VLJ_GM.mp4,E03_P19_AR_VLJ_GM,162408572,E03,P19,R,LJ,M,right,low_jitter,Lateral Rotation,70.47619048,"[72.8571, 72.8571, 65.7143]",3,True,19,test,-1
11704882,E03_P19_AR_VLL_GM.mp4,E03_P19_AR_VLL_GM,12734160,E03,P19,R,LL,M,right,low_light,Lateral Rotation,75.23809524,"[80.0, 80.0, 65.7143]",3,True,19,test,-1
11704838,E03_P19_AR_VML_GM.mp4,E03_P19_AR_VML_GM,11672011,E03,P19,R,ML,M,right,medium_light,Lateral Rotation,72.38095238,"[77.1429, 77.1429, 62.8571]",3,True,19,test,-1
11704793,E03_P19_AR_VO_GM.mp4,E03_P19_AR_VO_GM,19179178,E03,P19,R,O,M,right,occlusion,Lateral Rotation,97.61904762,"[92.8571, 100.0, 100.0]",3,True,19,test,-1
11704895,E03_P20_AF_VFL_GM.mp4,E03_P20_AF_VFL_GM,24853275,E03,P20,F,FL,M,front,full_light,Lateral Rotation,77.14285714,"[77.1429, 77.1429, 77.1429]",3,True,20,train,2
11705383,E03_P20_AF_VHJ_GM.mp4,E03_P20_AF_VHJ_GM,37039000,E03,P20,F,HJ,M,front,high_jitter,Lateral Rotation,69.52380952,"[74.2857, 67.1429, 67.1429]",3,True,20,train,2
11708781,E03_P20_AF_VLJ_GM.mp4,E03_P20_AF_VLJ_GM,48121260,E03,P20,F,LJ,M,front,low_jitter,Lateral Rotation,79.52380952,"[84.2857, 77.1429, 77.1429]",3,True,20,train,2
11731695,E03_P20_AF_VLL_GM.mp4,E03_P20_AF_VLL_GM,83782829,E03,P20,F,LL,M,front,low_light,Lateral Rotation,72.85714286,"[72.8571, 72.8571, 72.8571]",3,True,20,train,2
11704852,E03_P20_AF_VML_GM.mp4,E03_P20_AF_VML_GM,14289818,E03,P20,F,ML,M,front,medium_light,Lateral Rotation,76.66666667,"[81.4286, 81.4286, 67.1429]",3,True,20,train,2
11704913,E03_P20_AF_VO_GM.mp4,E03_P20_AF_VO_GM,20712040,E03,P20,F,O,M,front,occlusion,Lateral Rotation,92.85714286,"[92.8571, 100.0, 85.7143]",3,True,20,train,2
11731692,E03_P20_AL_VFL_GM.mp4,E03_P20_AL_VFL_GM,98373092,E03,P20,L,FL,M,left,full_light,Lateral Rotation,77.14285714,"[77.1429, 77.1429, 77.1429]",3,True,20,train,2
11731694,E03_P20_AL_VHJ_GM.mp4,E03_P20_AL_VHJ_GM,63940566,E03,P20,L,HJ,M,left,high_jitter,Lateral Rotation,69.52380952,"[74.2857, 67.1429, 67.1429]",3,True,20,train,2
11731679,E03_P20_AL_VLJ_GM.mp4,E03_P20_AL_VLJ_GM,77160506,E03,P20,L,LJ,M,left,low_jitter,Lateral Rotation,78.0952381,"[82.8571, 75.7143, 75.7143]",3,True,20,train,2
11731663,E03_P20_AL_VLL_GM.mp4,E03_P20_AL_VLL_GM,92809177,E03,P20,L,LL,M,left,low_light,Lateral Rotation,72.85714286,"[72.8571, 72.8571, 72.8571]",3,True,20,train,2
11731686,E03_P20_AL_VML_GM.mp4,E03_P20_AL_VML_GM,92588830,E03,P20,L,ML,M,left,medium_light,Lateral Rotation,78.0952381,"[82.8571, 82.8571, 68.5714]",3,True,20,train,2
11731681,E03_P20_AL_VO_GM.mp4,E03_P20_AL_VO_GM,69767458,E03,P20,L,O,M,left,occlusion,Lateral Rotation,75.71428571,"[75.7143, 82.8571, 68.5714]",3,True,20,train,2
11704875,E03_P20_AR_VFL_GM.mp4,E03_P20_AR_VFL_GM,14584701,E03,P20,R,FL,M,right,full_light,Lateral Rotation,92.85714286,"[92.8571, 92.8571, 92.8571]",3,True,20,train,2
11731690,E03_P20_AR_VHJ_GM.mp4,E03_P20_AR_VHJ_GM,65988133,E03,P20,R,HJ,M,right,high_jitter,Lateral Rotation,72.38095238,"[77.1429, 70.0, 70.0]",3,True,20,train,2
11708732,E03_P20_AR_VLJ_GM.mp4,E03_P20_AR_VLJ_GM,51061049,E03,P20,R,LJ,M,right,low_jitter,Lateral Rotation,79.52380952,"[84.2857, 77.1429, 77.1429]",3,True,20,train,2
11704900,E03_P20_AR_VLL_GM.mp4,E03_P20_AR_VLL_GM,20665153,E03,P20,R,LL,M,right,low_light,Lateral Rotation,77.14285714,"[77.1429, 77.1429, 77.1429]",3,True,20,train,2
11704800,E03_P20_AR_VML_GM.mp4,E03_P20_AR_VML_GM,14749119,E03,P20,R,ML,M,right,medium_light,Lateral Rotation,72.38095238,"[77.1429, 77.1429, 62.8571]",3,True,20,train,2
11704905,E03_P20_AR_VO_GM.mp4,E03_P20_AR_VO_GM,22517480,E03,P20,R,O,M,right,occlusion,Lateral Rotation,74.28571429,"[74.2857, 81.4286, 67.1429]",3,True,20,train,2
11704842,E03_P21_AF_VFL_GM.mp4,E03_P21_AF_VFL_GM,16158704,E03,P21,F,FL,M,front,full_light,Lateral Rotation,76.19047619,"[78.5714, 71.4286, 78.5714]",3,True,21,train,4
11704907,E03_P21_AF_VHJ_GM.mp4,E03_P21_AF_VHJ_GM,30456176,E03,P21,F,HJ,M,front,high_jitter,Lateral Rotation,75.71428571,"[82.8571, 68.5714, 75.7143]",3,True,21,train,4
11705387,E03_P21_AF_VLJ_GM.mp4,E03_P21_AF_VLJ_GM,33306799,E03,P21,F,LJ,M,front,low_jitter,Lateral Rotation,66.19047619,"[68.5714, 61.4286, 68.5714]",3,True,21,train,4
11705363,E03_P21_AF_VLL_GM.mp4,E03_P21_AF_VLL_GM,33645182,E03,P21,F,LL,M,front,low_light,Lateral Rotation,73.33333333,"[75.7143, 68.5714, 75.7143]",3,True,21,train,4
11704792,E03_P21_AF_VML_GM.mp4,E03_P21_AF_VML_GM,16186386,E03,P21,F,ML,M,front,medium_light,Lateral Rotation,70.95238095,"[75.7143, 68.5714, 68.5714]",3,True,21,train,4
11704820,E03_P21_AF_VO_GM.mp4,E03_P21_AF_VO_GM,15680350,E03,P21,F,O,M,front,occlusion,Lateral Rotation,71.42857143,"[71.4286, 71.4286, 71.4286]",3,True,21,train,4
11731701,E03_P21_AL_VFL_GM.mp4,E03_P21_AL_VFL_GM,63567094,E03,P21,L,FL,M,left,full_light,Lateral Rotation,76.19047619,"[78.5714, 71.4286, 78.5714]",3,True,21,train,4
11731691,E03_P21_AL_VHJ_GM.mp4,E03_P21_AL_VHJ_GM,67931307,E03,P21,L,HJ,M,left,high_jitter,Lateral Rotation,75.71428571,"[82.8571, 68.5714, 75.7143]",3,True,21,train,4
11731684,E03_P21_AL_VLJ_GM.mp4,E03_P21_AL_VLJ_GM,63851555,E03,P21,L,LJ,M,left,low_jitter,Lateral Rotation,69.04761905,"[71.4286, 64.2857, 71.4286]",3,True,21,train,4
11731696,E03_P21_AL_VLL_GM.mp4,E03_P21_AL_VLL_GM,65690605,E03,P21,L,LL,M,left,low_light,Lateral Rotation,73.33333333,"[75.7143, 68.5714, 75.7143]",3,True,21,train,4
11731698,E03_P21_AL_VML_GM.mp4,E03_P21_AL_VML_GM,66127354,E03,P21,L,ML,M,left,medium_light,Lateral Rotation,75.23809524,"[80.0, 72.8571, 72.8571]",3,True,21,train,4
11708727,E03_P21_AL_VO_GM.mp4,E03_P21_AL_VO_GM,61388650,E03,P21,L,O,M,left,occlusion,Lateral Rotation,71.42857143,"[71.4286, 71.4286, 71.4286]",3,True,21,train,4
11704879,E03_P21_AR_VFL_GM.mp4,E03_P21_AR_VFL_GM,11906530,E03,P21,R,FL,M,right,full_light,Lateral Rotation,76.19047619,"[78.5714, 71.4286, 78.5714]",3,True,21,train,4
11731702,E03_P21_AR_VHJ_GM.mp4,E03_P21_AR_VHJ_GM,70146918,E03,P21,R,HJ,M,right,high_jitter,Lateral Rotation,77.14285714,"[84.2857, 70.0, 77.1429]",3,True,21,train,4
11731693,E03_P21_AR_VLJ_GM.mp4,E03_P21_AR_VLJ_GM,62966071,E03,P21,R,LJ,M,right,low_jitter,Lateral Rotation,73.33333333,"[75.7143, 68.5714, 75.7143]",3,True,21,train,4
11704828,E03_P21_AR_VLL_GM.mp4,E03_P21_AR_VLL_GM,11568005,E03,P21,R,LL,M,right,low_light,Lateral Rotation,74.76190476,"[77.1429, 70.0, 77.1429]",3,True,21,train,4
11704844,E03_P21_AR_VML_GM.mp4,E03_P21_AR_VML_GM,11476536,E03,P21,R,ML,M,right,medium_light,Lateral Rotation,78.0952381,"[82.8571, 75.7143, 75.7143]",3,True,21,train,4
11704853,E03_P21_AR_VO_GM.mp4,E03_P21_AR_VO_GM,13248491,E03,P21,R,O,M,right,occlusion,Lateral Rotation,71.42857143,"[71.4286, 71.4286, 71.4286]",3,True,21,train,4
11704779,E03_P22_AF_VFL_GM.mp4,E03_P22_AF_VFL_GM,18707071,E03,P22,F,FL,M,front,full_light,Lateral Rotation,100.0,"[100.0, 100.0, 100.0]",3,True,22,train,4
11704916,E03_P22_AF_VHJ_GM.mp4,E03_P22_AF_VHJ_GM,24201239,E03,P22,F,HJ,M,front,high_jitter,Lateral Rotation,74.76190476,"[77.1429, 77.1429, 70.0]",3,True,22,train,4
11704934,E03_P22_AF_VLJ_GM.mp4,E03_P22_AF_VLJ_GM,30375844,E03,P22,F,LJ,M,front,low_jitter,Lateral Rotation,82.85714286,"[82.8571, 82.8571, 82.8571]",3,True,22,train,4
11705378,E03_P22_AF_VLL_GM.mp4,E03_P22_AF_VLL_GM,32456158,E03,P22,F,LL,M,front,low_light,Lateral Rotation,81.9047619,"[84.2857, 77.1429, 84.2857]",3,True,22,train,4
11704819,E03_P22_AF_VML_GM.mp4,E03_P22_AF_VML_GM,14621962,E03,P22,F,ML,M,front,medium_light,Lateral Rotation,84.28571429,"[84.2857, 84.2857, 84.2857]",3,True,22,train,4
11704802,E03_P22_AF_VO_GM.mp4,E03_P22_AF_VO_GM,15569032,E03,P22,F,O,M,front,occlusion,Lateral Rotation,79.04761905,"[81.4286, 81.4286, 74.2857]",3,True,22,train,4
11731697,E03_P22_AL_VFL_GM.mp4,E03_P22_AL_VFL_GM,80504643,E03,P22,L,FL,M,left,full_light,Lateral Rotation,84.28571429,"[84.2857, 84.2857, 84.2857]",3,True,22,train,4
11708772,E03_P22_AL_VHJ_GM.mp4,E03_P22_AL_VHJ_GM,52781164,E03,P22,L,HJ,M,left,high_jitter,Lateral Rotation,74.76190476,"[77.1429, 77.1429, 70.0]",3,True,22,train,4
11708782,E03_P22_AL_VLJ_GM.mp4,E03_P22_AL_VLJ_GM,58002246,E03,P22,L,LJ,M,left,low_jitter,Lateral Rotation,80.0,"[80.0, 80.0, 80.0]",3,True,22,train,4
11731674,E03_P22_AL_VLL_GM.mp4,E03_P22_AL_VLL_GM,69770509,E03,P22,L,LL,M,left,low_light,Lateral Rotation,97.61904762,"[100.0, 92.8571, 100.0]",3,True,22,train,4
11731675,E03_P22_AL_VML_GM.mp4,E03_P22_AL_VML_GM,62544525,E03,P22,L,ML,M,left,medium_light,Lateral Rotation,84.28571429,"[84.2857, 84.2857, 84.2857]",3,True,22,train,4
11731700,E03_P22_AL_VO_GM.mp4,E03_P22_AL_VO_GM,69923198,E03,P22,L,O,M,left,occlusion,Lateral Rotation,80.47619048,"[82.8571, 82.8571, 75.7143]",3,True,22,train,4
11704832,E03_P22_AR_VFL_GM.mp4,E03_P22_AR_VFL_GM,13747654,E03,P22,R,FL,M,right,full_light,Lateral Rotation,84.28571429,"[84.2857, 84.2857, 84.2857]",3,True,22,train,4
11708753,E03_P22_AR_VHJ_GM.mp4,E03_P22_AR_VHJ_GM,52961643,E03,P22,R,HJ,M,right,high_jitter,Lateral Rotation,74.76190476,"[77.1429, 77.1429, 70.0]",3,True,22,train,4
11708788,E03_P22_AR_VLJ_GM.mp4,E03_P22_AR_VLJ_GM,57766492,E03,P22,R,LJ,M,right,low_jitter,Lateral Rotation,82.85714286,"[82.8571, 82.8571, 82.8571]",3,True,22,train,4
11704872,E03_P22_AR_VLL_GM.mp4,E03_P22_AR_VLL_GM,12063993,E03,P22,R,LL,M,right,low_light,Lateral Rotation,81.9047619,"[84.2857, 77.1429, 84.2857]",3,True,22,train,4
11704776,E03_P22_AR_VML_GM.mp4,E03_P22_AR_VML_GM,11428049,E03,P22,R,ML,M,right,medium_light,Lateral Rotation,84.28571429,"[84.2857, 84.2857, 84.2857]",3,True,22,train,4
11704805,E03_P22_AR_VO_GM.mp4,E03_P22_AR_VO_GM,16396402,E03,P22,R,O,M,right,occlusion,Lateral Rotation,81.9047619,"[84.2857, 84.2857, 77.1429]",3,True,22,train,4
11704896,E03_P23_AF_VFL_GM.mp4,E03_P23_AF_VFL_GM,30622126,E03,P23,F,FL,M,front,full_light,Lateral Rotation,77.14285714,"[77.1429, 77.1429, 77.1429]",3,True,23,test,-1
11705352,E03_P23_AF_VHJ_GM.mp4,E03_P23_AF_VHJ_GM,31056392,E03,P23,F,HJ,M,front,high_jitter,Lateral Rotation,84.28571429,"[84.2857, 84.2857, 84.2857]",3,True,23,test,-1
11705361,E03_P23_AF_VLJ_GM.mp4,E03_P23_AF_VLJ_GM,37156532,E03,P23,F,LJ,M,front,low_jitter,Lateral Rotation,100.0,"[100.0, 100.0, 100.0]",3,True,23,test,-1
11708773,E03_P23_AF_VLL_GM.mp4,E03_P23_AF_VLL_GM,59917994,E03,P23,F,LL,M,front,low_light,Lateral Rotation,84.28571429,"[84.2857, 84.2857, 84.2857]",3,True,23,test,-1
11704939,E03_P23_AF_VML_GM.mp4,E03_P23_AF_VML_GM,20983911,E03,P23,F,ML,M,front,medium_light,Lateral Rotation,72.38095238,"[62.8571, 77.1429, 77.1429]",3,True,23,test,-1
11704930,E03_P23_AF_VO_GM.mp4,E03_P23_AF_VO_GM,24969011,E03,P23,F,O,M,front,occlusion,Lateral Rotation,100.0,"[100.0, 100.0, 100.0]",3,True,23,test,-1
11731685,E03_P23_AL_VFL_GM.mp4,E03_P23_AL_VFL_GM,112450113,E03,P23,L,FL,M,left,full_light,Lateral Rotation,74.28571429,"[74.2857, 74.2857, 74.2857]",3,True,23,test,-1
11731682,E03_P23_AL_VHJ_GM.mp4,E03_P23_AL_VHJ_GM,70113123,E03,P23,L,HJ,M,left,high_jitter,Lateral Rotation,84.28571429,"[84.2857, 84.2857, 84.2857]",3,True,23,test,-1
11731687,E03_P23_AL_VLJ_GM.mp4,E03_P23_AL_VLJ_GM,76154385,E03,P23,L,LJ,M,left,low_jitter,Lateral Rotation,84.28571429,"[84.2857, 84.2857, 84.2857]",3,True,23,test,-1
11731689,E03_P23_AL_VLL_GM.mp4,E03_P23_AL_VLL_GM,80405975,E03,P23,L,LL,M,left,low_light,Lateral Rotation,84.28571429,"[84.2857, 84.2857, 84.2857]",3,True,23,test,-1
11731667,E03_P23_AL_VML_GM.mp4,E03_P23_AL_VML_GM,89465298,E03,P23,L,ML,M,left,medium_light,Lateral Rotation,72.38095238,"[62.8571, 77.1429, 77.1429]",3,True,23,test,-1
11731680,E03_P23_AL_VO_GM.mp4,E03_P23_AL_VO_GM,80546688,E03,P23,L,O,M,left,occlusion,Lateral Rotation,84.28571429,"[84.2857, 84.2857, 84.2857]",3,True,23,test,-1
11704865,E03_P23_AR_VFL_GM.mp4,E03_P23_AR_VFL_GM,19784318,E03,P23,R,FL,M,right,full_light,Lateral Rotation,74.28571429,"[74.2857, 74.2857, 74.2857]",3,True,23,test,-1
11731688,E03_P23_AR_VHJ_GM.mp4,E03_P23_AR_VHJ_GM,72885925,E03,P23,R,HJ,M,right,high_jitter,Lateral Rotation,84.28571429,"[84.2857, 84.2857, 84.2857]",3,True,23,test,-1
11731669,E03_P23_AR_VLJ_GM.mp4,E03_P23_AR_VLJ_GM,77334342,E03,P23,R,LJ,M,right,low_jitter,Lateral Rotation,84.28571429,"[84.2857, 84.2857, 84.2857]",3,True,23,test,-1
11704886,E03_P23_AR_VLL_GM.mp4,E03_P23_AR_VLL_GM,15100279,E03,P23,R,LL,M,right,low_light,Lateral Rotation,84.28571429,"[84.2857, 84.2857, 84.2857]",3,True,23,test,-1
11704827,E03_P23_AR_VML_GM.mp4,E03_P23_AR_VML_GM,15980128,E03,P23,R,ML,M,right,medium_light,Lateral Rotation,72.38095238,"[62.8571, 77.1429, 77.1429]",3,True,23,test,-1
11704908,E03_P23_AR_VO_GM.mp4,E03_P23_AR_VO_GM,20618617,E03,P23,R,O,M,right,occlusion,Lateral Rotation,84.28571429,"[84.2857, 84.2857, 84.2857]",3,True,23,test,-1
11704858,E03_P24_AF_VFL_GM.mp4,E03_P24_AF_VFL_GM,16086571,E03,P24,F,FL,M,front,full_light,Lateral Rotation,71.42857143,"[71.4286, 71.4286, 71.4286]",3,True,24,train,0
11704787,E03_P24_AF_VLL_GM.mp4,E03_P24_AF_VLL_GM,17194976,E03,P24,F,LL,M,front,low_light,Lateral Rotation,70.47619048,"[65.7143, 72.8571, 72.8571]",3,True,24,train,0
11704841,E03_P24_AF_VML_GM.mp4,E03_P24_AF_VML_GM,20337098,E03,P24,F,ML,M,front,medium_light,Lateral Rotation,64.28571429,"[50.0, 71.4286, 71.4286]",3,True,24,train,0
11705371,E03_P24_AL_VFL_GM.mp4,E03_P24_AL_VFL_GM,40099338,E03,P24,L,FL,M,left,full_light,Lateral Rotation,71.42857143,"[71.4286, 71.4286, 71.4286]",3,True,24,train,0
11705376,E03_P24_AL_VML_GM.mp4,E03_P24_AL_VML_GM,33641552,E03,P24,L,ML,M,left,medium_light,Lateral Rotation,64.28571429,"[50.0, 71.4286, 71.4286]",3,True,24,train,0
11705354,E03_P24_AR_VLL_GM.mp4,E03_P24_AR_VLL_GM,37321256,E03,P24,R,LL,M,right,low_light,Lateral Rotation,73.33333333,"[68.5714, 75.7143, 75.7143]",3,True,24,train,0
11704770,E03_P26_AF_VFL_GF.mp4,E03_P26_AF_VFL_GF,5366420,E03,P26,F,FL,F,front,full_light,Lateral Rotation,,[],0,False,26,test,-1
11704725,E03_P26_AF_VHJ_GF.mp4,E03_P26_AF_VHJ_GF,5286956,E03,P26,F,HJ,F,front,high_jitter,Lateral Rotation,,[],0,False,26,test,-1
11704739,E03_P26_AF_VLJ_GF.mp4,E03_P26_AF_VLJ_GF,5074082,E03,P26,F,LJ,F,front,low_jitter,Lateral Rotation,,[],0,False,26,test,-1
11704766,E03_P26_AF_VLL_GF.mp4,E03_P26_AF_VLL_GF,6536208,E03,P26,F,LL,F,front,low_light,Lateral Rotation,,[],0,False,26,test,-1
11704807,E03_P26_AF_VLR_GF.mp4,E03_P26_AF_VLR_GF,13090463,E03,P26,F,LR,F,front,low_resolution,Lateral Rotation,,[],0,False,26,test,-1
11704696,E03_P26_AF_VML_GF.mp4,E03_P26_AF_VML_GF,4742604,E03,P26,F,ML,F,front,medium_light,Lateral Rotation,,[],0,False,26,test,-1
11704710,E03_P26_AF_VO_GF.mp4,E03_P26_AF_VO_GF,8673653,E03,P26,F,O,F,front,occlusion,Lateral Rotation,,[],0,False,26,test,-1
11704685,E03_P26_AL_VFL_GF.mp4,E03_P26_AL_VFL_GF,4435749,E03,P26,L,FL,F,left,full_light,Lateral Rotation,,[],0,False,26,test,-1
11704723,E03_P26_AR_VFL_GF.mp4,E03_P26_AR_VFL_GF,3779616,E03,P26,R,FL,F,right,full_light,Lateral Rotation,,[],0,False,26,test,-1
11704765,E03_P29_AF_VFL_GM.mp4,E03_P29_AF_VFL_GM,8265009,E03,P29,F,FL,M,front,full_light,Lateral Rotation,,[],0,False,29,train,0
11704863,E03_P29_AF_VHJ_GM.mp4,E03_P29_AF_VHJ_GM,11356822,E03,P29,F,HJ,M,front,high_jitter,Lateral Rotation,,[],0,False,29,train,0
11704840,E03_P29_AF_VLJ_GM.mp4,E03_P29_AF_VLJ_GM,11168236,E03,P29,F,LJ,M,front,low_jitter,Lateral Rotation,,[],0,False,29,train,0
11704822,E03_P29_AF_VLL_GM.mp4,E03_P29_AF_VLL_GM,11458022,E03,P29,F,LL,M,front,low_light,Lateral Rotation,,[],0,False,29,train,0
11704815,E03_P29_AF_VLR_GM.mp4,E03_P29_AF_VLR_GM,10294781,E03,P29,F,LR,M,front,low_resolution,Lateral Rotation,,[],0,False,29,train,0
11704671,E03_P29_AF_VML_GM.mp4,E03_P29_AF_VML_GM,8565258,E03,P29,F,ML,M,front,medium_light,Lateral Rotation,,[],0,False,29,train,0
11704630,E03_P29_AF_VO_GM.mp4,E03_P29_AF_VO_GM,6572690,E03,P29,F,O,M,front,occlusion,Lateral Rotation,,[],0,False,29,train,0
11704738,E03_P29_AL_VFL_GM.mp4,E03_P29_AL_VFL_GM,8162049,E03,P29,L,FL,M,left,full_light,Lateral Rotation,,[],0,False,29,train,0
11704756,E03_P29_AR_VFL_GM.mp4,E03_P29_AR_VFL_GM,7703513,E03,P29,R,FL,M,right,full_light,Lateral Rotation,,[],0,False,29,train,0
11704774,E03_P30_AF_VFL_GF.mp4,E03_P30_AF_VFL_GF,11463300,E03,P30,F,FL,F,front,full_light,Lateral Rotation,,[],0,False,30,test,-1
11704843,E03_P30_AF_VHJ_GF.mp4,E03_P30_AF_VHJ_GF,10480571,E03,P30,F,HJ,F,front,high_jitter,Lateral Rotation,,[],0,False,30,test,-1
11704734,E03_P30_AF_VLJ_GF.mp4,E03_P30_AF_VLJ_GF,9090192,E03,P30,F,LJ,F,front,low_jitter,Lateral Rotation,,[],0,False,30,test,-1
11704816,E03_P30_AF_VLL_GF.mp4,E03_P30_AF_VLL_GF,11622964,E03,P30,F,LL,F,front,low_light,Lateral Rotation,,[],0,False,30,test,-1
11704732,E03_P30_AF_VML_GF.mp4,E03_P30_AF_VML_GF,9743912,E03,P30,F,ML,F,front,medium_light,Lateral Rotation,,[],0,False,30,test,-1
11704794,E03_P30_AL_VFL_GF.mp4,E03_P30_AL_VFL_GF,12589832,E03,P30,L,FL,F,left,full_light,Lateral Rotation,,[],0,False,30,test,-1
11704814,E03_P30_AR_VFL_GF.mp4,E03_P30_AR_VFL_GF,12488939,E03,P30,R,FL,F,right,full_light,Lateral Rotation,,[],0,False,30,test,-1
11704631,E03_P31_AF_VO_GM.mp4,E03_P31_AF_VO_GM,8250480,E03,P31,F,O,M,front,occlusion,Lateral Rotation,,[],0,False,31,test,-1
11704753,E03_P32_AF_VFL_GM.mp4,E03_P32_AF_VFL_GM,7503480,E03,P32,F,FL,M,front,full_light,Lateral Rotation,,[],0,False,32,train,0
11704649,E03_P32_AF_VHJ_GM.mp4,E03_P32_AF_VHJ_GM,7439539,E03,P32,F,HJ,M,front,high_jitter,Lateral Rotation,,[],0,False,32,train,0
11704698,E03_P32_AF_VLJ_GM.mp4,E03_P32_AF_VLJ_GM,6796955,E03,P32,F,LJ,M,front,low_jitter,Lateral Rotation,,[],0,False,32,train,0
11704760,E03_P32_AF_VLL_GM.mp4,E03_P32_AF_VLL_GM,7614243,E03,P32,F,LL,M,front,low_light,Lateral Rotation,,[],0,False,32,train,0
11704645,E03_P32_AF_VLR_GM.mp4,E03_P32_AF_VLR_GM,2350871,E03,P32,F,LR,M,front,low_resolution,Lateral Rotation,,[],0,False,32,train,0
11704731,E03_P32_AF_VML_GM.mp4,E03_P32_AF_VML_GM,8021507,E03,P32,F,ML,M,front,medium_light,Lateral Rotation,,[],0,False,32,train,0
11704754,E03_P32_AF_VO_GM.mp4,E03_P32_AF_VO_GM,5602010,E03,P32,F,O,M,front,occlusion,Lateral Rotation,,[],0,False,32,train,0
11704675,E03_P32_AL_VFL_GM.mp4,E03_P32_AL_VFL_GM,6166715,E03,P32,L,FL,M,left,full_light,Lateral Rotation,,[],0,False,32,train,0
11704720,E03_P32_AR_VFL_GM.mp4,E03_P32_AR_VFL_GM,8240909,E03,P32,R,FL,M,right,full_light,Lateral Rotation,,[],0,False,32,train,0
11704745,E03_P33_AF_VFL_GM.mp4,E03_P33_AF_VFL_GM,5524098,E03,P33,F,FL,M,front,full_light,Lateral Rotation,,[],0,False,33,test,-1
11704772,E03_P33_AF_VHJ_GM.mp4,E03_P33_AF_VHJ_GM,8740173,E03,P33,F,HJ,M,front,high_jitter,Lateral Rotation,,[],0,False,33,test,-1
11704667,E03_P33_AF_VLJ_GM.mp4,E03_P33_AF_VLJ_GM,8322911,E03,P33,F,LJ,M,front,low_jitter,Lateral Rotation,,[],0,False,33,test,-1
11704678,E03_P33_AF_VLL_GM.mp4,E03_P33_AF_VLL_GM,7730420,E03,P33,F,LL,M,front,low_light,Lateral Rotation,,[],0,False,33,test,-1
11704693,E03_P33_AF_VML_GM.mp4,E03_P33_AF_VML_GM,6737260,E03,P33,F,ML,M,front,medium_light,Lateral Rotation,,[],0,False,33,test,-1
11704629,E03_P33_AF_VO_GM.mp4,E03_P33_AF_VO_GM,5514806,E03,P33,F,O,M,front,occlusion,Lateral Rotation,,[],0,False,33,test,-1
11704642,E03_P33_AR_VFL_GM.mp4,E03_P33_AR_VFL_GM,8937003,E03,P33,R,FL,M,right,full_light,Lateral Rotation,,[],0,False,33,test,-1
11704851,E03_P34_AF_VFL_GF.mp4,E03_P34_AF_VFL_GF,11164477,E03,P34,F,FL,F,front,full_light,Lateral Rotation,,[],0,False,34,train,2
11704778,E03_P34_AF_VHJ_GF.mp4,E03_P34_AF_VHJ_GF,11528788,E03,P34,F,HJ,F,front,high_jitter,Lateral Rotation,,[],0,False,34,train,2
11704652,E03_P34_AF_VLJ_GF.mp4,E03_P34_AF_VLJ_GF,9422056,E03,P34,F,LJ,F,front,low_jitter,Lateral Rotation,,[],0,False,34,train,2
11704717,E03_P34_AF_VLL_GF.mp4,E03_P34_AF_VLL_GF,667835,E03,P34,F,LL,F,front,low_light,Lateral Rotation,,[],0,False,34,train,2
11704702,E03_P34_AF_VLR_GF.mp4,E03_P34_AF_VLR_GF,3041720,E03,P34,F,LR,F,front,low_resolution,Lateral Rotation,,[],0,False,34,train,2
11704664,E03_P34_AF_VML_GF.mp4,E03_P34_AF_VML_GF,9039168,E03,P34,F,ML,F,front,medium_light,Lateral Rotation,,[],0,False,34,train,2
11704644,E03_P34_AF_VO_GF.mp4,E03_P34_AF_VO_GF,7426278,E03,P34,F,O,F,front,occlusion,Lateral Rotation,,[],0,False,34,train,2
11704748,E03_P34_AL_VFL_GF.mp4,E03_P34_AL_VFL_GF,8619360,E03,P34,L,FL,F,left,full_light,Lateral Rotation,,[],0,False,34,train,2
11704722,E03_P34_AR_VFL_GF.mp4,E03_P34_AR_VFL_GF,9215380,E03,P34,R,FL,F,right,full_light,Lateral Rotation,,[],0,False,34,train,2
11704676,E03_P35_AF_VFL_GM.mp4,E03_P35_AF_VFL_GM,9923249,E03,P35,F,FL,M,front,full_light,Lateral Rotation,,[],0,False,35,train,2
11704783,E03_P35_AF_VHJ_GM.mp4,E03_P35_AF_VHJ_GM,10324369,E03,P35,F,HJ,M,front,high_jitter,Lateral Rotation,,[],0,False,35,train,2
11704729,E03_P35_AF_VLJ_GM.mp4,E03_P35_AF_VLJ_GM,9835844,E03,P35,F,LJ,M,front,low_jitter,Lateral Rotation,,[],0,False,35,train,2
11704695,E03_P35_AF_VLL_GM.mp4,E03_P35_AF_VLL_GM,9386903,E03,P35,F,LL,M,front,low_light,Lateral Rotation,,[],0,False,35,train,2
11704701,E03_P35_AF_VLR_GM.mp4,E03_P35_AF_VLR_GM,2385192,E03,P35,F,LR,M,front,low_resolution,Lateral Rotation,,[],0,False,35,train,2
11704791,E03_P35_AF_VML_GM.mp4,E03_P35_AF_VML_GM,11860413,E03,P35,F,ML,M,front,medium_light,Lateral Rotation,,[],0,False,35,train,2
11704726,E03_P35_AF_VO_GM.mp4,E03_P35_AF_VO_GM,8245555,E03,P35,F,O,M,front,occlusion,Lateral Rotation,,[],0,False,35,train,2
11704715,E03_P35_AL_VFL_GM.mp4,E03_P35_AL_VFL_GM,7108893,E03,P35,L,FL,M,left,full_light,Lateral Rotation,,[],0,False,35,train,2
11704867,E03_P35_AR_VFL_GM.mp4,E03_P35_AR_VFL_GM,10971574,E03,P35,R,FL,M,right,full_light,Lateral Rotation,,[],0,False,35,train,2
11704804,E03_P36_AF_VO_GM.mp4,E03_P36_AF_VO_GM,10584353,E03,P36,F,O,M,front,occlusion,Lateral Rotation,,[],0,False,36,val,1
11704674,E03_P37_AF_VO_GM.mp4,E03_P37_AF_VO_GM,9791634,E03,P37,F,O,M,front,occlusion,Lateral Rotation,,[],0,False,37,train,3
11704657,E03_P39_AF_VFL_GM.mp4,E03_P39_AF_VFL_GM,9491039,E03,P39,F,FL,M,front,full_light,Lateral Rotation,,[],0,False,39,train,0
11704670,E03_P39_AF_VHJ_GM.mp4,E03_P39_AF_VHJ_GM,8689153,E03,P39,F,HJ,M,front,high_jitter,Lateral Rotation,,[],0,False,39,train,0
11704650,E03_P39_AF_VLJ_GM.mp4,E03_P39_AF_VLJ_GM,9434279,E03,P39,F,LJ,M,front,low_jitter,Lateral Rotation,,[],0,False,39,train,0
11704846,E03_P39_AF_VLL_GM.mp4,E03_P39_AF_VLL_GM,10404721,E03,P39,F,LL,M,front,low_light,Lateral Rotation,,[],0,False,39,train,0
11704735,E03_P39_AF_VLR_GM.mp4,E03_P39_AF_VLR_GM,3742069,E03,P39,F,LR,M,front,low_resolution,Lateral Rotation,,[],0,False,39,train,0
11704857,E03_P39_AF_VML_GM.mp4,E03_P39_AF_VML_GM,12503953,E03,P39,F,ML,M,front,medium_light,Lateral Rotation,,[],0,False,39,train,0
11704690,E03_P39_AF_VO_GM.mp4,E03_P39_AF_VO_GM,4775725,E03,P39,F,O,M,front,occlusion,Lateral Rotation,,[],0,False,39,train,0
11704799,E03_P39_AL_VFL_GM.mp4,E03_P39_AL_VFL_GM,11375264,E03,P39,L,FL,M,left,full_light,Lateral Rotation,,[],0,False,39,train,0
11704653,E03_P39_AR_VFL_GM.mp4,E03_P39_AR_VFL_GM,9252988,E03,P39,R,FL,M,right,full_light,Lateral Rotation,,[],0,False,39,train,0
11704669,E03_P40_AF_VFL_GM.mp4,E03_P40_AF_VFL_GM,9238196,E03,P40,F,FL,M,front,full_light,Lateral Rotation,,[],0,False,40,train,4
11704761,E03_P40_AF_VHJ_GM.mp4,E03_P40_AF_VHJ_GM,6966610,E03,P40,F,HJ,M,front,high_jitter,Lateral Rotation,,[],0,False,40,train,4
11704719,E03_P40_AF_VLJ_GM.mp4,E03_P40_AF_VLJ_GM,6872807,E03,P40,F,LJ,M,front,low_jitter,Lateral Rotation,,[],0,False,40,train,4
11704771,E03_P40_AF_VLL_GM.mp4,E03_P40_AF_VLL_GM,7409024,E03,P40,F,LL,M,front,low_light,Lateral Rotation,,[],0,False,40,train,4
11704618,E03_P40_AF_VLR_GM.mp4,E03_P40_AF_VLR_GM,8753305,E03,P40,F,LR,M,front,low_resolution,Lateral Rotation,,[],0,False,40,train,4
11704751,E03_P40_AF_VML_GM.mp4,E03_P40_AF_VML_GM,9555416,E03,P40,F,ML,M,front,medium_light,Lateral Rotation,,[],0,False,40,train,4
11704616,E03_P40_AL_VFL_GM.mp4,E03_P40_AL_VFL_GM,9189649,E03,P40,L,FL,M,left,full_light,Lateral Rotation,,[],0,False,40,train,4
11704856,E03_P40_AR_VFL_GM.mp4,E03_P40_AR_VFL_GM,12104810,E03,P40,R,FL,M,right,full_light,Lateral Rotation,,[],0,False,40,train,4
11704662,E03_P41_AF_VP_GM.mp4,E03_P41_AF_VP_GM,9275994,E03,P41,F,P,M,front,unknown,Lateral Rotation,,[],0,False,41,train,4
11704617,E03_P42_AF_VO_GM.mp4,E03_P42_AF_VO_GM,8169873,E03,P42,F,O,M,front,occlusion,Lateral Rotation,,[],0,False,42,val,2
11704786,E03_P43_AF_VFL_GM.mp4,E03_P43_AF_VFL_GM,12027452,E03,P43,F,FL,M,front,full_light,Lateral Rotation,,[],0,False,43,train,3
11704620,E03_P43_AF_VHJ_GM.mp4,E03_P43_AF_VHJ_GM,10121385,E03,P43,F,HJ,M,front,high_jitter,Lateral Rotation,,[],0,False,43,train,3
11704880,E03_P43_AF_VLJ_GM.mp4,E03_P43_AF_VLJ_GM,10278742,E03,P43,F,LJ,M,front,low_jitter,Lateral Rotation,,[],0,False,43,train,3
11704881,E03_P43_AF_VLL_GM.mp4,E03_P43_AF_VLL_GM,11135942,E03,P43,F,LL,M,front,low_light,Lateral Rotation,,[],0,False,43,train,3
11704758,E03_P43_AF_VML_GM.mp4,E03_P43_AF_VML_GM,10075528,E03,P43,F,ML,M,front,medium_light,Lateral Rotation,,[],0,False,43,train,3
11704780,E03_P43_AL_VFL_GM.mp4,E03_P43_AL_VFL_GM,10357051,E03,P43,L,FL,M,left,full_light,Lateral Rotation,,[],0,False,43,train,3
11704812,E03_P43_AR_VFL_GM.mp4,E03_P43_AR_VFL_GM,10480552,E03,P43,R,FL,M,right,full_light,Lateral Rotation,,[],0,False,43,train,3
11704681,E03_P47_AF_VFL_GM.mp4,E03_P47_AF_VFL_GM,3984133,E03,P47,F,FL,M,front,full_light,Lateral Rotation,,[],0,False,47,train,2
11704737,E03_P47_AF_VHJ_GM.mp4,E03_P47_AF_VHJ_GM,7276754,E03,P47,F,HJ,M,front,high_jitter,Lateral Rotation,,[],0,False,47,train,2
11704647,E03_P47_AF_VLJ_GM.mp4,E03_P47_AF_VLJ_GM,7761963,E03,P47,F,LJ,M,front,low_jitter,Lateral Rotation,,[],0,False,47,train,2
11704672,E03_P47_AF_VML_GM.mp4,E03_P47_AF_VML_GM,7442377,E03,P47,F,ML,M,front,medium_light,Lateral Rotation,,[],0,False,47,train,2
11704704,E03_P47_AL_VFL_GM.mp4,E03_P47_AL_VFL_GM,4624494,E03,P47,L,FL,M,left,full_light,Lateral Rotation,,[],0,False,47,train,2
11704628,E03_P47_AR_VFL_GM.mp4,E03_P47_AR_VFL_GM,6850235,E03,P47,R,FL,M,right,full_light,Lateral Rotation,,[],0,False,47,train,2
11704740,E03_P48_AF_VFL_GM.mp4,E03_P48_AF_VFL_GM,7683429,E03,P48,F,FL,M,front,full_light,Lateral Rotation,,[],0,False,48,val,4
11704718,E03_P48_AF_VHJ_GM.mp4,E03_P48_AF_VHJ_GM,8789034,E03,P48,F,HJ,M,front,high_jitter,Lateral Rotation,,[],0,False,48,val,4
11704746,E03_P48_AF_VLJ_GM.mp4,E03_P48_AF_VLJ_GM,8399624,E03,P48,F,LJ,M,front,low_jitter,Lateral Rotation,,[],0,False,48,val,4
11704700,E03_P48_AL_VFL_GM.mp4,E03_P48_AL_VFL_GM,7450429,E03,P48,L,FL,M,left,full_light,Lateral Rotation,,[],0,False,48,val,4
11704679,E03_P48_AR_VFL_GM.mp4,E03_P48_AR_VFL_GM,7988747,E03,P48,R,FL,M,right,full_light,Lateral Rotation,,[],0,False,48,val,4
11704763,E03_P49_AF_VFL_GM.mp4,E03_P49_AF_VFL_GM,8204770,E03,P49,F,FL,M,front,full_light,Lateral Rotation,,[],0,False,49,train,0
11704689,E03_P49_AF_VHJ_GM.mp4,E03_P49_AF_VHJ_GM,7089492,E03,P49,F,HJ,M,front,high_jitter,Lateral Rotation,,[],0,False,49,train,0
11704757,E03_P49_AF_VLJ_GM.mp4,E03_P49_AF_VLJ_GM,9530895,E03,P49,F,LJ,M,front,low_jitter,Lateral Rotation,,[],0,False,49,train,0
11704707,E03_P49_AF_VML_GM.mp4,E03_P49_AF_VML_GM,7916931,E03,P49,F,ML,M,front,medium_light,Lateral Rotation,,[],0,False,49,train,0
11704638,E03_P49_AL_VFL_GM.mp4,E03_P49_AL_VFL_GM,7511483,E03,P49,L,FL,M,left,full_light,Lateral Rotation,,[],0,False,49,train,0
11704703,E03_P49_AR_VFL_GM.mp4,E03_P49_AR_VFL_GM,8564506,E03,P49,R,FL,M,right,full_light,Lateral Rotation,,[],0,False,49,train,0
11704721,E03_P50_AF_VFL_GM.mp4,E03_P50_AF_VFL_GM,7320166,E03,P50,F,FL,M,front,full_light,Lateral Rotation,,[],0,False,50,train,3
11704762,E03_P50_AF_VHJ_GM.mp4,E03_P50_AF_VHJ_GM,9380310,E03,P50,F,HJ,M,front,high_jitter,Lateral Rotation,,[],0,False,50,train,3
11704688,E03_P50_AF_VLJ_GM.mp4,E03_P50_AF_VLJ_GM,8047146,E03,P50,F,LJ,M,front,low_jitter,Lateral Rotation,,[],0,False,50,train,3
11704665,E03_P50_AF_VML_GM.mp4,E03_P50_AF_VML_GM,7988989,E03,P50,F,ML,M,front,medium_light,Lateral Rotation,,[],0,False,50,train,3
11704728,E03_P50_AL_VFL_GM.mp4,E03_P50_AL_VFL_GM,6179665,E03,P50,L,FL,M,left,full_light,Lateral Rotation,,[],0,False,50,train,3
11704656,E03_P50_AR_VFL_GM.mp4,E03_P50_AR_VFL_GM,7934607,E03,P50,R,FL,M,right,full_light,Lateral Rotation,,[],0,False,50,train,3
11704663,E03_P53_AF_VFL_GF.mp4,E03_P53_AF_VFL_GF,7003377,E03,P53,F,FL,F,front,full_light,Lateral Rotation,,[],0,False,53,train,0
11704697,E03_P53_AF_VHJ_GF.mp4,E03_P53_AF_VHJ_GF,8257488,E03,P53,F,HJ,F,front,high_jitter,Lateral Rotation,,[],0,False,53,train,0
11704736,E03_P53_AF_VLJ_GF.mp4,E03_P53_AF_VLJ_GF,7916963,E03,P53,F,LJ,F,front,low_jitter,Lateral Rotation,,[],0,False,53,train,0
11704677,E03_P53_AF_VLL_GF.mp4,E03_P53_AF_VLL_GF,7324623,E03,P53,F,LL,F,front,low_light,Lateral Rotation,,[],0,False,53,train,0
11704833,E03_P53_AF_VLR_GF.mp4,E03_P53_AF_VLR_GF,11771834,E03,P53,F,LR,F,front,low_resolution,Lateral Rotation,,[],0,False,53,train,0
11704641,E03_P53_AF_VML_GF.mp4,E03_P53_AF_VML_GF,7756672,E03,P53,F,ML,F,front,medium_light,Lateral Rotation,,[],0,False,53,train,0
11704747,E03_P53_AF_VO_GF.mp4,E03_P53_AF_VO_GF,7920104,E03,P53,F,O,F,front,occlusion,Lateral Rotation,,[],0,False,53,train,0
11704705,E03_P53_AL_VFL_GF.mp4,E03_P53_AL_VFL_GF,9432279,E03,P53,L,FL,F,left,full_light,Lateral Rotation,,[],0,False,53,train,0
11704825,E03_P53_AR_VFL_GF.mp4,E03_P53_AR_VFL_GF,10743306,E03,P53,R,FL,F,right,full_light,Lateral Rotation,,[],0,False,53,train,0
11704668,E03_P56_AF_VFL_GF.mp4,E03_P56_AF_VFL_GF,6662925,E03,P56,F,FL,F,front,full_light,Lateral Rotation,,[],0,False,56,train,2
11704692,E03_P56_AF_VHJ_GF.mp4,E03_P56_AF_VHJ_GF,5597202,E03,P56,F,HJ,F,front,high_jitter,Lateral Rotation,,[],0,False,56,train,2
11704711,E03_P56_AF_VLJ_GF.mp4,E03_P56_AF_VLJ_GF,4777761,E03,P56,F,LJ,F,front,low_jitter,Lateral Rotation,,[],0,False,56,train,2
11704643,E03_P56_AF_VLL_GF.mp4,E03_P56_AF_VLL_GF,6625863,E03,P56,F,LL,F,front,low_light,Lateral Rotation,,[],0,False,56,train,2
11704755,E03_P56_AF_VML_GF.mp4,E03_P56_AF_VML_GF,7043263,E03,P56,F,ML,F,front,medium_light,Lateral Rotation,,[],0,False,56,train,2
11704713,E03_P56_AR_VFL_GF.mp4,E03_P56_AR_VFL_GF,5970245,E03,P56,R,FL,F,right,full_light,Lateral Rotation,,[],0,False,56,train,2
11704673,E03_P57_AF_VHJ_GF.mp4,E03_P57_AF_VHJ_GF,8554917,E03,P57,F,HJ,F,front,high_jitter,Lateral Rotation,,[],0,False,57,train,1
11704694,E03_P57_AF_VLJ_GF.mp4,E03_P57_AF_VLJ_GF,5889829,E03,P57,F,LJ,F,front,low_jitter,Lateral Rotation,,[],0,False,57,train,1
11704648,E03_P57_AF_VLL_GF.mp4,E03_P57_AF_VLL_GF,9172963,E03,P57,F,LL,F,front,low_light,Lateral Rotation,,[],0,False,57,train,1
11704684,E03_P57_AF_VLR_GF.mp4,E03_P57_AF_VLR_GF,6119057,E03,P57,F,LR,F,front,low_resolution,Lateral Rotation,,[],0,False,57,train,1
11704658,E03_P57_AF_VML_GF.mp4,E03_P57_AF_VML_GF,5478767,E03,P57,F,ML,F,front,medium_light,Lateral Rotation,,[],0,False,57,train,1
11704660,E03_P57_AL_VFL_GF.mp4,E03_P57_AL_VFL_GF,6535014,E03,P57,L,FL,F,left,full_light,Lateral Rotation,,[],0,False,57,train,1
11704633,E03_P57_AR_VFL_GF.mp4,E03_P57_AR_VFL_GF,6648984,E03,P57,R,FL,F,right,full_light,Lateral Rotation,,[],0,False,57,train,1
11704764,E03_P58_AF_VHJ_GF.mp4,E03_P58_AF_VHJ_GF,7100377,E03,P58,F,HJ,F,front,high_jitter,Lateral Rotation,,[],0,False,58,train,4
11704682,E03_P58_AF_VLJ_GF.mp4,E03_P58_AF_VLJ_GF,8268265,E03,P58,F,LJ,F,front,low_jitter,Lateral Rotation,,[],0,False,58,train,4
11704632,E03_P58_AF_VLL_GF.mp4,E03_P58_AF_VLL_GF,7463068,E03,P58,F,LL,F,front,low_light,Lateral Rotation,,[],0,False,58,train,4
11704769,E03_P58_AF_VLR_GF.mp4,E03_P58_AF_VLR_GF,8297295,E03,P58,F,LR,F,front,low_resolution,Lateral Rotation,,[],0,False,58,train,4
11704636,E03_P58_AF_VML_GF.mp4,E03_P58_AF_VML_GF,6711761,E03,P58,F,ML,F,front,medium_light,Lateral Rotation,,[],0,False,58,train,4
11704635,E03_P58_AL_VFL_GF.mp4,E03_P58_AL_VFL_GF,8463930,E03,P58,L,FL,F,left,full_light,Lateral Rotation,,[],0,False,58,train,4
11704742,E03_P58_AR_VFL_GF.mp4,E03_P58_AR_VFL_GF,8209580,E03,P58,R,FL,F,right,full_light,Lateral Rotation,,[],0,False,58,train,4
11704709,E03_P59_AF_VFL_GF.mp4,E03_P59_AF_VFL_GF,5584762,E03,P59,F,FL,F,front,full_light,Lateral Rotation,,[],0,False,59,train,3
11704724,E03_P59_AF_VHJ_GF.mp4,E03_P59_AF_VHJ_GF,7499965,E03,P59,F,HJ,F,front,high_jitter,Lateral Rotation,,[],0,False,59,train,3
11704768,E03_P59_AF_VLJ_GF.mp4,E03_P59_AF_VLJ_GF,7094689,E03,P59,F,LJ,F,front,low_jitter,Lateral Rotation,,[],0,False,59,train,3
11704733,E03_P59_AF_VLL_GF.mp4,E03_P59_AF_VLL_GF,6967585,E03,P59,F,LL,F,front,low_light,Lateral Rotation,,[],0,False,59,train,3
11704759,E03_P59_AL_VFL_GF.mp4,E03_P59_AL_VFL_GF,6665604,E03,P59,L,FL,F,left,full_light,Lateral Rotation,,[],0,False,59,train,3
11704730,E03_P59_AR_VFL_GF.mp4,E03_P59_AR_VFL_GF,5794720,E03,P59,R,FL,F,right,full_light,Lateral Rotation,,[],0,False,59,train,3
11704706,E03_P60_AF_VFL_GF.mp4,E03_P60_AF_VFL_GF,4928495,E03,P60,F,FL,F,front,full_light,Lateral Rotation,,[],0,False,60,train,1
11704640,E03_P60_AF_VLJ_GF.mp4,E03_P60_AF_VLJ_GF,5206724,E03,P60,F,LJ,F,front,low_jitter,Lateral Rotation,,[],0,False,60,train,1
11704622,E03_P60_AF_VLL_GF.mp4,E03_P60_AF_VLL_GF,1100071,E03,P60,F,LL,F,front,low_light,Lateral Rotation,,[],0,False,60,train,1
11704727,E03_P60_AF_VML_GF.mp4,E03_P60_AF_VML_GF,5138561,E03,P60,F,ML,F,front,medium_light,Lateral Rotation,,[],0,False,60,train,1
11704749,E03_P60_AF_VO_GF.mp4,E03_P60_AF_VO_GF,6124698,E03,P60,F,O,F,front,occlusion,Lateral Rotation,,[],0,False,60,train,1
11704634,E03_P60_AL_VFL_GF.mp4,E03_P60_AL_VFL_GF,5577798,E03,P60,L,FL,F,left,full_light,Lateral Rotation,,[],0,False,60,train,1
11704655,E03_P60_AR_VFL_GF.mp4,E03_P60_AR_VFL_GF,4923678,E03,P60,R,FL,F,right,full_light,Lateral Rotation,,[],0,False,60,train,1
11704654,E03_P61_AF_VFL_GF.mp4,E03_P61_AF_VFL_GF,7130033,E03,P61,F,FL,F,front,full_light,Lateral Rotation,,[],0,False,61,val,1
11704743,E03_P61_AF_VHJ_GF.mp4,E03_P61_AF_VHJ_GF,7553294,E03,P61,F,HJ,F,front,high_jitter,Lateral Rotation,,[],0,False,61,val,1
11704661,E03_P61_AF_VLJ_GF.mp4,E03_P61_AF_VLJ_GF,6613299,E03,P61,F,LJ,F,front,low_jitter,Lateral Rotation,,[],0,False,61,val,1
11704680,E03_P61_AF_VLL_GF.mp4,E03_P61_AF_VLL_GF,6565588,E03,P61,F,LL,F,front,low_light,Lateral Rotation,,[],0,False,61,val,1
11704637,E03_P61_AF_VML_GF.mp4,E03_P61_AF_VML_GF,6543965,E03,P61,F,ML,F,front,medium_light,Lateral Rotation,,[],0,False,61,val,1
11704651,E03_P61_AF_VO_GF.mp4,E03_P61_AF_VO_GF,8090329,E03,P61,F,O,F,front,occlusion,Lateral Rotation,,[],0,False,61,val,1
11704666,E03_P61_AL_VFL_GF.mp4,E03_P61_AL_VFL_GF,6528770,E03,P61,L,FL,F,left,full_light,Lateral Rotation,,[],0,False,61,val,1
11704708,E03_P61_AR_VFL_GF.mp4,E03_P61_AR_VFL_GF,7378910,E03,P61,R,FL,F,right,full_light,Lateral Rotation,,[],0,False,61,val,1
11704646,E03_P62_AF_VFL_GF.mp4,E03_P62_AF_VFL_GF,8187373,E03,P62,F,FL,F,front,full_light,Lateral Rotation,,[],0,False,62,train,1
11704712,E03_P62_AF_VHJ_GF.mp4,E03_P62_AF_VHJ_GF,7963718,E03,P62,F,HJ,F,front,high_jitter,Lateral Rotation,,[],0,False,62,train,1
11704659,E03_P62_AF_VLJ_GF.mp4,E03_P62_AF_VLJ_GF,6723728,E03,P62,F,LJ,F,front,low_jitter,Lateral Rotation,,[],0,False,62,train,1
11704639,E03_P62_AF_VLR_GF.mp4,E03_P62_AF_VLR_GF,6710119,E03,P62,F,LR,F,front,low_resolution,Lateral Rotation,,[],0,False,62,train,1
11704750,E03_P62_AF_VO_GF.mp4,E03_P62_AF_VO_GF,7270282,E03,P62,F,O,F,front,occlusion,Lateral Rotation,,[],0,False,62,train,1
11704621,E03_P62_AL_VFL_GF.mp4,E03_P62_AL_VFL_GF,6608194,E03,P62,L,FL,F,left,full_light,Lateral Rotation,,[],0,False,62,train,1
11731708,E04_P01_AF_VFL_GM.mp4,E04_P01_AF_VFL_GM,63045257,E04,P01,F,FL,M,front,full_light,Medial Rotation,78.0952381,"[75.7143, 82.8571, 75.7143]",3,True,1,train,2
11731716,E04_P01_AF_VHJ_GM.mp4,E04_P01_AF_VHJ_GM,69643237,E04,P01,F,HJ,M,front,high_jitter,Medial Rotation,80.47619048,"[82.8571, 82.8571, 75.7143]",3,True,1,train,2
11731720,E04_P01_AF_VLJ_GM.mp4,E04_P01_AF_VLJ_GM,65431258,E04,P01,F,LJ,M,front,low_jitter,Medial Rotation,77.61904762,"[80.0, 80.0, 72.8571]",3,True,1,train,2
11731736,E04_P01_AF_VLL_GM.mp4,E04_P01_AF_VLL_GM,53537866,E04,P01,F,LL,M,front,low_light,Medial Rotation,77.61904762,"[80.0, 80.0, 72.8571]",3,True,1,train,2
11731725,E04_P01_AF_VML_GM.mp4,E04_P01_AF_VML_GM,61847376,E04,P01,F,ML,M,front,medium_light,Medial Rotation,81.9047619,"[84.2857, 84.2857, 77.1429]",3,True,1,train,2
11731727,E04_P01_AF_VO_GM.mp4,E04_P01_AF_VO_GM,72235269,E04,P01,F,O,M,front,occlusion,Medial Rotation,80.47619048,"[82.8571, 82.8571, 75.7143]",3,True,1,train,2
11731754,E04_P01_AL_VFL_GM.mp4,E04_P01_AL_VFL_GM,15687453,E04,P01,L,FL,M,left,full_light,Medial Rotation,73.80952381,"[71.4286, 78.5714, 71.4286]",3,True,1,train,2
11731748,E04_P01_AL_VHJ_GM.mp4,E04_P01_AL_VHJ_GM,40776422,E04,P01,L,HJ,M,left,high_jitter,Medial Rotation,77.61904762,"[80.0, 80.0, 72.8571]",3,True,1,train,2
11731733,E04_P01_AL_VLJ_GM.mp4,E04_P01_AL_VLJ_GM,49328730,E04,P01,L,LJ,M,left,low_jitter,Medial Rotation,74.76190476,"[77.1429, 77.1429, 70.0]",3,True,1,train,2
11731751,E04_P01_AL_VLL_GM.mp4,E04_P01_AL_VLL_GM,22904007,E04,P01,L,LL,M,left,low_light,Medial Rotation,77.61904762,"[80.0, 80.0, 72.8571]",3,True,1,train,2
11731719,E04_P01_AL_VML_GM.mp4,E04_P01_AL_VML_GM,15146923,E04,P01,L,ML,M,left,medium_light,Medial Rotation,81.9047619,"[84.2857, 84.2857, 77.1429]",3,True,1,train,2
11731723,E04_P01_AL_VO_GM.mp4,E04_P01_AL_VO_GM,24619601,E04,P01,L,O,M,left,occlusion,Medial Rotation,80.47619048,"[82.8571, 82.8571, 75.7143]",3,True,1,train,2
11731717,E04_P01_AR_VFL_GM.mp4,E04_P01_AR_VFL_GM,37948929,E04,P01,R,FL,M,right,full_light,Medial Rotation,76.66666667,"[74.2857, 81.4286, 74.2857]",3,True,1,train,2
11731734,E04_P01_AR_VHJ_GM.mp4,E04_P01_AR_VHJ_GM,71759883,E04,P01,R,HJ,M,right,high_jitter,Medial Rotation,81.9047619,"[84.2857, 84.2857, 77.1429]",3,True,1,train,2
11731724,E04_P01_AR_VLJ_GM.mp4,E04_P01_AR_VLJ_GM,64839170,E04,P01,R,LJ,M,right,low_jitter,Medial Rotation,77.61904762,"[80.0, 80.0, 72.8571]",3,True,1,train,2
11731722,E04_P01_AR_VLL_GM.mp4,E04_P01_AR_VLL_GM,43149738,E04,P01,R,LL,M,right,low_light,Medial Rotation,77.61904762,"[80.0, 80.0, 72.8571]",3,True,1,train,2
11731713,E04_P01_AR_VML_GM.mp4,E04_P01_AR_VML_GM,55753724,E04,P01,R,ML,M,right,medium_light,Medial Rotation,81.9047619,"[84.2857, 84.2857, 77.1429]",3,True,1,train,2
11731714,E04_P01_AR_VO_GM.mp4,E04_P01_AR_VO_GM,66013735,E04,P01,R,O,M,right,occlusion,Medial Rotation,76.19047619,"[78.5714, 78.5714, 71.4286]",3,True,1,train,2
11731744,E04_P02_AF_VFL_GM.mp4,E04_P02_AF_VFL_GM,6140870,E04,P02,F,FL,M,front,full_light,Medial Rotation,66.66666667,"[64.2857, 71.4286, 64.2857]",3,True,2,train,0
11731746,E04_P02_AF_VHJ_GM.mp4,E04_P02_AF_VHJ_GM,24572293,E04,P02,F,HJ,M,front,high_jitter,Medial Rotation,66.66666667,"[64.2857, 71.4286, 64.2857]",3,True,2,train,0
11731761,E04_P02_AF_VLJ_GM.mp4,E04_P02_AF_VLJ_GM,22452518,E04,P02,F,LJ,M,front,low_jitter,Medial Rotation,66.66666667,"[64.2857, 71.4286, 64.2857]",3,True,2,train,0
11731732,E04_P02_AF_VLL_GM.mp4,E04_P02_AF_VLL_GM,22973271,E04,P02,F,LL,M,front,low_light,Medial Rotation,64.28571429,"[64.2857, 64.2857, 64.2857]",3,True,2,train,0
11731749,E04_P02_AF_VML_GM.mp4,E04_P02_AF_VML_GM,8671928,E04,P02,F,ML,M,front,medium_light,Medial Rotation,66.66666667,"[71.4286, 64.2857, 64.2857]",3,True,2,train,0
11731728,E04_P02_AF_VO_GM.mp4,E04_P02_AF_VO_GM,10813503,E04,P02,F,O,M,front,occlusion,Medial Rotation,77.61904762,"[80.0, 80.0, 72.8571]",3,True,2,train,0
11731743,E04_P02_AL_VFL_GM.mp4,E04_P02_AL_VFL_GM,39779128,E04,P02,L,FL,M,left,full_light,Medial Rotation,66.66666667,"[64.2857, 71.4286, 64.2857]",3,True,2,train,0
11731711,E04_P02_AL_VHJ_GM.mp4,E04_P02_AL_VHJ_GM,42396093,E04,P02,L,HJ,M,left,high_jitter,Medial Rotation,66.66666667,"[64.2857, 71.4286, 64.2857]",3,True,2,train,0
11731718,E04_P02_AL_VLJ_GM.mp4,E04_P02_AL_VLJ_GM,39707348,E04,P02,L,LJ,M,left,low_jitter,Medial Rotation,66.66666667,"[64.2857, 71.4286, 64.2857]",3,True,2,train,0
11731742,E04_P02_AL_VLL_GM.mp4,E04_P02_AL_VLL_GM,36058139,E04,P02,L,LL,M,left,low_light,Medial Rotation,64.28571429,"[64.2857, 64.2857, 64.2857]",3,True,2,train,0
11731756,E04_P02_AL_VML_GM.mp4,E04_P02_AL_VML_GM,42807403,E04,P02,L,ML,M,left,medium_light,Medial Rotation,66.66666667,"[71.4286, 64.2857, 64.2857]",3,True,2,train,0
11731747,E04_P02_AL_VO_GM.mp4,E04_P02_AL_VO_GM,40498068,E04,P02,L,O,M,left,occlusion,Medial Rotation,73.33333333,"[75.7143, 75.7143, 68.5714]",3,True,2,train,0
11731726,E04_P02_AR_VFL_GM.mp4,E04_P02_AR_VFL_GM,30293594,E04,P02,R,FL,M,right,full_light,Medial Rotation,66.66666667,"[64.2857, 71.4286, 64.2857]",3,True,2,train,0
11731737,E04_P02_AR_VHJ_GM.mp4,E04_P02_AR_VHJ_GM,42911242,E04,P02,R,HJ,M,right,high_jitter,Medial Rotation,66.66666667,"[64.2857, 71.4286, 64.2857]",3,True,2,train,0
11731735,E04_P02_AR_VLJ_GM.mp4,E04_P02_AR_VLJ_GM,39602161,E04,P02,R,LJ,M,right,low_jitter,Medial Rotation,66.66666667,"[64.2857, 71.4286, 64.2857]",3,True,2,train,0
11731710,E04_P02_AR_VLL_GM.mp4,E04_P02_AR_VLL_GM,38272334,E04,P02,R,LL,M,right,low_light,Medial Rotation,64.28571429,"[64.2857, 64.2857, 64.2857]",3,True,2,train,0
11731759,E04_P02_AR_VML_GM.mp4,E04_P02_AR_VML_GM,32544801,E04,P02,R,ML,M,right,medium_light,Medial Rotation,66.66666667,"[71.4286, 64.2857, 64.2857]",3,True,2,train,0
11731729,E04_P02_AR_VO_GM.mp4,E04_P02_AR_VO_GM,34499991,E04,P02,R,O,M,right,occlusion,Medial Rotation,73.33333333,"[75.7143, 75.7143, 68.5714]",3,True,2,train,0
11731715,E04_P03_AF_VFL_GM.mp4,E04_P03_AF_VFL_GM,8820890,E04,P03,F,FL,M,front,full_light,Medial Rotation,81.9047619,"[84.2857, 77.1429, 84.2857]",3,True,3,train,3
11731721,E04_P03_AF_VHJ_GM.mp4,E04_P03_AF_VHJ_GM,34837668,E04,P03,F,HJ,M,front,high_jitter,Medial Rotation,67.14285714,"[67.1429, 74.2857, 60.0]",3,True,3,train,3
11731758,E04_P03_AF_VLJ_GM.mp4,E04_P03_AF_VLJ_GM,39845263,E04,P03,F,LJ,M,front,low_jitter,Medial Rotation,75.23809524,"[80.0, 80.0, 65.7143]",3,True,3,train,3
11731740,E04_P03_AF_VLL_GM.mp4,E04_P03_AF_VLL_GM,50675303,E04,P03,F,LL,M,front,low_light,Medial Rotation,81.9047619,"[84.2857, 84.2857, 77.1429]",3,True,3,train,3
11731750,E04_P03_AF_VML_GM.mp4,E04_P03_AF_VML_GM,15745760,E04,P03,F,ML,M,front,medium_light,Medial Rotation,78.0952381,"[82.8571, 75.7143, 75.7143]",3,True,3,train,3
11731752,E04_P03_AF_VO_GM.mp4,E04_P03_AF_VO_GM,17687611,E04,P03,F,O,M,front,occlusion,Medial Rotation,81.9047619,"[84.2857, 84.2857, 77.1429]",3,True,3,train,3
11731731,E04_P03_AL_VFL_GM.mp4,E04_P03_AL_VFL_GM,63986043,E04,P03,L,FL,M,left,full_light,Medial Rotation,81.9047619,"[84.2857, 77.1429, 84.2857]",3,True,3,train,3
11731757,E04_P03_AL_VHJ_GM.mp4,E04_P03_AL_VHJ_GM,62605215,E04,P03,L,HJ,M,left,high_jitter,Medial Rotation,77.14285714,"[77.1429, 84.2857, 70.0]",3,True,3,train,3
11731753,E04_P03_AL_VLJ_GM.mp4,E04_P03_AL_VLJ_GM,64902521,E04,P03,L,LJ,M,left,low_jitter,Medial Rotation,78.0952381,"[82.8571, 82.8571, 68.5714]",3,True,3,train,3
11731745,E04_P03_AL_VLL_GM.mp4,E04_P03_AL_VLL_GM,59945638,E04,P03,L,LL,M,left,low_light,Medial Rotation,81.9047619,"[84.2857, 84.2857, 77.1429]",3,True,3,train,3
11731755,E04_P03_AL_VML_GM.mp4,E04_P03_AL_VML_GM,64842904,E04,P03,L,ML,M,left,medium_light,Medial Rotation,79.52380952,"[84.2857, 77.1429, 77.1429]",3,True,3,train,3
11731712,E04_P03_AL_VO_GM.mp4,E04_P03_AL_VO_GM,59551293,E04,P03,L,O,M,left,occlusion,Medial Rotation,81.9047619,"[84.2857, 84.2857, 77.1429]",3,True,3,train,3
11731760,E04_P03_AR_VFL_GM.mp4,E04_P03_AR_VFL_GM,9408753,E04,P03,R,FL,M,right,full_light,Medial Rotation,81.9047619,"[84.2857, 77.1429, 84.2857]",3,True,3,train,3
11731709,E04_P03_AR_VHJ_GM.mp4,E04_P03_AR_VHJ_GM,64039768,E04,P03,R,HJ,M,right,high_jitter,Medial Rotation,74.28571429,"[74.2857, 81.4286, 67.1429]",3,True,3,train,3
11731730,E04_P03_AR_VLJ_GM.mp4,E04_P03_AR_VLJ_GM,53756444,E04,P03,R,LJ,M,right,low_jitter,Medial Rotation,79.52380952,"[84.2857, 84.2857, 70.0]",3,True,3,train,3
11731741,E04_P03_AR_VLL_GM.mp4,E04_P03_AR_VLL_GM,22951328,E04,P03,R,LL,M,right,low_light,Medial Rotation,71.9047619,"[74.2857, 74.2857, 67.1429]",3,True,3,train,3
11731738,E04_P03_AR_VML_GM.mp4,E04_P03_AR_VML_GM,10442636,E04,P03,R,ML,M,right,medium_light,Medial Rotation,78.0952381,"[82.8571, 75.7143, 75.7143]",3,True,3,train,3
11731739,E04_P03_AR_VO_GM.mp4,E04_P03_AR_VO_GM,18009885,E04,P03,R,O,M,right,occlusion,Medial Rotation,81.9047619,"[84.2857, 84.2857, 77.1429]",3,True,3,train,3
11731804,E04_P04_AF_VFL_GM.mp4,E04_P04_AF_VFL_GM,11302529,E04,P04,F,FL,M,front,full_light,Medial Rotation,57.14285714,"[57.1429, 57.1429, 57.1429]",3,True,4,train,1
11731796,E04_P04_AF_VHJ_GM.mp4,E04_P04_AF_VHJ_GM,27420748,E04,P04,F,HJ,M,front,high_jitter,Medial Rotation,66.66666667,"[64.2857, 71.4286, 64.2857]",3,True,4,train,1
11731773,E04_P04_AF_VLJ_GM.mp4,E04_P04_AF_VLJ_GM,24767173,E04,P04,F,LJ,M,front,low_jitter,Medial Rotation,66.66666667,"[64.2857, 64.2857, 71.4286]",3,True,4,train,1
11731784,E04_P04_AF_VLL_GM.mp4,E04_P04_AF_VLL_GM,35201880,E04,P04,F,LL,M,front,low_light,Medial Rotation,64.28571429,"[64.2857, 64.2857, 64.2857]",3,True,4,train,1
11731765,E04_P04_AF_VML_GM.mp4,E04_P04_AF_VML_GM,16165975,E04,P04,F,ML,M,front,medium_light,Medial Rotation,64.28571429,"[64.2857, 64.2857, 64.2857]",3,True,4,train,1
11731767,E04_P04_AF_VO_GM.mp4,E04_P04_AF_VO_GM,12512460,E04,P04,F,O,M,front,occlusion,Medial Rotation,61.9047619,"[71.4286, 57.1429, 57.1429]",3,True,4,train,1
11731806,E04_P04_AL_VFL_GM.mp4,E04_P04_AL_VFL_GM,51207646,E04,P04,L,FL,M,left,full_light,Medial Rotation,57.14285714,"[57.1429, 57.1429, 57.1429]",3,True,4,train,1
11731768,E04_P04_AL_VHJ_GM.mp4,E04_P04_AL_VHJ_GM,53689115,E04,P04,L,HJ,M,left,high_jitter,Medial Rotation,66.66666667,"[64.2857, 71.4286, 64.2857]",3,True,4,train,1
11731775,E04_P04_AL_VLJ_GM.mp4,E04_P04_AL_VLJ_GM,47985736,E04,P04,L,LJ,M,left,low_jitter,Medial Rotation,66.66666667,"[64.2857, 64.2857, 71.4286]",3,True,4,train,1
11731811,E04_P04_AL_VLL_GM.mp4,E04_P04_AL_VLL_GM,51816979,E04,P04,L,LL,M,left,low_light,Medial Rotation,64.28571429,"[64.2857, 64.2857, 64.2857]",3,True,4,train,1
11731803,E04_P04_AL_VML_GM.mp4,E04_P04_AL_VML_GM,55021194,E04,P04,L,ML,M,left,medium_light,Medial Rotation,64.28571429,"[64.2857, 64.2857, 64.2857]",3,True,4,train,1
11731799,E04_P04_AL_VO_GM.mp4,E04_P04_AL_VO_GM,49174829,E04,P04,L,O,M,left,occlusion,Medial Rotation,61.9047619,"[71.4286, 57.1429, 57.1429]",3,True,4,train,1
11731771,E04_P04_AR_VFL_GM.mp4,E04_P04_AR_VFL_GM,7312508,E04,P04,R,FL,M,right,full_light,Medial Rotation,57.14285714,"[57.1429, 57.1429, 57.1429]",3,True,4,train,1
11731788,E04_P04_AR_VHJ_GM.mp4,E04_P04_AR_VHJ_GM,54111916,E04,P04,R,HJ,M,right,high_jitter,Medial Rotation,66.66666667,"[64.2857, 71.4286, 64.2857]",3,True,4,train,1
11731807,E04_P04_AR_VLJ_GM.mp4,E04_P04_AR_VLJ_GM,39558204,E04,P04,R,LJ,M,right,low_jitter,Medial Rotation,66.66666667,"[64.2857, 64.2857, 71.4286]",3,True,4,train,1
11731769,E04_P04_AR_VLL_GM.mp4,E04_P04_AR_VLL_GM,8213046,E04,P04,R,LL,M,right,low_light,Medial Rotation,64.28571429,"[64.2857, 64.2857, 64.2857]",3,True,4,train,1
11731789,E04_P04_AR_VML_GM.mp4,E04_P04_AR_VML_GM,8184320,E04,P04,R,ML,M,right,medium_light,Medial Rotation,64.28571429,"[64.2857, 64.2857, 64.2857]",3,True,4,train,1
11731805,E04_P04_AR_VO_GM.mp4,E04_P04_AR_VO_GM,15369320,E04,P04,R,O,M,right,occlusion,Medial Rotation,61.9047619,"[71.4286, 57.1429, 57.1429]",3,True,4,train,1
11731780,E04_P05_AF_VFL_GM.mp4,E04_P05_AF_VFL_GM,9628567,E04,P05,F,FL,M,front,full_light,Medial Rotation,92.85714286,"[92.8571, 100.0, 85.7143]",3,True,5,train,3
11731782,E04_P05_AF_VHJ_GM.mp4,E04_P05_AF_VHJ_GM,24673579,E04,P05,F,HJ,M,front,high_jitter,Medial Rotation,90.47619048,"[92.8571, 92.8571, 85.7143]",3,True,5,train,3
11731795,E04_P05_AF_VLJ_GM.mp4,E04_P05_AF_VLJ_GM,22476562,E04,P05,F,LJ,M,front,low_jitter,Medial Rotation,95.23809524,"[100.0, 100.0, 85.7143]",3,True,5,train,3
11731809,E04_P05_AF_VLL_GM.mp4,E04_P05_AF_VLL_GM,29489333,E04,P05,F,LL,M,front,low_light,Medial Rotation,79.52380952,"[84.2857, 84.2857, 70.0]",3,True,5,train,3
11731810,E04_P05_AF_VML_GM.mp4,E04_P05_AF_VML_GM,7207228,E04,P05,F,ML,M,front,medium_light,Medial Rotation,78.0952381,"[82.8571, 82.8571, 68.5714]",3,True,5,train,3
11731766,E04_P05_AF_VO_GM.mp4,E04_P05_AF_VO_GM,11533211,E04,P05,F,O,M,front,occlusion,Medial Rotation,80.0,"[80.0, 80.0, 80.0]",3,True,5,train,3
11731792,E04_P05_AL_VFL_GM.mp4,E04_P05_AL_VFL_GM,58224421,E04,P05,L,FL,M,left,full_light,Medial Rotation,92.85714286,"[92.8571, 100.0, 85.7143]",3,True,5,train,3
11731798,E04_P05_AL_VHJ_GM.mp4,E04_P05_AL_VHJ_GM,50781133,E04,P05,L,HJ,M,left,high_jitter,Medial Rotation,90.47619048,"[92.8571, 92.8571, 85.7143]",3,True,5,train,3
11731813,E04_P05_AL_VLJ_GM.mp4,E04_P05_AL_VLJ_GM,49573635,E04,P05,L,LJ,M,left,low_jitter,Medial Rotation,95.23809524,"[100.0, 100.0, 85.7143]",3,True,5,train,3
11731781,E04_P05_AL_VLL_GM.mp4,E04_P05_AL_VLL_GM,47603548,E04,P05,L,LL,M,left,low_light,Medial Rotation,78.0952381,"[82.8571, 82.8571, 68.5714]",3,True,5,train,3
11731779,E04_P05_AL_VML_GM.mp4,E04_P05_AL_VML_GM,48370448,E04,P05,L,ML,M,left,medium_light,Medial Rotation,79.52380952,"[84.2857, 84.2857, 70.0]",3,True,5,train,3
11731786,E04_P05_AL_VO_GM.mp4,E04_P05_AL_VO_GM,46127126,E04,P05,L,O,M,left,occlusion,Medial Rotation,82.85714286,"[82.8571, 82.8571, 82.8571]",3,True,5,train,3
11731808,E04_P05_AR_VFL_GM.mp4,E04_P05_AR_VFL_GM,9000013,E04,P05,R,FL,M,right,full_light,Medial Rotation,92.85714286,"[92.8571, 100.0, 85.7143]",3,True,5,train,3
11731785,E04_P05_AR_VHJ_GM.mp4,E04_P05_AR_VHJ_GM,55395893,E04,P05,R,HJ,M,right,high_jitter,Medial Rotation,70.47619048,"[72.8571, 72.8571, 65.7143]",3,True,5,train,3
11731812,E04_P05_AR_VLJ_GM.mp4,E04_P05_AR_VLJ_GM,35336742,E04,P05,R,LJ,M,right,low_jitter,Medial Rotation,95.23809524,"[100.0, 100.0, 85.7143]",3,True,5,train,3
11731790,E04_P05_AR_VLL_GM.mp4,E04_P05_AR_VLL_GM,8882404,E04,P05,R,LL,M,right,low_light,Medial Rotation,79.52380952,"[84.2857, 84.2857, 70.0]",3,True,5,train,3
11731763,E04_P05_AR_VML_GM.mp4,E04_P05_AR_VML_GM,8644851,E04,P05,R,ML,M,right,medium_light,Medial Rotation,78.0952381,"[82.8571, 82.8571, 68.5714]",3,True,5,train,3
11731814,E04_P05_AR_VO_GM.mp4,E04_P05_AR_VO_GM,13886827,E04,P05,R,O,M,right,occlusion,Medial Rotation,80.0,"[80.0, 80.0, 80.0]",3,True,5,train,3
11731770,E04_P06_AF_VFL_GM.mp4,E04_P06_AF_VFL_GM,10815896,E04,P06,F,FL,M,front,full_light,Medial Rotation,100.0,"[100.0, 100.0, 100.0]",3,True,6,train,3
11731783,E04_P06_AF_VHJ_GM.mp4,E04_P06_AF_VHJ_GM,26301741,E04,P06,F,HJ,M,front,high_jitter,Medial Rotation,84.28571429,"[84.2857, 84.2857, 84.2857]",3,True,6,train,3
11731774,E04_P06_AF_VLJ_GM.mp4,E04_P06_AF_VLJ_GM,30211439,E04,P06,F,LJ,M,front,low_jitter,Medial Rotation,100.0,"[100.0, 100.0, 100.0]",3,True,6,train,3
11731778,E04_P06_AF_VLL_GM.mp4,E04_P06_AF_VLL_GM,29418271,E04,P06,F,LL,M,front,low_light,Medial Rotation,84.28571429,"[84.2857, 84.2857, 84.2857]",3,True,6,train,3
11731801,E04_P06_AF_VML_GM.mp4,E04_P06_AF_VML_GM,12710248,E04,P06,F,ML,M,front,medium_light,Medial Rotation,84.28571429,"[84.2857, 84.2857, 84.2857]",3,True,6,train,3
11731815,E04_P06_AF_VO_GM.mp4,E04_P06_AF_VO_GM,15508637,E04,P06,F,O,M,front,occlusion,Medial Rotation,84.28571429,"[84.2857, 84.2857, 84.2857]",3,True,6,train,3
11731764,E04_P06_AL_VFL_GM.mp4,E04_P06_AL_VFL_GM,60625266,E04,P06,L,FL,M,left,full_light,Medial Rotation,84.28571429,"[84.2857, 84.2857, 84.2857]",3,True,6,train,3
11731772,E04_P06_AL_VHJ_GM.mp4,E04_P06_AL_VHJ_GM,49848437,E04,P06,L,HJ,M,left,high_jitter,Medial Rotation,82.85714286,"[82.8571, 82.8571, 82.8571]",3,True,6,train,3
11731797,E04_P06_AL_VLJ_GM.mp4,E04_P06_AL_VLJ_GM,59652542,E04,P06,L,LJ,M,left,low_jitter,Medial Rotation,81.42857143,"[81.4286, 81.4286, 81.4286]",3,True,6,train,3
11731802,E04_P06_AL_VLL_GM.mp4,E04_P06_AL_VLL_GM,55309529,E04,P06,L,LL,M,left,low_light,Medial Rotation,82.85714286,"[82.8571, 82.8571, 82.8571]",3,True,6,train,3
11731787,E04_P06_AL_VML_GM.mp4,E04_P06_AL_VML_GM,58139111,E04,P06,L,ML,M,left,medium_light,Medial Rotation,84.28571429,"[84.2857, 84.2857, 84.2857]",3,True,6,train,3
11731776,E04_P06_AL_VO_GM.mp4,E04_P06_AL_VO_GM,61351197,E04,P06,L,O,M,left,occlusion,Medial Rotation,82.85714286,"[82.8571, 82.8571, 82.8571]",3,True,6,train,3
11731794,E04_P06_AR_VFL_GM.mp4,E04_P06_AR_VFL_GM,9342339,E04,P06,R,FL,M,right,full_light,Medial Rotation,84.28571429,"[84.2857, 84.2857, 84.2857]",3,True,6,train,3
11731791,E04_P06_AR_VHJ_GM.mp4,E04_P06_AR_VHJ_GM,63615974,E04,P06,R,HJ,M,right,high_jitter,Medial Rotation,84.28571429,"[84.2857, 84.2857, 84.2857]",3,True,6,train,3
11731762,E04_P06_AR_VLJ_GM.mp4,E04_P06_AR_VLJ_GM,41935056,E04,P06,R,LJ,M,right,low_jitter,Medial Rotation,80.0,"[80.0, 80.0, 80.0]",3,True,6,train,3
11731800,E04_P06_AR_VLL_GM.mp4,E04_P06_AR_VLL_GM,10267649,E04,P06,R,LL,M,right,low_light,Medial Rotation,80.0,"[80.0, 80.0, 80.0]",3,True,6,train,3
11731793,E04_P06_AR_VML_GM.mp4,E04_P06_AR_VML_GM,9515053,E04,P06,R,ML,M,right,medium_light,Medial Rotation,81.42857143,"[81.4286, 81.4286, 81.4286]",3,True,6,train,3
11731777,E04_P06_AR_VO_GM.mp4,E04_P06_AR_VO_GM,14903790,E04,P06,R,O,M,right,occlusion,Medial Rotation,74.28571429,"[74.2857, 74.2857, 74.2857]",3,True,6,train,3
11731872,E04_P07_AF_VFL_GM.mp4,E04_P07_AF_VFL_GM,14850005,E04,P07,F,FL,M,front,full_light,Medial Rotation,65.71428571,"[65.7143, 58.5714, 72.8571]",3,True,7,train,0
11731873,E04_P07_AF_VHJ_GM.mp4,E04_P07_AF_VHJ_GM,28650179,E04,P07,F,HJ,M,front,high_jitter,Medial Rotation,57.14285714,"[57.1429, 57.1429, 57.1429]",3,True,7,train,0
11731847,E04_P07_AF_VLJ_GM.mp4,E04_P07_AF_VLJ_GM,23396041,E04,P07,F,LJ,M,front,low_jitter,Medial Rotation,66.66666667,"[57.1429, 71.4286, 71.4286]",3,True,7,train,0
11731821,E04_P07_AF_VLL_GM.mp4,E04_P07_AF_VLL_GM,20195327,E04,P07,F,LL,M,front,low_light,Medial Rotation,77.14285714,"[77.1429, 77.1429, 77.1429]",3,True,7,train,0
11731819,E04_P07_AF_VML_GM.mp4,E04_P07_AF_VML_GM,9736352,E04,P07,F,ML,M,front,medium_light,Medial Rotation,70.95238095,"[68.5714, 75.7143, 68.5714]",3,True,7,train,0
11731876,E04_P07_AF_VO_GM.mp4,E04_P07_AF_VO_GM,13716589,E04,P07,F,O,M,front,occlusion,Medial Rotation,70.47619048,"[65.7143, 72.8571, 72.8571]",3,True,7,train,0
11731836,E04_P07_AL_VFL_GM.mp4,E04_P07_AL_VFL_GM,55006313,E04,P07,L,FL,M,left,full_light,Medial Rotation,67.14285714,"[67.1429, 60.0, 74.2857]",3,True,7,train,0
11731854,E04_P07_AL_VHJ_GM.mp4,E04_P07_AL_VHJ_GM,51051377,E04,P07,L,HJ,M,left,high_jitter,Medial Rotation,57.14285714,"[57.1429, 57.1429, 57.1429]",3,True,7,train,0
11731868,E04_P07_AL_VLJ_GM.mp4,E04_P07_AL_VLJ_GM,39756196,E04,P07,L,LJ,M,left,low_jitter,Medial Rotation,66.66666667,"[57.1429, 71.4286, 71.4286]",3,True,7,train,0
11731843,E04_P07_AL_VLL_GM.mp4,E04_P07_AL_VLL_GM,43772009,E04,P07,L,LL,M,left,low_light,Medial Rotation,72.85714286,"[72.8571, 72.8571, 72.8571]",3,True,7,train,0
11731831,E04_P07_AL_VML_GM.mp4,E04_P07_AL_VML_GM,43594818,E04,P07,L,ML,M,left,medium_light,Medial Rotation,68.0952381,"[65.7143, 72.8571, 65.7143]",3,True,7,train,0
11731816,E04_P07_AL_VO_GM.mp4,E04_P07_AL_VO_GM,45625732,E04,P07,L,O,M,left,occlusion,Medial Rotation,69.04761905,"[64.2857, 71.4286, 71.4286]",3,True,7,train,0
11731864,E04_P07_AR_VFL_GM.mp4,E04_P07_AR_VFL_GM,11309727,E04,P07,R,FL,M,right,full_light,Medial Rotation,65.71428571,"[65.7143, 58.5714, 72.8571]",3,True,7,train,0
11731874,E04_P07_AR_VHJ_GM.mp4,E04_P07_AR_VHJ_GM,51951171,E04,P07,R,HJ,M,right,high_jitter,Medial Rotation,57.14285714,"[57.1429, 57.1429, 57.1429]",3,True,7,train,0
11731861,E04_P07_AR_VLJ_GM.mp4,E04_P07_AR_VLJ_GM,30486853,E04,P07,R,LJ,M,right,low_jitter,Medial Rotation,66.66666667,"[57.1429, 71.4286, 71.4286]",3,True,7,train,0
11731879,E04_P07_AR_VLL_GM.mp4,E04_P07_AR_VLL_GM,11808730,E04,P07,R,LL,M,right,low_light,Medial Rotation,72.85714286,"[72.8571, 72.8571, 72.8571]",3,True,7,train,0
11731875,E04_P07_AR_VML_GM.mp4,E04_P07_AR_VML_GM,10328507,E04,P07,R,ML,M,right,medium_light,Medial Rotation,68.0952381,"[65.7143, 72.8571, 65.7143]",3,True,7,train,0
11731849,E04_P07_AR_VO_GM.mp4,E04_P07_AR_VO_GM,15538798,E04,P07,R,O,M,right,occlusion,Medial Rotation,69.04761905,"[64.2857, 71.4286, 71.4286]",3,True,7,train,0
11731885,E04_P08_AF_VFL_GM.mp4,E04_P08_AF_VFL_GM,11015759,E04,P08,F,FL,M,front,full_light,Medial Rotation,78.57142857,"[78.5714, 78.5714, 78.5714]",3,True,8,val,1
11731828,E04_P08_AF_VHJ_GM.mp4,E04_P08_AF_VHJ_GM,19244113,E04,P08,F,HJ,M,front,high_jitter,Medial Rotation,73.33333333,"[75.7143, 75.7143, 68.5714]",3,True,8,val,1
11731840,E04_P08_AF_VLJ_GM.mp4,E04_P08_AF_VLJ_GM,28428636,E04,P08,F,LJ,M,front,low_jitter,Medial Rotation,74.28571429,"[74.2857, 74.2857, 74.2857]",3,True,8,val,1
11731817,E04_P08_AF_VLL_GM.mp4,E04_P08_AF_VLL_GM,31603446,E04,P08,F,LL,M,front,low_light,Medial Rotation,74.28571429,"[74.2857, 74.2857, 74.2857]",3,True,8,val,1
11731851,E04_P08_AF_VML_GM.mp4,E04_P08_AF_VML_GM,18443919,E04,P08,F,ML,M,front,medium_light,Medial Rotation,82.85714286,"[82.8571, 82.8571, 82.8571]",3,True,8,val,1
11731886,E04_P08_AF_VO_GM.mp4,E04_P08_AF_VO_GM,11542816,E04,P08,F,O,M,front,occlusion,Medial Rotation,72.85714286,"[72.8571, 72.8571, 72.8571]",3,True,8,val,1
11731824,E04_P08_AL_VFL_GM.mp4,E04_P08_AL_VFL_GM,68967558,E04,P08,L,FL,M,left,full_light,Medial Rotation,84.28571429,"[84.2857, 84.2857, 84.2857]",3,True,8,val,1
11731838,E04_P08_AL_VHJ_GM.mp4,E04_P08_AL_VHJ_GM,35733483,E04,P08,L,HJ,M,left,high_jitter,Medial Rotation,76.19047619,"[78.5714, 78.5714, 71.4286]",3,True,8,val,1
11731853,E04_P08_AL_VLJ_GM.mp4,E04_P08_AL_VLJ_GM,55864812,E04,P08,L,LJ,M,left,low_jitter,Medial Rotation,75.71428571,"[75.7143, 75.7143, 75.7143]",3,True,8,val,1
11731877,E04_P08_AL_VLL_GM.mp4,E04_P08_AL_VLL_GM,58735495,E04,P08,L,LL,M,left,low_light,Medial Rotation,77.14285714,"[77.1429, 77.1429, 77.1429]",3,True,8,val,1
11731839,E04_P08_AL_VML_GM.mp4,E04_P08_AL_VML_GM,62744770,E04,P08,L,ML,M,left,medium_light,Medial Rotation,84.28571429,"[84.2857, 84.2857, 84.2857]",3,True,8,val,1
11731866,E04_P08_AL_VO_GM.mp4,E04_P08_AL_VO_GM,57229376,E04,P08,L,O,M,left,occlusion,Medial Rotation,72.85714286,"[72.8571, 72.8571, 72.8571]",3,True,8,val,1
11731870,E04_P08_AR_VFL_GM.mp4,E04_P08_AR_VFL_GM,10388645,E04,P08,R,FL,M,right,full_light,Medial Rotation,84.28571429,"[84.2857, 84.2857, 84.2857]",3,True,8,val,1
11731884,E04_P08_AR_VHJ_GM.mp4,E04_P08_AR_VHJ_GM,40755185,E04,P08,R,HJ,M,right,high_jitter,Medial Rotation,71.9047619,"[74.2857, 74.2857, 67.1429]",3,True,8,val,1
11731848,E04_P08_AR_VLJ_GM.mp4,E04_P08_AR_VLJ_GM,44927879,E04,P08,R,LJ,M,right,low_jitter,Medial Rotation,74.28571429,"[74.2857, 74.2857, 74.2857]",3,True,8,val,1
11731825,E04_P08_AR_VLL_GM.mp4,E04_P08_AR_VLL_GM,9689150,E04,P08,R,LL,M,right,low_light,Medial Rotation,77.14285714,"[77.1429, 77.1429, 77.1429]",3,True,8,val,1
11731863,E04_P08_AR_VML_GM.mp4,E04_P08_AR_VML_GM,10367928,E04,P08,R,ML,M,right,medium_light,Medial Rotation,82.85714286,"[82.8571, 82.8571, 82.8571]",3,True,8,val,1
11731827,E04_P08_AR_VO_GM.mp4,E04_P08_AR_VO_GM,13972521,E04,P08,R,O,M,right,occlusion,Medial Rotation,71.42857143,"[71.4286, 71.4286, 71.4286]",3,True,8,val,1
11731857,E04_P09_AF_VFL_GF.mp4,E04_P09_AF_VFL_GF,19728636,E04,P09,F,FL,F,front,full_light,Medial Rotation,75.71428571,"[75.7143, 75.7143, 75.7143]",3,True,9,train,1
11731826,E04_P09_AF_VLL_GF.mp4,E04_P09_AF_VLL_GF,31476680,E04,P09,F,LL,F,front,low_light,Medial Rotation,84.28571429,"[84.2857, 84.2857, 84.2857]",3,True,9,train,1
11731865,E04_P09_AF_VML_GF.mp4,E04_P09_AF_VML_GF,13620378,E04,P09,F,ML,F,front,medium_light,Medial Rotation,84.28571429,"[84.2857, 84.2857, 84.2857]",3,True,9,train,1
11731855,E04_P09_AF_VO_GF.mp4,E04_P09_AF_VO_GF,16278392,E04,P09,F,O,F,front,occlusion,Medial Rotation,97.61904762,"[100.0, 100.0, 92.8571]",3,True,9,train,1
11731880,E04_P09_AL_VFL_GF.mp4,E04_P09_AL_VFL_GF,69414890,E04,P09,L,FL,F,left,full_light,Medial Rotation,77.14285714,"[77.1429, 77.1429, 77.1429]",3,True,9,train,1
11731856,E04_P09_AL_VLL_GF.mp4,E04_P09_AL_VLL_GF,53478904,E04,P09,L,LL,F,left,low_light,Medial Rotation,84.28571429,"[84.2857, 84.2857, 84.2857]",3,True,9,train,1
11731822,E04_P09_AL_VML_GF.mp4,E04_P09_AL_VML_GF,61909295,E04,P09,L,ML,F,left,medium_light,Medial Rotation,81.42857143,"[81.4286, 81.4286, 81.4286]",3,True,9,train,1
11731882,E04_P09_AL_VO_GF.mp4,E04_P09_AL_VO_GF,49555371,E04,P09,L,O,F,left,occlusion,Medial Rotation,97.61904762,"[100.0, 100.0, 92.8571]",3,True,9,train,1
11731833,E04_P09_AR_VFL_GF.mp4,E04_P09_AR_VFL_GF,10402525,E04,P09,R,FL,F,right,full_light,Medial Rotation,77.14285714,"[77.1429, 77.1429, 77.1429]",3,True,9,train,1
11731858,E04_P09_AR_VLL_GF.mp4,E04_P09_AR_VLL_GF,9422859,E04,P09,R,LL,F,right,low_light,Medial Rotation,84.28571429,"[84.2857, 84.2857, 84.2857]",3,True,9,train,1
11731842,E04_P09_AR_VML_GF.mp4,E04_P09_AR_VML_GF,8960934,E04,P09,R,ML,F,right,medium_light,Medial Rotation,84.28571429,"[84.2857, 84.2857, 84.2857]",3,True,9,train,1
11731852,E04_P09_AR_VO_GF.mp4,E04_P09_AR_VO_GF,23815498,E04,P09,R,O,F,right,occlusion,Medial Rotation,97.61904762,"[100.0, 100.0, 92.8571]",3,True,9,train,1
11731883,E04_P10_AF_VFL_GF.mp4,E04_P10_AF_VFL_GF,16635258,E04,P10,F,FL,F,front,full_light,Medial Rotation,81.9047619,"[84.2857, 84.2857, 77.1429]",3,True,10,train,0
11731844,E04_P10_AF_VLL_GF.mp4,E04_P10_AF_VLL_GF,34944995,E04,P10,F,LL,F,front,low_light,Medial Rotation,79.04761905,"[81.4286, 74.2857, 81.4286]",3,True,10,train,0
11731837,E04_P10_AF_VML_GF.mp4,E04_P10_AF_VML_GF,7423023,E04,P10,F,ML,F,front,medium_light,Medial Rotation,81.9047619,"[84.2857, 77.1429, 84.2857]",3,True,10,train,0
11731835,E04_P10_AF_VO_GF.mp4,E04_P10_AF_VO_GF,12457836,E04,P10,F,O,F,front,occlusion,Medial Rotation,77.61904762,"[84.2857, 77.1429, 71.4286]",3,True,10,train,0
11731878,E04_P10_AL_VFL_GF.mp4,E04_P10_AL_VFL_GF,59365283,E04,P10,L,FL,F,left,full_light,Medial Rotation,81.9047619,"[84.2857, 84.2857, 77.1429]",3,True,10,train,0
11731862,E04_P10_AL_VLL_GF.mp4,E04_P10_AL_VLL_GF,48776044,E04,P10,L,LL,F,left,low_light,Medial Rotation,79.04761905,"[81.4286, 74.2857, 81.4286]",3,True,10,train,0
11731859,E04_P10_AL_VML_GF.mp4,E04_P10_AL_VML_GF,41774762,E04,P10,L,ML,F,left,medium_light,Medial Rotation,69.04761905,"[71.4286, 64.2857, 71.4286]",3,True,10,train,0
11731841,E04_P10_AL_VO_GF.mp4,E04_P10_AL_VO_GF,46912260,E04,P10,L,O,F,left,occlusion,Medial Rotation,69.04761905,"[71.4286, 64.2857, 71.4286]",3,True,10,train,0
11731832,E04_P10_AR_VFL_GF.mp4,E04_P10_AR_VFL_GF,11878861,E04,P10,R,FL,F,right,full_light,Medial Rotation,97.61904762,"[100.0, 100.0, 92.8571]",3,True,10,train,0
11731867,E04_P10_AR_VLL_GF.mp4,E04_P10_AR_VLL_GF,14271474,E04,P10,R,LL,F,right,low_light,Medial Rotation,79.04761905,"[81.4286, 74.2857, 81.4286]",3,True,10,train,0
11731818,E04_P10_AR_VML_GF.mp4,E04_P10_AR_VML_GF,7501679,E04,P10,R,ML,F,right,medium_light,Medial Rotation,69.04761905,"[71.4286, 64.2857, 71.4286]",3,True,10,train,0
11731823,E04_P10_AR_VO_GF.mp4,E04_P10_AR_VO_GF,28396818,E04,P10,R,O,F,right,occlusion,Medial Rotation,69.04761905,"[71.4286, 64.2857, 71.4286]",3,True,10,train,0
11731830,E04_P11_AF_VFL_GF.mp4,E04_P11_AF_VFL_GF,24021824,E04,P11,F,FL,F,front,full_light,Medial Rotation,69.04761905,"[64.2857, 71.4286, 71.4286]",3,True,11,test,-1
11731881,E04_P11_AF_VLL_GF.mp4,E04_P11_AF_VLL_GF,57394639,E04,P11,F,LL,F,front,low_light,Medial Rotation,74.76190476,"[70.0, 77.1429, 77.1429]",3,True,11,test,-1
11732039,E04_P11_AF_VML_GF.mp4,E04_P11_AF_VML_GF,21774041,E04,P11,F,ML,F,front,medium_light,Medial Rotation,71.42857143,"[71.4286, 71.4286, 71.4286]",3,True,11,test,-1
11731871,E04_P11_AF_VO_GF.mp4,E04_P11_AF_VO_GF,24706193,E04,P11,F,O,F,front,occlusion,Medial Rotation,69.04761905,"[64.2857, 71.4286, 71.4286]",3,True,11,test,-1
11731829,E04_P11_AL_VFL_GF.mp4,E04_P11_AL_VFL_GF,68093648,E04,P11,L,FL,F,left,full_light,Medial Rotation,69.04761905,"[64.2857, 71.4286, 71.4286]",3,True,11,test,-1
11731860,E04_P11_AL_VLL_GF.mp4,E04_P11_AL_VLL_GF,59434919,E04,P11,L,LL,F,left,low_light,Medial Rotation,80.47619048,"[75.7143, 82.8571, 82.8571]",3,True,11,test,-1
11731846,E04_P11_AL_VML_GF.mp4,E04_P11_AL_VML_GF,57400050,E04,P11,L,ML,F,left,medium_light,Medial Rotation,71.42857143,"[71.4286, 71.4286, 71.4286]",3,True,11,test,-1
11731845,E04_P11_AL_VO_GF.mp4,E04_P11_AL_VO_GF,61078144,E04,P11,L,O,F,left,occlusion,Medial Rotation,69.04761905,"[64.2857, 71.4286, 71.4286]",3,True,11,test,-1
11731820,E04_P11_AR_VFL_GF.mp4,E04_P11_AR_VFL_GF,9286138,E04,P11,R,FL,F,right,full_light,Medial Rotation,69.04761905,"[64.2857, 71.4286, 71.4286]",3,True,11,test,-1
11731850,E04_P11_AR_VLL_GF.mp4,E04_P11_AR_VLL_GF,24358042,E04,P11,R,LL,F,right,low_light,Medial Rotation,80.47619048,"[75.7143, 82.8571, 82.8571]",3,True,11,test,-1
11731869,E04_P11_AR_VML_GF.mp4,E04_P11_AR_VML_GF,7762076,E04,P11,R,ML,F,right,medium_light,Medial Rotation,71.42857143,"[71.4286, 71.4286, 71.4286]",3,True,11,test,-1
11731834,E04_P11_AR_VO_GF.mp4,E04_P11_AR_VO_GF,15291386,E04,P11,R,O,F,right,occlusion,Medial Rotation,69.04761905,"[64.2857, 71.4286, 71.4286]",3,True,11,test,-1
11731896,E04_P12_AF_VFL_GF.mp4,E04_P12_AF_VFL_GF,26742180,E04,P12,F,FL,F,front,full_light,Medial Rotation,100.0,"[100.0, 100.0, 100.0]",3,True,12,train,2
11731909,E04_P12_AF_VLL_GF.mp4,E04_P12_AF_VLL_GF,29787651,E04,P12,F,LL,F,front,low_light,Medial Rotation,78.57142857,"[78.5714, 78.5714, 78.5714]",3,True,12,train,2
11731925,E04_P12_AF_VML_GF.mp4,E04_P12_AF_VML_GF,25061112,E04,P12,F,ML,F,front,medium_light,Medial Rotation,82.85714286,"[82.8571, 82.8571, 82.8571]",3,True,12,train,2
11731954,E04_P12_AF_VO_GF.mp4,E04_P12_AF_VO_GF,25877169,E04,P12,F,O,F,front,occlusion,Medial Rotation,100.0,"[100.0, 100.0, 100.0]",3,True,12,train,2
11731936,E04_P12_AL_VFL_GF.mp4,E04_P12_AL_VFL_GF,70456793,E04,P12,L,FL,F,left,full_light,Medial Rotation,84.28571429,"[84.2857, 84.2857, 84.2857]",3,True,12,train,2
11731941,E04_P12_AL_VLL_GF.mp4,E04_P12_AL_VLL_GF,73151594,E04,P12,L,LL,F,left,low_light,Medial Rotation,84.28571429,"[84.2857, 84.2857, 84.2857]",3,True,12,train,2
11731950,E04_P12_AL_VML_GF.mp4,E04_P12_AL_VML_GF,69825849,E04,P12,L,ML,F,left,medium_light,Medial Rotation,100.0,"[100.0, 100.0, 100.0]",3,True,12,train,2
11731945,E04_P12_AL_VO_GF.mp4,E04_P12_AL_VO_GF,64460188,E04,P12,L,O,F,left,occlusion,Medial Rotation,100.0,"[100.0, 100.0, 100.0]",3,True,12,train,2
11731906,E04_P12_AR_VFL_GF.mp4,E04_P12_AR_VFL_GF,9825355,E04,P12,R,FL,F,right,full_light,Medial Rotation,84.28571429,"[84.2857, 84.2857, 84.2857]",3,True,12,train,2
11731902,E04_P12_AR_VLL_GF.mp4,E04_P12_AR_VLL_GF,24472415,E04,P12,R,LL,F,right,low_light,Medial Rotation,84.28571429,"[84.2857, 84.2857, 84.2857]",3,True,12,train,2
11731947,E04_P12_AR_VML_GF.mp4,E04_P12_AR_VML_GF,9683864,E04,P12,R,ML,F,right,medium_light,Medial Rotation,84.28571429,"[84.2857, 84.2857, 84.2857]",3,True,12,train,2
11731956,E04_P12_AR_VO_GF.mp4,E04_P12_AR_VO_GF,14931887,E04,P12,R,O,F,right,occlusion,Medial Rotation,100.0,"[100.0, 100.0, 100.0]",3,True,12,train,2
11731913,E04_P13_AF_VFL_GF.mp4,E04_P13_AF_VFL_GF,32603791,E04,P13,F,FL,F,front,full_light,Medial Rotation,84.28571429,"[84.2857, 84.2857, 84.2857]",3,True,13,train,2
11731938,E04_P13_AF_VHJ_GF.mp4,E04_P13_AF_VHJ_GF,36897872,E04,P13,F,HJ,F,front,high_jitter,Medial Rotation,74.28571429,"[74.2857, 74.2857, 74.2857]",3,True,13,train,2
11731904,E04_P13_AF_VLJ_GF.mp4,E04_P13_AF_VLJ_GF,19545650,E04,P13,F,LJ,F,front,low_jitter,Medial Rotation,80.47619048,"[75.7143, 82.8571, 82.8571]",3,True,13,train,2
11731907,E04_P13_AF_VLL_GF.mp4,E04_P13_AF_VLL_GF,27202649,E04,P13,F,LL,F,front,low_light,Medial Rotation,81.42857143,"[81.4286, 81.4286, 81.4286]",3,True,13,train,2
11731937,E04_P13_AF_VML_GF.mp4,E04_P13_AF_VML_GF,32535584,E04,P13,F,ML,F,front,medium_light,Medial Rotation,74.28571429,"[74.2857, 74.2857, 74.2857]",3,True,13,train,2
11731929,E04_P13_AF_VO_GF.mp4,E04_P13_AF_VO_GF,19344678,E04,P13,F,O,F,front,occlusion,Medial Rotation,74.28571429,"[74.2857, 74.2857, 74.2857]",3,True,13,train,2
11731887,E04_P13_AL_VFL_GF.mp4,E04_P13_AL_VFL_GF,81689430,E04,P13,L,FL,F,left,full_light,Medial Rotation,84.28571429,"[84.2857, 84.2857, 84.2857]",3,True,13,train,2
11731926,E04_P13_AL_VHJ_GF.mp4,E04_P13_AL_VHJ_GF,67981977,E04,P13,L,HJ,F,left,high_jitter,Medial Rotation,74.28571429,"[74.2857, 74.2857, 74.2857]",3,True,13,train,2
11731955,E04_P13_AL_VLJ_GF.mp4,E04_P13_AL_VLJ_GF,52777828,E04,P13,L,LJ,F,left,low_jitter,Medial Rotation,80.47619048,"[75.7143, 82.8571, 82.8571]",3,True,13,train,2
11731953,E04_P13_AL_VLL_GF.mp4,E04_P13_AL_VLL_GF,61328827,E04,P13,L,LL,F,left,low_light,Medial Rotation,82.85714286,"[82.8571, 82.8571, 82.8571]",3,True,13,train,2
11731897,E04_P13_AL_VML_GF.mp4,E04_P13_AL_VML_GF,68413276,E04,P13,L,ML,F,left,medium_light,Medial Rotation,82.85714286,"[82.8571, 82.8571, 82.8571]",3,True,13,train,2
11731914,E04_P13_AL_VO_GF.mp4,E04_P13_AL_VO_GF,62460965,E04,P13,L,O,F,left,occlusion,Medial Rotation,71.42857143,"[71.4286, 71.4286, 71.4286]",3,True,13,train,2
11731919,E04_P13_AR_VFL_GF.mp4,E04_P13_AR_VFL_GF,28440766,E04,P13,R,FL,F,right,full_light,Medial Rotation,77.14285714,"[77.1429, 77.1429, 77.1429]",3,True,13,train,2
11731903,E04_P13_AR_VHJ_GF.mp4,E04_P13_AR_VHJ_GF,86142553,E04,P13,R,HJ,F,right,high_jitter,Medial Rotation,74.28571429,"[74.2857, 74.2857, 74.2857]",3,True,13,train,2
11731928,E04_P13_AR_VLJ_GF.mp4,E04_P13_AR_VLJ_GF,23164249,E04,P13,R,LJ,F,right,low_jitter,Medial Rotation,71.9047619,"[67.1429, 74.2857, 74.2857]",3,True,13,train,2
11731911,E04_P13_AR_VLL_GF.mp4,E04_P13_AR_VLL_GF,62742854,E04,P13,R,LL,F,right,low_light,Medial Rotation,82.85714286,"[82.8571, 82.8571, 82.8571]",3,True,13,train,2
11731952,E04_P13_AR_VML_GF.mp4,E04_P13_AR_VML_GF,39952273,E04,P13,R,ML,F,right,medium_light,Medial Rotation,78.57142857,"[78.5714, 78.5714, 78.5714]",3,True,13,train,2
11731915,E04_P13_AR_VO_GF.mp4,E04_P13_AR_VO_GF,18156275,E04,P13,R,O,F,right,occlusion,Medial Rotation,71.42857143,"[71.4286, 71.4286, 71.4286]",3,True,13,train,2
11731908,E04_P14_AF_VFL_GF.mp4,E04_P14_AF_VFL_GF,30940743,E04,P14,F,FL,F,front,full_light,Medial Rotation,66.66666667,"[64.2857, 71.4286, 64.2857]",3,True,14,train,4
11731888,E04_P14_AF_VLJ_GF.mp4,E04_P14_AF_VLJ_GF,22875176,E04,P14,F,LJ,F,front,low_jitter,Medial Rotation,66.66666667,"[64.2857, 71.4286, 64.2857]",3,True,14,train,4
11731921,E04_P14_AF_VLL_GF.mp4,E04_P14_AF_VLL_GF,72254053,E04,P14,F,LL,F,front,low_light,Medial Rotation,69.04761905,"[64.2857, 71.4286, 71.4286]",3,True,14,train,4
11731944,E04_P14_AF_VML_GF.mp4,E04_P14_AF_VML_GF,26884420,E04,P14,F,ML,F,front,medium_light,Medial Rotation,69.04761905,"[64.2857, 71.4286, 71.4286]",3,True,14,train,4
11731890,E04_P14_AL_VFL_GF.mp4,E04_P14_AL_VFL_GF,71363139,E04,P14,L,FL,F,left,full_light,Medial Rotation,66.66666667,"[64.2857, 71.4286, 64.2857]",3,True,14,train,4
11731949,E04_P14_AL_VLJ_GF.mp4,E04_P14_AL_VLJ_GF,69358200,E04,P14,L,LJ,F,left,low_jitter,Medial Rotation,66.66666667,"[64.2857, 71.4286, 64.2857]",3,True,14,train,4
11731916,E04_P14_AL_VLL_GF.mp4,E04_P14_AL_VLL_GF,71156366,E04,P14,L,LL,F,left,low_light,Medial Rotation,69.04761905,"[64.2857, 71.4286, 71.4286]",3,True,14,train,4
11731900,E04_P14_AL_VML_GF.mp4,E04_P14_AL_VML_GF,65350049,E04,P14,L,ML,F,left,medium_light,Medial Rotation,69.04761905,"[64.2857, 71.4286, 71.4286]",3,True,14,train,4
11731930,E04_P14_AR_VFL_GF.mp4,E04_P14_AR_VFL_GF,21431710,E04,P14,R,FL,F,right,full_light,Medial Rotation,66.66666667,"[64.2857, 71.4286, 64.2857]",3,True,14,train,4
11731948,E04_P14_AR_VLJ_GF.mp4,E04_P14_AR_VLJ_GF,31480083,E04,P14,R,LJ,F,right,low_jitter,Medial Rotation,66.66666667,"[64.2857, 71.4286, 64.2857]",3,True,14,train,4
11731901,E04_P14_AR_VLL_GF.mp4,E04_P14_AR_VLL_GF,70889370,E04,P14,R,LL,F,right,low_light,Medial Rotation,69.04761905,"[64.2857, 71.4286, 71.4286]",3,True,14,train,4
11731917,E04_P14_AR_VML_GF.mp4,E04_P14_AR_VML_GF,40890160,E04,P14,R,ML,F,right,medium_light,Medial Rotation,69.04761905,"[64.2857, 71.4286, 71.4286]",3,True,14,train,4
11731895,E04_P15_AF_VFL_GF.mp4,E04_P15_AF_VFL_GF,18675389,E04,P15,F,FL,F,front,full_light,Medial Rotation,77.14285714,"[77.1429, 77.1429, 77.1429]",3,True,15,train,1
11731898,E04_P15_AF_VLJ_GF.mp4,E04_P15_AF_VLJ_GF,16811009,E04,P15,F,LJ,F,front,low_jitter,Medial Rotation,72.85714286,"[72.8571, 72.8571, 72.8571]",3,True,15,train,1
11731951,E04_P15_AF_VLL_GF.mp4,E04_P15_AF_VLL_GF,45913546,E04,P15,F,LL,F,front,low_light,Medial Rotation,69.04761905,"[71.4286, 71.4286, 64.2857]",3,True,15,train,1
11731957,E04_P15_AF_VML_GF.mp4,E04_P15_AF_VML_GF,19780500,E04,P15,F,ML,F,front,medium_light,Medial Rotation,72.85714286,"[72.8571, 72.8571, 72.8571]",3,True,15,train,1
11731892,E04_P15_AL_VFL_GF.mp4,E04_P15_AL_VFL_GF,63488746,E04,P15,L,FL,F,left,full_light,Medial Rotation,74.28571429,"[74.2857, 74.2857, 74.2857]",3,True,15,train,1
11731889,E04_P15_AL_VLJ_GF.mp4,E04_P15_AL_VLJ_GF,58763247,E04,P15,L,LJ,F,left,low_jitter,Medial Rotation,72.85714286,"[72.8571, 72.8571, 72.8571]",3,True,15,train,1
11731910,E04_P15_AL_VLL_GF.mp4,E04_P15_AL_VLL_GF,55176123,E04,P15,L,LL,F,left,low_light,Medial Rotation,69.04761905,"[71.4286, 71.4286, 64.2857]",3,True,15,train,1
11731942,E04_P15_AL_VML_GF.mp4,E04_P15_AL_VML_GF,59229713,E04,P15,L,ML,F,left,medium_light,Medial Rotation,71.42857143,"[71.4286, 71.4286, 71.4286]",3,True,15,train,1
11731933,E04_P15_AR_VFL_GF.mp4,E04_P15_AR_VFL_GF,14146336,E04,P15,R,FL,F,right,full_light,Medial Rotation,72.85714286,"[72.8571, 72.8571, 72.8571]",3,True,15,train,1
11731891,E04_P15_AR_VLJ_GF.mp4,E04_P15_AR_VLJ_GF,26087681,E04,P15,R,LJ,F,right,low_jitter,Medial Rotation,71.42857143,"[71.4286, 71.4286, 71.4286]",3,True,15,train,1
11731927,E04_P15_AR_VLL_GF.mp4,E04_P15_AR_VLL_GF,55002448,E04,P15,R,LL,F,right,low_light,Medial Rotation,69.04761905,"[71.4286, 71.4286, 64.2857]",3,True,15,train,1
11731893,E04_P15_AR_VML_GF.mp4,E04_P15_AR_VML_GF,29718694,E04,P15,R,ML,F,right,medium_light,Medial Rotation,72.85714286,"[72.8571, 72.8571, 72.8571]",3,True,15,train,1
11731931,E04_P16_AF_VFL_GF.mp4,E04_P16_AF_VFL_GF,27239833,E04,P16,F,FL,F,front,full_light,Medial Rotation,71.9047619,"[74.2857, 67.1429, 74.2857]",3,True,16,val,0
11731932,E04_P16_AF_VHJ_GF.mp4,E04_P16_AF_VHJ_GF,40578817,E04,P16,F,HJ,F,front,high_jitter,Medial Rotation,68.0952381,"[72.8571, 65.7143, 65.7143]",3,True,16,val,0
11731894,E04_P16_AF_VLJ_GF.mp4,E04_P16_AF_VLJ_GF,31975916,E04,P16,F,LJ,F,front,low_jitter,Medial Rotation,69.52380952,"[67.1429, 67.1429, 74.2857]",3,True,16,val,0
11714811,E04_P16_AF_VLL_GF.mp4,E04_P16_AF_VLL_GF,68145615,E04,P16,F,LL,F,front,low_light,Medial Rotation,76.66666667,"[81.4286, 67.1429, 81.4286]",3,True,16,val,0
11731923,E04_P16_AF_VML_GF.mp4,E04_P16_AF_VML_GF,47957450,E04,P16,F,ML,F,front,medium_light,Medial Rotation,74.76190476,"[77.1429, 70.0, 77.1429]",3,True,16,val,0
11731920,E04_P16_AF_VO_GF.mp4,E04_P16_AF_VO_GF,21573621,E04,P16,F,O,F,front,occlusion,Medial Rotation,76.19047619,"[78.5714, 71.4286, 78.5714]",3,True,16,val,0
11714808,E04_P16_AL_VFL_GF.mp4,E04_P16_AL_VFL_GF,70111359,E04,P16,L,FL,F,left,full_light,Medial Rotation,73.33333333,"[75.7143, 68.5714, 75.7143]",3,True,16,val,0
11714827,E04_P16_AL_VHJ_GF.mp4,E04_P16_AL_VHJ_GF,74931311,E04,P16,L,HJ,F,left,high_jitter,Medial Rotation,66.66666667,"[71.4286, 64.2857, 64.2857]",3,True,16,val,0
11714825,E04_P16_AL_VLJ_GF.mp4,E04_P16_AL_VLJ_GF,76722698,E04,P16,L,LJ,F,left,low_jitter,Medial Rotation,69.52380952,"[67.1429, 67.1429, 74.2857]",3,True,16,val,0
11731935,E04_P16_AL_VLL_GF.mp4,E04_P16_AL_VLL_GF,67736667,E04,P16,L,LL,F,left,low_light,Medial Rotation,73.80952381,"[78.5714, 64.2857, 78.5714]",3,True,16,val,0
11714829,E04_P16_AL_VML_GF.mp4,E04_P16_AL_VML_GF,76403773,E04,P16,L,ML,F,left,medium_light,Medial Rotation,69.04761905,"[71.4286, 64.2857, 71.4286]",3,True,16,val,0
11714815,E04_P16_AL_VO_GF.mp4,E04_P16_AL_VO_GF,78691290,E04,P16,L,O,F,left,occlusion,Medial Rotation,76.19047619,"[78.5714, 71.4286, 78.5714]",3,True,16,val,0
11731912,E04_P16_AR_VFL_GF.mp4,E04_P16_AR_VFL_GF,16632187,E04,P16,R,FL,F,right,full_light,Medial Rotation,70.47619048,"[72.8571, 65.7143, 72.8571]",3,True,16,val,0
11714835,E04_P16_AR_VHJ_GF.mp4,E04_P16_AR_VHJ_GF,92586347,E04,P16,R,HJ,F,right,high_jitter,Medial Rotation,66.66666667,"[71.4286, 64.2857, 64.2857]",3,True,16,val,0
11731918,E04_P16_AR_VLJ_GF.mp4,E04_P16_AR_VLJ_GF,38660030,E04,P16,R,LJ,F,right,low_jitter,Medial Rotation,68.0952381,"[65.7143, 65.7143, 72.8571]",3,True,16,val,0
11714793,E04_P16_AR_VLL_GF.mp4,E04_P16_AR_VLL_GF,71155059,E04,P16,R,LL,F,right,low_light,Medial Rotation,79.52380952,"[84.2857, 70.0, 84.2857]",3,True,16,val,0
11731943,E04_P16_AR_VML_GF.mp4,E04_P16_AR_VML_GF,55438061,E04,P16,R,ML,F,right,medium_light,Medial Rotation,74.76190476,"[77.1429, 70.0, 77.1429]",3,True,16,val,0
11731924,E04_P16_AR_VO_GF.mp4,E04_P16_AR_VO_GF,19228989,E04,P16,R,O,F,right,occlusion,Medial Rotation,74.76190476,"[77.1429, 70.0, 77.1429]",3,True,16,val,0
11731940,E04_P17_AF_VFL_GM.mp4,E04_P17_AF_VFL_GM,14498502,E04,P17,F,FL,M,front,full_light,Medial Rotation,71.42857143,"[71.4286, 71.4286, 71.4286]",3,True,17,test,-1
11731934,E04_P17_AF_VHJ_GM.mp4,E04_P17_AF_VHJ_GM,33584715,E04,P17,F,HJ,M,front,high_jitter,Medial Rotation,95.23809524,"[100.0, 100.0, 85.7143]",3,True,17,test,-1
11731899,E04_P17_AF_VLJ_GM.mp4,E04_P17_AF_VLJ_GM,37098644,E04,P17,F,LJ,M,front,low_jitter,Medial Rotation,79.52380952,"[84.2857, 84.2857, 70.0]",3,True,17,test,-1
11731939,E04_P17_AF_VLL_GM.mp4,E04_P17_AF_VLL_GM,50597049,E04,P17,F,LL,M,front,low_light,Medial Rotation,84.28571429,"[84.2857, 84.2857, 84.2857]",3,True,17,test,-1
11731922,E04_P17_AF_VML_GM.mp4,E04_P17_AF_VML_GM,26780715,E04,P17,F,ML,M,front,medium_light,Medial Rotation,78.0952381,"[82.8571, 82.8571, 68.5714]",3,True,17,test,-1
11731946,E04_P17_AF_VO_GM.mp4,E04_P17_AF_VO_GM,24110103,E04,P17,F,O,M,front,occlusion,Medial Rotation,81.9047619,"[84.2857, 77.1429, 84.2857]",3,True,17,test,-1
11714803,E04_P17_AL_VFL_GM.mp4,E04_P17_AL_VFL_GM,73350542,E04,P17,L,FL,M,left,full_light,Medial Rotation,71.42857143,"[71.4286, 71.4286, 71.4286]",3,True,17,test,-1
11731905,E04_P17_AL_VHJ_GM.mp4,E04_P17_AL_VHJ_GM,59303882,E04,P17,L,HJ,M,left,high_jitter,Medial Rotation,95.23809524,"[100.0, 100.0, 85.7143]",3,True,17,test,-1
11732030,E04_P17_AL_VLJ_GM.mp4,E04_P17_AL_VLJ_GM,65170261,E04,P17,L,LJ,M,left,low_jitter,Medial Rotation,78.0952381,"[82.8571, 82.8571, 68.5714]",3,True,17,test,-1
11732043,E04_P17_AL_VLL_GM.mp4,E04_P17_AL_VLL_GM,63814019,E04,P17,L,LL,M,left,low_light,Medial Rotation,84.28571429,"[84.2857, 84.2857, 84.2857]",3,True,17,test,-1
11732040,E04_P17_AL_VML_GM.mp4,E04_P17_AL_VML_GM,67565152,E04,P17,L,ML,M,left,medium_light,Medial Rotation,79.52380952,"[84.2857, 84.2857, 70.0]",3,True,17,test,-1
11732032,E04_P17_AL_VO_GM.mp4,E04_P17_AL_VO_GM,62226926,E04,P17,L,O,M,left,occlusion,Medial Rotation,81.9047619,"[84.2857, 77.1429, 84.2857]",3,True,17,test,-1
11732038,E04_P17_AR_VFL_GM.mp4,E04_P17_AR_VFL_GM,11106445,E04,P17,R,FL,M,right,full_light,Medial Rotation,71.42857143,"[71.4286, 71.4286, 71.4286]",3,True,17,test,-1
11732036,E04_P17_AR_VHJ_GM.mp4,E04_P17_AR_VHJ_GM,57650150,E04,P17,R,HJ,M,right,high_jitter,Medial Rotation,95.23809524,"[100.0, 100.0, 85.7143]",3,True,17,test,-1
11732031,E04_P17_AR_VLJ_GM.mp4,E04_P17_AR_VLJ_GM,40571705,E04,P17,R,LJ,M,right,low_jitter,Medial Rotation,79.52380952,"[84.2857, 84.2857, 70.0]",3,True,17,test,-1
11732044,E04_P17_AR_VML_GM.mp4,E04_P17_AR_VML_GM,11303289,E04,P17,R,ML,M,right,medium_light,Medial Rotation,78.0952381,"[82.8571, 82.8571, 68.5714]",3,True,17,test,-1
11732034,E04_P17_AR_VO_GM.mp4,E04_P17_AR_VO_GM,19048003,E04,P17,R,O,M,right,occlusion,Medial Rotation,81.9047619,"[84.2857, 77.1429, 84.2857]",3,True,17,test,-1
11731975,E04_P18_AF_VFL_GM.mp4,E04_P18_AF_VFL_GM,16183296,E04,P18,F,FL,M,front,full_light,Medial Rotation,75.71428571,"[75.7143, 75.7143, 75.7143]",3,True,18,test,-1
11731990,E04_P18_AF_VHJ_GM.mp4,E04_P18_AF_VHJ_GM,35443302,E04,P18,F,HJ,M,front,high_jitter,Medial Rotation,69.04761905,"[71.4286, 64.2857, 71.4286]",3,True,18,test,-1
11731992,E04_P18_AF_VLJ_GM.mp4,E04_P18_AF_VLJ_GM,31122880,E04,P18,F,LJ,M,front,low_jitter,Medial Rotation,76.19047619,"[78.5714, 71.4286, 78.5714]",3,True,18,test,-1
11731998,E04_P18_AF_VLL_GM.mp4,E04_P18_AF_VLL_GM,53300943,E04,P18,F,LL,M,front,low_light,Medial Rotation,77.14285714,"[77.1429, 77.1429, 77.1429]",3,True,18,test,-1
11731973,E04_P18_AF_VML_GM.mp4,E04_P18_AF_VML_GM,11509099,E04,P18,F,ML,M,front,medium_light,Medial Rotation,67.61904762,"[70.0, 70.0, 62.8571]",3,True,18,test,-1
11732011,E04_P18_AF_VO_GM.mp4,E04_P18_AF_VO_GM,17887294,E04,P18,F,O,M,front,occlusion,Medial Rotation,67.14285714,"[74.2857, 67.1429, 60.0]",3,True,18,test,-1
11714810,E04_P18_AL_VFL_GM.mp4,E04_P18_AL_VFL_GM,71302687,E04,P18,L,FL,M,left,full_light,Medial Rotation,75.71428571,"[75.7143, 75.7143, 75.7143]",3,True,18,test,-1
11732014,E04_P18_AL_VHJ_GM.mp4,E04_P18_AL_VHJ_GM,62026253,E04,P18,L,HJ,M,left,high_jitter,Medial Rotation,71.9047619,"[74.2857, 67.1429, 74.2857]",3,True,18,test,-1
11731965,E04_P18_AL_VLJ_GM.mp4,E04_P18_AL_VLJ_GM,56253938,E04,P18,L,LJ,M,left,low_jitter,Medial Rotation,70.47619048,"[72.8571, 65.7143, 72.8571]",3,True,18,test,-1
11732008,E04_P18_AL_VLL_GM.mp4,E04_P18_AL_VLL_GM,66658786,E04,P18,L,LL,M,left,low_light,Medial Rotation,75.71428571,"[75.7143, 75.7143, 75.7143]",3,True,18,test,-1
11714817,E04_P18_AL_VML_GM.mp4,E04_P18_AL_VML_GM,70179525,E04,P18,L,ML,M,left,medium_light,Medial Rotation,67.61904762,"[70.0, 70.0, 62.8571]",3,True,18,test,-1
11732013,E04_P18_AL_VO_GM.mp4,E04_P18_AL_VO_GM,61010423,E04,P18,L,O,M,left,occlusion,Medial Rotation,65.71428571,"[72.8571, 65.7143, 58.5714]",3,True,18,test,-1
11731967,E04_P18_AR_VFL_GM.mp4,E04_P18_AR_VFL_GM,10999199,E04,P18,R,FL,M,right,full_light,Medial Rotation,75.71428571,"[75.7143, 75.7143, 75.7143]",3,True,18,test,-1
11731987,E04_P18_AR_VHJ_GM.mp4,E04_P18_AR_VHJ_GM,63277625,E04,P18,R,HJ,M,right,high_jitter,Medial Rotation,71.9047619,"[74.2857, 67.1429, 74.2857]",3,True,18,test,-1
11714819,E04_P18_AR_VLJ_GM.mp4,E04_P18_AR_VLJ_GM,126051985,E04,P18,R,LJ,M,right,low_jitter,Medial Rotation,71.9047619,"[74.2857, 67.1429, 74.2857]",3,True,18,test,-1
11731986,E04_P18_AR_VLL_GM.mp4,E04_P18_AR_VLL_GM,12059318,E04,P18,R,LL,M,right,low_light,Medial Rotation,78.57142857,"[78.5714, 78.5714, 78.5714]",3,True,18,test,-1
11731971,E04_P18_AR_VML_GM.mp4,E04_P18_AR_VML_GM,10044562,E04,P18,R,ML,M,right,medium_light,Medial Rotation,67.61904762,"[70.0, 70.0, 62.8571]",3,True,18,test,-1
11731961,E04_P18_AR_VO_GM.mp4,E04_P18_AR_VO_GM,14448332,E04,P18,R,O,M,right,occlusion,Medial Rotation,65.71428571,"[72.8571, 65.7143, 58.5714]",3,True,18,test,-1
11731958,E04_P19_AF_VFL_GM.mp4,E04_P19_AF_VFL_GM,13787711,E04,P19,F,FL,M,front,full_light,Medial Rotation,79.04761905,"[81.4286, 81.4286, 74.2857]",3,True,19,test,-1
11732009,E04_P19_AF_VHJ_GM.mp4,E04_P19_AF_VHJ_GM,39335543,E04,P19,F,HJ,M,front,high_jitter,Medial Rotation,78.57142857,"[78.5714, 78.5714, 78.5714]",3,True,19,test,-1
11731959,E04_P19_AF_VLJ_GM.mp4,E04_P19_AF_VLJ_GM,39104064,E04,P19,F,LJ,M,front,low_jitter,Medial Rotation,75.71428571,"[75.7143, 75.7143, 75.7143]",3,True,19,test,-1
11732003,E04_P19_AF_VLL_GM.mp4,E04_P19_AF_VLL_GM,50159515,E04,P19,F,LL,M,front,low_light,Medial Rotation,100.0,"[100.0, 100.0, 100.0]",3,True,19,test,-1
11732005,E04_P19_AF_VML_GM.mp4,E04_P19_AF_VML_GM,14442521,E04,P19,F,ML,M,front,medium_light,Medial Rotation,97.61904762,"[100.0, 100.0, 92.8571]",3,True,19,test,-1
11731982,E04_P19_AF_VO_GM.mp4,E04_P19_AF_VO_GM,19141438,E04,P19,F,O,M,front,occlusion,Medial Rotation,69.04761905,"[64.2857, 71.4286, 71.4286]",3,True,19,test,-1
11714821,E04_P19_AL_VFL_GM.mp4,E04_P19_AL_VFL_GM,74302300,E04,P19,L,FL,M,left,full_light,Medial Rotation,76.19047619,"[78.5714, 78.5714, 71.4286]",3,True,19,test,-1
11714837,E04_P19_AL_VHJ_GM.mp4,E04_P19_AL_VHJ_GM,75172298,E04,P19,L,HJ,M,left,high_jitter,Medial Rotation,78.57142857,"[78.5714, 78.5714, 78.5714]",3,True,19,test,-1
11714795,E04_P19_AL_VLJ_GM.mp4,E04_P19_AL_VLJ_GM,68322254,E04,P19,L,LJ,M,left,low_jitter,Medial Rotation,80.0,"[80.0, 80.0, 80.0]",3,True,19,test,-1
11714816,E04_P19_AL_VLL_GM.mp4,E04_P19_AL_VLL_GM,68701533,E04,P19,L,LL,M,left,low_light,Medial Rotation,100.0,"[100.0, 100.0, 100.0]",3,True,19,test,-1
11714836,E04_P19_AL_VML_GM.mp4,E04_P19_AL_VML_GM,68697147,E04,P19,L,ML,M,left,medium_light,Medial Rotation,97.61904762,"[100.0, 100.0, 92.8571]",3,True,19,test,-1
11714823,E04_P19_AL_VO_GM.mp4,E04_P19_AL_VO_GM,76749970,E04,P19,L,O,M,left,occlusion,Medial Rotation,71.9047619,"[67.1429, 74.2857, 74.2857]",3,True,19,test,-1
11731984,E04_P19_AR_VFL_GM.mp4,E04_P19_AR_VFL_GM,10727822,E04,P19,R,FL,M,right,full_light,Medial Rotation,74.76190476,"[77.1429, 77.1429, 70.0]",3,True,19,test,-1
11714806,E04_P19_AR_VHJ_GM.mp4,E04_P19_AR_VHJ_GM,73601085,E04,P19,R,HJ,M,right,high_jitter,Medial Rotation,78.57142857,"[78.5714, 78.5714, 78.5714]",3,True,19,test,-1
11714824,E04_P19_AR_VLJ_GM.mp4,E04_P19_AR_VLJ_GM,151952298,E04,P19,R,LJ,M,right,low_jitter,Medial Rotation,77.14285714,"[77.1429, 77.1429, 77.1429]",3,True,19,test,-1
11731963,E04_P19_AR_VLL_GM.mp4,E04_P19_AR_VLL_GM,12750062,E04,P19,R,LL,M,right,low_light,Medial Rotation,100.0,"[100.0, 100.0, 100.0]",3,True,19,test,-1
11732007,E04_P19_AR_VML_GM.mp4,E04_P19_AR_VML_GM,10890583,E04,P19,R,ML,M,right,medium_light,Medial Rotation,97.61904762,"[100.0, 100.0, 92.8571]",3,True,19,test,-1
11731966,E04_P19_AR_VO_GM.mp4,E04_P19_AR_VO_GM,14753191,E04,P19,R,O,M,right,occlusion,Medial Rotation,70.47619048,"[65.7143, 72.8571, 72.8571]",3,True,19,test,-1
11731969,E04_P20_AF_VFL_GM.mp4,E04_P20_AF_VFL_GM,18606059,E04,P20,F,FL,M,front,full_light,Medial Rotation,71.9047619,"[74.2857, 67.1429, 74.2857]",3,True,20,train,2
11731970,E04_P20_AF_VHJ_GM.mp4,E04_P20_AF_VHJ_GM,33562988,E04,P20,F,HJ,M,front,high_jitter,Medial Rotation,67.14285714,"[67.1429, 67.1429, 67.1429]",3,True,20,train,2
11731985,E04_P20_AF_VLJ_GM.mp4,E04_P20_AF_VLJ_GM,45011822,E04,P20,F,LJ,M,front,low_jitter,Medial Rotation,73.33333333,"[75.7143, 68.5714, 75.7143]",3,True,20,train,2
11714812,E04_P20_AF_VLL_GM.mp4,E04_P20_AF_VLL_GM,68900043,E04,P20,F,LL,M,front,low_light,Medial Rotation,69.52380952,"[67.1429, 67.1429, 74.2857]",3,True,20,train,2
11731977,E04_P20_AF_VML_GM.mp4,E04_P20_AF_VML_GM,19332324,E04,P20,F,ML,M,front,medium_light,Medial Rotation,64.28571429,"[64.2857, 64.2857, 64.2857]",3,True,20,train,2
11731978,E04_P20_AF_VO_GM.mp4,E04_P20_AF_VO_GM,18436671,E04,P20,F,O,M,front,occlusion,Medial Rotation,69.04761905,"[71.4286, 64.2857, 71.4286]",3,True,20,train,2
11714794,E04_P20_AL_VFL_GM.mp4,E04_P20_AL_VFL_GM,83683244,E04,P20,L,FL,M,left,full_light,Medial Rotation,70.47619048,"[72.8571, 65.7143, 72.8571]",3,True,20,train,2
11731997,E04_P20_AL_VHJ_GM.mp4,E04_P20_AL_VHJ_GM,64077036,E04,P20,L,HJ,M,left,high_jitter,Medial Rotation,67.14285714,"[67.1429, 67.1429, 67.1429]",3,True,20,train,2
11714828,E04_P20_AL_VLJ_GM.mp4,E04_P20_AL_VLJ_GM,70992206,E04,P20,L,LJ,M,left,low_jitter,Medial Rotation,73.33333333,"[75.7143, 68.5714, 75.7143]",3,True,20,train,2
11714826,E04_P20_AL_VLL_GM.mp4,E04_P20_AL_VLL_GM,75695050,E04,P20,L,LL,M,left,low_light,Medial Rotation,68.0952381,"[65.7143, 65.7143, 72.8571]",3,True,20,train,2
11714818,E04_P20_AL_VML_GM.mp4,E04_P20_AL_VML_GM,89642408,E04,P20,L,ML,M,left,medium_light,Medial Rotation,64.28571429,"[64.2857, 64.2857, 64.2857]",3,True,20,train,2
11731988,E04_P20_AL_VO_GM.mp4,E04_P20_AL_VO_GM,62643628,E04,P20,L,O,M,left,occlusion,Medial Rotation,69.04761905,"[71.4286, 64.2857, 71.4286]",3,True,20,train,2
11732019,E04_P20_AR_VFL_GM.mp4,E04_P20_AR_VFL_GM,12101284,E04,P20,R,FL,M,right,full_light,Medial Rotation,70.47619048,"[72.8571, 65.7143, 72.8571]",3,True,20,train,2
11731980,E04_P20_AR_VHJ_GM.mp4,E04_P20_AR_VHJ_GM,60785209,E04,P20,R,HJ,M,right,high_jitter,Medial Rotation,65.71428571,"[65.7143, 65.7143, 65.7143]",3,True,20,train,2
11732001,E04_P20_AR_VLJ_GM.mp4,E04_P20_AR_VLJ_GM,45005737,E04,P20,R,LJ,M,right,low_jitter,Medial Rotation,70.47619048,"[72.8571, 65.7143, 72.8571]",3,True,20,train,2
11732004,E04_P20_AR_VLL_GM.mp4,E04_P20_AR_VLL_GM,16129645,E04,P20,R,LL,M,right,low_light,Medial Rotation,67.61904762,"[65.7143, 65.7143, 71.4286]",3,True,20,train,2
11731981,E04_P20_AR_VML_GM.mp4,E04_P20_AR_VML_GM,14460998,E04,P20,R,ML,M,right,medium_light,Medial Rotation,64.28571429,"[64.2857, 64.2857, 64.2857]",3,True,20,train,2
11731964,E04_P20_AR_VO_GM.mp4,E04_P20_AR_VO_GM,17928073,E04,P20,R,O,M,right,occlusion,Medial Rotation,69.04761905,"[71.4286, 64.2857, 71.4286]",3,True,20,train,2
11731996,E04_P21_AF_VFL_GM.mp4,E04_P21_AF_VFL_GM,14304761,E04,P21,F,FL,M,front,full_light,Medial Rotation,80.0,"[80.0, 80.0, 80.0]",3,True,21,train,4
11732015,E04_P21_AF_VHJ_GM.mp4,E04_P21_AF_VHJ_GM,23094950,E04,P21,F,HJ,M,front,high_jitter,Medial Rotation,71.42857143,"[71.4286, 64.2857, 78.5714]",3,True,21,train,4
11732012,E04_P21_AF_VLJ_GM.mp4,E04_P21_AF_VLJ_GM,29713556,E04,P21,F,LJ,M,front,low_jitter,Medial Rotation,77.14285714,"[77.1429, 77.1429, 77.1429]",3,True,21,train,4
11731994,E04_P21_AF_VLL_GM.mp4,E04_P21_AF_VLL_GM,27091120,E04,P21,F,LL,M,front,low_light,Medial Rotation,80.0,"[80.0, 80.0, 80.0]",3,True,21,train,4
11731983,E04_P21_AF_VML_GM.mp4,E04_P21_AF_VML_GM,11376831,E04,P21,F,ML,M,front,medium_light,Medial Rotation,76.19047619,"[78.5714, 71.4286, 78.5714]",3,True,21,train,4
11731993,E04_P21_AF_VO_GM.mp4,E04_P21_AF_VO_GM,13672097,E04,P21,F,O,M,front,occlusion,Medial Rotation,72.38095238,"[77.1429, 70.0, 70.0]",3,True,21,train,4
11731999,E04_P21_AL_VFL_GM.mp4,E04_P21_AL_VFL_GM,60360769,E04,P21,L,FL,M,left,full_light,Medial Rotation,72.85714286,"[72.8571, 72.8571, 72.8571]",3,True,21,train,4
11731976,E04_P21_AL_VHJ_GM.mp4,E04_P21_AL_VHJ_GM,52557622,E04,P21,L,HJ,M,left,high_jitter,Medial Rotation,71.42857143,"[71.4286, 64.2857, 78.5714]",3,True,21,train,4
11732018,E04_P21_AL_VLJ_GM.mp4,E04_P21_AL_VLJ_GM,61020021,E04,P21,L,LJ,M,left,low_jitter,Medial Rotation,74.28571429,"[74.2857, 74.2857, 74.2857]",3,True,21,train,4
11731974,E04_P21_AL_VLL_GM.mp4,E04_P21_AL_VLL_GM,58876822,E04,P21,L,LL,M,left,low_light,Medial Rotation,78.57142857,"[78.5714, 78.5714, 78.5714]",3,True,21,train,4
11732017,E04_P21_AL_VML_GM.mp4,E04_P21_AL_VML_GM,56970040,E04,P21,L,ML,M,left,medium_light,Medial Rotation,80.47619048,"[82.8571, 75.7143, 82.8571]",3,True,21,train,4
11731989,E04_P21_AL_VO_GM.mp4,E04_P21_AL_VO_GM,57505799,E04,P21,L,O,M,left,occlusion,Medial Rotation,75.23809524,"[80.0, 72.8571, 72.8571]",3,True,21,train,4
11732021,E04_P21_AR_VFL_GM.mp4,E04_P21_AR_VFL_GM,10929154,E04,P21,R,FL,M,right,full_light,Medial Rotation,71.42857143,"[71.4286, 71.4286, 71.4286]",3,True,21,train,4
11732020,E04_P21_AR_VHJ_GM.mp4,E04_P21_AR_VHJ_GM,59152273,E04,P21,R,HJ,M,right,high_jitter,Medial Rotation,71.42857143,"[71.4286, 64.2857, 78.5714]",3,True,21,train,4
11731991,E04_P21_AR_VLJ_GM.mp4,E04_P21_AR_VLJ_GM,59162362,E04,P21,R,LJ,M,right,low_jitter,Medial Rotation,74.28571429,"[74.2857, 74.2857, 74.2857]",3,True,21,train,4
11731960,E04_P21_AR_VLL_GM.mp4,E04_P21_AR_VLL_GM,9987891,E04,P21,R,LL,M,right,low_light,Medial Rotation,72.85714286,"[72.8571, 72.8571, 72.8571]",3,True,21,train,4
11732010,E04_P21_AR_VML_GM.mp4,E04_P21_AR_VML_GM,10979211,E04,P21,R,ML,M,right,medium_light,Medial Rotation,74.76190476,"[77.1429, 70.0, 77.1429]",3,True,21,train,4
11731968,E04_P21_AR_VO_GM.mp4,E04_P21_AR_VO_GM,12817111,E04,P21,R,O,M,right,occlusion,Medial Rotation,69.52380952,"[74.2857, 67.1429, 67.1429]",3,True,21,train,4
11732016,E04_P22_AF_VFL_GM.mp4,E04_P22_AF_VFL_GM,20217645,E04,P22,F,FL,M,front,full_light,Medial Rotation,66.66666667,"[57.1429, 71.4286, 71.4286]",3,True,22,train,4
11731962,E04_P22_AF_VHJ_GM.mp4,E04_P22_AF_VHJ_GM,26126103,E04,P22,F,HJ,M,front,high_jitter,Medial Rotation,75.23809524,"[72.8571, 72.8571, 80.0]",3,True,22,train,4
11731995,E04_P22_AF_VLJ_GM.mp4,E04_P22_AF_VLJ_GM,30407512,E04,P22,F,LJ,M,front,low_jitter,Medial Rotation,69.04761905,"[71.4286, 64.2857, 71.4286]",3,True,22,train,4
11732002,E04_P22_AF_VLL_GM.mp4,E04_P22_AF_VLL_GM,33746680,E04,P22,F,LL,M,front,low_light,Medial Rotation,66.66666667,"[71.4286, 64.2857, 64.2857]",3,True,22,train,4
11732006,E04_P22_AF_VML_GM.mp4,E04_P22_AF_VML_GM,18887483,E04,P22,F,ML,M,front,medium_light,Medial Rotation,82.85714286,"[82.8571, 82.8571, 82.8571]",3,True,22,train,4
11732000,E04_P22_AF_VO_GM.mp4,E04_P22_AF_VO_GM,17584533,E04,P22,F,O,M,front,occlusion,Medial Rotation,66.66666667,"[64.2857, 64.2857, 71.4286]",3,True,22,train,4
11714820,E04_P22_AL_VFL_GM.mp4,E04_P22_AL_VFL_GM,80211185,E04,P22,L,FL,M,left,full_light,Medial Rotation,66.66666667,"[57.1429, 71.4286, 71.4286]",3,True,22,train,4
11731972,E04_P22_AL_VHJ_GM.mp4,E04_P22_AL_VHJ_GM,58501710,E04,P22,L,HJ,M,left,high_jitter,Medial Rotation,75.23809524,"[72.8571, 72.8571, 80.0]",3,True,22,train,4
11731979,E04_P22_AL_VLJ_GM.mp4,E04_P22_AL_VLJ_GM,62807171,E04,P22,L,LJ,M,left,low_jitter,Medial Rotation,69.04761905,"[71.4286, 64.2857, 71.4286]",3,True,22,train,4
11714798,E04_P22_AL_VLL_GM.mp4,E04_P22_AL_VLL_GM,74899703,E04,P22,L,LL,M,left,low_light,Medial Rotation,66.66666667,"[71.4286, 64.2857, 64.2857]",3,True,22,train,4
11714799,E04_P22_AL_VML_GM.mp4,E04_P22_AL_VML_GM,82452076,E04,P22,L,ML,M,left,medium_light,Medial Rotation,77.14285714,"[77.1429, 77.1429, 77.1429]",3,True,22,train,4
11714838,E04_P22_AL_VO_GM.mp4,E04_P22_AL_VO_GM,75781405,E04,P22,L,O,M,left,occlusion,Medial Rotation,66.66666667,"[64.2857, 64.2857, 71.4286]",3,True,22,train,4
11737075,E04_P22_AR_VFL_GM.mp4,E04_P22_AR_VFL_GM,15571884,E04,P22,R,FL,M,right,full_light,Medial Rotation,69.52380952,"[57.1429, 71.4286, 80.0]",3,True,22,train,4
11737072,E04_P22_AR_VHJ_GM.mp4,E04_P22_AR_VHJ_GM,57881305,E04,P22,R,HJ,M,right,high_jitter,Medial Rotation,75.23809524,"[72.8571, 72.8571, 80.0]",3,True,22,train,4
11737067,E04_P22_AR_VLJ_GM.mp4,E04_P22_AR_VLJ_GM,60305855,E04,P22,R,LJ,M,right,low_jitter,Medial Rotation,69.04761905,"[71.4286, 64.2857, 71.4286]",3,True,22,train,4
11737065,E04_P22_AR_VLL_GM.mp4,E04_P22_AR_VLL_GM,11900677,E04,P22,R,LL,M,right,low_light,Medial Rotation,66.66666667,"[71.4286, 64.2857, 64.2857]",3,True,22,train,4
11737068,E04_P22_AR_VML_GM.mp4,E04_P22_AR_VML_GM,14563250,E04,P22,R,ML,M,right,medium_light,Medial Rotation,80.0,"[80.0, 80.0, 80.0]",3,True,22,train,4
11737069,E04_P22_AR_VO_GM.mp4,E04_P22_AR_VO_GM,15775332,E04,P22,R,O,M,right,occlusion,Medial Rotation,66.66666667,"[64.2857, 64.2857, 71.4286]",3,True,22,train,4
11737070,E04_P23_AF_VFL_GM.mp4,E04_P23_AF_VFL_GM,31917894,E04,P23,F,FL,M,front,full_light,Medial Rotation,75.71428571,"[75.7143, 75.7143, 75.7143]",3,True,23,test,-1
11737073,E04_P23_AF_VHJ_GM.mp4,E04_P23_AF_VHJ_GM,32680233,E04,P23,F,HJ,M,front,high_jitter,Medial Rotation,100.0,"[100.0, 100.0, 100.0]",3,True,23,test,-1
11737064,E04_P23_AF_VLJ_GM.mp4,E04_P23_AF_VLJ_GM,45361617,E04,P23,F,LJ,M,front,low_jitter,Medial Rotation,70.95238095,"[68.5714, 75.7143, 68.5714]",3,True,23,test,-1
11737066,E04_P23_AF_VLL_GM.mp4,E04_P23_AF_VLL_GM,52675345,E04,P23,F,LL,M,front,low_light,Medial Rotation,82.85714286,"[82.8571, 82.8571, 82.8571]",3,True,23,test,-1
11737071,E04_P23_AF_VML_GM.mp4,E04_P23_AF_VML_GM,21665659,E04,P23,F,ML,M,front,medium_light,Medial Rotation,75.71428571,"[75.7143, 75.7143, 75.7143]",3,True,23,test,-1
11737063,E04_P23_AF_VO_GM.mp4,E04_P23_AF_VO_GM,26336107,E04,P23,F,O,M,front,occlusion,Medial Rotation,77.14285714,"[77.1429, 77.1429, 77.1429]",3,True,23,test,-1
11714814,E04_P23_AL_VFL_GM.mp4,E04_P23_AL_VFL_GM,111752502,E04,P23,L,FL,M,left,full_light,Medial Rotation,81.42857143,"[81.4286, 81.4286, 81.4286]",3,True,23,test,-1
11714800,E04_P23_AL_VHJ_GM.mp4,E04_P23_AL_VHJ_GM,73610458,E04,P23,L,HJ,M,left,high_jitter,Medial Rotation,84.28571429,"[84.2857, 84.2857, 84.2857]",3,True,23,test,-1
11714833,E04_P23_AL_VLJ_GM.mp4,E04_P23_AL_VLJ_GM,85536276,E04,P23,L,LJ,M,left,low_jitter,Medial Rotation,70.95238095,"[68.5714, 75.7143, 68.5714]",3,True,23,test,-1
11714796,E04_P23_AL_VLL_GM.mp4,E04_P23_AL_VLL_GM,80802587,E04,P23,L,LL,M,left,low_light,Medial Rotation,82.85714286,"[82.8571, 82.8571, 82.8571]",3,True,23,test,-1
11714822,E04_P23_AL_VML_GM.mp4,E04_P23_AL_VML_GM,97733255,E04,P23,L,ML,M,left,medium_light,Medial Rotation,74.28571429,"[74.2857, 74.2857, 74.2857]",3,True,23,test,-1
11714830,E04_P23_AL_VO_GM.mp4,E04_P23_AL_VO_GM,84259423,E04,P23,L,O,M,left,occlusion,Medial Rotation,77.14285714,"[77.1429, 77.1429, 77.1429]",3,True,23,test,-1
11732029,E04_P23_AR_VFL_GM.mp4,E04_P23_AR_VFL_GM,17971034,E04,P23,R,FL,M,right,full_light,Medial Rotation,81.42857143,"[81.4286, 81.4286, 81.4286]",3,True,23,test,-1
11714809,E04_P23_AR_VHJ_GM.mp4,E04_P23_AR_VHJ_GM,76777383,E04,P23,R,HJ,M,right,high_jitter,Medial Rotation,84.28571429,"[84.2857, 84.2857, 84.2857]",3,True,23,test,-1
11714807,E04_P23_AR_VLJ_GM.mp4,E04_P23_AR_VLJ_GM,88034439,E04,P23,R,LJ,M,right,low_jitter,Medial Rotation,70.95238095,"[68.5714, 75.7143, 68.5714]",3,True,23,test,-1
11732042,E04_P23_AR_VLL_GM.mp4,E04_P23_AR_VLL_GM,14771580,E04,P23,R,LL,M,right,low_light,Medial Rotation,82.85714286,"[82.8571, 82.8571, 82.8571]",3,True,23,test,-1
11732045,E04_P23_AR_VML_GM.mp4,E04_P23_AR_VML_GM,19706449,E04,P23,R,ML,M,right,medium_light,Medial Rotation,74.28571429,"[74.2857, 74.2857, 74.2857]",3,True,23,test,-1
11732035,E04_P23_AR_VO_GM.mp4,E04_P23_AR_VO_GM,20143657,E04,P23,R,O,M,right,occlusion,Medial Rotation,78.57142857,"[78.5714, 78.5714, 78.5714]",3,True,23,test,-1
11732048,E04_P24_AF_VFL_GM.mp4,E04_P24_AF_VFL_GM,13379179,E04,P24,F,FL,M,front,full_light,Medial Rotation,80.47619048,"[75.7143, 82.8571, 82.8571]",3,True,24,train,0
11732037,E04_P24_AF_VLL_GM.mp4,E04_P24_AF_VLL_GM,16457815,E04,P24,F,LL,M,front,low_light,Medial Rotation,75.71428571,"[75.7143, 75.7143, 75.7143]",3,True,24,train,0
11732047,E04_P24_AF_VML_GM.mp4,E04_P24_AF_VML_GM,15457483,E04,P24,F,ML,M,front,medium_light,Medial Rotation,70.47619048,"[65.7143, 72.8571, 72.8571]",3,True,24,train,0
11732041,E04_P24_AR_VFL_GM.mp4,E04_P24_AR_VFL_GM,31416022,E04,P24,R,FL,M,right,full_light,Medial Rotation,81.9047619,"[77.1429, 84.2857, 84.2857]",3,True,24,train,0
11732033,E04_P24_AR_VLL_GM.mp4,E04_P24_AR_VLL_GM,30781269,E04,P24,R,LL,M,right,low_light,Medial Rotation,77.14285714,"[77.1429, 77.1429, 77.1429]",3,True,24,train,0
11732046,E04_P24_AR_VML_GM.mp4,E04_P24_AR_VML_GM,29643791,E04,P24,R,ML,M,right,medium_light,Medial Rotation,73.33333333,"[68.5714, 75.7143, 75.7143]",3,True,24,train,0
11771590,E05_P01_AF_VFL_GM.mp4,E05_P01_AF_VFL_GM,51707988,E05,P01,F,FL,M,front,full_light,Circumduction,78.57142857,"[78.5714, 78.5714, 78.5714]",3,True,1,train,2
11771582,E05_P01_AF_VHJ_GM.mp4,E05_P01_AF_VHJ_GM,63931139,E05,P01,F,HJ,M,front,high_jitter,Circumduction,84.28571429,"[84.2857, 84.2857, 84.2857]",3,True,1,train,2
11771602,E05_P01_AF_VLJ_GM.mp4,E05_P01_AF_VLJ_GM,63863219,E05,P01,F,LJ,M,front,low_jitter,Circumduction,80.0,"[80.0, 80.0, 80.0]",3,True,1,train,2
11771597,E05_P01_AF_VLL_GM.mp4,E05_P01_AF_VLL_GM,64781205,E05,P01,F,LL,M,front,low_light,Circumduction,84.28571429,"[84.2857, 84.2857, 84.2857]",3,True,1,train,2
11771596,E05_P01_AF_VML_GM.mp4,E05_P01_AF_VML_GM,56151076,E05,P01,F,ML,M,front,medium_light,Circumduction,74.28571429,"[74.2857, 74.2857, 74.2857]",3,True,1,train,2
11771599,E05_P01_AF_VO_GM.mp4,E05_P01_AF_VO_GM,78575833,E05,P01,F,O,M,front,occlusion,Circumduction,81.42857143,"[81.4286, 81.4286, 81.4286]",3,True,1,train,2
11738020,E05_P01_AL_VFL_GM.mp4,E05_P01_AL_VFL_GM,15383095,E05,P01,L,FL,M,left,full_light,Circumduction,78.57142857,"[78.5714, 78.5714, 78.5714]",3,True,1,train,2
11771612,E05_P01_AL_VHJ_GM.mp4,E05_P01_AL_VHJ_GM,45486631,E05,P01,L,HJ,M,left,high_jitter,Circumduction,82.85714286,"[82.8571, 82.8571, 82.8571]",3,True,1,train,2
11771593,E05_P01_AL_VLJ_GM.mp4,E05_P01_AL_VLJ_GM,39330590,E05,P01,L,LJ,M,left,low_jitter,Circumduction,80.0,"[80.0, 80.0, 80.0]",3,True,1,train,2
11771613,E05_P01_AL_VLL_GM.mp4,E05_P01_AL_VLL_GM,56771917,E05,P01,L,LL,M,left,low_light,Circumduction,84.28571429,"[84.2857, 84.2857, 84.2857]",3,True,1,train,2
11737919,E05_P01_AL_VML_GM.mp4,E05_P01_AL_VML_GM,20258116,E05,P01,L,ML,M,left,medium_light,Circumduction,80.0,"[80.0, 80.0, 80.0]",3,True,1,train,2
11771584,E05_P01_AL_VO_GM.mp4,E05_P01_AL_VO_GM,30650147,E05,P01,L,O,M,left,occlusion,Circumduction,84.28571429,"[84.2857, 84.2857, 84.2857]",3,True,1,train,2
11738121,E05_P01_AR_VFL_GM.mp4,E05_P01_AR_VFL_GM,18530704,E05,P01,R,FL,M,right,full_light,Circumduction,75.71428571,"[75.7143, 75.7143, 75.7143]",3,True,1,train,2
11771604,E05_P01_AR_VHJ_GM.mp4,E05_P01_AR_VHJ_GM,65462634,E05,P01,R,HJ,M,right,high_jitter,Circumduction,84.28571429,"[84.2857, 84.2857, 84.2857]",3,True,1,train,2
11771589,E05_P01_AR_VLJ_GM.mp4,E05_P01_AR_VLJ_GM,70115191,E05,P01,R,LJ,M,right,low_jitter,Circumduction,77.14285714,"[77.1429, 77.1429, 77.1429]",3,True,1,train,2
11771616,E05_P01_AR_VLL_GM.mp4,E05_P01_AR_VLL_GM,65156562,E05,P01,R,LL,M,right,low_light,Circumduction,81.42857143,"[81.4286, 81.4286, 81.4286]",3,True,1,train,2
11771615,E05_P01_AR_VML_GM.mp4,E05_P01_AR_VML_GM,37614102,E05,P01,R,ML,M,right,medium_light,Circumduction,75.71428571,"[75.7143, 75.7143, 75.7143]",3,True,1,train,2
11771592,E05_P01_AR_VO_GM.mp4,E05_P01_AR_VO_GM,61501026,E05,P01,R,O,M,right,occlusion,Circumduction,84.28571429,"[84.2857, 84.2857, 84.2857]",3,True,1,train,2
11738009,E05_P02_AF_VFL_GM.mp4,E05_P02_AF_VFL_GM,19659268,E05,P02,F,FL,M,front,full_light,Circumduction,100.0,"[100.0, 100.0, 100.0]",3,True,2,train,0
11771580,E05_P02_AF_VHJ_GM.mp4,E05_P02_AF_VHJ_GM,30528943,E05,P02,F,HJ,M,front,high_jitter,Circumduction,70.47619048,"[65.7143, 72.8571, 72.8571]",3,True,2,train,0
11771600,E05_P02_AF_VLJ_GM.mp4,E05_P02_AF_VLJ_GM,30393781,E05,P02,F,LJ,M,front,low_jitter,Circumduction,92.85714286,"[85.7143, 100.0, 92.8571]",3,True,2,train,0
11771594,E05_P02_AF_VLL_GM.mp4,E05_P02_AF_VLL_GM,36179391,E05,P02,F,LL,M,front,low_light,Circumduction,74.28571429,"[74.2857, 74.2857, 74.2857]",3,True,2,train,0
11737987,E05_P02_AF_VML_GM.mp4,E05_P02_AF_VML_GM,18433849,E05,P02,F,ML,M,front,medium_light,Circumduction,75.71428571,"[75.7143, 75.7143, 75.7143]",3,True,2,train,0
11771576,E05_P02_AF_VO_GM.mp4,E05_P02_AF_VO_GM,24396590,E05,P02,F,O,M,front,occlusion,Circumduction,74.28571429,"[74.2857, 74.2857, 74.2857]",3,True,2,train,0
11771591,E05_P02_AL_VFL_GM.mp4,E05_P02_AL_VFL_GM,61003655,E05,P02,L,FL,M,left,full_light,Circumduction,100.0,"[100.0, 100.0, 100.0]",3,True,2,train,0
11771610,E05_P02_AL_VHJ_GM.mp4,E05_P02_AL_VHJ_GM,59746560,E05,P02,L,HJ,M,left,high_jitter,Circumduction,71.9047619,"[67.1429, 74.2857, 74.2857]",3,True,2,train,0
11771607,E05_P02_AL_VLJ_GM.mp4,E05_P02_AL_VLJ_GM,61367342,E05,P02,L,LJ,M,left,low_jitter,Circumduction,92.85714286,"[85.7143, 100.0, 92.8571]",3,True,2,train,0
11771578,E05_P02_AL_VLL_GM.mp4,E05_P02_AL_VLL_GM,45565721,E05,P02,L,LL,M,left,low_light,Circumduction,81.42857143,"[81.4286, 81.4286, 81.4286]",3,True,2,train,0
11771611,E05_P02_AL_VML_GM.mp4,E05_P02_AL_VML_GM,62590609,E05,P02,L,ML,M,left,medium_light,Circumduction,81.42857143,"[81.4286, 81.4286, 81.4286]",3,True,2,train,0
11771598,E05_P02_AL_VO_GM.mp4,E05_P02_AL_VO_GM,62929952,E05,P02,L,O,M,left,occlusion,Circumduction,72.85714286,"[72.8571, 72.8571, 72.8571]",3,True,2,train,0
11771581,E05_P02_AR_VFL_GM.mp4,E05_P02_AR_VFL_GM,44061519,E05,P02,R,FL,M,right,full_light,Circumduction,100.0,"[100.0, 100.0, 100.0]",3,True,2,train,0
11771601,E05_P02_AR_VHJ_GM.mp4,E05_P02_AR_VHJ_GM,60117043,E05,P02,R,HJ,M,right,high_jitter,Circumduction,76.19047619,"[71.4286, 78.5714, 78.5714]",3,True,2,train,0
11771588,E05_P02_AR_VLJ_GM.mp4,E05_P02_AR_VLJ_GM,61796710,E05,P02,R,LJ,M,right,low_jitter,Circumduction,92.85714286,"[85.7143, 100.0, 92.8571]",3,True,2,train,0
11771609,E05_P02_AR_VLL_GM.mp4,E05_P02_AR_VLL_GM,48498327,E05,P02,R,LL,M,right,low_light,Circumduction,78.57142857,"[78.5714, 78.5714, 78.5714]",3,True,2,train,0
11771577,E05_P02_AR_VML_GM.mp4,E05_P02_AR_VML_GM,39773327,E05,P02,R,ML,M,right,medium_light,Circumduction,100.0,"[100.0, 100.0, 100.0]",3,True,2,train,0
11771605,E05_P02_AR_VO_GM.mp4,E05_P02_AR_VO_GM,63073875,E05,P02,R,O,M,right,occlusion,Circumduction,74.28571429,"[74.2857, 74.2857, 74.2857]",3,True,2,train,0
11738056,E05_P03_AF_VFL_GM.mp4,E05_P03_AF_VFL_GM,14062737,E05,P03,F,FL,M,front,full_light,Circumduction,75.23809524,"[72.8571, 80.0, 72.8571]",3,True,3,train,3
11771617,E05_P03_AF_VHJ_GM.mp4,E05_P03_AF_VHJ_GM,36055202,E05,P03,F,HJ,M,front,high_jitter,Circumduction,100.0,"[100.0, 100.0, 100.0]",3,True,3,train,3
11771579,E05_P03_AF_VLJ_GM.mp4,E05_P03_AF_VLJ_GM,35529318,E05,P03,F,LJ,M,front,low_jitter,Circumduction,84.28571429,"[84.2857, 84.2857, 84.2857]",3,True,3,train,3
11771603,E05_P03_AF_VLL_GM.mp4,E05_P03_AF_VLL_GM,34741003,E05,P03,F,LL,M,front,low_light,Circumduction,97.61904762,"[100.0, 100.0, 92.8571]",3,True,3,train,3
11737945,E05_P03_AF_VML_GM.mp4,E05_P03_AF_VML_GM,15861242,E05,P03,F,ML,M,front,medium_light,Circumduction,77.61904762,"[72.8571, 80.0, 80.0]",3,True,3,train,3
11771595,E05_P03_AF_VO_GM.mp4,E05_P03_AF_VO_GM,20516100,E05,P03,F,O,M,front,occlusion,Circumduction,97.61904762,"[92.8571, 100.0, 100.0]",3,True,3,train,3
11771606,E05_P03_AL_VFL_GM.mp4,E05_P03_AL_VFL_GM,57959636,E05,P03,L,FL,M,left,full_light,Circumduction,76.66666667,"[74.2857, 81.4286, 74.2857]",3,True,3,train,3
11771587,E05_P03_AL_VHJ_GM.mp4,E05_P03_AL_VHJ_GM,64890176,E05,P03,L,HJ,M,left,high_jitter,Circumduction,100.0,"[100.0, 100.0, 100.0]",3,True,3,train,3
11771583,E05_P03_AL_VLJ_GM.mp4,E05_P03_AL_VLJ_GM,58456699,E05,P03,L,LJ,M,left,low_jitter,Circumduction,100.0,"[100.0, 100.0, 100.0]",3,True,3,train,3
11771586,E05_P03_AL_VLL_GM.mp4,E05_P03_AL_VLL_GM,57731428,E05,P03,L,LL,M,left,low_light,Circumduction,97.61904762,"[100.0, 100.0, 92.8571]",3,True,3,train,3
11771608,E05_P03_AL_VML_GM.mp4,E05_P03_AL_VML_GM,56017347,E05,P03,L,ML,M,left,medium_light,Circumduction,81.9047619,"[77.1429, 84.2857, 84.2857]",3,True,3,train,3
11771585,E05_P03_AL_VO_GM.mp4,E05_P03_AL_VO_GM,65542936,E05,P03,L,O,M,left,occlusion,Circumduction,97.61904762,"[92.8571, 100.0, 100.0]",3,True,3,train,3
11737944,E05_P03_AR_VLL_GM.mp4,E05_P03_AR_VLL_GM,18366527,E05,P03,R,LL,M,right,low_light,Circumduction,81.9047619,"[77.1429, 84.2857, 84.2857]",3,True,3,train,3
11738060,E05_P03_AR_VML_GM.mp4,E05_P03_AR_VML_GM,14977776,E05,P03,R,ML,M,right,medium_light,Circumduction,79.52380952,"[77.1429, 84.2857, 77.1429]",3,True,3,train,3
11771614,E05_P03_AR_VO_GM.mp4,E05_P03_AR_VO_GM,24665603,E05,P03,R,O,M,right,occlusion,Circumduction,97.61904762,"[92.8571, 100.0, 100.0]",3,True,3,train,3
11738018,E05_P04_AF_VFL_GM.mp4,E05_P04_AF_VFL_GM,11970647,E05,P04,F,FL,M,front,full_light,Circumduction,88.0952381,"[100.0, 85.7143, 78.5714]",3,True,4,train,1
11771647,E05_P04_AF_VHJ_GM.mp4,E05_P04_AF_VHJ_GM,27340704,E05,P04,F,HJ,M,front,high_jitter,Circumduction,65.23809524,"[77.1429, 62.8571, 55.7143]",3,True,4,train,1
11771666,E05_P04_AF_VLJ_GM.mp4,E05_P04_AF_VLJ_GM,22829579,E05,P04,F,LJ,M,front,low_jitter,Circumduction,60.0,"[67.1429, 52.8571, 60.0]",3,True,4,train,1
11771678,E05_P04_AF_VLL_GM.mp4,E05_P04_AF_VLL_GM,34376489,E05,P04,F,LL,M,front,low_light,Circumduction,74.28571429,"[81.4286, 74.2857, 67.1429]",3,True,4,train,1
11737912,E05_P04_AF_VML_GM.mp4,E05_P04_AF_VML_GM,20179502,E05,P04,F,ML,M,front,medium_light,Circumduction,80.47619048,"[82.8571, 75.7143, 82.8571]",3,True,4,train,1
11737952,E05_P04_AF_VO_GM.mp4,E05_P04_AF_VO_GM,13912168,E05,P04,F,O,M,front,occlusion,Circumduction,77.14285714,"[84.2857, 77.1429, 70.0]",3,True,4,train,1
11771672,E05_P04_AL_VFL_GM.mp4,E05_P04_AL_VFL_GM,54296144,E05,P04,L,FL,M,left,full_light,Circumduction,72.38095238,"[84.2857, 70.0, 62.8571]",3,True,4,train,1
11771648,E05_P04_AL_VHJ_GM.mp4,E05_P04_AL_VHJ_GM,51139527,E05,P04,L,HJ,M,left,high_jitter,Circumduction,88.0952381,"[100.0, 85.7143, 78.5714]",3,True,4,train,1
11771657,E05_P04_AL_VLJ_GM.mp4,E05_P04_AL_VLJ_GM,45252068,E05,P04,L,LJ,M,left,low_jitter,Circumduction,62.85714286,"[70.0, 55.7143, 62.8571]",3,True,4,train,1
11714931,E05_P04_AL_VLL_GM.mp4,E05_P04_AL_VLL_GM,49101596,E05,P04,L,LL,M,left,low_light,Circumduction,77.14285714,"[84.2857, 77.1429, 70.0]",3,True,4,train,1
11714909,E05_P04_AL_VO_GM.mp4,E05_P04_AL_VO_GM,47534042,E05,P04,L,O,M,left,occlusion,Circumduction,77.14285714,"[84.2857, 77.1429, 70.0]",3,True,4,train,1
11714956,E05_P04_AR_VFL_GM.mp4,E05_P04_AR_VFL_GM,15053412,E05,P04,R,FL,M,right,full_light,Circumduction,88.0952381,"[100.0, 85.7143, 78.5714]",3,True,4,train,1
11714911,E05_P04_AR_VHJ_GM.mp4,E05_P04_AR_VHJ_GM,52328093,E05,P04,R,HJ,M,right,high_jitter,Circumduction,68.0952381,"[80.0, 65.7143, 58.5714]",3,True,4,train,1
11714904,E05_P04_AR_VLJ_GM.mp4,E05_P04_AR_VLJ_GM,48121394,E05,P04,R,LJ,M,right,low_jitter,Circumduction,61.42857143,"[68.5714, 54.2857, 61.4286]",3,True,4,train,1
11714907,E05_P04_AR_VLL_GM.mp4,E05_P04_AR_VLL_GM,10066013,E05,P04,R,LL,M,right,low_light,Circumduction,75.71428571,"[82.8571, 75.7143, 68.5714]",3,True,4,train,1
11714901,E05_P04_AR_VML_GM.mp4,E05_P04_AR_VML_GM,11643579,E05,P04,R,ML,M,right,medium_light,Circumduction,80.47619048,"[82.8571, 75.7143, 82.8571]",3,True,4,train,1
11714951,E05_P04_AR_VO_GM.mp4,E05_P04_AR_VO_GM,20190175,E05,P04,R,O,M,right,occlusion,Circumduction,92.85714286,"[100.0, 92.8571, 85.7143]",3,True,4,train,1
11714908,E05_P05_AF_VFL_GM.mp4,E05_P05_AF_VFL_GM,12565105,E05,P05,F,FL,M,front,full_light,Circumduction,97.61904762,"[92.8571, 100.0, 100.0]",3,True,5,train,3
11714940,E05_P05_AF_VHJ_GM.mp4,E05_P05_AF_VHJ_GM,27555823,E05,P05,F,HJ,M,front,high_jitter,Circumduction,97.61904762,"[92.8571, 100.0, 100.0]",3,True,5,train,3
11771653,E05_P05_AF_VLJ_GM.mp4,E05_P05_AF_VLJ_GM,27605190,E05,P05,F,LJ,M,front,low_jitter,Circumduction,97.61904762,"[92.8571, 100.0, 100.0]",3,True,5,train,3
11771676,E05_P05_AF_VLL_GM.mp4,E05_P05_AF_VLL_GM,37247166,E05,P05,F,LL,M,front,low_light,Circumduction,95.23809524,"[92.8571, 100.0, 92.8571]",3,True,5,train,3
11737969,E05_P05_AF_VML_GM.mp4,E05_P05_AF_VML_GM,9758118,E05,P05,F,ML,M,front,medium_light,Circumduction,100.0,"[100.0, 100.0, 100.0]",3,True,5,train,3
11737995,E05_P05_AF_VO_GM.mp4,E05_P05_AF_VO_GM,17015742,E05,P05,F,O,M,front,occlusion,Circumduction,92.85714286,"[85.7143, 100.0, 92.8571]",3,True,5,train,3
11771656,E05_P05_AL_VFL_GM.mp4,E05_P05_AL_VFL_GM,64295921,E05,P05,L,FL,M,left,full_light,Circumduction,97.61904762,"[92.8571, 100.0, 100.0]",3,True,5,train,3
11771681,E05_P05_AL_VHJ_GM.mp4,E05_P05_AL_VHJ_GM,52165633,E05,P05,L,HJ,M,left,high_jitter,Circumduction,97.61904762,"[92.8571, 100.0, 100.0]",3,True,5,train,3
11771673,E05_P05_AL_VLJ_GM.mp4,E05_P05_AL_VLJ_GM,57273184,E05,P05,L,LJ,M,left,low_jitter,Circumduction,97.61904762,"[92.8571, 100.0, 100.0]",3,True,5,train,3
11771654,E05_P05_AL_VLL_GM.mp4,E05_P05_AL_VLL_GM,59465301,E05,P05,L,LL,M,left,low_light,Circumduction,95.23809524,"[92.8571, 100.0, 92.8571]",3,True,5,train,3
11771684,E05_P05_AL_VML_GM.mp4,E05_P05_AL_VML_GM,60386492,E05,P05,L,ML,M,left,medium_light,Circumduction,100.0,"[100.0, 100.0, 100.0]",3,True,5,train,3
11771649,E05_P05_AL_VO_GM.mp4,E05_P05_AL_VO_GM,55629615,E05,P05,L,O,M,left,occlusion,Circumduction,92.85714286,"[85.7143, 100.0, 92.8571]",3,True,5,train,3
11737921,E05_P05_AR_VFL_GM.mp4,E05_P05_AR_VFL_GM,12594648,E05,P05,R,FL,M,right,full_light,Circumduction,97.61904762,"[92.8571, 100.0, 100.0]",3,True,5,train,3
11771655,E05_P05_AR_VHJ_GM.mp4,E05_P05_AR_VHJ_GM,54531874,E05,P05,R,HJ,M,right,high_jitter,Circumduction,97.61904762,"[92.8571, 100.0, 100.0]",3,True,5,train,3
11771669,E05_P05_AR_VLJ_GM.mp4,E05_P05_AR_VLJ_GM,41149099,E05,P05,R,LJ,M,right,low_jitter,Circumduction,97.61904762,"[92.8571, 100.0, 100.0]",3,True,5,train,3
11738022,E05_P05_AR_VLL_GM.mp4,E05_P05_AR_VLL_GM,11100488,E05,P05,R,LL,M,right,low_light,Circumduction,95.23809524,"[92.8571, 100.0, 92.8571]",3,True,5,train,3
11737977,E05_P05_AR_VML_GM.mp4,E05_P05_AR_VML_GM,10785552,E05,P05,R,ML,M,right,medium_light,Circumduction,100.0,"[100.0, 100.0, 100.0]",3,True,5,train,3
11737948,E05_P05_AR_VO_GM.mp4,E05_P05_AR_VO_GM,17166863,E05,P05,R,O,M,right,occlusion,Circumduction,92.85714286,"[85.7143, 100.0, 92.8571]",3,True,5,train,3
11738109,E05_P06_AF_VFL_GM.mp4,E05_P06_AF_VFL_GM,13440045,E05,P06,F,FL,M,front,full_light,Circumduction,76.66666667,"[81.4286, 67.1429, 81.4286]",3,True,6,train,3
11771677,E05_P06_AF_VHJ_GM.mp4,E05_P06_AF_VHJ_GM,33084271,E05,P06,F,HJ,M,front,high_jitter,Circumduction,69.52380952,"[74.2857, 67.1429, 67.1429]",3,True,6,train,3
11771686,E05_P06_AF_VLJ_GM.mp4,E05_P06_AF_VLJ_GM,33125408,E05,P06,F,LJ,M,front,low_jitter,Circumduction,73.33333333,"[75.7143, 68.5714, 75.7143]",3,True,6,train,3
11771659,E05_P06_AF_VLL_GM.mp4,E05_P06_AF_VLL_GM,39029668,E05,P06,F,LL,M,front,low_light,Circumduction,73.33333333,"[75.7143, 68.5714, 75.7143]",3,True,6,train,3
11737906,E05_P06_AF_VML_GM.mp4,E05_P06_AF_VML_GM,14350906,E05,P06,F,ML,M,front,medium_light,Circumduction,75.23809524,"[80.0, 72.8571, 72.8571]",3,True,6,train,3
11738108,E05_P06_AF_VO_GM.mp4,E05_P06_AF_VO_GM,19368381,E05,P06,F,O,M,front,occlusion,Circumduction,74.76190476,"[77.1429, 70.0, 77.1429]",3,True,6,train,3
11771667,E05_P06_AL_VFL_GM.mp4,E05_P06_AL_VFL_GM,64975057,E05,P06,L,FL,M,left,full_light,Circumduction,75.23809524,"[80.0, 65.7143, 80.0]",3,True,6,train,3
11771671,E05_P06_AL_VHJ_GM.mp4,E05_P06_AL_VHJ_GM,63274942,E05,P06,L,HJ,M,left,high_jitter,Circumduction,73.80952381,"[78.5714, 71.4286, 71.4286]",3,True,6,train,3
11771675,E05_P06_AL_VLJ_GM.mp4,E05_P06_AL_VLJ_GM,68332797,E05,P06,L,LJ,M,left,low_jitter,Circumduction,77.61904762,"[80.0, 72.8571, 80.0]",3,True,6,train,3
11771663,E05_P06_AL_VLL_GM.mp4,E05_P06_AL_VLL_GM,69163031,E05,P06,L,LL,M,left,low_light,Circumduction,73.33333333,"[75.7143, 68.5714, 75.7143]",3,True,6,train,3
11771683,E05_P06_AL_VML_GM.mp4,E05_P06_AL_VML_GM,65595455,E05,P06,L,ML,M,left,medium_light,Circumduction,75.23809524,"[80.0, 72.8571, 72.8571]",3,True,6,train,3
11771650,E05_P06_AL_VO_GM.mp4,E05_P06_AL_VO_GM,64873861,E05,P06,L,O,M,left,occlusion,Circumduction,77.61904762,"[80.0, 72.8571, 80.0]",3,True,6,train,3
11738058,E05_P06_AR_VFL_GM.mp4,E05_P06_AR_VFL_GM,12385782,E05,P06,R,FL,M,right,full_light,Circumduction,78.0952381,"[82.8571, 68.5714, 82.8571]",3,True,6,train,3
11771680,E05_P06_AR_VHJ_GM.mp4,E05_P06_AR_VHJ_GM,64497363,E05,P06,R,HJ,M,right,high_jitter,Circumduction,95.23809524,"[100.0, 92.8571, 92.8571]",3,True,6,train,3
11771665,E05_P06_AR_VLJ_GM.mp4,E05_P06_AR_VLJ_GM,42950518,E05,P06,R,LJ,M,right,low_jitter,Circumduction,97.61904762,"[100.0, 92.8571, 100.0]",3,True,6,train,3
11738096,E05_P06_AR_VLL_GM.mp4,E05_P06_AR_VLL_GM,13416809,E05,P06,R,LL,M,right,low_light,Circumduction,81.9047619,"[84.2857, 77.1429, 84.2857]",3,True,6,train,3
11738063,E05_P06_AR_VML_GM.mp4,E05_P06_AR_VML_GM,11038115,E05,P06,R,ML,M,right,medium_light,Circumduction,95.23809524,"[100.0, 92.8571, 92.8571]",3,True,6,train,3
11738017,E05_P06_AR_VO_GM.mp4,E05_P06_AR_VO_GM,14424541,E05,P06,R,O,M,right,occlusion,Circumduction,80.47619048,"[82.8571, 75.7143, 82.8571]",3,True,6,train,3
11771685,E05_P07_AF_VFL_GM.mp4,E05_P07_AF_VFL_GM,23160175,E05,P07,F,FL,M,front,full_light,Circumduction,74.76190476,"[70.0, 77.1429, 77.1429]",3,True,7,train,0
11771646,E05_P07_AF_VHJ_GM.mp4,E05_P07_AF_VHJ_GM,26009047,E05,P07,F,HJ,M,front,high_jitter,Circumduction,54.28571429,"[54.2857, 54.2857, 54.2857]",3,True,7,train,0
11771652,E05_P07_AF_VLJ_GM.mp4,E05_P07_AF_VLJ_GM,28048006,E05,P07,F,LJ,M,front,low_jitter,Circumduction,92.85714286,"[92.8571, 92.8571, 92.8571]",3,True,7,train,0
11771662,E05_P07_AF_VLL_GM.mp4,E05_P07_AF_VLL_GM,27063301,E05,P07,F,LL,M,front,low_light,Circumduction,92.85714286,"[92.8571, 92.8571, 92.8571]",3,True,7,train,0
11737982,E05_P07_AF_VML_GM.mp4,E05_P07_AF_VML_GM,15368346,E05,P07,F,ML,M,front,medium_light,Circumduction,79.52380952,"[77.1429, 77.1429, 84.2857]",3,True,7,train,0
11737962,E05_P07_AF_VO_GM.mp4,E05_P07_AF_VO_GM,18859349,E05,P07,F,O,M,front,occlusion,Circumduction,71.42857143,"[71.4286, 64.2857, 78.5714]",3,True,7,train,0
11771674,E05_P07_AL_VFL_GM.mp4,E05_P07_AL_VFL_GM,69883556,E05,P07,L,FL,M,left,full_light,Circumduction,71.9047619,"[67.1429, 74.2857, 74.2857]",3,True,7,train,0
11771670,E05_P07_AL_VHJ_GM.mp4,E05_P07_AL_VHJ_GM,45835979,E05,P07,L,HJ,M,left,high_jitter,Circumduction,57.14285714,"[57.1429, 57.1429, 57.1429]",3,True,7,train,0
11771682,E05_P07_AL_VLJ_GM.mp4,E05_P07_AL_VLJ_GM,47713490,E05,P07,L,LJ,M,left,low_jitter,Circumduction,92.85714286,"[92.8571, 92.8571, 92.8571]",3,True,7,train,0
11771660,E05_P07_AL_VLL_GM.mp4,E05_P07_AL_VLL_GM,53069599,E05,P07,L,LL,M,left,low_light,Circumduction,92.85714286,"[92.8571, 92.8571, 92.8571]",3,True,7,train,0
11771664,E05_P07_AL_VML_GM.mp4,E05_P07_AL_VML_GM,59413413,E05,P07,L,ML,M,left,medium_light,Circumduction,79.52380952,"[77.1429, 77.1429, 84.2857]",3,True,7,train,0
11771658,E05_P07_AL_VO_GM.mp4,E05_P07_AL_VO_GM,54117535,E05,P07,L,O,M,left,occlusion,Circumduction,75.71428571,"[75.7143, 68.5714, 82.8571]",3,True,7,train,0
11771668,E05_P07_AR_VFL_GM.mp4,E05_P07_AR_VFL_GM,21732688,E05,P07,R,FL,M,right,full_light,Circumduction,90.47619048,"[85.7143, 92.8571, 92.8571]",3,True,7,train,0
11771679,E05_P07_AR_VHJ_GM.mp4,E05_P07_AR_VHJ_GM,45802086,E05,P07,R,HJ,M,right,high_jitter,Circumduction,60.0,"[60.0, 60.0, 60.0]",3,True,7,train,0
11771661,E05_P07_AR_VLJ_GM.mp4,E05_P07_AR_VLJ_GM,43365679,E05,P07,R,LJ,M,right,low_jitter,Circumduction,77.14285714,"[77.1429, 77.1429, 77.1429]",3,True,7,train,0
11737951,E05_P07_AR_VLL_GM.mp4,E05_P07_AR_VLL_GM,16081798,E05,P07,R,LL,M,right,low_light,Circumduction,92.85714286,"[92.8571, 92.8571, 92.8571]",3,True,7,train,0
11737998,E05_P07_AR_VML_GM.mp4,E05_P07_AR_VML_GM,17062851,E05,P07,R,ML,M,right,medium_light,Circumduction,79.52380952,"[77.1429, 77.1429, 84.2857]",3,True,7,train,0
11771651,E05_P07_AR_VO_GM.mp4,E05_P07_AR_VO_GM,20656662,E05,P07,R,O,M,right,occlusion,Circumduction,77.14285714,"[77.1429, 70.0, 84.2857]",3,True,7,train,0
11738070,E05_P08_AF_VFL_GM.mp4,E05_P08_AF_VFL_GM,16142563,E05,P08,F,FL,M,front,full_light,Circumduction,100.0,"[100.0, 100.0, 100.0]",3,True,8,val,1
11738107,E05_P08_AF_VHJ_GM.mp4,E05_P08_AF_VHJ_GM,18931922,E05,P08,F,HJ,M,front,high_jitter,Circumduction,85.71428571,"[85.7143, 85.7143, 85.7143]",3,True,8,val,1
11771751,E05_P08_AF_VLJ_GM.mp4,E05_P08_AF_VLJ_GM,25833071,E05,P08,F,LJ,M,front,low_jitter,Circumduction,97.61904762,"[100.0, 100.0, 92.8571]",3,True,8,val,1
11771761,E05_P08_AF_VLL_GM.mp4,E05_P08_AF_VLL_GM,33545525,E05,P08,F,LL,M,front,low_light,Circumduction,97.61904762,"[100.0, 100.0, 92.8571]",3,True,8,val,1
11738101,E05_P08_AF_VML_GM.mp4,E05_P08_AF_VML_GM,18425611,E05,P08,F,ML,M,front,medium_light,Circumduction,97.61904762,"[100.0, 100.0, 92.8571]",3,True,8,val,1
11738038,E05_P08_AF_VO_GM.mp4,E05_P08_AF_VO_GM,17679410,E05,P08,F,O,M,front,occlusion,Circumduction,95.23809524,"[92.8571, 100.0, 92.8571]",3,True,8,val,1
11771752,E05_P08_AL_VFL_GM.mp4,E05_P08_AL_VFL_GM,73271814,E05,P08,L,FL,M,left,full_light,Circumduction,100.0,"[100.0, 100.0, 100.0]",3,True,8,val,1
11771708,E05_P08_AL_VHJ_GM.mp4,E05_P08_AL_VHJ_GM,38070879,E05,P08,L,HJ,M,left,high_jitter,Circumduction,85.71428571,"[85.7143, 85.7143, 85.7143]",3,True,8,val,1
11771726,E05_P08_AL_VLJ_GM.mp4,E05_P08_AL_VLJ_GM,49598041,E05,P08,L,LJ,M,left,low_jitter,Circumduction,97.61904762,"[100.0, 100.0, 92.8571]",3,True,8,val,1
11771725,E05_P08_AL_VML_GM.mp4,E05_P08_AL_VML_GM,64192198,E05,P08,L,ML,M,left,medium_light,Circumduction,97.61904762,"[100.0, 100.0, 92.8571]",3,True,8,val,1
11771724,E05_P08_AL_VO_GM.mp4,E05_P08_AL_VO_GM,56739661,E05,P08,L,O,M,left,occlusion,Circumduction,95.23809524,"[92.8571, 100.0, 92.8571]",3,True,8,val,1
11737974,E05_P08_AR_VFL_GM.mp4,E05_P08_AR_VFL_GM,12323621,E05,P08,R,FL,M,right,full_light,Circumduction,100.0,"[100.0, 100.0, 100.0]",3,True,8,val,1
11771739,E05_P08_AR_VHJ_GM.mp4,E05_P08_AR_VHJ_GM,35776106,E05,P08,R,HJ,M,right,high_jitter,Circumduction,85.71428571,"[85.7143, 85.7143, 85.7143]",3,True,8,val,1
11771723,E05_P08_AR_VLJ_GM.mp4,E05_P08_AR_VLJ_GM,42536491,E05,P08,R,LJ,M,right,low_jitter,Circumduction,97.61904762,"[100.0, 100.0, 92.8571]",3,True,8,val,1
11737997,E05_P08_AR_VLL_GM.mp4,E05_P08_AR_VLL_GM,10436528,E05,P08,R,LL,M,right,low_light,Circumduction,97.61904762,"[100.0, 100.0, 92.8571]",3,True,8,val,1
11738031,E05_P08_AR_VML_GM.mp4,E05_P08_AR_VML_GM,10578382,E05,P08,R,ML,M,right,medium_light,Circumduction,81.9047619,"[84.2857, 84.2857, 77.1429]",3,True,8,val,1
11737931,E05_P08_AR_VO_GM.mp4,E05_P08_AR_VO_GM,19209511,E05,P08,R,O,M,right,occlusion,Circumduction,95.23809524,"[92.8571, 100.0, 92.8571]",3,True,8,val,1
11771715,E05_P09_AF_VFL_GF.mp4,E05_P09_AF_VFL_GF,33785535,E05,P09,F,FL,F,front,full_light,Circumduction,95.23809524,"[100.0, 100.0, 85.7143]",3,True,9,train,1
11771717,E05_P09_AF_VLL_GF.mp4,E05_P09_AF_VLL_GF,45809293,E05,P09,F,LL,F,front,low_light,Circumduction,78.0952381,"[82.8571, 82.8571, 68.5714]",3,True,9,train,1
11771763,E05_P09_AF_VML_GF.mp4,E05_P09_AF_VML_GF,26479238,E05,P09,F,ML,F,front,medium_light,Circumduction,97.61904762,"[100.0, 100.0, 92.8571]",3,True,9,train,1
11771742,E05_P09_AF_VO_GF.mp4,E05_P09_AF_VO_GF,24240180,E05,P09,F,O,F,front,occlusion,Circumduction,100.0,"[100.0, 100.0, 100.0]",3,True,9,train,1
11771753,E05_P09_AL_VFL_GF.mp4,E05_P09_AL_VFL_GF,103781779,E05,P09,L,FL,F,left,full_light,Circumduction,95.23809524,"[100.0, 100.0, 85.7143]",3,True,9,train,1
11771740,E05_P09_AL_VLL_GF.mp4,E05_P09_AL_VLL_GF,67378201,E05,P09,L,LL,F,left,low_light,Circumduction,79.52380952,"[84.2857, 84.2857, 70.0]",3,True,9,train,1
11771734,E05_P09_AL_VML_GF.mp4,E05_P09_AL_VML_GF,73289056,E05,P09,L,ML,F,left,medium_light,Circumduction,97.61904762,"[100.0, 100.0, 92.8571]",3,True,9,train,1
11771743,E05_P09_AL_VO_GF.mp4,E05_P09_AL_VO_GF,65308760,E05,P09,L,O,F,left,occlusion,Circumduction,100.0,"[100.0, 100.0, 100.0]",3,True,9,train,1
11771754,E05_P09_AR_VFL_GF.mp4,E05_P09_AR_VFL_GF,20517967,E05,P09,R,FL,F,right,full_light,Circumduction,95.23809524,"[100.0, 100.0, 85.7143]",3,True,9,train,1
11737956,E05_P09_AR_VLL_GF.mp4,E05_P09_AR_VLL_GF,15177823,E05,P09,R,LL,F,right,low_light,Circumduction,95.23809524,"[100.0, 100.0, 85.7143]",3,True,9,train,1
11738043,E05_P09_AR_VML_GF.mp4,E05_P09_AR_VML_GF,13664835,E05,P09,R,ML,F,right,medium_light,Circumduction,97.61904762,"[100.0, 100.0, 92.8571]",3,True,9,train,1
11771767,E05_P09_AR_VO_GF.mp4,E05_P09_AR_VO_GF,21383019,E05,P09,R,O,F,right,occlusion,Circumduction,100.0,"[100.0, 100.0, 100.0]",3,True,9,train,1
11771762,E05_P10_AF_VFL_GF.mp4,E05_P10_AF_VFL_GF,27944238,E05,P10,F,FL,F,front,full_light,Circumduction,100.0,"[100.0, 100.0, 100.0]",3,True,10,train,0
11771712,E05_P10_AF_VLL_GF.mp4,E05_P10_AF_VLL_GF,36475222,E05,P10,F,LL,F,front,low_light,Circumduction,97.61904762,"[100.0, 92.8571, 100.0]",3,True,10,train,0
11738053,E05_P10_AF_VML_GF.mp4,E05_P10_AF_VML_GF,15815146,E05,P10,F,ML,F,front,medium_light,Circumduction,97.61904762,"[100.0, 92.8571, 100.0]",3,True,10,train,0
11738003,E05_P10_AF_VO_GF.mp4,E05_P10_AF_VO_GF,19560365,E05,P10,F,O,F,front,occlusion,Circumduction,100.0,"[100.0, 100.0, 100.0]",3,True,10,train,0
11771760,E05_P10_AL_VFL_GF.mp4,E05_P10_AL_VFL_GF,75185965,E05,P10,L,FL,F,left,full_light,Circumduction,100.0,"[100.0, 100.0, 100.0]",3,True,10,train,0
11771744,E05_P10_AL_VLL_GF.mp4,E05_P10_AL_VLL_GF,56885090,E05,P10,L,LL,F,left,low_light,Circumduction,97.61904762,"[100.0, 92.8571, 100.0]",3,True,10,train,0
11771720,E05_P10_AL_VML_GF.mp4,E05_P10_AL_VML_GF,61217167,E05,P10,L,ML,F,left,medium_light,Circumduction,97.61904762,"[100.0, 92.8571, 100.0]",3,True,10,train,0
11771721,E05_P10_AL_VO_GF.mp4,E05_P10_AL_VO_GF,60908046,E05,P10,L,O,F,left,occlusion,Circumduction,100.0,"[100.0, 100.0, 100.0]",3,True,10,train,0
11771755,E05_P10_AR_VFL_GF.mp4,E05_P10_AR_VFL_GF,20550748,E05,P10,R,FL,F,right,full_light,Circumduction,100.0,"[100.0, 100.0, 100.0]",3,True,10,train,0
11771756,E05_P10_AR_VLL_GF.mp4,E05_P10_AR_VLL_GF,23330001,E05,P10,R,LL,F,right,low_light,Circumduction,97.61904762,"[100.0, 92.8571, 100.0]",3,True,10,train,0
11771711,E05_P10_AR_VO_GF.mp4,E05_P10_AR_VO_GF,26400333,E05,P10,R,O,F,right,occlusion,Circumduction,100.0,"[100.0, 100.0, 100.0]",3,True,10,train,0
11771748,E05_P11_AF_VFL_GF.mp4,E05_P11_AF_VFL_GF,32184624,E05,P11,F,FL,F,front,full_light,Circumduction,100.0,"[100.0, 100.0, 100.0]",3,True,11,test,-1
11771731,E05_P11_AF_VLL_GF.mp4,E05_P11_AF_VLL_GF,70751189,E05,P11,F,LL,F,front,low_light,Circumduction,100.0,"[100.0, 100.0, 100.0]",3,True,11,test,-1
11771719,E05_P11_AF_VML_GF.mp4,E05_P11_AF_VML_GF,29379165,E05,P11,F,ML,F,front,medium_light,Circumduction,100.0,"[100.0, 100.0, 100.0]",3,True,11,test,-1
11771736,E05_P11_AF_VO_GF.mp4,E05_P11_AF_VO_GF,33994565,E05,P11,F,O,F,front,occlusion,Circumduction,100.0,"[100.0, 100.0, 100.0]",3,True,11,test,-1
11771764,E05_P11_AL_VFL_GF.mp4,E05_P11_AL_VFL_GF,79974686,E05,P11,L,FL,F,left,full_light,Circumduction,100.0,"[100.0, 100.0, 100.0]",3,True,11,test,-1
11771714,E05_P11_AL_VLL_GF.mp4,E05_P11_AL_VLL_GF,72856268,E05,P11,L,LL,F,left,low_light,Circumduction,84.28571429,"[84.2857, 84.2857, 84.2857]",3,True,11,test,-1
11771735,E05_P11_AL_VML_GF.mp4,E05_P11_AL_VML_GF,70091832,E05,P11,L,ML,F,left,medium_light,Circumduction,100.0,"[100.0, 100.0, 100.0]",3,True,11,test,-1
11771718,E05_P11_AL_VO_GF.mp4,E05_P11_AL_VO_GF,72043737,E05,P11,L,O,F,left,occlusion,Circumduction,100.0,"[100.0, 100.0, 100.0]",3,True,11,test,-1
11738006,E05_P11_AR_VFL_GF.mp4,E05_P11_AR_VFL_GF,13125152,E05,P11,R,FL,F,right,full_light,Circumduction,100.0,"[100.0, 100.0, 100.0]",3,True,11,test,-1
11738095,E05_P11_AR_VLL_GF.mp4,E05_P11_AR_VLL_GF,20088718,E05,P11,R,LL,F,right,low_light,Circumduction,100.0,"[100.0, 100.0, 100.0]",3,True,11,test,-1
11738035,E05_P11_AR_VML_GF.mp4,E05_P11_AR_VML_GF,10681436,E05,P11,R,ML,F,right,medium_light,Circumduction,100.0,"[100.0, 100.0, 100.0]",3,True,11,test,-1
11771749,E05_P11_AR_VO_GF.mp4,E05_P11_AR_VO_GF,23040993,E05,P11,R,O,F,right,occlusion,Circumduction,100.0,"[100.0, 100.0, 100.0]",3,True,11,test,-1
11771741,E05_P12_AF_VFL_GF.mp4,E05_P12_AF_VFL_GF,31371239,E05,P12,F,FL,F,front,full_light,Circumduction,80.47619048,"[82.8571, 82.8571, 75.7143]",3,True,12,train,2
11771733,E05_P12_AF_VLL_GF.mp4,E05_P12_AF_VLL_GF,60835475,E05,P12,F,LL,F,front,low_light,Circumduction,81.9047619,"[84.2857, 84.2857, 77.1429]",3,True,12,train,2
11771750,E05_P12_AF_VML_GF.mp4,E05_P12_AF_VML_GF,26770869,E05,P12,F,ML,F,front,medium_light,Circumduction,84.28571429,"[84.2857, 84.2857, 84.2857]",3,True,12,train,2
11771737,E05_P12_AF_VO_GF.mp4,E05_P12_AF_VO_GF,26742154,E05,P12,F,O,F,front,occlusion,Circumduction,95.23809524,"[100.0, 100.0, 85.7143]",3,True,12,train,2
11771728,E05_P12_AL_VFL_GF.mp4,E05_P12_AL_VFL_GF,78711865,E05,P12,L,FL,F,left,full_light,Circumduction,81.9047619,"[84.2857, 84.2857, 77.1429]",3,True,12,train,2
11771738,E05_P12_AL_VLL_GF.mp4,E05_P12_AL_VLL_GF,60904801,E05,P12,L,LL,F,left,low_light,Circumduction,81.9047619,"[84.2857, 84.2857, 77.1429]",3,True,12,train,2
11771746,E05_P12_AL_VML_GF.mp4,E05_P12_AL_VML_GF,65175261,E05,P12,L,ML,F,left,medium_light,Circumduction,82.85714286,"[82.8571, 82.8571, 82.8571]",3,True,12,train,2
11771707,E05_P12_AL_VO_GF.mp4,E05_P12_AL_VO_GF,63262706,E05,P12,L,O,F,left,occlusion,Circumduction,95.23809524,"[100.0, 100.0, 85.7143]",3,True,12,train,2
11738104,E05_P12_AR_VFL_GF.mp4,E05_P12_AR_VFL_GF,12576057,E05,P12,R,FL,F,right,full_light,Circumduction,97.61904762,"[100.0, 100.0, 92.8571]",3,True,12,train,2
11738000,E05_P12_AR_VLL_GF.mp4,E05_P12_AR_VLL_GF,12559658,E05,P12,R,LL,F,right,low_light,Circumduction,97.61904762,"[100.0, 100.0, 92.8571]",3,True,12,train,2
11738068,E05_P12_AR_VML_GF.mp4,E05_P12_AR_VML_GF,12182799,E05,P12,R,ML,F,right,medium_light,Circumduction,100.0,"[100.0, 100.0, 100.0]",3,True,12,train,2
11738074,E05_P12_AR_VO_GF.mp4,E05_P12_AR_VO_GF,20189283,E05,P12,R,O,F,right,occlusion,Circumduction,95.23809524,"[100.0, 100.0, 85.7143]",3,True,12,train,2
11771729,E05_P13_AF_VFL_GF.mp4,E05_P13_AF_VFL_GF,34448974,E05,P13,F,FL,F,front,full_light,Circumduction,92.85714286,"[92.8571, 92.8571, 92.8571]",3,True,13,train,2
11771757,E05_P13_AF_VHJ_GF.mp4,E05_P13_AF_VHJ_GF,36073292,E05,P13,F,HJ,F,front,high_jitter,Circumduction,95.23809524,"[100.0, 92.8571, 92.8571]",3,True,13,train,2
11738112,E05_P13_AF_VLJ_GF.mp4,E05_P13_AF_VLJ_GF,19638463,E05,P13,F,LJ,F,front,low_jitter,Circumduction,95.23809524,"[100.0, 92.8571, 92.8571]",3,True,13,train,2
11771766,E05_P13_AF_VLL_GF.mp4,E05_P13_AF_VLL_GF,27926094,E05,P13,F,LL,F,front,low_light,Circumduction,92.85714286,"[100.0, 92.8571, 85.7143]",3,True,13,train,2
11771716,E05_P13_AF_VML_GF.mp4,E05_P13_AF_VML_GF,33470320,E05,P13,F,ML,F,front,medium_light,Circumduction,73.80952381,"[78.5714, 71.4286, 71.4286]",3,True,13,train,2
11771727,E05_P13_AF_VO_GF.mp4,E05_P13_AF_VO_GF,25964893,E05,P13,F,O,F,front,occlusion,Circumduction,95.23809524,"[92.8571, 92.8571, 100.0]",3,True,13,train,2
11771765,E05_P13_AL_VFL_GF.mp4,E05_P13_AL_VFL_GF,73472268,E05,P13,L,FL,F,left,full_light,Circumduction,92.85714286,"[92.8571, 92.8571, 92.8571]",3,True,13,train,2
11771759,E05_P13_AL_VHJ_GF.mp4,E05_P13_AL_VHJ_GF,66941090,E05,P13,L,HJ,F,left,high_jitter,Circumduction,95.23809524,"[100.0, 92.8571, 92.8571]",3,True,13,train,2
11771747,E05_P13_AL_VLJ_GF.mp4,E05_P13_AL_VLJ_GF,54308225,E05,P13,L,LJ,F,left,low_jitter,Circumduction,95.23809524,"[100.0, 92.8571, 92.8571]",3,True,13,train,2
11771768,E05_P13_AL_VLL_GF.mp4,E05_P13_AL_VLL_GF,61855108,E05,P13,L,LL,F,left,low_light,Circumduction,92.85714286,"[100.0, 92.8571, 85.7143]",3,True,13,train,2
11771730,E05_P13_AL_VML_GF.mp4,E05_P13_AL_VML_GF,68438541,E05,P13,L,ML,F,left,medium_light,Circumduction,95.23809524,"[100.0, 92.8571, 92.8571]",3,True,13,train,2
11771709,E05_P13_AL_VO_GF.mp4,E05_P13_AL_VO_GF,67101349,E05,P13,L,O,F,left,occlusion,Circumduction,95.23809524,"[92.8571, 92.8571, 100.0]",3,True,13,train,2
11771710,E05_P13_AR_VFL_GF.mp4,E05_P13_AR_VFL_GF,26625322,E05,P13,R,FL,F,right,full_light,Circumduction,92.85714286,"[92.8571, 92.8571, 92.8571]",3,True,13,train,2
11771758,E05_P13_AR_VHJ_GF.mp4,E05_P13_AR_VHJ_GF,80219915,E05,P13,R,HJ,F,right,high_jitter,Circumduction,95.23809524,"[100.0, 92.8571, 92.8571]",3,True,13,train,2
11771745,E05_P13_AR_VLJ_GF.mp4,E05_P13_AR_VLJ_GF,25852094,E05,P13,R,LJ,F,right,low_jitter,Circumduction,95.23809524,"[100.0, 92.8571, 92.8571]",3,True,13,train,2
11771722,E05_P13_AR_VLL_GF.mp4,E05_P13_AR_VLL_GF,58907996,E05,P13,R,LL,F,right,low_light,Circumduction,92.85714286,"[100.0, 92.8571, 85.7143]",3,True,13,train,2
11771713,E05_P13_AR_VML_GF.mp4,E05_P13_AR_VML_GF,53676809,E05,P13,R,ML,F,right,medium_light,Circumduction,78.0952381,"[82.8571, 75.7143, 75.7143]",3,True,13,train,2
11771732,E05_P13_AR_VO_GF.mp4,E05_P13_AR_VO_GF,21963130,E05,P13,R,O,F,right,occlusion,Circumduction,79.52380952,"[77.1429, 77.1429, 84.2857]",3,True,13,train,2
11771838,E05_P14_AF_VFL_GF.mp4,E05_P14_AF_VFL_GF,30917573,E05,P14,F,FL,F,front,full_light,Circumduction,63.33333333,"[72.8571, 58.5714, 58.5714]",3,True,14,train,4
11737950,E05_P14_AF_VLJ_GF.mp4,E05_P14_AF_VLJ_GF,18886398,E05,P14,F,LJ,F,front,low_jitter,Circumduction,76.19047619,"[78.5714, 78.5714, 71.4286]",3,True,14,train,4
11771850,E05_P14_AF_VLL_GF.mp4,E05_P14_AF_VLL_GF,62065733,E05,P14,F,LL,F,front,low_light,Circumduction,72.85714286,"[80.0, 72.8571, 65.7143]",3,True,14,train,4
11771821,E05_P14_AF_VML_GF.mp4,E05_P14_AF_VML_GF,28590092,E05,P14,F,ML,F,front,medium_light,Circumduction,63.33333333,"[65.7143, 65.7143, 58.5714]",3,True,14,train,4
11771841,E05_P14_AL_VFL_GF.mp4,E05_P14_AL_VFL_GF,63370740,E05,P14,L,FL,F,left,full_light,Circumduction,64.76190476,"[74.2857, 60.0, 60.0]",3,True,14,train,4
11771860,E05_P14_AL_VLJ_GF.mp4,E05_P14_AL_VLJ_GF,58383050,E05,P14,L,LJ,F,left,low_jitter,Circumduction,81.9047619,"[84.2857, 84.2857, 77.1429]",3,True,14,train,4
11771837,E05_P14_AL_VLL_GF.mp4,E05_P14_AL_VLL_GF,62855525,E05,P14,L,LL,F,left,low_light,Circumduction,74.28571429,"[81.4286, 74.2857, 67.1429]",3,True,14,train,4
11771846,E05_P14_AL_VML_GF.mp4,E05_P14_AL_VML_GF,58301923,E05,P14,L,ML,F,left,medium_light,Circumduction,73.33333333,"[75.7143, 75.7143, 68.5714]",3,True,14,train,4
11771810,E05_P14_AR_VFL_GF.mp4,E05_P14_AR_VFL_GF,23620623,E05,P14,R,FL,F,right,full_light,Circumduction,64.76190476,"[74.2857, 60.0, 60.0]",3,True,14,train,4
11771822,E05_P14_AR_VLJ_GF.mp4,E05_P14_AR_VLJ_GF,27483977,E05,P14,R,LJ,F,right,low_jitter,Circumduction,80.47619048,"[82.8571, 82.8571, 75.7143]",3,True,14,train,4
11771825,E05_P14_AR_VLL_GF.mp4,E05_P14_AR_VLL_GF,61874755,E05,P14,R,LL,F,right,low_light,Circumduction,77.14285714,"[84.2857, 77.1429, 70.0]",3,True,14,train,4
11771847,E05_P14_AR_VML_GF.mp4,E05_P14_AR_VML_GF,50141183,E05,P14,R,ML,F,right,medium_light,Circumduction,63.33333333,"[65.7143, 65.7143, 58.5714]",3,True,14,train,4
11771824,E05_P15_AF_VFL_GF.mp4,E05_P15_AF_VFL_GF,20892207,E05,P15,F,FL,F,front,full_light,Circumduction,100.0,"[100.0, 100.0, 100.0]",3,True,15,train,1
11737993,E05_P15_AF_VLJ_GF.mp4,E05_P15_AF_VLJ_GF,18982726,E05,P15,F,LJ,F,front,low_jitter,Circumduction,100.0,"[100.0, 100.0, 100.0]",3,True,15,train,1
11771826,E05_P15_AF_VLL_GF.mp4,E05_P15_AF_VLL_GF,58823048,E05,P15,F,LL,F,front,low_light,Circumduction,100.0,"[100.0, 100.0, 100.0]",3,True,15,train,1
11771827,E05_P15_AF_VML_GF.mp4,E05_P15_AF_VML_GF,24065181,E05,P15,F,ML,F,front,medium_light,Circumduction,100.0,"[100.0, 100.0, 100.0]",3,True,15,train,1
11771817,E05_P15_AL_VFL_GF.mp4,E05_P15_AL_VFL_GF,67369452,E05,P15,L,FL,F,left,full_light,Circumduction,100.0,"[100.0, 100.0, 100.0]",3,True,15,train,1
11771839,E05_P15_AL_VLJ_GF.mp4,E05_P15_AL_VLJ_GF,71213318,E05,P15,L,LJ,F,left,low_jitter,Circumduction,100.0,"[100.0, 100.0, 100.0]",3,True,15,train,1
11771809,E05_P15_AL_VLL_GF.mp4,E05_P15_AL_VLL_GF,64964313,E05,P15,L,LL,F,left,low_light,Circumduction,84.28571429,"[84.2857, 84.2857, 84.2857]",3,True,15,train,1
11771806,E05_P15_AL_VML_GF.mp4,E05_P15_AL_VML_GF,68986949,E05,P15,L,ML,F,left,medium_light,Circumduction,84.28571429,"[84.2857, 84.2857, 84.2857]",3,True,15,train,1
11738094,E05_P15_AR_VFL_GF.mp4,E05_P15_AR_VFL_GF,16322117,E05,P15,R,FL,F,right,full_light,Circumduction,100.0,"[100.0, 100.0, 100.0]",3,True,15,train,1
11771816,E05_P15_AR_VLJ_GF.mp4,E05_P15_AR_VLJ_GF,29151311,E05,P15,R,LJ,F,right,low_jitter,Circumduction,100.0,"[100.0, 100.0, 100.0]",3,True,15,train,1
11771835,E05_P15_AR_VLL_GF.mp4,E05_P15_AR_VLL_GF,67146389,E05,P15,R,LL,F,right,low_light,Circumduction,84.28571429,"[84.2857, 84.2857, 84.2857]",3,True,15,train,1
11771851,E05_P15_AR_VML_GF.mp4,E05_P15_AR_VML_GF,41778027,E05,P15,R,ML,F,right,medium_light,Circumduction,84.28571429,"[84.2857, 84.2857, 84.2857]",3,True,15,train,1
11771832,E05_P16_AF_VFL_GF.mp4,E05_P16_AF_VFL_GF,43113311,E05,P16,F,FL,F,front,full_light,Circumduction,77.14285714,"[77.1429, 84.2857, 70.0]",3,True,16,val,0
11771815,E05_P16_AF_VHJ_GF.mp4,E05_P16_AF_VHJ_GF,40117833,E05,P16,F,HJ,F,front,high_jitter,Circumduction,79.52380952,"[84.2857, 84.2857, 70.0]",3,True,16,val,0
11771859,E05_P16_AF_VLJ_GF.mp4,E05_P16_AF_VLJ_GF,28237462,E05,P16,F,LJ,F,front,low_jitter,Circumduction,72.38095238,"[70.0, 77.1429, 70.0]",3,True,16,val,0
11771858,E05_P16_AF_VLL_GF.mp4,E05_P16_AF_VLL_GF,70182403,E05,P16,F,LL,F,front,low_light,Circumduction,90.47619048,"[92.8571, 92.8571, 85.7143]",3,True,16,val,0
11771808,E05_P16_AF_VML_GF.mp4,E05_P16_AF_VML_GF,52927734,E05,P16,F,ML,F,front,medium_light,Circumduction,73.33333333,"[75.7143, 75.7143, 68.5714]",3,True,16,val,0
11771804,E05_P16_AF_VO_GF.mp4,E05_P16_AF_VO_GF,27112620,E05,P16,F,O,F,front,occlusion,Circumduction,70.95238095,"[68.5714, 75.7143, 68.5714]",3,True,16,val,0
11771801,E05_P16_AL_VFL_GF.mp4,E05_P16_AL_VFL_GF,80768473,E05,P16,L,FL,F,left,full_light,Circumduction,92.85714286,"[92.8571, 100.0, 85.7143]",3,True,16,val,0
11771857,E05_P16_AL_VHJ_GF.mp4,E05_P16_AL_VHJ_GF,71033219,E05,P16,L,HJ,F,left,high_jitter,Circumduction,79.52380952,"[84.2857, 84.2857, 70.0]",3,True,16,val,0
11771833,E05_P16_AL_VLJ_GF.mp4,E05_P16_AL_VLJ_GF,69374318,E05,P16,L,LJ,F,left,low_jitter,Circumduction,88.0952381,"[85.7143, 92.8571, 85.7143]",3,True,16,val,0
11771854,E05_P16_AL_VLL_GF.mp4,E05_P16_AL_VLL_GF,63851836,E05,P16,L,LL,F,left,low_light,Circumduction,74.76190476,"[77.1429, 77.1429, 70.0]",3,True,16,val,0
11771861,E05_P16_AL_VML_GF.mp4,E05_P16_AL_VML_GF,76750037,E05,P16,L,ML,F,left,medium_light,Circumduction,90.47619048,"[92.8571, 92.8571, 85.7143]",3,True,16,val,0
11771856,E05_P16_AL_VO_GF.mp4,E05_P16_AL_VO_GF,76493543,E05,P16,L,O,F,left,occlusion,Circumduction,88.0952381,"[85.7143, 92.8571, 85.7143]",3,True,16,val,0
11771818,E05_P16_AR_VFL_GF.mp4,E05_P16_AR_VFL_GF,25529373,E05,P16,R,FL,F,right,full_light,Circumduction,77.14285714,"[77.1429, 84.2857, 70.0]",3,True,16,val,0
11771814,E05_P16_AR_VHJ_GF.mp4,E05_P16_AR_VHJ_GF,85496854,E05,P16,R,HJ,F,right,high_jitter,Circumduction,79.52380952,"[84.2857, 84.2857, 70.0]",3,True,16,val,0
11771805,E05_P16_AR_VLJ_GF.mp4,E05_P16_AR_VLJ_GF,65117951,E05,P16,R,LJ,F,right,low_jitter,Circumduction,72.38095238,"[70.0, 77.1429, 70.0]",3,True,16,val,0
11771848,E05_P16_AR_VLL_GF.mp4,E05_P16_AR_VLL_GF,70953787,E05,P16,R,LL,F,right,low_light,Circumduction,90.47619048,"[92.8571, 92.8571, 85.7143]",3,True,16,val,0
11771842,E05_P16_AR_VML_GF.mp4,E05_P16_AR_VML_GF,69211747,E05,P16,R,ML,F,right,medium_light,Circumduction,90.47619048,"[92.8571, 92.8571, 85.7143]",3,True,16,val,0
11771812,E05_P16_AR_VO_GF.mp4,E05_P16_AR_VO_GF,32463015,E05,P16,R,O,F,right,occlusion,Circumduction,72.38095238,"[70.0, 77.1429, 70.0]",3,True,16,val,0
11738105,E05_P17_AF_VFL_GM.mp4,E05_P17_AF_VFL_GM,17436004,E05,P17,F,FL,M,front,full_light,Circumduction,97.61904762,"[100.0, 100.0, 92.8571]",3,True,17,test,-1
11771843,E05_P17_AF_VHJ_GM.mp4,E05_P17_AF_VHJ_GM,44225702,E05,P17,F,HJ,M,front,high_jitter,Circumduction,95.23809524,"[92.8571, 100.0, 92.8571]",3,True,17,test,-1
11771802,E05_P17_AF_VLJ_GM.mp4,E05_P17_AF_VLJ_GM,49429481,E05,P17,F,LJ,M,front,low_jitter,Circumduction,92.85714286,"[85.7143, 100.0, 92.8571]",3,True,17,test,-1
11771829,E05_P17_AF_VLL_GM.mp4,E05_P17_AF_VLL_GM,64755071,E05,P17,F,LL,M,front,low_light,Circumduction,92.85714286,"[78.5714, 100.0, 100.0]",3,True,17,test,-1
11771813,E05_P17_AF_VML_GM.mp4,E05_P17_AF_VML_GM,36800461,E05,P17,F,ML,M,front,medium_light,Circumduction,92.85714286,"[85.7143, 100.0, 92.8571]",3,True,17,test,-1
11771840,E05_P17_AF_VO_GM.mp4,E05_P17_AF_VO_GM,30643540,E05,P17,F,O,M,front,occlusion,Circumduction,92.85714286,"[92.8571, 100.0, 85.7143]",3,True,17,test,-1
11771844,E05_P17_AL_VFL_GM.mp4,E05_P17_AL_VFL_GM,79927219,E05,P17,L,FL,M,left,full_light,Circumduction,97.61904762,"[100.0, 100.0, 92.8571]",3,True,17,test,-1
11771828,E05_P17_AL_VHJ_GM.mp4,E05_P17_AL_VHJ_GM,70754319,E05,P17,L,HJ,M,left,high_jitter,Circumduction,79.52380952,"[77.1429, 84.2857, 77.1429]",3,True,17,test,-1
11771823,E05_P17_AL_VLJ_GM.mp4,E05_P17_AL_VLJ_GM,82712447,E05,P17,L,LJ,M,left,low_jitter,Circumduction,92.85714286,"[85.7143, 100.0, 92.8571]",3,True,17,test,-1
11771849,E05_P17_AL_VLL_GM.mp4,E05_P17_AL_VLL_GM,78376685,E05,P17,L,LL,M,left,low_light,Circumduction,92.85714286,"[78.5714, 100.0, 100.0]",3,True,17,test,-1
11771803,E05_P17_AL_VML_GM.mp4,E05_P17_AL_VML_GM,84701034,E05,P17,L,ML,M,left,medium_light,Circumduction,92.85714286,"[85.7143, 100.0, 92.8571]",3,True,17,test,-1
11771819,E05_P17_AL_VO_GM.mp4,E05_P17_AL_VO_GM,75790538,E05,P17,L,O,M,left,occlusion,Circumduction,92.85714286,"[92.8571, 100.0, 85.7143]",3,True,17,test,-1
11738047,E05_P17_AR_VFL_GM.mp4,E05_P17_AR_VFL_GM,16184779,E05,P17,R,FL,M,right,full_light,Circumduction,97.61904762,"[100.0, 100.0, 92.8571]",3,True,17,test,-1
11771853,E05_P17_AR_VHJ_GM.mp4,E05_P17_AR_VHJ_GM,74245725,E05,P17,R,HJ,M,right,high_jitter,Circumduction,95.23809524,"[92.8571, 100.0, 92.8571]",3,True,17,test,-1
11771855,E05_P17_AR_VLJ_GM.mp4,E05_P17_AR_VLJ_GM,48364581,E05,P17,R,LJ,M,right,low_jitter,Circumduction,92.85714286,"[85.7143, 100.0, 92.8571]",3,True,17,test,-1
11738045,E05_P17_AR_VML_GM.mp4,E05_P17_AR_VML_GM,16853326,E05,P17,R,ML,M,right,medium_light,Circumduction,92.85714286,"[85.7143, 100.0, 92.8571]",3,True,17,test,-1
11771811,E05_P17_AR_VO_GM.mp4,E05_P17_AR_VO_GM,66627468,E05,P17,R,O,M,right,occlusion,Circumduction,92.85714286,"[92.8571, 100.0, 85.7143]",3,True,17,test,-1
11738089,E05_P18_AF_VFL_GM.mp4,E05_P18_AF_VFL_GM,17638829,E05,P18,F,FL,M,front,full_light,Circumduction,97.61904762,"[92.8571, 100.0, 100.0]",3,True,18,test,-1
11771820,E05_P18_AF_VHJ_GM.mp4,E05_P18_AF_VHJ_GM,32348586,E05,P18,F,HJ,M,front,high_jitter,Circumduction,100.0,"[100.0, 100.0, 100.0]",3,True,18,test,-1
11771831,E05_P18_AF_VLJ_GM.mp4,E05_P18_AF_VLJ_GM,34093632,E05,P18,F,LJ,M,front,low_jitter,Circumduction,97.61904762,"[92.8571, 100.0, 100.0]",3,True,18,test,-1
11771830,E05_P18_AF_VLL_GM.mp4,E05_P18_AF_VLL_GM,52272979,E05,P18,F,LL,M,front,low_light,Circumduction,97.61904762,"[100.0, 100.0, 92.8571]",3,True,18,test,-1
11738072,E05_P18_AF_VML_GM.mp4,E05_P18_AF_VML_GM,13707696,E05,P18,F,ML,M,front,medium_light,Circumduction,95.23809524,"[92.8571, 100.0, 92.8571]",3,True,18,test,-1
11737925,E05_P18_AF_VO_GM.mp4,E05_P18_AF_VO_GM,17009146,E05,P18,F,O,M,front,occlusion,Circumduction,95.23809524,"[92.8571, 100.0, 92.8571]",3,True,18,test,-1
11771845,E05_P18_AL_VFL_GM.mp4,E05_P18_AL_VFL_GM,70897611,E05,P18,L,FL,M,left,full_light,Circumduction,97.61904762,"[92.8571, 100.0, 100.0]",3,True,18,test,-1
11771836,E05_P18_AL_VHJ_GM.mp4,E05_P18_AL_VHJ_GM,56906969,E05,P18,L,HJ,M,left,high_jitter,Circumduction,100.0,"[100.0, 100.0, 100.0]",3,True,18,test,-1
11771834,E05_P18_AL_VLJ_GM.mp4,E05_P18_AL_VLJ_GM,58646342,E05,P18,L,LJ,M,left,low_jitter,Circumduction,97.61904762,"[92.8571, 100.0, 100.0]",3,True,18,test,-1
11772232,E05_P18_AL_VLL_GM.mp4,E05_P18_AL_VLL_GM,64133801,E05,P18,L,LL,M,left,low_light,Circumduction,97.61904762,"[100.0, 100.0, 92.8571]",3,True,18,test,-1
11771852,E05_P18_AL_VML_GM.mp4,E05_P18_AL_VML_GM,66310330,E05,P18,L,ML,M,left,medium_light,Circumduction,95.23809524,"[92.8571, 100.0, 92.8571]",3,True,18,test,-1
11771807,E05_P18_AL_VO_GM.mp4,E05_P18_AL_VO_GM,59787339,E05,P18,L,O,M,left,occlusion,Circumduction,95.23809524,"[92.8571, 100.0, 92.8571]",3,True,18,test,-1
11738097,E05_P18_AR_VFL_GM.mp4,E05_P18_AR_VFL_GM,15565496,E05,P18,R,FL,M,right,full_light,Circumduction,97.61904762,"[92.8571, 100.0, 100.0]",3,True,18,test,-1
11772264,E05_P18_AR_VHJ_GM.mp4,E05_P18_AR_VHJ_GM,57473960,E05,P18,R,HJ,M,right,high_jitter,Circumduction,100.0,"[100.0, 100.0, 100.0]",3,True,18,test,-1
11772263,E05_P18_AR_VLJ_GM.mp4,E05_P18_AR_VLJ_GM,127571263,E05,P18,R,LJ,M,right,low_jitter,Circumduction,97.61904762,"[92.8571, 100.0, 100.0]",3,True,18,test,-1
11738082,E05_P18_AR_VLL_GM.mp4,E05_P18_AR_VLL_GM,12890779,E05,P18,R,LL,M,right,low_light,Circumduction,97.61904762,"[100.0, 100.0, 92.8571]",3,True,18,test,-1
11738029,E05_P18_AR_VML_GM.mp4,E05_P18_AR_VML_GM,11408479,E05,P18,R,ML,M,right,medium_light,Circumduction,79.52380952,"[77.1429, 84.2857, 77.1429]",3,True,18,test,-1
11738019,E05_P18_AR_VO_GM.mp4,E05_P18_AR_VO_GM,17333405,E05,P18,R,O,M,right,occlusion,Circumduction,95.23809524,"[92.8571, 100.0, 92.8571]",3,True,18,test,-1
11737991,E05_P19_AF_VFL_GM.mp4,E05_P19_AF_VFL_GM,15968055,E05,P19,F,FL,M,front,full_light,Circumduction,92.85714286,"[92.8571, 92.8571, 92.8571]",3,True,19,test,-1
11772298,E05_P19_AF_VHJ_GM.mp4,E05_P19_AF_VHJ_GM,33199974,E05,P19,F,HJ,M,front,high_jitter,Circumduction,90.47619048,"[85.7143, 92.8571, 92.8571]",3,True,19,test,-1
11737938,E05_P19_AF_VLJ_GM.mp4,E05_P19_AF_VLJ_GM,2833038,E05,P19,F,LJ,M,front,low_jitter,Circumduction,63.33333333,"[65.7143, 65.7143, 58.5714]",3,True,19,test,-1
11772295,E05_P19_AF_VLL_GM.mp4,E05_P19_AF_VLL_GM,53592116,E05,P19,F,LL,M,front,low_light,Circumduction,88.0952381,"[85.7143, 92.8571, 85.7143]",3,True,19,test,-1
11737946,E05_P19_AF_VML_GM.mp4,E05_P19_AF_VML_GM,19475607,E05,P19,F,ML,M,front,medium_light,Circumduction,88.0952381,"[85.7143, 92.8571, 85.7143]",3,True,19,test,-1
11772296,E05_P19_AF_VO_GM.mp4,E05_P19_AF_VO_GM,23024096,E05,P19,F,O,M,front,occlusion,Circumduction,72.38095238,"[70.0, 77.1429, 70.0]",3,True,19,test,-1
11772291,E05_P19_AL_VFL_GM.mp4,E05_P19_AL_VFL_GM,75092113,E05,P19,L,FL,M,left,full_light,Circumduction,92.85714286,"[92.8571, 92.8571, 92.8571]",3,True,19,test,-1
11772297,E05_P19_AL_VHJ_GM.mp4,E05_P19_AL_VHJ_GM,64693448,E05,P19,L,HJ,M,left,high_jitter,Circumduction,90.47619048,"[85.7143, 92.8571, 92.8571]",3,True,19,test,-1
11772294,E05_P19_AL_VLJ_GM.mp4,E05_P19_AL_VLJ_GM,63570730,E05,P19,L,LJ,M,left,low_jitter,Circumduction,90.47619048,"[92.8571, 92.8571, 85.7143]",3,True,19,test,-1
11772292,E05_P19_AL_VLL_GM.mp4,E05_P19_AL_VLL_GM,69586792,E05,P19,L,LL,M,left,low_light,Circumduction,88.0952381,"[85.7143, 92.8571, 85.7143]",3,True,19,test,-1
11772299,E05_P19_AL_VML_GM.mp4,E05_P19_AL_VML_GM,77702455,E05,P19,L,ML,M,left,medium_light,Circumduction,88.0952381,"[85.7143, 92.8571, 85.7143]",3,True,19,test,-1
11772293,E05_P19_AL_VO_GM.mp4,E05_P19_AL_VO_GM,71834371,E05,P19,L,O,M,left,occlusion,Circumduction,72.38095238,"[70.0, 77.1429, 70.0]",3,True,19,test,-1
11738083,E05_P19_AR_VFL_GM.mp4,E05_P19_AR_VFL_GM,11396486,E05,P19,R,FL,M,right,full_light,Circumduction,92.85714286,"[92.8571, 92.8571, 92.8571]",3,True,19,test,-1
11772323,E05_P19_AR_VHJ_GM.mp4,E05_P19_AR_VHJ_GM,64185145,E05,P19,R,HJ,M,right,high_jitter,Circumduction,90.47619048,"[85.7143, 92.8571, 92.8571]",3,True,19,test,-1
11772322,E05_P19_AR_VLJ_GM.mp4,E05_P19_AR_VLJ_GM,143746286,E05,P19,R,LJ,M,right,low_jitter,Circumduction,90.47619048,"[92.8571, 92.8571, 85.7143]",3,True,19,test,-1
11737990,E05_P19_AR_VLL_GM.mp4,E05_P19_AR_VLL_GM,13440904,E05,P19,R,LL,M,right,low_light,Circumduction,72.38095238,"[70.0, 77.1429, 70.0]",3,True,19,test,-1
11737986,E05_P19_AR_VML_GM.mp4,E05_P19_AR_VML_GM,12513602,E05,P19,R,ML,M,right,medium_light,Circumduction,88.0952381,"[85.7143, 92.8571, 85.7143]",3,True,19,test,-1
11772321,E05_P19_AR_VO_GM.mp4,E05_P19_AR_VO_GM,26359448,E05,P19,R,O,M,right,occlusion,Circumduction,72.38095238,"[70.0, 77.1429, 70.0]",3,True,19,test,-1
11738086,E05_P20_AF_VFL_GM.mp4,E05_P20_AF_VFL_GM,19533515,E05,P20,F,FL,M,front,full_light,Circumduction,100.0,"[100.0, 100.0, 100.0]",3,True,20,train,2
11771886,E05_P20_AF_VHJ_GM.mp4,E05_P20_AF_VHJ_GM,35114741,E05,P20,F,HJ,M,front,high_jitter,Circumduction,92.85714286,"[92.8571, 100.0, 85.7143]",3,True,20,train,2
11771874,E05_P20_AF_VLJ_GM.mp4,E05_P20_AF_VLJ_GM,49439120,E05,P20,F,LJ,M,front,low_jitter,Circumduction,90.47619048,"[85.7143, 100.0, 85.7143]",3,True,20,train,2
11771881,E05_P20_AF_VLL_GM.mp4,E05_P20_AF_VLL_GM,77494036,E05,P20,F,LL,M,front,low_light,Circumduction,95.23809524,"[100.0, 100.0, 85.7143]",3,True,20,train,2
11771908,E05_P20_AF_VML_GM.mp4,E05_P20_AF_VML_GM,24155017,E05,P20,F,ML,M,front,medium_light,Circumduction,90.47619048,"[85.7143, 100.0, 85.7143]",3,True,20,train,2
11738048,E05_P20_AF_VO_GM.mp4,E05_P20_AF_VO_GM,17868543,E05,P20,F,O,M,front,occlusion,Circumduction,90.47619048,"[85.7143, 100.0, 85.7143]",3,True,20,train,2
11771930,E05_P20_AL_VFL_GM.mp4,E05_P20_AL_VFL_GM,90345975,E05,P20,L,FL,M,left,full_light,Circumduction,100.0,"[100.0, 100.0, 100.0]",3,True,20,train,2
11771909,E05_P20_AL_VHJ_GM.mp4,E05_P20_AL_VHJ_GM,67425000,E05,P20,L,HJ,M,left,high_jitter,Circumduction,92.85714286,"[92.8571, 100.0, 85.7143]",3,True,20,train,2
11771888,E05_P20_AL_VLJ_GM.mp4,E05_P20_AL_VLJ_GM,77700317,E05,P20,L,LJ,M,left,low_jitter,Circumduction,90.47619048,"[85.7143, 100.0, 85.7143]",3,True,20,train,2
11771882,E05_P20_AL_VLL_GM.mp4,E05_P20_AL_VLL_GM,85134208,E05,P20,L,LL,M,left,low_light,Circumduction,95.23809524,"[100.0, 100.0, 85.7143]",3,True,20,train,2
11771883,E05_P20_AL_VML_GM.mp4,E05_P20_AL_VML_GM,97288766,E05,P20,L,ML,M,left,medium_light,Circumduction,90.47619048,"[85.7143, 100.0, 85.7143]",3,True,20,train,2
11771921,E05_P20_AL_VO_GM.mp4,E05_P20_AL_VO_GM,67351449,E05,P20,L,O,M,left,occlusion,Circumduction,90.47619048,"[85.7143, 100.0, 85.7143]",3,True,20,train,2
11737984,E05_P20_AR_VFL_GM.mp4,E05_P20_AR_VFL_GM,15239248,E05,P20,R,FL,M,right,full_light,Circumduction,100.0,"[100.0, 100.0, 100.0]",3,True,20,train,2
11771873,E05_P20_AR_VHJ_GM.mp4,E05_P20_AR_VHJ_GM,67004656,E05,P20,R,HJ,M,right,high_jitter,Circumduction,77.14285714,"[77.1429, 84.2857, 70.0]",3,True,20,train,2
11771885,E05_P20_AR_VLJ_GM.mp4,E05_P20_AR_VLJ_GM,50874688,E05,P20,R,LJ,M,right,low_jitter,Circumduction,90.47619048,"[85.7143, 100.0, 85.7143]",3,True,20,train,2
11737907,E05_P20_AR_VLL_GM.mp4,E05_P20_AR_VLL_GM,16576756,E05,P20,R,LL,M,right,low_light,Circumduction,95.23809524,"[100.0, 100.0, 85.7143]",3,True,20,train,2
11737961,E05_P20_AR_VML_GM.mp4,E05_P20_AR_VML_GM,16583899,E05,P20,R,ML,M,right,medium_light,Circumduction,90.47619048,"[85.7143, 100.0, 85.7143]",3,True,20,train,2
11737958,E05_P20_AR_VO_GM.mp4,E05_P20_AR_VO_GM,18129375,E05,P20,R,O,M,right,occlusion,Circumduction,90.47619048,"[85.7143, 100.0, 85.7143]",3,True,20,train,2
11737916,E05_P21_AF_VFL_GM.mp4,E05_P21_AF_VFL_GM,17315527,E05,P21,F,FL,M,front,full_light,Circumduction,88.0952381,"[85.7143, 92.8571, 85.7143]",3,True,21,train,4
11771910,E05_P21_AF_VHJ_GM.mp4,E05_P21_AF_VHJ_GM,23865000,E05,P21,F,HJ,M,front,high_jitter,Circumduction,90.47619048,"[78.5714, 92.8571, 100.0]",3,True,21,train,4
11771928,E05_P21_AF_VLJ_GM.mp4,E05_P21_AF_VLJ_GM,34940034,E05,P21,F,LJ,M,front,low_jitter,Circumduction,90.47619048,"[92.8571, 92.8571, 85.7143]",3,True,21,train,4
11771884,E05_P21_AF_VLL_GM.mp4,E05_P21_AF_VLL_GM,34993666,E05,P21,F,LL,M,front,low_light,Circumduction,62.38095238,"[60.0, 67.1429, 60.0]",3,True,21,train,4
11738079,E05_P21_AF_VML_GM.mp4,E05_P21_AF_VML_GM,17039128,E05,P21,F,ML,M,front,medium_light,Circumduction,68.0952381,"[65.7143, 72.8571, 65.7143]",3,True,21,train,4
11737914,E05_P21_AF_VO_GM.mp4,E05_P21_AF_VO_GM,16041460,E05,P21,F,O,M,front,occlusion,Circumduction,65.23809524,"[62.8571, 70.0, 62.8571]",3,True,21,train,4
11771906,E05_P21_AL_VFL_GM.mp4,E05_P21_AL_VFL_GM,66295068,E05,P21,L,FL,M,left,full_light,Circumduction,88.0952381,"[85.7143, 92.8571, 85.7143]",3,True,21,train,4
11771901,E05_P21_AL_VHJ_GM.mp4,E05_P21_AL_VHJ_GM,66262986,E05,P21,L,HJ,M,left,high_jitter,Circumduction,90.47619048,"[78.5714, 92.8571, 100.0]",3,True,21,train,4
11771876,E05_P21_AL_VLJ_GM.mp4,E05_P21_AL_VLJ_GM,69940747,E05,P21,L,LJ,M,left,low_jitter,Circumduction,90.47619048,"[92.8571, 92.8571, 85.7143]",3,True,21,train,4
11771925,E05_P21_AL_VLL_GM.mp4,E05_P21_AL_VLL_GM,68600014,E05,P21,L,LL,M,left,low_light,Circumduction,65.23809524,"[62.8571, 70.0, 62.8571]",3,True,21,train,4
11771902,E05_P21_AL_VML_GM.mp4,E05_P21_AL_VML_GM,68508190,E05,P21,L,ML,M,left,medium_light,Circumduction,70.95238095,"[68.5714, 75.7143, 68.5714]",3,True,21,train,4
11771891,E05_P21_AL_VO_GM.mp4,E05_P21_AL_VO_GM,62835869,E05,P21,L,O,M,left,occlusion,Circumduction,63.80952381,"[61.4286, 68.5714, 61.4286]",3,True,21,train,4
11737971,E05_P21_AR_VFL_GM.mp4,E05_P21_AR_VFL_GM,16116282,E05,P21,R,FL,M,right,full_light,Circumduction,88.0952381,"[85.7143, 92.8571, 85.7143]",3,True,21,train,4
11771907,E05_P21_AR_VHJ_GM.mp4,E05_P21_AR_VHJ_GM,64936208,E05,P21,R,HJ,M,right,high_jitter,Circumduction,74.76190476,"[62.8571, 77.1429, 84.2857]",3,True,21,train,4
11771904,E05_P21_AR_VLJ_GM.mp4,E05_P21_AR_VLJ_GM,71948759,E05,P21,R,LJ,M,right,low_jitter,Circumduction,90.47619048,"[92.8571, 92.8571, 85.7143]",3,True,21,train,4
11771889,E05_P21_AR_VLL_GM.mp4,E05_P21_AR_VLL_GM,22000584,E05,P21,R,LL,M,right,low_light,Circumduction,63.80952381,"[61.4286, 68.5714, 61.4286]",3,True,21,train,4
11737930,E05_P21_AR_VML_GM.mp4,E05_P21_AR_VML_GM,16788262,E05,P21,R,ML,M,right,medium_light,Circumduction,72.38095238,"[70.0, 77.1429, 70.0]",3,True,21,train,4
11738088,E05_P21_AR_VO_GM.mp4,E05_P21_AR_VO_GM,18549839,E05,P21,R,O,M,right,occlusion,Circumduction,63.80952381,"[61.4286, 68.5714, 61.4286]",3,True,21,train,4
11771913,E05_P22_AF_VFL_GM.mp4,E05_P22_AF_VFL_GM,22981595,E05,P22,F,FL,M,front,full_light,Circumduction,97.61904762,"[92.8571, 100.0, 100.0]",3,True,22,train,4
11771894,E05_P22_AF_VHJ_GM.mp4,E05_P22_AF_VHJ_GM,31932246,E05,P22,F,HJ,M,front,high_jitter,Circumduction,76.66666667,"[67.1429, 81.4286, 81.4286]",3,True,22,train,4
11771900,E05_P22_AF_VLJ_GM.mp4,E05_P22_AF_VLJ_GM,33932670,E05,P22,F,LJ,M,front,low_jitter,Circumduction,76.19047619,"[71.4286, 78.5714, 78.5714]",3,True,22,train,4
11771897,E05_P22_AF_VLL_GM.mp4,E05_P22_AF_VLL_GM,38380440,E05,P22,F,LL,M,front,low_light,Circumduction,79.52380952,"[70.0, 84.2857, 84.2857]",3,True,22,train,4
11771880,E05_P22_AF_VML_GM.mp4,E05_P22_AF_VML_GM,26309343,E05,P22,F,ML,M,front,medium_light,Circumduction,84.76190476,"[70.0, 84.2857, 100.0]",3,True,22,train,4
11771929,E05_P22_AF_VO_GM.mp4,E05_P22_AF_VO_GM,25321461,E05,P22,F,O,M,front,occlusion,Circumduction,75.71428571,"[68.5714, 82.8571, 75.7143]",3,True,22,train,4
11771890,E05_P22_AL_VFL_GM.mp4,E05_P22_AL_VFL_GM,76797955,E05,P22,L,FL,M,left,full_light,Circumduction,97.61904762,"[92.8571, 100.0, 100.0]",3,True,22,train,4
11771923,E05_P22_AL_VHJ_GM.mp4,E05_P22_AL_VHJ_GM,65345427,E05,P22,L,HJ,M,left,high_jitter,Circumduction,95.23809524,"[85.7143, 100.0, 100.0]",3,True,22,train,4
11771914,E05_P22_AL_VLJ_GM.mp4,E05_P22_AL_VLJ_GM,64986077,E05,P22,L,LJ,M,left,low_jitter,Circumduction,76.19047619,"[71.4286, 78.5714, 78.5714]",3,True,22,train,4
11771926,E05_P22_AL_VLL_GM.mp4,E05_P22_AL_VLL_GM,70577600,E05,P22,L,LL,M,left,low_light,Circumduction,95.23809524,"[85.7143, 100.0, 100.0]",3,True,22,train,4
11771903,E05_P22_AL_VML_GM.mp4,E05_P22_AL_VML_GM,82043781,E05,P22,L,ML,M,left,medium_light,Circumduction,95.23809524,"[85.7143, 100.0, 100.0]",3,True,22,train,4
11771915,E05_P22_AL_VO_GM.mp4,E05_P22_AL_VO_GM,81022645,E05,P22,L,O,M,left,occlusion,Circumduction,75.71428571,"[68.5714, 82.8571, 75.7143]",3,True,22,train,4
11737999,E05_P22_AR_VFL_GM.mp4,E05_P22_AR_VFL_GM,17192403,E05,P22,R,FL,M,right,full_light,Circumduction,97.61904762,"[92.8571, 100.0, 100.0]",3,True,22,train,4
11771927,E05_P22_AR_VHJ_GM.mp4,E05_P22_AR_VHJ_GM,65113205,E05,P22,R,HJ,M,right,high_jitter,Circumduction,79.52380952,"[70.0, 84.2857, 84.2857]",3,True,22,train,4
11771875,E05_P22_AR_VLJ_GM.mp4,E05_P22_AR_VLJ_GM,67454767,E05,P22,R,LJ,M,right,low_jitter,Circumduction,77.61904762,"[72.8571, 80.0, 80.0]",3,True,22,train,4
11771912,E05_P22_AR_VLL_GM.mp4,E05_P22_AR_VLL_GM,21195588,E05,P22,R,LL,M,right,low_light,Circumduction,79.52380952,"[70.0, 84.2857, 84.2857]",3,True,22,train,4
11738011,E05_P22_AR_VML_GM.mp4,E05_P22_AR_VML_GM,18398451,E05,P22,R,ML,M,right,medium_light,Circumduction,95.23809524,"[85.7143, 100.0, 100.0]",3,True,22,train,4
11771922,E05_P22_AR_VO_GM.mp4,E05_P22_AR_VO_GM,29679352,E05,P22,R,O,M,right,occlusion,Circumduction,74.28571429,"[67.1429, 81.4286, 74.2857]",3,True,22,train,4
11771895,E05_P23_AF_VFL_GM.mp4,E05_P23_AF_VFL_GM,36665917,E05,P23,F,FL,M,front,full_light,Circumduction,72.85714286,"[72.8571, 80.0, 65.7143]",3,True,23,test,-1
11771924,E05_P23_AF_VHJ_GM.mp4,E05_P23_AF_VHJ_GM,26466338,E05,P23,F,HJ,M,front,high_jitter,Circumduction,81.9047619,"[77.1429, 84.2857, 84.2857]",3,True,23,test,-1
11771911,E05_P23_AF_VLJ_GM.mp4,E05_P23_AF_VLJ_GM,35580427,E05,P23,F,LJ,M,front,low_jitter,Circumduction,92.85714286,"[85.7143, 100.0, 92.8571]",3,True,23,test,-1
11771905,E05_P23_AF_VLL_GM.mp4,E05_P23_AF_VLL_GM,41179160,E05,P23,F,LL,M,front,low_light,Circumduction,72.85714286,"[72.8571, 80.0, 65.7143]",3,True,23,test,-1
11771899,E05_P23_AF_VML_GM.mp4,E05_P23_AF_VML_GM,24794552,E05,P23,F,ML,M,front,medium_light,Circumduction,74.76190476,"[70.0, 84.2857, 70.0]",3,True,23,test,-1
11771917,E05_P23_AF_VO_GM.mp4,E05_P23_AF_VO_GM,30030954,E05,P23,F,O,M,front,occlusion,Circumduction,70.47619048,"[65.7143, 80.0, 65.7143]",3,True,23,test,-1
11771879,E05_P23_AL_VFL_GM.mp4,E05_P23_AL_VFL_GM,103344714,E05,P23,L,FL,M,left,full_light,Circumduction,92.85714286,"[92.8571, 100.0, 85.7143]",3,True,23,test,-1
11771919,E05_P23_AL_VHJ_GM.mp4,E05_P23_AL_VHJ_GM,65843265,E05,P23,L,HJ,M,left,high_jitter,Circumduction,81.9047619,"[77.1429, 84.2857, 84.2857]",3,True,23,test,-1
11771892,E05_P23_AL_VLJ_GM.mp4,E05_P23_AL_VLJ_GM,72401817,E05,P23,L,LJ,M,left,low_jitter,Circumduction,92.85714286,"[85.7143, 100.0, 92.8571]",3,True,23,test,-1
11771887,E05_P23_AL_VLL_GM.mp4,E05_P23_AL_VLL_GM,76133009,E05,P23,L,LL,M,left,low_light,Circumduction,75.71428571,"[75.7143, 82.8571, 68.5714]",3,True,23,test,-1
11771920,E05_P23_AL_VML_GM.mp4,E05_P23_AL_VML_GM,80866526,E05,P23,L,ML,M,left,medium_light,Circumduction,74.76190476,"[70.0, 84.2857, 70.0]",3,True,23,test,-1
11771918,E05_P23_AL_VO_GM.mp4,E05_P23_AL_VO_GM,75512019,E05,P23,L,O,M,left,occlusion,Circumduction,71.9047619,"[67.1429, 81.4286, 67.1429]",3,True,23,test,-1
11771916,E05_P23_AR_VFL_GM.mp4,E05_P23_AR_VFL_GM,26369579,E05,P23,R,FL,M,right,full_light,Circumduction,92.85714286,"[92.8571, 100.0, 85.7143]",3,True,23,test,-1
11771878,E05_P23_AR_VHJ_GM.mp4,E05_P23_AR_VHJ_GM,63935926,E05,P23,R,HJ,M,right,high_jitter,Circumduction,81.9047619,"[77.1429, 84.2857, 84.2857]",3,True,23,test,-1
11771898,E05_P23_AR_VLJ_GM.mp4,E05_P23_AR_VLJ_GM,65875150,E05,P23,R,LJ,M,right,low_jitter,Circumduction,77.14285714,"[70.0, 84.2857, 77.1429]",3,True,23,test,-1
11771896,E05_P23_AR_VLL_GM.mp4,E05_P23_AR_VLL_GM,20560339,E05,P23,R,LL,M,right,low_light,Circumduction,92.85714286,"[92.8571, 100.0, 85.7143]",3,True,23,test,-1
11771893,E05_P23_AR_VML_GM.mp4,E05_P23_AR_VML_GM,27048337,E05,P23,R,ML,M,right,medium_light,Circumduction,90.47619048,"[85.7143, 100.0, 85.7143]",3,True,23,test,-1
11771877,E05_P23_AR_VO_GM.mp4,E05_P23_AR_VO_GM,26187503,E05,P23,R,O,M,right,occlusion,Circumduction,90.47619048,"[85.7143, 100.0, 85.7143]",3,True,23,test,-1
11738092,E05_P26_AF_VFL_GF.mp4,E05_P26_AF_VFL_GF,4463393,E05,P26,F,FL,F,front,full_light,Circumduction,,[],0,False,26,test,-1
11738025,E05_P26_AF_VHJ_GF.mp4,E05_P26_AF_VHJ_GF,5312190,E05,P26,F,HJ,F,front,high_jitter,Circumduction,,[],0,False,26,test,-1
11737935,E05_P26_AF_VLJ_GF.mp4,E05_P26_AF_VLJ_GF,6169325,E05,P26,F,LJ,F,front,low_jitter,Circumduction,,[],0,False,26,test,-1
11738002,E05_P26_AF_VLL_GF.mp4,E05_P26_AF_VLL_GF,5134722,E05,P26,F,LL,F,front,low_light,Circumduction,,[],0,False,26,test,-1
11738041,E05_P26_AF_VLR_GF.mp4,E05_P26_AF_VLR_GF,4211645,E05,P26,F,LR,F,front,low_resolution,Circumduction,,[],0,False,26,test,-1
11737918,E05_P26_AF_VML_GF.mp4,E05_P26_AF_VML_GF,4573344,E05,P26,F,ML,F,front,medium_light,Circumduction,,[],0,False,26,test,-1
11737910,E05_P26_AL_VFL_GF.mp4,E05_P26_AL_VFL_GF,4710962,E05,P26,L,FL,F,left,full_light,Circumduction,,[],0,False,26,test,-1
11738036,E05_P26_AR_VFL_GF.mp4,E05_P26_AR_VFL_GF,4235119,E05,P26,R,FL,F,right,full_light,Circumduction,,[],0,False,26,test,-1
11737913,E05_P28_AF_VFL_GM.mp4,E05_P28_AF_VFL_GM,10996931,E05,P28,F,FL,M,front,full_light,Circumduction,,[],0,False,28,train,4
11738046,E05_P28_AF_VHJ_GM.mp4,E05_P28_AF_VHJ_GM,11674742,E05,P28,F,HJ,M,front,high_jitter,Circumduction,,[],0,False,28,train,4
11738117,E05_P28_AF_VLJ_GM.mp4,E05_P28_AF_VLJ_GM,10234266,E05,P28,F,LJ,M,front,low_jitter,Circumduction,,[],0,False,28,train,4
11737917,E05_P28_AF_VLL_GM.mp4,E05_P28_AF_VLL_GM,10244137,E05,P28,F,LL,M,front,low_light,Circumduction,,[],0,False,28,train,4
11738081,E05_P28_AF_VML_GM.mp4,E05_P28_AF_VML_GM,10946090,E05,P28,F,ML,M,front,medium_light,Circumduction,,[],0,False,28,train,4
11737922,E05_P28_AL_VFL_GM.mp4,E05_P28_AL_VFL_GM,10892578,E05,P28,L,FL,M,left,full_light,Circumduction,,[],0,False,28,train,4
11738052,E05_P28_AR_VFL_GM.mp4,E05_P28_AR_VFL_GM,10176553,E05,P28,R,FL,M,right,full_light,Circumduction,,[],0,False,28,train,4
11738033,E05_P29_AF_VFL_GM.mp4,E05_P29_AF_VFL_GM,6907790,E05,P29,F,FL,M,front,full_light,Circumduction,,[],0,False,29,train,0
11737937,E05_P29_AF_VHJ_GM.mp4,E05_P29_AF_VHJ_GM,10311939,E05,P29,F,HJ,M,front,high_jitter,Circumduction,,[],0,False,29,train,0
11738077,E05_P29_AF_VLJ_GM.mp4,E05_P29_AF_VLJ_GM,7764614,E05,P29,F,LJ,M,front,low_jitter,Circumduction,,[],0,False,29,train,0
11738114,E05_P29_AF_VLL_GM.mp4,E05_P29_AF_VLL_GM,9893355,E05,P29,F,LL,M,front,low_light,Circumduction,,[],0,False,29,train,0
11738061,E05_P29_AF_VLR_GM.mp4,E05_P29_AF_VLR_GM,8762212,E05,P29,F,LR,M,front,low_resolution,Circumduction,,[],0,False,29,train,0
11737972,E05_P29_AF_VML_GM.mp4,E05_P29_AF_VML_GM,7544535,E05,P29,F,ML,M,front,medium_light,Circumduction,,[],0,False,29,train,0
11738005,E05_P29_AF_VO_GM.mp4,E05_P29_AF_VO_GM,6787775,E05,P29,F,O,M,front,occlusion,Circumduction,,[],0,False,29,train,0
11738044,E05_P29_AL_VFL_GM.mp4,E05_P29_AL_VFL_GM,7746103,E05,P29,L,FL,M,left,full_light,Circumduction,,[],0,False,29,train,0
11738110,E05_P29_AR_VFL_GM.mp4,E05_P29_AR_VFL_GM,7315414,E05,P29,R,FL,M,right,full_light,Circumduction,,[],0,False,29,train,0
11738007,E05_P30_AF_VFL_GF.mp4,E05_P30_AF_VFL_GF,10198653,E05,P30,F,FL,F,front,full_light,Circumduction,,[],0,False,30,test,-1
11737915,E05_P30_AF_VHJ_GF.mp4,E05_P30_AF_VHJ_GF,11090971,E05,P30,F,HJ,F,front,high_jitter,Circumduction,,[],0,False,30,test,-1
11737908,E05_P30_AF_VLJ_GF.mp4,E05_P30_AF_VLJ_GF,11824479,E05,P30,F,LJ,F,front,low_jitter,Circumduction,,[],0,False,30,test,-1
11737970,E05_P30_AF_VLL_GF.mp4,E05_P30_AF_VLL_GF,11421237,E05,P30,F,LL,F,front,low_light,Circumduction,,[],0,False,30,test,-1
11737957,E05_P30_AF_VLR_GF.mp4,E05_P30_AF_VLR_GF,3325658,E05,P30,F,LR,F,front,low_resolution,Circumduction,,[],0,False,30,test,-1
11737983,E05_P30_AF_VML_GF.mp4,E05_P30_AF_VML_GF,12054199,E05,P30,F,ML,F,front,medium_light,Circumduction,,[],0,False,30,test,-1
11737903,E05_P30_AL_VFL_GF.mp4,E05_P30_AL_VFL_GF,11883348,E05,P30,L,FL,F,left,full_light,Circumduction,,[],0,False,30,test,-1
11737976,E05_P30_AR_VFL_GF.mp4,E05_P30_AR_VFL_GF,10212910,E05,P30,R,FL,F,right,full_light,Circumduction,,[],0,False,30,test,-1
11738034,E05_P31_AF_VFL_GM.mp4,E05_P31_AF_VFL_GM,5014425,E05,P31,F,FL,M,front,full_light,Circumduction,,[],0,False,31,test,-1
11738093,E05_P31_AF_VHJ_GM.mp4,E05_P31_AF_VHJ_GM,5868002,E05,P31,F,HJ,M,front,high_jitter,Circumduction,,[],0,False,31,test,-1
11738064,E05_P31_AF_VLJ_GM.mp4,E05_P31_AF_VLJ_GM,5528382,E05,P31,F,LJ,M,front,low_jitter,Circumduction,,[],0,False,31,test,-1
11737911,E05_P31_AF_VLL_GM.mp4,E05_P31_AF_VLL_GM,4957326,E05,P31,F,LL,M,front,low_light,Circumduction,,[],0,False,31,test,-1
11738106,E05_P31_AF_VLR_GM.mp4,E05_P31_AF_VLR_GM,13971059,E05,P31,F,LR,M,front,low_resolution,Circumduction,,[],0,False,31,test,-1
11738004,E05_P31_AF_VML_GM.mp4,E05_P31_AF_VML_GM,8779320,E05,P31,F,ML,M,front,medium_light,Circumduction,,[],0,False,31,test,-1
11738057,E05_P31_AF_VO_GM.mp4,E05_P31_AF_VO_GM,6893165,E05,P31,F,O,M,front,occlusion,Circumduction,,[],0,False,31,test,-1
11737988,E05_P31_AL_VFL_GM.mp4,E05_P31_AL_VFL_GM,5289683,E05,P31,L,FL,M,left,full_light,Circumduction,,[],0,False,31,test,-1
11738090,E05_P31_AR_VFL_GM.mp4,E05_P31_AR_VFL_GM,4900807,E05,P31,R,FL,M,right,full_light,Circumduction,,[],0,False,31,test,-1
11738062,E05_P32_AF_VFL_GM.mp4,E05_P32_AF_VFL_GM,2483179,E05,P32,F,FL,M,front,full_light,Circumduction,,[],0,False,32,train,0
11737926,E05_P32_AF_VHJ_GM.mp4,E05_P32_AF_VHJ_GM,9547634,E05,P32,F,HJ,M,front,high_jitter,Circumduction,,[],0,False,32,train,0
11737980,E05_P32_AF_VLJ_GM.mp4,E05_P32_AF_VLJ_GM,8320724,E05,P32,F,LJ,M,front,low_jitter,Circumduction,,[],0,False,32,train,0
11738001,E05_P32_AF_VLL_GM.mp4,E05_P32_AF_VLL_GM,10738115,E05,P32,F,LL,M,front,low_light,Circumduction,,[],0,False,32,train,0
11738069,E05_P32_AF_VLR_GM.mp4,E05_P32_AF_VLR_GM,9912424,E05,P32,F,LR,M,front,low_resolution,Circumduction,,[],0,False,32,train,0
11737934,E05_P32_AF_VML_GM.mp4,E05_P32_AF_VML_GM,10604996,E05,P32,F,ML,M,front,medium_light,Circumduction,,[],0,False,32,train,0
11737979,E05_P32_AL_VFL_GM.mp4,E05_P32_AL_VFL_GM,8113123,E05,P32,L,FL,M,left,full_light,Circumduction,,[],0,False,32,train,0
11737973,E05_P32_AR_VFL_GM.mp4,E05_P32_AR_VFL_GM,8549780,E05,P32,R,FL,M,right,full_light,Circumduction,,[],0,False,32,train,0
11737981,E05_P34_AF_VFL_GF.mp4,E05_P34_AF_VFL_GF,6367761,E05,P34,F,FL,F,front,full_light,Circumduction,,[],0,False,34,train,2
11737943,E05_P34_AF_VHJ_GF.mp4,E05_P34_AF_VHJ_GF,10020178,E05,P34,F,HJ,F,front,high_jitter,Circumduction,,[],0,False,34,train,2
11738021,E05_P34_AF_VLJ_GF.mp4,E05_P34_AF_VLJ_GF,7393425,E05,P34,F,LJ,F,front,low_jitter,Circumduction,,[],0,False,34,train,2
11738100,E05_P34_AF_VLL_GF.mp4,E05_P34_AF_VLL_GF,1095249,E05,P34,F,LL,F,front,low_light,Circumduction,,[],0,False,34,train,2
11737900,E05_P34_AF_VLR_GF.mp4,E05_P34_AF_VLR_GF,6034484,E05,P34,F,LR,F,front,low_resolution,Circumduction,,[],0,False,34,train,2
11738037,E05_P34_AF_VML_GF.mp4,E05_P34_AF_VML_GF,5786294,E05,P34,F,ML,F,front,medium_light,Circumduction,,[],0,False,34,train,2
11738008,E05_P34_AF_VO_GF.mp4,E05_P34_AF_VO_GF,7887788,E05,P34,F,O,F,front,occlusion,Circumduction,,[],0,False,34,train,2
11737902,E05_P34_AL_VFL_GF.mp4,E05_P34_AL_VFL_GF,7129100,E05,P34,L,FL,F,left,full_light,Circumduction,,[],0,False,34,train,2
11738042,E05_P34_AR_VFL_GF.mp4,E05_P34_AR_VFL_GF,6563832,E05,P34,R,FL,F,right,full_light,Circumduction,,[],0,False,34,train,2
11737955,E05_P35_AF_VFL_GM.mp4,E05_P35_AF_VFL_GM,5993091,E05,P35,F,FL,M,front,full_light,Circumduction,,[],0,False,35,train,2
11738013,E05_P35_AF_VHJ_GM.mp4,E05_P35_AF_VHJ_GM,8406713,E05,P35,F,HJ,M,front,high_jitter,Circumduction,,[],0,False,35,train,2
11738076,E05_P35_AF_VLJ_GM.mp4,E05_P35_AF_VLJ_GM,7107460,E05,P35,F,LJ,M,front,low_jitter,Circumduction,,[],0,False,35,train,2
11737964,E05_P35_AF_VLL_GM.mp4,E05_P35_AF_VLL_GM,6478201,E05,P35,F,LL,M,front,low_light,Circumduction,,[],0,False,35,train,2
11737960,E05_P35_AF_VLR_GM.mp4,E05_P35_AF_VLR_GM,4129945,E05,P35,F,LR,M,front,low_resolution,Circumduction,,[],0,False,35,train,2
11737978,E05_P35_AF_VML_GM.mp4,E05_P35_AF_VML_GM,7596562,E05,P35,F,ML,M,front,medium_light,Circumduction,,[],0,False,35,train,2
11738111,E05_P35_AF_VO_GM.mp4,E05_P35_AF_VO_GM,8238927,E05,P35,F,O,M,front,occlusion,Circumduction,,[],0,False,35,train,2
11738115,E05_P35_AL_VFL_GM.mp4,E05_P35_AL_VFL_GM,6069343,E05,P35,L,FL,M,left,full_light,Circumduction,,[],0,False,35,train,2
11737954,E05_P35_AR_VFL_GM.mp4,E05_P35_AR_VFL_GM,5979584,E05,P35,R,FL,M,right,full_light,Circumduction,,[],0,False,35,train,2
11737909,E05_P36_AF_VFL_GM.mp4,E05_P36_AF_VFL_GM,10658555,E05,P36,F,FL,M,front,full_light,Circumduction,,[],0,False,36,val,1
11738113,E05_P36_AF_VHJ_GM.mp4,E05_P36_AF_VHJ_GM,8553095,E05,P36,F,HJ,M,front,high_jitter,Circumduction,,[],0,False,36,val,1
11738085,E05_P36_AF_VLJ_GM.mp4,E05_P36_AF_VLJ_GM,10620999,E05,P36,F,LJ,M,front,low_jitter,Circumduction,,[],0,False,36,val,1
11737928,E05_P36_AF_VLL_GM.mp4,E05_P36_AF_VLL_GM,8426677,E05,P36,F,LL,M,front,low_light,Circumduction,,[],0,False,36,val,1
11737985,E05_P36_AF_VLR_GM.mp4,E05_P36_AF_VLR_GM,2631035,E05,P36,F,LR,M,front,low_resolution,Circumduction,,[],0,False,36,val,1
11738014,E05_P36_AF_VML_GM.mp4,E05_P36_AF_VML_GM,7440678,E05,P36,F,ML,M,front,medium_light,Circumduction,,[],0,False,36,val,1
11737959,E05_P36_AF_VO_GM.mp4,E05_P36_AF_VO_GM,7564521,E05,P36,F,O,M,front,occlusion,Circumduction,,[],0,False,36,val,1
11737953,E05_P36_AL_VFL_GM.mp4,E05_P36_AL_VFL_GM,9374388,E05,P36,L,FL,M,left,full_light,Circumduction,,[],0,False,36,val,1
11737947,E05_P36_AR_VFL_GM.mp4,E05_P36_AR_VFL_GM,8075653,E05,P36,R,FL,M,right,full_light,Circumduction,,[],0,False,36,val,1
11737924,E05_P37_AF_VO_GM.mp4,E05_P37_AF_VO_GM,6912331,E05,P37,F,O,M,front,occlusion,Circumduction,,[],0,False,37,train,3
11737949,E05_P38_AF_VO_GM.mp4,E05_P38_AF_VO_GM,5518331,E05,P38,F,O,M,front,occlusion,Circumduction,,[],0,False,38,train,1
11737966,E05_P39_AF_VO_GM.mp4,E05_P39_AF_VO_GM,5678803,E05,P39,F,O,M,front,occlusion,Circumduction,,[],0,False,39,train,0
11738051,E05_P40_AF_VFL_GM.mp4,E05_P40_AF_VFL_GM,10723114,E05,P40,F,FL,M,front,full_light,Circumduction,,[],0,False,40,train,4
11737965,E05_P40_AF_VHJ_GM.mp4,E05_P40_AF_VHJ_GM,11587650,E05,P40,F,HJ,M,front,high_jitter,Circumduction,,[],0,False,40,train,4
11738024,E05_P40_AF_VLJ_GM.mp4,E05_P40_AF_VLJ_GM,10675456,E05,P40,F,LJ,M,front,low_jitter,Circumduction,,[],0,False,40,train,4
11737940,E05_P40_AF_VLL_GM.mp4,E05_P40_AF_VLL_GM,16743481,E05,P40,F,LL,M,front,low_light,Circumduction,,[],0,False,40,train,4
11737968,E05_P40_AF_VLR_GM.mp4,E05_P40_AF_VLR_GM,10348780,E05,P40,F,LR,M,front,low_resolution,Circumduction,,[],0,False,40,train,4
11737904,E05_P40_AF_VML_GM.mp4,E05_P40_AF_VML_GM,10738139,E05,P40,F,ML,M,front,medium_light,Circumduction,,[],0,False,40,train,4
11738098,E05_P40_AL_VFL_GM.mp4,E05_P40_AL_VFL_GM,10428528,E05,P40,L,FL,M,left,full_light,Circumduction,,[],0,False,40,train,4
11738119,E05_P40_AR_VFL_GM.mp4,E05_P40_AR_VFL_GM,10112871,E05,P40,R,FL,M,right,full_light,Circumduction,,[],0,False,40,train,4
11738059,E05_P41_AF_VO_GM.mp4,E05_P41_AF_VO_GM,7837694,E05,P41,F,O,M,front,occlusion,Circumduction,,[],0,False,41,train,4
11738040,E05_P42_AF_VO_GM.mp4,E05_P42_AF_VO_GM,6701248,E05,P42,F,O,M,front,occlusion,Circumduction,,[],0,False,42,val,2
11737941,E05_P53_AF_VFL_GF.mp4,E05_P53_AF_VFL_GF,6071503,E05,P53,F,FL,F,front,full_light,Circumduction,,[],0,False,53,train,0
11738087,E05_P53_AF_VHJ_GF.mp4,E05_P53_AF_VHJ_GF,9670477,E05,P53,F,HJ,F,front,high_jitter,Circumduction,,[],0,False,53,train,0
11738116,E05_P53_AF_VLJ_GF.mp4,E05_P53_AF_VLJ_GF,7639568,E05,P53,F,LJ,F,front,low_jitter,Circumduction,,[],0,False,53,train,0
11738028,E05_P53_AF_VLR_GF.mp4,E05_P53_AF_VLR_GF,8014726,E05,P53,F,LR,F,front,low_resolution,Circumduction,,[],0,False,53,train,0
11737927,E05_P53_AF_VML_GF.mp4,E05_P53_AF_VML_GF,9927272,E05,P53,F,ML,F,front,medium_light,Circumduction,,[],0,False,53,train,0
11737942,E05_P53_AF_VO_GF.mp4,E05_P53_AF_VO_GF,9448345,E05,P53,F,O,F,front,occlusion,Circumduction,,[],0,False,53,train,0
11738103,E05_P53_AL_VFL_GF.mp4,E05_P53_AL_VFL_GF,9330552,E05,P53,L,FL,F,left,full_light,Circumduction,,[],0,False,53,train,0
11737936,E05_P55_AF_VFL_GM.mp4,E05_P55_AF_VFL_GM,7148582,E05,P55,F,FL,M,front,full_light,Circumduction,,[],0,False,55,test,-1
11737989,E05_P55_AF_VHJ_GM.mp4,E05_P55_AF_VHJ_GM,7306380,E05,P55,F,HJ,M,front,high_jitter,Circumduction,,[],0,False,55,test,-1
11738067,E05_P55_AF_VLJ_GM.mp4,E05_P55_AF_VLJ_GM,9033514,E05,P55,F,LJ,M,front,low_jitter,Circumduction,,[],0,False,55,test,-1
11738055,E05_P55_AF_VLL_GM.mp4,E05_P55_AF_VLL_GM,9532372,E05,P55,F,LL,M,front,low_light,Circumduction,,[],0,False,55,test,-1
11737992,E05_P55_AF_VML_GM.mp4,E05_P55_AF_VML_GM,9999845,E05,P55,F,ML,M,front,medium_light,Circumduction,,[],0,False,55,test,-1
11738050,E05_P55_AL_VFL_GM.mp4,E05_P55_AL_VFL_GM,6648467,E05,P55,L,FL,M,left,full_light,Circumduction,,[],0,False,55,test,-1
11738073,E05_P55_AR_VFL_GM.mp4,E05_P55_AR_VFL_GM,7477612,E05,P55,R,FL,M,right,full_light,Circumduction,,[],0,False,55,test,-1
11738016,E05_P56_AF_VFL_GF.mp4,E05_P56_AF_VFL_GF,3543594,E05,P56,F,FL,F,front,full_light,Circumduction,,[],0,False,56,train,2
11738066,E05_P56_AF_VHJ_GF.mp4,E05_P56_AF_VHJ_GF,4496413,E05,P56,F,HJ,F,front,high_jitter,Circumduction,,[],0,False,56,train,2
11737994,E05_P56_AF_VLJ_GF.mp4,E05_P56_AF_VLJ_GF,4577776,E05,P56,F,LJ,F,front,low_jitter,Circumduction,,[],0,False,56,train,2
11738084,E05_P56_AF_VLL_GF.mp4,E05_P56_AF_VLL_GF,4825719,E05,P56,F,LL,F,front,low_light,Circumduction,,[],0,False,56,train,2
11737932,E05_P56_AF_VML_GF.mp4,E05_P56_AF_VML_GF,4245492,E05,P56,F,ML,F,front,medium_light,Circumduction,,[],0,False,56,train,2
11738120,E05_P56_AL_VFL_GF.mp4,E05_P56_AL_VFL_GF,6154305,E05,P56,L,FL,F,left,full_light,Circumduction,,[],0,False,56,train,2
11737920,E05_P56_AR_VFL_GF.mp4,E05_P56_AR_VFL_GF,5556619,E05,P56,R,FL,F,right,full_light,Circumduction,,[],0,False,56,train,2
11737923,E05_P57_AF_VFL_GF.mp4,E05_P57_AF_VFL_GF,7089741,E05,P57,F,FL,F,front,full_light,Circumduction,,[],0,False,57,train,1
11738091,E05_P57_AF_VHJ_GF.mp4,E05_P57_AF_VHJ_GF,7714740,E05,P57,F,HJ,F,front,high_jitter,Circumduction,,[],0,False,57,train,1
11738065,E05_P57_AF_VLJ_GF.mp4,E05_P57_AF_VLJ_GF,5704263,E05,P57,F,LJ,F,front,low_jitter,Circumduction,,[],0,False,57,train,1
11738026,E05_P57_AF_VLL_GF.mp4,E05_P57_AF_VLL_GF,7665636,E05,P57,F,LL,F,front,low_light,Circumduction,,[],0,False,57,train,1
11738012,E05_P57_AF_VML_GF.mp4,E05_P57_AF_VML_GF,7613921,E05,P57,F,ML,F,front,medium_light,Circumduction,,[],0,False,57,train,1
11738027,E05_P57_AL_VFL_GF.mp4,E05_P57_AL_VFL_GF,7230555,E05,P57,L,FL,F,left,full_light,Circumduction,,[],0,False,57,train,1
11737975,E05_P57_AR_VFL_GF.mp4,E05_P57_AR_VFL_GF,7668602,E05,P57,R,FL,F,right,full_light,Circumduction,,[],0,False,57,train,1
11738078,E05_P58_AF_VFL_GF.mp4,E05_P58_AF_VFL_GF,4700416,E05,P58,F,FL,F,front,full_light,Circumduction,,[],0,False,58,train,4
11738015,E05_P58_AF_VHJ_GF.mp4,E05_P58_AF_VHJ_GF,5789583,E05,P58,F,HJ,F,front,high_jitter,Circumduction,,[],0,False,58,train,4
11738023,E05_P58_AF_VLJ_GF.mp4,E05_P58_AF_VLJ_GF,8172887,E05,P58,F,LJ,F,front,low_jitter,Circumduction,,[],0,False,58,train,4
11738075,E05_P58_AF_VLL_GF.mp4,E05_P58_AF_VLL_GF,4477606,E05,P58,F,LL,F,front,low_light,Circumduction,,[],0,False,58,train,4
11738049,E05_P58_AF_VML_GF.mp4,E05_P58_AF_VML_GF,4986078,E05,P58,F,ML,F,front,medium_light,Circumduction,,[],0,False,58,train,4
11738032,E05_P58_AL_VFL_GF.mp4,E05_P58_AL_VFL_GF,5659864,E05,P58,L,FL,F,left,full_light,Circumduction,,[],0,False,58,train,4
11738102,E05_P58_AR_VFL_GF.mp4,E05_P58_AR_VFL_GF,6204398,E05,P58,R,FL,F,right,full_light,Circumduction,,[],0,False,58,train,4
11738080,E05_P59_AF_VFL_GF.mp4,E05_P59_AF_VFL_GF,6632236,E05,P59,F,FL,F,front,full_light,Circumduction,,[],0,False,59,train,3
11738071,E05_P59_AF_VHJ_GF.mp4,E05_P59_AF_VHJ_GF,6581593,E05,P59,F,HJ,F,front,high_jitter,Circumduction,,[],0,False,59,train,3
11737967,E05_P59_AF_VLJ_GF.mp4,E05_P59_AF_VLJ_GF,5932620,E05,P59,F,LJ,F,front,low_jitter,Circumduction,,[],0,False,59,train,3
11738010,E05_P59_AF_VLL_GF.mp4,E05_P59_AF_VLL_GF,7262126,E05,P59,F,LL,F,front,low_light,Circumduction,,[],0,False,59,train,3
11738039,E05_P59_AF_VML_GF.mp4,E05_P59_AF_VML_GF,6601618,E05,P59,F,ML,F,front,medium_light,Circumduction,,[],0,False,59,train,3
11737996,E05_P59_AL_VFL_GF.mp4,E05_P59_AL_VFL_GF,6513646,E05,P59,L,FL,F,left,full_light,Circumduction,,[],0,False,59,train,3
11738118,E05_P59_AR_VFL_GF.mp4,E05_P59_AR_VFL_GF,7588490,E05,P59,R,FL,F,right,full_light,Circumduction,,[],0,False,59,train,3
11737905,E05_P60_AF_VFL_GF.mp4,E05_P60_AF_VFL_GF,5820821,E05,P60,F,FL,F,front,full_light,Circumduction,,[],0,False,60,train,1
11738030,E05_P60_AF_VHJ_GF.mp4,E05_P60_AF_VHJ_GF,5854226,E05,P60,F,HJ,F,front,high_jitter,Circumduction,,[],0,False,60,train,1
11737939,E05_P60_AF_VLJ_GF.mp4,E05_P60_AF_VLJ_GF,7451387,E05,P60,F,LJ,F,front,low_jitter,Circumduction,,[],0,False,60,train,1
11738054,E05_P60_AF_VLL_GF.mp4,E05_P60_AF_VLL_GF,5677313,E05,P60,F,LL,F,front,low_light,Circumduction,,[],0,False,60,train,1
11738099,E05_P60_AF_VLR_GF.mp4,E05_P60_AF_VLR_GF,4719421,E05,P60,F,LR,F,front,low_resolution,Circumduction,,[],0,False,60,train,1
11737901,E05_P60_AF_VML_GF.mp4,E05_P60_AF_VML_GF,956673,E05,P60,F,ML,F,front,medium_light,Circumduction,,[],0,False,60,train,1
11737933,E05_P60_AF_VO_GF.mp4,E05_P60_AF_VO_GF,9123547,E05,P60,F,O,F,front,occlusion,Circumduction,,[],0,False,60,train,1
11737963,E05_P60_AL_VFL_GF.mp4,E05_P60_AL_VFL_GF,7196036,E05,P60,L,FL,F,left,full_light,Circumduction,,[],0,False,60,train,1
11737929,E05_P60_AR_VFL_GF.mp4,E05_P60_AR_VFL_GF,5453067,E05,P60,R,FL,F,right,full_light,Circumduction,,[],0,False,60,train,1
11718230,E06_P02_AF_VFL_GM.mp4,E06_P02_AF_VFL_GM,9162639,E06,P02,F,FL,M,front,full_light,Wrist Extension,100.0,"[100.0, 100.0, 100.0]",3,True,2,train,0
11718190,E06_P02_AF_VHJ_GM.mp4,E06_P02_AF_VHJ_GM,34918755,E06,P02,F,HJ,M,front,high_jitter,Wrist Extension,100.0,"[100.0, 100.0, 100.0]",3,True,2,train,0
11718214,E06_P02_AF_VLJ_GM.mp4,E06_P02_AF_VLJ_GM,36915836,E06,P02,F,LJ,M,front,low_jitter,Wrist Extension,100.0,"[100.0, 100.0, 100.0]",3,True,2,train,0
11718254,E06_P02_AF_VLL_GM.mp4,E06_P02_AF_VLL_GM,48302257,E06,P02,F,LL,M,front,low_light,Wrist Extension,100.0,"[100.0, 100.0, 100.0]",3,True,2,train,0
11718205,E06_P02_AF_VML_GM.mp4,E06_P02_AF_VML_GM,11690464,E06,P02,F,ML,M,front,medium_light,Wrist Extension,100.0,"[100.0, 100.0, 100.0]",3,True,2,train,0
11718209,E06_P02_AF_VO_GM.mp4,E06_P02_AF_VO_GM,18132213,E06,P02,F,O,M,front,occlusion,Wrist Extension,100.0,"[100.0, 100.0, 100.0]",3,True,2,train,0
11718176,E06_P02_AL_VFL_GM.mp4,E06_P02_AL_VFL_GM,64279475,E06,P02,L,FL,M,left,full_light,Wrist Extension,100.0,"[100.0, 100.0, 100.0]",3,True,2,train,0
11718227,E06_P02_AL_VHJ_GM.mp4,E06_P02_AL_VHJ_GM,63816205,E06,P02,L,HJ,M,left,high_jitter,Wrist Extension,100.0,"[100.0, 100.0, 100.0]",3,True,2,train,0
11718199,E06_P02_AL_VLJ_GM.mp4,E06_P02_AL_VLJ_GM,61816376,E06,P02,L,LJ,M,left,low_jitter,Wrist Extension,100.0,"[100.0, 100.0, 100.0]",3,True,2,train,0
11718198,E06_P02_AL_VLL_GM.mp4,E06_P02_AL_VLL_GM,62335487,E06,P02,L,LL,M,left,low_light,Wrist Extension,100.0,"[100.0, 100.0, 100.0]",3,True,2,train,0
11718203,E06_P02_AL_VML_GM.mp4,E06_P02_AL_VML_GM,58967168,E06,P02,L,ML,M,left,medium_light,Wrist Extension,100.0,"[100.0, 100.0, 100.0]",3,True,2,train,0
11718247,E06_P02_AL_VO_GM.mp4,E06_P02_AL_VO_GM,60302162,E06,P02,L,O,M,left,occlusion,Wrist Extension,100.0,"[100.0, 100.0, 100.0]",3,True,2,train,0
11718228,E06_P02_AR_VFL_GM.mp4,E06_P02_AR_VFL_GM,13872591,E06,P02,R,FL,M,right,full_light,Wrist Extension,100.0,"[100.0, 100.0, 100.0]",3,True,2,train,0
11718178,E06_P02_AR_VHJ_GM.mp4,E06_P02_AR_VHJ_GM,66073774,E06,P02,R,HJ,M,right,high_jitter,Wrist Extension,100.0,"[100.0, 100.0, 100.0]",3,True,2,train,0
11718196,E06_P02_AR_VLJ_GM.mp4,E06_P02_AR_VLJ_GM,46228308,E06,P02,R,LJ,M,right,low_jitter,Wrist Extension,100.0,"[100.0, 100.0, 100.0]",3,True,2,train,0
11718174,E06_P02_AR_VLL_GM.mp4,E06_P02_AR_VLL_GM,34135359,E06,P02,R,LL,M,right,low_light,Wrist Extension,100.0,"[100.0, 100.0, 100.0]",3,True,2,train,0
11718241,E06_P02_AR_VML_GM.mp4,E06_P02_AR_VML_GM,15414573,E06,P02,R,ML,M,right,medium_light,Wrist Extension,100.0,"[100.0, 100.0, 100.0]",3,True,2,train,0
11718238,E06_P02_AR_VO_GM.mp4,E06_P02_AR_VO_GM,47143891,E06,P02,R,O,M,right,occlusion,Wrist Extension,100.0,"[100.0, 100.0, 100.0]",3,True,2,train,0
11718224,E06_P03_AF_VFL_GM.mp4,E06_P03_AF_VFL_GM,11563259,E06,P03,F,FL,M,front,full_light,Wrist Extension,100.0,"[100.0, 100.0, 100.0]",3,True,3,train,3
11718185,E06_P03_AF_VHJ_GM.mp4,E06_P03_AF_VHJ_GM,52909220,E06,P03,F,HJ,M,front,high_jitter,Wrist Extension,97.61904762,"[100.0, 100.0, 92.8571]",3,True,3,train,3
11718218,E06_P03_AF_VLJ_GM.mp4,E06_P03_AF_VLJ_GM,55969218,E06,P03,F,LJ,M,front,low_jitter,Wrist Extension,97.61904762,"[100.0, 100.0, 92.8571]",3,True,3,train,3
11718189,E06_P03_AF_VLL_GM.mp4,E06_P03_AF_VLL_GM,30357137,E06,P03,F,LL,M,front,low_light,Wrist Extension,84.28571429,"[84.2857, 84.2857, 84.2857]",3,True,3,train,3
11718233,E06_P03_AF_VML_GM.mp4,E06_P03_AF_VML_GM,14363091,E06,P03,F,ML,M,front,medium_light,Wrist Extension,81.9047619,"[84.2857, 84.2857, 77.1429]",3,True,3,train,3
11718188,E06_P03_AF_VO_GM.mp4,E06_P03_AF_VO_GM,21011017,E06,P03,F,O,M,front,occlusion,Wrist Extension,97.61904762,"[100.0, 100.0, 92.8571]",3,True,3,train,3
11718210,E06_P03_AL_VFL_GM.mp4,E06_P03_AL_VFL_GM,76260273,E06,P03,L,FL,M,left,full_light,Wrist Extension,100.0,"[100.0, 100.0, 100.0]",3,True,3,train,3
11718213,E06_P03_AL_VHJ_GM.mp4,E06_P03_AL_VHJ_GM,110173378,E06,P03,L,HJ,M,left,high_jitter,Wrist Extension,97.61904762,"[100.0, 100.0, 92.8571]",3,True,3,train,3
11718215,E06_P03_AL_VLJ_GM.mp4,E06_P03_AL_VLJ_GM,108831079,E06,P03,L,LJ,M,left,low_jitter,Wrist Extension,97.61904762,"[100.0, 100.0, 92.8571]",3,True,3,train,3
11718240,E06_P03_AL_VLL_GM.mp4,E06_P03_AL_VLL_GM,86738743,E06,P03,L,LL,M,left,low_light,Wrist Extension,84.28571429,"[84.2857, 84.2857, 84.2857]",3,True,3,train,3
11718211,E06_P03_AL_VML_GM.mp4,E06_P03_AL_VML_GM,92785523,E06,P03,L,ML,M,left,medium_light,Wrist Extension,81.9047619,"[84.2857, 84.2857, 77.1429]",3,True,3,train,3
11718237,E06_P03_AL_VO_GM.mp4,E06_P03_AL_VO_GM,115251441,E06,P03,L,O,M,left,occlusion,Wrist Extension,97.61904762,"[100.0, 100.0, 92.8571]",3,True,3,train,3
11718248,E06_P03_AR_VFL_GM.mp4,E06_P03_AR_VFL_GM,11975306,E06,P03,R,FL,M,right,full_light,Wrist Extension,100.0,"[100.0, 100.0, 100.0]",3,True,3,train,3
11718193,E06_P03_AR_VHJ_GM.mp4,E06_P03_AR_VHJ_GM,107872464,E06,P03,R,HJ,M,right,high_jitter,Wrist Extension,97.61904762,"[100.0, 100.0, 92.8571]",3,True,3,train,3
11718182,E06_P03_AR_VLJ_GM.mp4,E06_P03_AR_VLJ_GM,102093348,E06,P03,R,LJ,M,right,low_jitter,Wrist Extension,97.61904762,"[100.0, 100.0, 92.8571]",3,True,3,train,3
11718195,E06_P03_AR_VLL_GM.mp4,E06_P03_AR_VLL_GM,48597584,E06,P03,R,LL,M,right,low_light,Wrist Extension,84.28571429,"[84.2857, 84.2857, 84.2857]",3,True,3,train,3
11718231,E06_P03_AR_VML_GM.mp4,E06_P03_AR_VML_GM,17808663,E06,P03,R,ML,M,right,medium_light,Wrist Extension,81.9047619,"[84.2857, 84.2857, 77.1429]",3,True,3,train,3
11718202,E06_P03_AR_VO_GM.mp4,E06_P03_AR_VO_GM,29296560,E06,P03,R,O,M,right,occlusion,Wrist Extension,97.61904762,"[100.0, 100.0, 92.8571]",3,True,3,train,3
11718186,E06_P04_AF_VFL_GM.mp4,E06_P04_AF_VFL_GM,17578843,E06,P04,F,FL,M,front,full_light,Wrist Extension,100.0,"[100.0, 100.0, 100.0]",3,True,4,train,1
11718244,E06_P04_AF_VHJ_GM.mp4,E06_P04_AF_VHJ_GM,30853288,E06,P04,F,HJ,M,front,high_jitter,Wrist Extension,95.23809524,"[85.7143, 100.0, 100.0]",3,True,4,train,1
11718183,E06_P04_AF_VLJ_GM.mp4,E06_P04_AF_VLJ_GM,35093291,E06,P04,F,LJ,M,front,low_jitter,Wrist Extension,100.0,"[100.0, 100.0, 100.0]",3,True,4,train,1
11718219,E06_P04_AF_VLL_GM.mp4,E06_P04_AF_VLL_GM,46081037,E06,P04,F,LL,M,front,low_light,Wrist Extension,100.0,"[100.0, 100.0, 100.0]",3,True,4,train,1
11718204,E06_P04_AF_VML_GM.mp4,E06_P04_AF_VML_GM,21452224,E06,P04,F,ML,M,front,medium_light,Wrist Extension,79.52380952,"[70.0, 84.2857, 84.2857]",3,True,4,train,1
11718191,E06_P04_AF_VO_GM.mp4,E06_P04_AF_VO_GM,16995770,E06,P04,F,O,M,front,occlusion,Wrist Extension,100.0,"[100.0, 100.0, 100.0]",3,True,4,train,1
11718242,E06_P04_AL_VFL_GM.mp4,E06_P04_AL_VFL_GM,87545944,E06,P04,L,FL,M,left,full_light,Wrist Extension,100.0,"[100.0, 100.0, 100.0]",3,True,4,train,1
11718253,E06_P04_AL_VHJ_GM.mp4,E06_P04_AL_VHJ_GM,59803218,E06,P04,L,HJ,M,left,high_jitter,Wrist Extension,95.23809524,"[85.7143, 100.0, 100.0]",3,True,4,train,1
11718181,E06_P04_AL_VLJ_GM.mp4,E06_P04_AL_VLJ_GM,67434641,E06,P04,L,LJ,M,left,low_jitter,Wrist Extension,100.0,"[100.0, 100.0, 100.0]",3,True,4,train,1
11718197,E06_P04_AL_VLL_GM.mp4,E06_P04_AL_VLL_GM,73299702,E06,P04,L,LL,M,left,low_light,Wrist Extension,100.0,"[100.0, 100.0, 100.0]",3,True,4,train,1
11718251,E06_P04_AL_VML_GM.mp4,E06_P04_AL_VML_GM,73045342,E06,P04,L,ML,M,left,medium_light,Wrist Extension,79.52380952,"[70.0, 84.2857, 84.2857]",3,True,4,train,1
11718232,E06_P04_AL_VO_GM.mp4,E06_P04_AL_VO_GM,57941532,E06,P04,L,O,M,left,occlusion,Wrist Extension,100.0,"[100.0, 100.0, 100.0]",3,True,4,train,1
11718250,E06_P04_AR_VFL_GM.mp4,E06_P04_AR_VFL_GM,22215901,E06,P04,R,FL,M,right,full_light,Wrist Extension,100.0,"[100.0, 100.0, 100.0]",3,True,4,train,1
11718184,E06_P04_AR_VHJ_GM.mp4,E06_P04_AR_VHJ_GM,61583148,E06,P04,R,HJ,M,right,high_jitter,Wrist Extension,95.23809524,"[85.7143, 100.0, 100.0]",3,True,4,train,1
11718175,E06_P04_AR_VLJ_GM.mp4,E06_P04_AR_VLJ_GM,60548198,E06,P04,R,LJ,M,right,low_jitter,Wrist Extension,100.0,"[100.0, 100.0, 100.0]",3,True,4,train,1
11718239,E06_P04_AR_VLL_GM.mp4,E06_P04_AR_VLL_GM,14870519,E06,P04,R,LL,M,right,low_light,Wrist Extension,100.0,"[100.0, 100.0, 100.0]",3,True,4,train,1
11718201,E06_P04_AR_VML_GM.mp4,E06_P04_AR_VML_GM,14359421,E06,P04,R,ML,M,right,medium_light,Wrist Extension,95.23809524,"[85.7143, 100.0, 100.0]",3,True,4,train,1
11718236,E06_P04_AR_VO_GM.mp4,E06_P04_AR_VO_GM,17076066,E06,P04,R,O,M,right,occlusion,Wrist Extension,100.0,"[100.0, 100.0, 100.0]",3,True,4,train,1
11718192,E06_P05_AF_VFL_GM.mp4,E06_P05_AF_VFL_GM,19142003,E06,P05,F,FL,M,front,full_light,Wrist Extension,97.61904762,"[100.0, 100.0, 92.8571]",3,True,5,train,3
11718225,E06_P05_AF_VHJ_GM.mp4,E06_P05_AF_VHJ_GM,30854897,E06,P05,F,HJ,M,front,high_jitter,Wrist Extension,97.61904762,"[100.0, 100.0, 92.8571]",3,True,5,train,3
11718212,E06_P05_AF_VLJ_GM.mp4,E06_P05_AF_VLJ_GM,26851850,E06,P05,F,LJ,M,front,low_jitter,Wrist Extension,97.61904762,"[100.0, 100.0, 92.8571]",3,True,5,train,3
11718245,E06_P05_AF_VLL_GM.mp4,E06_P05_AF_VLL_GM,39087006,E06,P05,F,LL,M,front,low_light,Wrist Extension,100.0,"[100.0, 100.0, 100.0]",3,True,5,train,3
11718235,E06_P05_AF_VML_GM.mp4,E06_P05_AF_VML_GM,11640620,E06,P05,F,ML,M,front,medium_light,Wrist Extension,74.76190476,"[70.0, 77.1429, 77.1429]",3,True,5,train,3
11718223,E06_P05_AF_VO_GM.mp4,E06_P05_AF_VO_GM,14286666,E06,P05,F,O,M,front,occlusion,Wrist Extension,97.61904762,"[100.0, 92.8571, 100.0]",3,True,5,train,3
11718255,E06_P05_AL_VFL_GM.mp4,E06_P05_AL_VFL_GM,104436308,E06,P05,L,FL,M,left,full_light,Wrist Extension,97.61904762,"[100.0, 100.0, 92.8571]",3,True,5,train,3
11718200,E06_P05_AL_VHJ_GM.mp4,E06_P05_AL_VHJ_GM,60075022,E06,P05,L,HJ,M,left,high_jitter,Wrist Extension,97.61904762,"[100.0, 100.0, 92.8571]",3,True,5,train,3
11718177,E06_P05_AL_VLJ_GM.mp4,E06_P05_AL_VLJ_GM,65248041,E06,P05,L,LJ,M,left,low_jitter,Wrist Extension,97.61904762,"[100.0, 100.0, 92.8571]",3,True,5,train,3
11718226,E06_P05_AL_VLL_GM.mp4,E06_P05_AL_VLL_GM,72483469,E06,P05,L,LL,M,left,low_light,Wrist Extension,100.0,"[100.0, 100.0, 100.0]",3,True,5,train,3
11718216,E06_P05_AL_VML_GM.mp4,E06_P05_AL_VML_GM,79056959,E06,P05,L,ML,M,left,medium_light,Wrist Extension,74.76190476,"[70.0, 77.1429, 77.1429]",3,True,5,train,3
11718220,E06_P05_AL_VO_GM.mp4,E06_P05_AL_VO_GM,60484733,E06,P05,L,O,M,left,occlusion,Wrist Extension,97.61904762,"[100.0, 92.8571, 100.0]",3,True,5,train,3
11718222,E06_P05_AR_VFL_GM.mp4,E06_P05_AR_VFL_GM,16427656,E06,P05,R,FL,M,right,full_light,Wrist Extension,97.61904762,"[100.0, 100.0, 92.8571]",3,True,5,train,3
11718234,E06_P05_AR_VHJ_GM.mp4,E06_P05_AR_VHJ_GM,60864364,E06,P05,R,HJ,M,right,high_jitter,Wrist Extension,97.61904762,"[100.0, 100.0, 92.8571]",3,True,5,train,3
11718180,E06_P05_AR_VLJ_GM.mp4,E06_P05_AR_VLJ_GM,46806153,E06,P05,R,LJ,M,right,low_jitter,Wrist Extension,97.61904762,"[100.0, 100.0, 92.8571]",3,True,5,train,3
11718229,E06_P05_AR_VLL_GM.mp4,E06_P05_AR_VLL_GM,12724349,E06,P05,R,LL,M,right,low_light,Wrist Extension,100.0,"[100.0, 100.0, 100.0]",3,True,5,train,3
11718206,E06_P05_AR_VML_GM.mp4,E06_P05_AR_VML_GM,12357834,E06,P05,R,ML,M,right,medium_light,Wrist Extension,74.76190476,"[70.0, 77.1429, 77.1429]",3,True,5,train,3
11718208,E06_P05_AR_VO_GM.mp4,E06_P05_AR_VO_GM,14228808,E06,P05,R,O,M,right,occlusion,Wrist Extension,97.61904762,"[100.0, 92.8571, 100.0]",3,True,5,train,3
11718179,E06_P06_AF_VFL_GM.mp4,E06_P06_AF_VFL_GM,13316461,E06,P06,F,FL,M,front,full_light,Wrist Extension,100.0,"[100.0, 100.0, 100.0]",3,True,6,train,3
11718221,E06_P06_AF_VHJ_GM.mp4,E06_P06_AF_VHJ_GM,40922528,E06,P06,F,HJ,M,front,high_jitter,Wrist Extension,100.0,"[100.0, 100.0, 100.0]",3,True,6,train,3
11718243,E06_P06_AF_VLJ_GM.mp4,E06_P06_AF_VLJ_GM,45469620,E06,P06,F,LJ,M,front,low_jitter,Wrist Extension,100.0,"[100.0, 100.0, 100.0]",3,True,6,train,3
11718187,E06_P06_AF_VLL_GM.mp4,E06_P06_AF_VLL_GM,49455066,E06,P06,F,LL,M,front,low_light,Wrist Extension,100.0,"[100.0, 100.0, 100.0]",3,True,6,train,3
11718246,E06_P06_AF_VML_GM.mp4,E06_P06_AF_VML_GM,23271986,E06,P06,F,ML,M,front,medium_light,Wrist Extension,100.0,"[100.0, 100.0, 100.0]",3,True,6,train,3
11718194,E06_P06_AF_VO_GM.mp4,E06_P06_AF_VO_GM,23360971,E06,P06,F,O,M,front,occlusion,Wrist Extension,100.0,"[100.0, 100.0, 100.0]",3,True,6,train,3
11718252,E06_P06_AL_VHJ_GM.mp4,E06_P06_AL_VHJ_GM,83479870,E06,P06,L,HJ,M,left,high_jitter,Wrist Extension,100.0,"[100.0, 100.0, 100.0]",3,True,6,train,3
11718217,E06_P06_AL_VLJ_GM.mp4,E06_P06_AL_VLJ_GM,88547453,E06,P06,L,LJ,M,left,low_jitter,Wrist Extension,100.0,"[100.0, 100.0, 100.0]",3,True,6,train,3
11718249,E06_P06_AL_VLL_GM.mp4,E06_P06_AL_VLL_GM,91673108,E06,P06,L,LL,M,left,low_light,Wrist Extension,100.0,"[100.0, 100.0, 100.0]",3,True,6,train,3
11718207,E06_P06_AL_VML_GM.mp4,E06_P06_AL_VML_GM,81348451,E06,P06,L,ML,M,left,medium_light,Wrist Extension,100.0,"[100.0, 100.0, 100.0]",3,True,6,train,3
11773155,E06_P06_AL_VO_GM.mp4,E06_P06_AL_VO_GM,78438433,E06,P06,L,O,M,left,occlusion,Wrist Extension,100.0,"[100.0, 100.0, 100.0]",3,True,6,train,3
11773169,E06_P06_AR_VFL_GM.mp4,E06_P06_AR_VFL_GM,12221253,E06,P06,R,FL,M,right,full_light,Wrist Extension,100.0,"[100.0, 100.0, 100.0]",3,True,6,train,3
11773161,E06_P06_AR_VHJ_GM.mp4,E06_P06_AR_VHJ_GM,85830450,E06,P06,R,HJ,M,right,high_jitter,Wrist Extension,100.0,"[100.0, 100.0, 100.0]",3,True,6,train,3
11773171,E06_P06_AR_VLJ_GM.mp4,E06_P06_AR_VLJ_GM,64823497,E06,P06,R,LJ,M,right,low_jitter,Wrist Extension,100.0,"[100.0, 100.0, 100.0]",3,True,6,train,3
11773159,E06_P06_AR_VLL_GM.mp4,E06_P06_AR_VLL_GM,16044059,E06,P06,R,LL,M,right,low_light,Wrist Extension,100.0,"[100.0, 100.0, 100.0]",3,True,6,train,3
11773164,E06_P06_AR_VML_GM.mp4,E06_P06_AR_VML_GM,14035336,E06,P06,R,ML,M,right,medium_light,Wrist Extension,100.0,"[100.0, 100.0, 100.0]",3,True,6,train,3
11773165,E06_P06_AR_VO_GM.mp4,E06_P06_AR_VO_GM,21316149,E06,P06,R,O,M,right,occlusion,Wrist Extension,100.0,"[100.0, 100.0, 100.0]",3,True,6,train,3
11772036,E06_P07_AF_VFL_GM.mp4,E06_P07_AF_VFL_GM,15522871,E06,P07,F,FL,M,front,full_light,Wrist Extension,95.23809524,"[100.0, 92.8571, 92.8571]",3,True,7,train,0
11772095,E06_P07_AF_VHJ_GM.mp4,E06_P07_AF_VHJ_GM,22942406,E06,P07,F,HJ,M,front,high_jitter,Wrist Extension,73.80952381,"[71.4286, 78.5714, 71.4286]",3,True,7,train,0
11772081,E06_P07_AF_VLJ_GM.mp4,E06_P07_AF_VLJ_GM,23926669,E06,P07,F,LJ,M,front,low_jitter,Wrist Extension,76.19047619,"[71.4286, 85.7143, 71.4286]",3,True,7,train,0
11772077,E06_P07_AF_VLL_GM.mp4,E06_P07_AF_VLL_GM,28821849,E06,P07,F,LL,M,front,low_light,Wrist Extension,85.71428571,"[85.7143, 85.7143, 85.7143]",3,True,7,train,0
11772092,E06_P07_AF_VML_GM.mp4,E06_P07_AF_VML_GM,9234468,E06,P07,F,ML,M,front,medium_light,Wrist Extension,100.0,"[100.0, 100.0, 100.0]",3,True,7,train,0
11772016,E06_P07_AF_VO_GM.mp4,E06_P07_AF_VO_GM,14246816,E06,P07,F,O,M,front,occlusion,Wrist Extension,78.0952381,"[85.7143, 78.5714, 70.0]",3,True,7,train,0
11772024,E06_P07_AL_VFL_GM.mp4,E06_P07_AL_VFL_GM,58832371,E06,P07,L,FL,M,left,full_light,Wrist Extension,95.23809524,"[100.0, 92.8571, 92.8571]",3,True,7,train,0
11772053,E06_P07_AL_VHJ_GM.mp4,E06_P07_AL_VHJ_GM,42115653,E06,P07,L,HJ,M,left,high_jitter,Wrist Extension,73.80952381,"[71.4286, 78.5714, 71.4286]",3,True,7,train,0
11772052,E06_P07_AL_VLJ_GM.mp4,E06_P07_AL_VLJ_GM,43630894,E06,P07,L,LJ,M,left,low_jitter,Wrist Extension,76.19047619,"[71.4286, 85.7143, 71.4286]",3,True,7,train,0
11772072,E06_P07_AL_VLL_GM.mp4,E06_P07_AL_VLL_GM,44180987,E06,P07,L,LL,M,left,low_light,Wrist Extension,85.71428571,"[85.7143, 85.7143, 85.7143]",3,True,7,train,0
11772075,E06_P07_AL_VML_GM.mp4,E06_P07_AL_VML_GM,45593783,E06,P07,L,ML,M,left,medium_light,Wrist Extension,84.28571429,"[84.2857, 84.2857, 84.2857]",3,True,7,train,0
11772018,E06_P07_AL_VO_GM.mp4,E06_P07_AL_VO_GM,51010988,E06,P07,L,O,M,left,occlusion,Wrist Extension,67.61904762,"[70.0, 62.8571, 70.0]",3,True,7,train,0
11772084,E06_P07_AR_VFL_GM.mp4,E06_P07_AR_VFL_GM,13025944,E06,P07,R,FL,M,right,full_light,Wrist Extension,95.23809524,"[100.0, 92.8571, 92.8571]",3,True,7,train,0
11772046,E06_P07_AR_VHJ_GM.mp4,E06_P07_AR_VHJ_GM,43056093,E06,P07,R,HJ,M,right,high_jitter,Wrist Extension,73.80952381,"[71.4286, 78.5714, 71.4286]",3,True,7,train,0
11772054,E06_P07_AR_VLJ_GM.mp4,E06_P07_AR_VLJ_GM,36968089,E06,P07,R,LJ,M,right,low_jitter,Wrist Extension,76.19047619,"[71.4286, 85.7143, 71.4286]",3,True,7,train,0
11772051,E06_P07_AR_VLL_GM.mp4,E06_P07_AR_VLL_GM,12129499,E06,P07,R,LL,M,right,low_light,Wrist Extension,85.71428571,"[85.7143, 85.7143, 85.7143]",3,True,7,train,0
11772070,E06_P07_AR_VML_GM.mp4,E06_P07_AR_VML_GM,11155328,E06,P07,R,ML,M,right,medium_light,Wrist Extension,100.0,"[100.0, 100.0, 100.0]",3,True,7,train,0
11772060,E06_P07_AR_VO_GM.mp4,E06_P07_AR_VO_GM,15551171,E06,P07,R,O,M,right,occlusion,Wrist Extension,67.61904762,"[70.0, 62.8571, 70.0]",3,True,7,train,0
11772038,E06_P08_AF_VFL_GM.mp4,E06_P08_AF_VFL_GM,14553087,E06,P08,F,FL,M,front,full_light,Wrist Extension,95.23809524,"[85.7143, 100.0, 100.0]",3,True,8,val,1
11772090,E06_P08_AF_VHJ_GM.mp4,E06_P08_AF_VHJ_GM,23537723,E06,P08,F,HJ,M,front,high_jitter,Wrist Extension,85.71428571,"[85.7143, 85.7143, 85.7143]",3,True,8,val,1
11772086,E06_P08_AF_VLJ_GM.mp4,E06_P08_AF_VLJ_GM,25939602,E06,P08,F,LJ,M,front,low_jitter,Wrist Extension,84.28571429,"[84.2857, 84.2857, 84.2857]",3,True,8,val,1
11772078,E06_P08_AF_VLL_GM.mp4,E06_P08_AF_VLL_GM,32700365,E06,P08,F,LL,M,front,low_light,Wrist Extension,84.28571429,"[84.2857, 84.2857, 84.2857]",3,True,8,val,1
11772088,E06_P08_AF_VML_GM.mp4,E06_P08_AF_VML_GM,18481611,E06,P08,F,ML,M,front,medium_light,Wrist Extension,84.28571429,"[84.2857, 84.2857, 84.2857]",3,True,8,val,1
11772045,E06_P08_AF_VO_GM.mp4,E06_P08_AF_VO_GM,16545137,E06,P08,F,O,M,front,occlusion,Wrist Extension,100.0,"[100.0, 100.0, 100.0]",3,True,8,val,1
11772026,E06_P08_AL_VFL_GM.mp4,E06_P08_AL_VFL_GM,83482844,E06,P08,L,FL,M,left,full_light,Wrist Extension,95.23809524,"[85.7143, 100.0, 100.0]",3,True,8,val,1
11772082,E06_P08_AL_VHJ_GM.mp4,E06_P08_AL_VHJ_GM,44750565,E06,P08,L,HJ,M,left,high_jitter,Wrist Extension,70.0,"[70.0, 70.0, 70.0]",3,True,8,val,1
11772056,E06_P08_AL_VLJ_GM.mp4,E06_P08_AL_VLJ_GM,57819932,E06,P08,L,LJ,M,left,low_jitter,Wrist Extension,84.28571429,"[84.2857, 84.2857, 84.2857]",3,True,8,val,1
11772068,E06_P08_AL_VLL_GM.mp4,E06_P08_AL_VLL_GM,60309381,E06,P08,L,LL,M,left,low_light,Wrist Extension,84.28571429,"[84.2857, 84.2857, 84.2857]",3,True,8,val,1
11772048,E06_P08_AL_VML_GM.mp4,E06_P08_AL_VML_GM,60021439,E06,P08,L,ML,M,left,medium_light,Wrist Extension,84.28571429,"[84.2857, 84.2857, 84.2857]",3,True,8,val,1
11772042,E06_P08_AL_VO_GM.mp4,E06_P08_AL_VO_GM,57755990,E06,P08,L,O,M,left,occlusion,Wrist Extension,84.28571429,"[84.2857, 84.2857, 84.2857]",3,True,8,val,1
11772059,E06_P08_AR_VFL_GM.mp4,E06_P08_AR_VFL_GM,12210525,E06,P08,R,FL,M,right,full_light,Wrist Extension,95.23809524,"[85.7143, 100.0, 100.0]",3,True,8,val,1
11772071,E06_P08_AR_VHJ_GM.mp4,E06_P08_AR_VHJ_GM,45546540,E06,P08,R,HJ,M,right,high_jitter,Wrist Extension,70.0,"[70.0, 70.0, 70.0]",3,True,8,val,1
11772080,E06_P08_AR_VLJ_GM.mp4,E06_P08_AR_VLJ_GM,52448232,E06,P08,R,LJ,M,right,low_jitter,Wrist Extension,84.28571429,"[84.2857, 84.2857, 84.2857]",3,True,8,val,1
11772089,E06_P08_AR_VLL_GM.mp4,E06_P08_AR_VLL_GM,11571028,E06,P08,R,LL,M,right,low_light,Wrist Extension,84.28571429,"[84.2857, 84.2857, 84.2857]",3,True,8,val,1
11772019,E06_P08_AR_VML_GM.mp4,E06_P08_AR_VML_GM,9987099,E06,P08,R,ML,M,right,medium_light,Wrist Extension,84.28571429,"[84.2857, 84.2857, 84.2857]",3,True,8,val,1
11772020,E06_P08_AR_VO_GM.mp4,E06_P08_AR_VO_GM,18954857,E06,P08,R,O,M,right,occlusion,Wrist Extension,84.28571429,"[84.2857, 84.2857, 84.2857]",3,True,8,val,1
11772101,E06_P09_AF_VFL_GF.mp4,E06_P09_AF_VFL_GF,27007027,E06,P09,F,FL,F,front,full_light,Wrist Extension,100.0,"[100.0, 100.0, 100.0]",3,True,9,train,1
11772066,E06_P09_AF_VLL_GF.mp4,E06_P09_AF_VLL_GF,41802846,E06,P09,F,LL,F,front,low_light,Wrist Extension,100.0,"[100.0, 100.0, 100.0]",3,True,9,train,1
11772029,E06_P09_AF_VML_GF.mp4,E06_P09_AF_VML_GF,32583892,E06,P09,F,ML,F,front,medium_light,Wrist Extension,95.23809524,"[85.7143, 100.0, 100.0]",3,True,9,train,1
11772097,E06_P09_AF_VO_GF.mp4,E06_P09_AF_VO_GF,19545174,E06,P09,F,O,F,front,occlusion,Wrist Extension,100.0,"[100.0, 100.0, 100.0]",3,True,9,train,1
11772028,E06_P09_AL_VFL_GF.mp4,E06_P09_AL_VFL_GF,78239074,E06,P09,L,FL,F,left,full_light,Wrist Extension,100.0,"[100.0, 100.0, 100.0]",3,True,9,train,1
11772087,E06_P09_AL_VLL_GF.mp4,E06_P09_AL_VLL_GF,65908030,E06,P09,L,LL,F,left,low_light,Wrist Extension,100.0,"[100.0, 100.0, 100.0]",3,True,9,train,1
11772050,E06_P09_AL_VML_GF.mp4,E06_P09_AL_VML_GF,67356547,E06,P09,L,ML,F,left,medium_light,Wrist Extension,95.23809524,"[85.7143, 100.0, 100.0]",3,True,9,train,1
11772085,E06_P09_AL_VO_GF.mp4,E06_P09_AL_VO_GF,58267624,E06,P09,L,O,F,left,occlusion,Wrist Extension,100.0,"[100.0, 100.0, 100.0]",3,True,9,train,1
11772094,E06_P09_AR_VFL_GF.mp4,E06_P09_AR_VFL_GF,19374271,E06,P09,R,FL,F,right,full_light,Wrist Extension,100.0,"[100.0, 100.0, 100.0]",3,True,9,train,1
11772015,E06_P09_AR_VLL_GF.mp4,E06_P09_AR_VLL_GF,21475444,E06,P09,R,LL,F,right,low_light,Wrist Extension,100.0,"[100.0, 100.0, 100.0]",3,True,9,train,1
11772021,E06_P09_AR_VML_GF.mp4,E06_P09_AR_VML_GF,14223312,E06,P09,R,ML,F,right,medium_light,Wrist Extension,95.23809524,"[85.7143, 100.0, 100.0]",3,True,9,train,1
11772031,E06_P09_AR_VO_GF.mp4,E06_P09_AR_VO_GF,44089413,E06,P09,R,O,F,right,occlusion,Wrist Extension,100.0,"[100.0, 100.0, 100.0]",3,True,9,train,1
11772099,E06_P10_AF_VFL_GF.mp4,E06_P10_AF_VFL_GF,20558321,E06,P10,F,FL,F,front,full_light,Wrist Extension,100.0,"[100.0, 100.0, 100.0]",3,True,10,train,0
11772034,E06_P10_AF_VLL_GF.mp4,E06_P10_AF_VLL_GF,36890845,E06,P10,F,LL,F,front,low_light,Wrist Extension,95.23809524,"[100.0, 100.0, 85.7143]",3,True,10,train,0
11772063,E06_P10_AF_VML_GF.mp4,E06_P10_AF_VML_GF,14987469,E06,P10,F,ML,F,front,medium_light,Wrist Extension,97.61904762,"[100.0, 100.0, 92.8571]",3,True,10,train,0
11772057,E06_P10_AF_VO_GF.mp4,E06_P10_AF_VO_GF,17038129,E06,P10,F,O,F,front,occlusion,Wrist Extension,95.23809524,"[85.7143, 100.0, 100.0]",3,True,10,train,0
11772040,E06_P10_AL_VFL_GF.mp4,E06_P10_AL_VFL_GF,72756517,E06,P10,L,FL,F,left,full_light,Wrist Extension,100.0,"[100.0, 100.0, 100.0]",3,True,10,train,0
11772065,E06_P10_AL_VLL_GF.mp4,E06_P10_AL_VLL_GF,65820046,E06,P10,L,LL,F,left,low_light,Wrist Extension,79.52380952,"[84.2857, 84.2857, 70.0]",3,True,10,train,0
11772100,E06_P10_AL_VML_GF.mp4,E06_P10_AL_VML_GF,64159036,E06,P10,L,ML,F,left,medium_light,Wrist Extension,97.61904762,"[100.0, 100.0, 92.8571]",3,True,10,train,0
11772055,E06_P10_AL_VO_GF.mp4,E06_P10_AL_VO_GF,58319098,E06,P10,L,O,F,left,occlusion,Wrist Extension,95.23809524,"[85.7143, 100.0, 100.0]",3,True,10,train,0
11772049,E06_P10_AR_VFL_GF.mp4,E06_P10_AR_VFL_GF,14425315,E06,P10,R,FL,F,right,full_light,Wrist Extension,100.0,"[100.0, 100.0, 100.0]",3,True,10,train,0
11772102,E06_P10_AR_VLL_GF.mp4,E06_P10_AR_VLL_GF,30754377,E06,P10,R,LL,F,right,low_light,Wrist Extension,95.23809524,"[100.0, 100.0, 85.7143]",3,True,10,train,0
11772062,E06_P10_AR_VO_GF.mp4,E06_P10_AR_VO_GF,24368236,E06,P10,R,O,F,right,occlusion,Wrist Extension,95.23809524,"[85.7143, 100.0, 100.0]",3,True,10,train,0
11772091,E06_P11_AF_VFL_GF.mp4,E06_P11_AF_VFL_GF,27569095,E06,P11,F,FL,F,front,full_light,Wrist Extension,100.0,"[100.0, 100.0, 100.0]",3,True,11,test,-1
11772083,E06_P11_AF_VLL_GF.mp4,E06_P11_AF_VLL_GF,67260381,E06,P11,F,LL,F,front,low_light,Wrist Extension,95.23809524,"[85.7143, 100.0, 100.0]",3,True,11,test,-1
11772025,E06_P11_AF_VML_GF.mp4,E06_P11_AF_VML_GF,20271625,E06,P11,F,ML,F,front,medium_light,Wrist Extension,100.0,"[100.0, 100.0, 100.0]",3,True,11,test,-1
11772044,E06_P11_AF_VO_GF.mp4,E06_P11_AF_VO_GF,25542032,E06,P11,F,O,F,front,occlusion,Wrist Extension,79.52380952,"[70.0, 84.2857, 84.2857]",3,True,11,test,-1
11772032,E06_P11_AL_VFL_GF.mp4,E06_P11_AL_VFL_GF,78071527,E06,P11,L,FL,F,left,full_light,Wrist Extension,100.0,"[100.0, 100.0, 100.0]",3,True,11,test,-1
11772093,E06_P11_AL_VLL_GF.mp4,E06_P11_AL_VLL_GF,64398536,E06,P11,L,LL,F,left,low_light,Wrist Extension,95.23809524,"[85.7143, 100.0, 100.0]",3,True,11,test,-1
11772047,E06_P11_AL_VO_GF.mp4,E06_P11_AL_VO_GF,60017579,E06,P11,L,O,F,left,occlusion,Wrist Extension,79.52380952,"[70.0, 84.2857, 84.2857]",3,True,11,test,-1
11772043,E06_P11_AR_VFL_GF.mp4,E06_P11_AR_VFL_GF,11791754,E06,P11,R,FL,F,right,full_light,Wrist Extension,100.0,"[100.0, 100.0, 100.0]",3,True,11,test,-1
11772079,E06_P11_AR_VLL_GF.mp4,E06_P11_AR_VLL_GF,10890561,E06,P11,R,LL,F,right,low_light,Wrist Extension,95.23809524,"[85.7143, 100.0, 100.0]",3,True,11,test,-1
11772022,E06_P11_AR_VML_GF.mp4,E06_P11_AR_VML_GF,8171649,E06,P11,R,ML,F,right,medium_light,Wrist Extension,100.0,"[100.0, 100.0, 100.0]",3,True,11,test,-1
11772039,E06_P11_AR_VO_GF.mp4,E06_P11_AR_VO_GF,12939615,E06,P11,R,O,F,right,occlusion,Wrist Extension,79.52380952,"[70.0, 84.2857, 84.2857]",3,True,11,test,-1
11772030,E06_P12_AF_VFL_GF.mp4,E06_P12_AF_VFL_GF,37405281,E06,P12,F,FL,F,front,full_light,Wrist Extension,95.23809524,"[85.7143, 100.0, 100.0]",3,True,12,train,2
11772027,E06_P12_AF_VLL_GF.mp4,E06_P12_AF_VLL_GF,45460031,E06,P12,F,LL,F,front,low_light,Wrist Extension,100.0,"[100.0, 100.0, 100.0]",3,True,12,train,2
11772061,E06_P12_AF_VML_GF.mp4,E06_P12_AF_VML_GF,17193096,E06,P12,F,ML,F,front,medium_light,Wrist Extension,100.0,"[100.0, 100.0, 100.0]",3,True,12,train,2
11772023,E06_P12_AF_VO_GF.mp4,E06_P12_AF_VO_GF,33393810,E06,P12,F,O,F,front,occlusion,Wrist Extension,100.0,"[100.0, 100.0, 100.0]",3,True,12,train,2
11772035,E06_P12_AL_VFL_GF.mp4,E06_P12_AL_VFL_GF,92123115,E06,P12,L,FL,F,left,full_light,Wrist Extension,95.23809524,"[85.7143, 100.0, 100.0]",3,True,12,train,2
11772037,E06_P12_AL_VLL_GF.mp4,E06_P12_AL_VLL_GF,81588944,E06,P12,L,LL,F,left,low_light,Wrist Extension,100.0,"[100.0, 100.0, 100.0]",3,True,12,train,2
11772096,E06_P12_AL_VML_GF.mp4,E06_P12_AL_VML_GF,84966702,E06,P12,L,ML,F,left,medium_light,Wrist Extension,100.0,"[100.0, 100.0, 100.0]",3,True,12,train,2
11772017,E06_P12_AL_VO_GF.mp4,E06_P12_AL_VO_GF,69947627,E06,P12,L,O,F,left,occlusion,Wrist Extension,100.0,"[100.0, 100.0, 100.0]",3,True,12,train,2
11772041,E06_P12_AR_VFL_GF.mp4,E06_P12_AR_VFL_GF,16552522,E06,P12,R,FL,F,right,full_light,Wrist Extension,95.23809524,"[85.7143, 100.0, 100.0]",3,True,12,train,2
11772069,E06_P12_AR_VLL_GF.mp4,E06_P12_AR_VLL_GF,43327470,E06,P12,R,LL,F,right,low_light,Wrist Extension,100.0,"[100.0, 100.0, 100.0]",3,True,12,train,2
11772073,E06_P12_AR_VML_GF.mp4,E06_P12_AR_VML_GF,13426036,E06,P12,R,ML,F,right,medium_light,Wrist Extension,100.0,"[100.0, 100.0, 100.0]",3,True,12,train,2
11772067,E06_P12_AR_VO_GF.mp4,E06_P12_AR_VO_GF,21087868,E06,P12,R,O,F,right,occlusion,Wrist Extension,100.0,"[100.0, 100.0, 100.0]",3,True,12,train,2
11772058,E06_P13_AF_VFL_GF.mp4,E06_P13_AF_VFL_GF,52496605,E06,P13,F,FL,F,front,full_light,Wrist Extension,100.0,"[100.0, 100.0, 100.0]",3,True,13,train,2
11772064,E06_P13_AF_VHJ_GF.mp4,E06_P13_AF_VHJ_GF,40242249,E06,P13,F,HJ,F,front,high_jitter,Wrist Extension,100.0,"[100.0, 100.0, 100.0]",3,True,13,train,2
11772033,E06_P13_AF_VLJ_GF.mp4,E06_P13_AF_VLJ_GF,21728436,E06,P13,F,LJ,F,front,low_jitter,Wrist Extension,100.0,"[100.0, 100.0, 100.0]",3,True,13,train,2
11772076,E06_P13_AF_VLL_GF.mp4,E06_P13_AF_VLL_GF,70171285,E06,P13,F,LL,F,front,low_light,Wrist Extension,100.0,"[100.0, 100.0, 100.0]",3,True,13,train,2
11772074,E06_P13_AF_VML_GF.mp4,E06_P13_AF_VML_GF,37510938,E06,P13,F,ML,F,front,medium_light,Wrist Extension,100.0,"[100.0, 100.0, 100.0]",3,True,13,train,2
11773157,E06_P13_AF_VO_GF.mp4,E06_P13_AF_VO_GF,24610772,E06,P13,F,O,F,front,occlusion,Wrist Extension,95.23809524,"[85.7143, 100.0, 100.0]",3,True,13,train,2
11773167,E06_P13_AL_VFL_GF.mp4,E06_P13_AL_VFL_GF,117598238,E06,P13,L,FL,F,left,full_light,Wrist Extension,100.0,"[100.0, 100.0, 100.0]",3,True,13,train,2
11773172,E06_P13_AL_VHJ_GF.mp4,E06_P13_AL_VHJ_GF,70276181,E06,P13,L,HJ,F,left,high_jitter,Wrist Extension,100.0,"[100.0, 100.0, 100.0]",3,True,13,train,2
11772098,E06_P13_AL_VLJ_GF.mp4,E06_P13_AL_VLJ_GF,62165109,E06,P13,L,LJ,F,left,low_jitter,Wrist Extension,100.0,"[100.0, 100.0, 100.0]",3,True,13,train,2
11773163,E06_P13_AL_VLL_GF.mp4,E06_P13_AL_VLL_GF,76283675,E06,P13,L,LL,F,left,low_light,Wrist Extension,84.28571429,"[84.2857, 84.2857, 84.2857]",3,True,13,train,2
11773162,E06_P13_AL_VML_GF.mp4,E06_P13_AL_VML_GF,77487249,E06,P13,L,ML,F,left,medium_light,Wrist Extension,100.0,"[100.0, 100.0, 100.0]",3,True,13,train,2
11773156,E06_P13_AL_VO_GF.mp4,E06_P13_AL_VO_GF,66986540,E06,P13,L,O,F,left,occlusion,Wrist Extension,95.23809524,"[85.7143, 100.0, 100.0]",3,True,13,train,2
11773170,E06_P13_AR_VFL_GF.mp4,E06_P13_AR_VFL_GF,38316273,E06,P13,R,FL,F,right,full_light,Wrist Extension,100.0,"[100.0, 100.0, 100.0]",3,True,13,train,2
11773168,E06_P13_AR_VHJ_GF.mp4,E06_P13_AR_VHJ_GF,86796687,E06,P13,R,HJ,F,right,high_jitter,Wrist Extension,100.0,"[100.0, 100.0, 100.0]",3,True,13,train,2
11773160,E06_P13_AR_VLJ_GF.mp4,E06_P13_AR_VLJ_GF,32144057,E06,P13,R,LJ,F,right,low_jitter,Wrist Extension,100.0,"[100.0, 100.0, 100.0]",3,True,13,train,2
11773158,E06_P13_AR_VLL_GF.mp4,E06_P13_AR_VLL_GF,76823802,E06,P13,R,LL,F,right,low_light,Wrist Extension,100.0,"[100.0, 100.0, 100.0]",3,True,13,train,2
11773166,E06_P13_AR_VML_GF.mp4,E06_P13_AR_VML_GF,61408091,E06,P13,R,ML,F,right,medium_light,Wrist Extension,100.0,"[100.0, 100.0, 100.0]",3,True,13,train,2
11773173,E06_P13_AR_VO_GF.mp4,E06_P13_AR_VO_GF,22451385,E06,P13,R,O,F,right,occlusion,Wrist Extension,95.23809524,"[85.7143, 100.0, 100.0]",3,True,13,train,2
11787946,E06_P14_AF_VFL_GF.mp4,E06_P14_AF_VFL_GF,30600348,E06,P14,F,FL,F,front,full_light,Wrist Extension,100.0,"[100.0, 100.0, 100.0]",3,True,14,train,4
11787937,E06_P14_AF_VLJ_GF.mp4,E06_P14_AF_VLJ_GF,23634461,E06,P14,F,LJ,F,front,low_jitter,Wrist Extension,97.61904762,"[100.0, 100.0, 92.8571]",3,True,14,train,4
11787965,E06_P14_AF_VLL_GF.mp4,E06_P14_AF_VLL_GF,70230311,E06,P14,F,LL,F,front,low_light,Wrist Extension,95.23809524,"[85.7143, 100.0, 100.0]",3,True,14,train,4
11787938,E06_P14_AF_VML_GF.mp4,E06_P14_AF_VML_GF,28442195,E06,P14,F,ML,F,front,medium_light,Wrist Extension,100.0,"[100.0, 100.0, 100.0]",3,True,14,train,4
11787966,E06_P14_AL_VFL_GF.mp4,E06_P14_AL_VFL_GF,75808357,E06,P14,L,FL,F,left,full_light,Wrist Extension,100.0,"[100.0, 100.0, 100.0]",3,True,14,train,4
11787928,E06_P14_AL_VLJ_GF.mp4,E06_P14_AL_VLJ_GF,67381225,E06,P14,L,LJ,F,left,low_jitter,Wrist Extension,81.9047619,"[84.2857, 84.2857, 77.1429]",3,True,14,train,4
11787932,E06_P14_AL_VLL_GF.mp4,E06_P14_AL_VLL_GF,70246345,E06,P14,L,LL,F,left,low_light,Wrist Extension,95.23809524,"[85.7143, 100.0, 100.0]",3,True,14,train,4
11787922,E06_P14_AL_VML_GF.mp4,E06_P14_AL_VML_GF,71962549,E06,P14,L,ML,F,left,medium_light,Wrist Extension,100.0,"[100.0, 100.0, 100.0]",3,True,14,train,4
11787926,E06_P14_AR_VFL_GF.mp4,E06_P14_AR_VFL_GF,27103286,E06,P14,R,FL,F,right,full_light,Wrist Extension,100.0,"[100.0, 100.0, 100.0]",3,True,14,train,4
11787962,E06_P14_AR_VLJ_GF.mp4,E06_P14_AR_VLJ_GF,29402259,E06,P14,R,LJ,F,right,low_jitter,Wrist Extension,97.61904762,"[100.0, 100.0, 92.8571]",3,True,14,train,4
11787914,E06_P14_AR_VLL_GF.mp4,E06_P14_AR_VLL_GF,72239407,E06,P14,R,LL,F,right,low_light,Wrist Extension,95.23809524,"[85.7143, 100.0, 100.0]",3,True,14,train,4
11787960,E06_P14_AR_VML_GF.mp4,E06_P14_AR_VML_GF,51068783,E06,P14,R,ML,F,right,medium_light,Wrist Extension,100.0,"[100.0, 100.0, 100.0]",3,True,14,train,4
11787919,E06_P15_AF_VFL_GF.mp4,E06_P15_AF_VFL_GF,25936461,E06,P15,F,FL,F,front,full_light,Wrist Extension,100.0,"[100.0, 100.0, 100.0]",3,True,15,train,1
11787911,E06_P15_AF_VLJ_GF.mp4,E06_P15_AF_VLJ_GF,21560407,E06,P15,F,LJ,F,front,low_jitter,Wrist Extension,100.0,"[100.0, 100.0, 100.0]",3,True,15,train,1
11787941,E06_P15_AF_VLL_GF.mp4,E06_P15_AF_VLL_GF,65378678,E06,P15,F,LL,F,front,low_light,Wrist Extension,100.0,"[100.0, 100.0, 100.0]",3,True,15,train,1
11787918,E06_P15_AF_VML_GF.mp4,E06_P15_AF_VML_GF,29051506,E06,P15,F,ML,F,front,medium_light,Wrist Extension,100.0,"[100.0, 100.0, 100.0]",3,True,15,train,1
11787927,E06_P15_AL_VFL_GF.mp4,E06_P15_AL_VFL_GF,89843797,E06,P15,L,FL,F,left,full_light,Wrist Extension,100.0,"[100.0, 100.0, 100.0]",3,True,15,train,1
11787925,E06_P15_AL_VLJ_GF.mp4,E06_P15_AL_VLJ_GF,83169456,E06,P15,L,LJ,F,left,low_jitter,Wrist Extension,100.0,"[100.0, 100.0, 100.0]",3,True,15,train,1
11787953,E06_P15_AL_VLL_GF.mp4,E06_P15_AL_VLL_GF,76054403,E06,P15,L,LL,F,left,low_light,Wrist Extension,100.0,"[100.0, 100.0, 100.0]",3,True,15,train,1
11787921,E06_P15_AL_VML_GF.mp4,E06_P15_AL_VML_GF,88824808,E06,P15,L,ML,F,left,medium_light,Wrist Extension,100.0,"[100.0, 100.0, 100.0]",3,True,15,train,1
11787968,E06_P15_AR_VFL_GF.mp4,E06_P15_AR_VFL_GF,22149585,E06,P15,R,FL,F,right,full_light,Wrist Extension,100.0,"[100.0, 100.0, 100.0]",3,True,15,train,1
11787920,E06_P15_AR_VLJ_GF.mp4,E06_P15_AR_VLJ_GF,41276274,E06,P15,R,LJ,F,right,low_jitter,Wrist Extension,100.0,"[100.0, 100.0, 100.0]",3,True,15,train,1
11787939,E06_P15_AR_VLL_GF.mp4,E06_P15_AR_VLL_GF,80335944,E06,P15,R,LL,F,right,low_light,Wrist Extension,100.0,"[100.0, 100.0, 100.0]",3,True,15,train,1
11787931,E06_P15_AR_VML_GF.mp4,E06_P15_AR_VML_GF,63367365,E06,P15,R,ML,F,right,medium_light,Wrist Extension,100.0,"[100.0, 100.0, 100.0]",3,True,15,train,1
11787917,E06_P16_AF_VFL_GF.mp4,E06_P16_AF_VFL_GF,53596026,E06,P16,F,FL,F,front,full_light,Wrist Extension,92.85714286,"[85.7143, 100.0, 92.8571]",3,True,16,val,0
11787954,E06_P16_AF_VHJ_GF.mp4,E06_P16_AF_VHJ_GF,38369413,E06,P16,F,HJ,F,front,high_jitter,Wrist Extension,95.23809524,"[85.7143, 100.0, 100.0]",3,True,16,val,0
11787967,E06_P16_AF_VLJ_GF.mp4,E06_P16_AF_VLJ_GF,32062596,E06,P16,F,LJ,F,front,low_jitter,Wrist Extension,95.23809524,"[85.7143, 100.0, 100.0]",3,True,16,val,0
11787930,E06_P16_AF_VLL_GF.mp4,E06_P16_AF_VLL_GF,59973258,E06,P16,F,LL,F,front,low_light,Wrist Extension,77.14285714,"[70.0, 84.2857, 77.1429]",3,True,16,val,0
11787942,E06_P16_AF_VML_GF.mp4,E06_P16_AF_VML_GF,54428394,E06,P16,F,ML,F,front,medium_light,Wrist Extension,92.85714286,"[85.7143, 100.0, 92.8571]",3,True,16,val,0
11787949,E06_P16_AF_VO_GF.mp4,E06_P16_AF_VO_GF,24069994,E06,P16,F,O,F,front,occlusion,Wrist Extension,92.85714286,"[85.7143, 100.0, 92.8571]",3,True,16,val,0
11787963,E06_P16_AL_VHJ_GF.mp4,E06_P16_AL_VHJ_GF,77634913,E06,P16,L,HJ,F,left,high_jitter,Wrist Extension,95.23809524,"[85.7143, 100.0, 100.0]",3,True,16,val,0
11787924,E06_P16_AL_VLJ_GF.mp4,E06_P16_AL_VLJ_GF,86166060,E06,P16,L,LJ,F,left,low_jitter,Wrist Extension,79.52380952,"[70.0, 84.2857, 84.2857]",3,True,16,val,0
11787935,E06_P16_AL_VLL_GF.mp4,E06_P16_AL_VLL_GF,69733516,E06,P16,L,LL,F,left,low_light,Wrist Extension,75.71428571,"[68.5714, 82.8571, 75.7143]",3,True,16,val,0
11787915,E06_P16_AL_VML_GF.mp4,E06_P16_AL_VML_GF,86229273,E06,P16,L,ML,F,left,medium_light,Wrist Extension,92.85714286,"[85.7143, 100.0, 92.8571]",3,True,16,val,0
11787913,E06_P16_AL_VO_GF.mp4,E06_P16_AL_VO_GF,76124409,E06,P16,L,O,F,left,occlusion,Wrist Extension,92.85714286,"[85.7143, 100.0, 92.8571]",3,True,16,val,0
11787929,E06_P16_AR_VFL_GF.mp4,E06_P16_AR_VFL_GF,17752043,E06,P16,R,FL,F,right,full_light,Wrist Extension,92.85714286,"[85.7143, 100.0, 92.8571]",3,True,16,val,0
11787933,E06_P16_AR_VHJ_GF.mp4,E06_P16_AR_VHJ_GF,90340907,E06,P16,R,HJ,F,right,high_jitter,Wrist Extension,95.23809524,"[85.7143, 100.0, 100.0]",3,True,16,val,0
11787958,E06_P16_AR_VLJ_GF.mp4,E06_P16_AR_VLJ_GF,75932708,E06,P16,R,LJ,F,right,low_jitter,Wrist Extension,79.52380952,"[70.0, 84.2857, 84.2857]",3,True,16,val,0
11787934,E06_P16_AR_VLL_GF.mp4,E06_P16_AR_VLL_GF,66067023,E06,P16,R,LL,F,right,low_light,Wrist Extension,75.71428571,"[68.5714, 82.8571, 75.7143]",3,True,16,val,0
11787951,E06_P16_AR_VML_GF.mp4,E06_P16_AR_VML_GF,68136201,E06,P16,R,ML,F,right,medium_light,Wrist Extension,92.85714286,"[85.7143, 100.0, 92.8571]",3,True,16,val,0
11787964,E06_P16_AR_VO_GF.mp4,E06_P16_AR_VO_GF,20241899,E06,P16,R,O,F,right,occlusion,Wrist Extension,92.85714286,"[85.7143, 100.0, 92.8571]",3,True,16,val,0
11787952,E06_P17_AF_VFL_GM.mp4,E06_P17_AF_VFL_GM,18804691,E06,P17,F,FL,M,front,full_light,Wrist Extension,95.23809524,"[85.7143, 100.0, 100.0]",3,True,17,test,-1
11787936,E06_P17_AF_VHJ_GM.mp4,E06_P17_AF_VHJ_GM,38867999,E06,P17,F,HJ,M,front,high_jitter,Wrist Extension,100.0,"[100.0, 100.0, 100.0]",3,True,17,test,-1
11787955,E06_P17_AF_VLJ_GM.mp4,E06_P17_AF_VLJ_GM,39101991,E06,P17,F,LJ,M,front,low_jitter,Wrist Extension,100.0,"[100.0, 100.0, 100.0]",3,True,17,test,-1
11787961,E06_P17_AF_VLL_GM.mp4,E06_P17_AF_VLL_GM,52910704,E06,P17,F,LL,M,front,low_light,Wrist Extension,100.0,"[100.0, 100.0, 100.0]",3,True,17,test,-1
11787916,E06_P17_AF_VML_GM.mp4,E06_P17_AF_VML_GM,29051829,E06,P17,F,ML,M,front,medium_light,Wrist Extension,100.0,"[100.0, 100.0, 100.0]",3,True,17,test,-1
11787959,E06_P17_AF_VO_GM.mp4,E06_P17_AF_VO_GM,27426266,E06,P17,F,O,M,front,occlusion,Wrist Extension,100.0,"[100.0, 100.0, 100.0]",3,True,17,test,-1
11787948,E06_P17_AL_VFL_GM.mp4,E06_P17_AL_VFL_GM,87767151,E06,P17,L,FL,M,left,full_light,Wrist Extension,95.23809524,"[85.7143, 100.0, 100.0]",3,True,17,test,-1
11787944,E06_P17_AL_VHJ_GM.mp4,E06_P17_AL_VHJ_GM,60865572,E06,P17,L,HJ,M,left,high_jitter,Wrist Extension,82.85714286,"[82.8571, 82.8571, 82.8571]",3,True,17,test,-1
11787957,E06_P17_AL_VLJ_GM.mp4,E06_P17_AL_VLJ_GM,69343872,E06,P17,L,LJ,M,left,low_jitter,Wrist Extension,100.0,"[100.0, 100.0, 100.0]",3,True,17,test,-1
11787940,E06_P17_AL_VLL_GM.mp4,E06_P17_AL_VLL_GM,63550610,E06,P17,L,LL,M,left,low_light,Wrist Extension,84.28571429,"[84.2857, 84.2857, 84.2857]",3,True,17,test,-1
11787943,E06_P17_AL_VML_GM.mp4,E06_P17_AL_VML_GM,70820149,E06,P17,L,ML,M,left,medium_light,Wrist Extension,100.0,"[100.0, 100.0, 100.0]",3,True,17,test,-1
11787912,E06_P17_AL_VO_GM.mp4,E06_P17_AL_VO_GM,73189695,E06,P17,L,O,M,left,occlusion,Wrist Extension,100.0,"[100.0, 100.0, 100.0]",3,True,17,test,-1
11787947,E06_P17_AR_VFL_GM.mp4,E06_P17_AR_VFL_GM,16859699,E06,P17,R,FL,M,right,full_light,Wrist Extension,95.23809524,"[85.7143, 100.0, 100.0]",3,True,17,test,-1
11787956,E06_P17_AR_VHJ_GM.mp4,E06_P17_AR_VHJ_GM,56833301,E06,P17,R,HJ,M,right,high_jitter,Wrist Extension,84.28571429,"[84.2857, 84.2857, 84.2857]",3,True,17,test,-1
11787945,E06_P17_AR_VLJ_GM.mp4,E06_P17_AR_VLJ_GM,33297173,E06,P17,R,LJ,M,right,low_jitter,Wrist Extension,100.0,"[100.0, 100.0, 100.0]",3,True,17,test,-1
11787923,E06_P17_AR_VML_GM.mp4,E06_P17_AR_VML_GM,14135702,E06,P17,R,ML,M,right,medium_light,Wrist Extension,100.0,"[100.0, 100.0, 100.0]",3,True,17,test,-1
11787950,E06_P17_AR_VO_GM.mp4,E06_P17_AR_VO_GM,24788155,E06,P17,R,O,M,right,occlusion,Wrist Extension,84.28571429,"[84.2857, 84.2857, 84.2857]",3,True,17,test,-1
11788089,E06_P18_AF_VFL_GM.mp4,E06_P18_AF_VFL_GM,20060896,E06,P18,F,FL,M,front,full_light,Wrist Extension,100.0,"[100.0, 100.0, 100.0]",3,True,18,test,-1
11788106,E06_P18_AF_VHJ_GM.mp4,E06_P18_AF_VHJ_GM,35011088,E06,P18,F,HJ,M,front,high_jitter,Wrist Extension,100.0,"[100.0, 100.0, 100.0]",3,True,18,test,-1
11788111,E06_P18_AF_VLJ_GM.mp4,E06_P18_AF_VLJ_GM,37029727,E06,P18,F,LJ,M,front,low_jitter,Wrist Extension,100.0,"[100.0, 100.0, 100.0]",3,True,18,test,-1
11788146,E06_P18_AF_VLL_GM.mp4,E06_P18_AF_VLL_GM,49760024,E06,P18,F,LL,M,front,low_light,Wrist Extension,100.0,"[100.0, 100.0, 100.0]",3,True,18,test,-1
11788118,E06_P18_AF_VML_GM.mp4,E06_P18_AF_VML_GM,21992456,E06,P18,F,ML,M,front,medium_light,Wrist Extension,100.0,"[100.0, 100.0, 100.0]",3,True,18,test,-1
11788136,E06_P18_AF_VO_GM.mp4,E06_P18_AF_VO_GM,21529743,E06,P18,F,O,M,front,occlusion,Wrist Extension,100.0,"[100.0, 100.0, 100.0]",3,True,18,test,-1
11788149,E06_P18_AL_VFL_GM.mp4,E06_P18_AL_VFL_GM,84083330,E06,P18,L,FL,M,left,full_light,Wrist Extension,100.0,"[100.0, 100.0, 100.0]",3,True,18,test,-1
11788128,E06_P18_AL_VHJ_GM.mp4,E06_P18_AL_VHJ_GM,59444082,E06,P18,L,HJ,M,left,high_jitter,Wrist Extension,100.0,"[100.0, 100.0, 100.0]",3,True,18,test,-1
11788130,E06_P18_AL_VLJ_GM.mp4,E06_P18_AL_VLJ_GM,55637489,E06,P18,L,LJ,M,left,low_jitter,Wrist Extension,82.85714286,"[82.8571, 82.8571, 82.8571]",3,True,18,test,-1
11788091,E06_P18_AL_VLL_GM.mp4,E06_P18_AL_VLL_GM,63938317,E06,P18,L,LL,M,left,low_light,Wrist Extension,100.0,"[100.0, 100.0, 100.0]",3,True,18,test,-1
11788137,E06_P18_AL_VML_GM.mp4,E06_P18_AL_VML_GM,73981286,E06,P18,L,ML,M,left,medium_light,Wrist Extension,100.0,"[100.0, 100.0, 100.0]",3,True,18,test,-1
11788152,E06_P18_AL_VO_GM.mp4,E06_P18_AL_VO_GM,64005511,E06,P18,L,O,M,left,occlusion,Wrist Extension,100.0,"[100.0, 100.0, 100.0]",3,True,18,test,-1
11788122,E06_P18_AR_VFL_GM.mp4,E06_P18_AR_VFL_GM,14756867,E06,P18,R,FL,M,right,full_light,Wrist Extension,100.0,"[100.0, 100.0, 100.0]",3,True,18,test,-1
11788119,E06_P18_AR_VHJ_GM.mp4,E06_P18_AR_VHJ_GM,61080222,E06,P18,R,HJ,M,right,high_jitter,Wrist Extension,100.0,"[100.0, 100.0, 100.0]",3,True,18,test,-1
11788153,E06_P18_AR_VLJ_GM.mp4,E06_P18_AR_VLJ_GM,144820514,E06,P18,R,LJ,M,right,low_jitter,Wrist Extension,100.0,"[100.0, 100.0, 100.0]",3,True,18,test,-1
11788098,E06_P18_AR_VLL_GM.mp4,E06_P18_AR_VLL_GM,12332708,E06,P18,R,LL,M,right,low_light,Wrist Extension,84.28571429,"[84.2857, 84.2857, 84.2857]",3,True,18,test,-1
11788124,E06_P18_AR_VML_GM.mp4,E06_P18_AR_VML_GM,12875331,E06,P18,R,ML,M,right,medium_light,Wrist Extension,100.0,"[100.0, 100.0, 100.0]",3,True,18,test,-1
11788084,E06_P18_AR_VO_GM.mp4,E06_P18_AR_VO_GM,18607534,E06,P18,R,O,M,right,occlusion,Wrist Extension,100.0,"[100.0, 100.0, 100.0]",3,True,18,test,-1
11788097,E06_P19_AF_VFL_GM.mp4,E06_P19_AF_VFL_GM,13167664,E06,P19,F,FL,M,front,full_light,Wrist Extension,100.0,"[100.0, 100.0, 100.0]",3,True,19,test,-1
11788109,E06_P19_AF_VHJ_GM.mp4,E06_P19_AF_VHJ_GM,35072439,E06,P19,F,HJ,M,front,high_jitter,Wrist Extension,97.61904762,"[100.0, 100.0, 92.8571]",3,True,19,test,-1
11788114,E06_P19_AF_VLL_GM.mp4,E06_P19_AF_VLL_GM,49148336,E06,P19,F,LL,M,front,low_light,Wrist Extension,92.85714286,"[85.7143, 100.0, 92.8571]",3,True,19,test,-1
11788083,E06_P19_AF_VML_GM.mp4,E06_P19_AF_VML_GM,15518039,E06,P19,F,ML,M,front,medium_light,Wrist Extension,97.61904762,"[100.0, 100.0, 92.8571]",3,True,19,test,-1
11788147,E06_P19_AF_VO_GM.mp4,E06_P19_AF_VO_GM,22554915,E06,P19,F,O,M,front,occlusion,Wrist Extension,92.85714286,"[85.7143, 100.0, 92.8571]",3,True,19,test,-1
11788125,E06_P19_AL_VFL_GM.mp4,E06_P19_AL_VFL_GM,71570713,E06,P19,L,FL,M,left,full_light,Wrist Extension,100.0,"[100.0, 100.0, 100.0]",3,True,19,test,-1
11788095,E06_P19_AL_VHJ_GM.mp4,E06_P19_AL_VHJ_GM,64172565,E06,P19,L,HJ,M,left,high_jitter,Wrist Extension,97.61904762,"[100.0, 100.0, 92.8571]",3,True,19,test,-1
11788107,E06_P19_AL_VLJ_GM.mp4,E06_P19_AL_VLJ_GM,65113674,E06,P19,L,LJ,M,left,low_jitter,Wrist Extension,92.85714286,"[85.7143, 100.0, 92.8571]",3,True,19,test,-1
11788093,E06_P19_AL_VLL_GM.mp4,E06_P19_AL_VLL_GM,63872362,E06,P19,L,LL,M,left,low_light,Wrist Extension,92.85714286,"[85.7143, 100.0, 92.8571]",3,True,19,test,-1
11788121,E06_P19_AL_VML_GM.mp4,E06_P19_AL_VML_GM,68079927,E06,P19,L,ML,M,left,medium_light,Wrist Extension,97.61904762,"[100.0, 100.0, 92.8571]",3,True,19,test,-1
11788102,E06_P19_AL_VO_GM.mp4,E06_P19_AL_VO_GM,71055759,E06,P19,L,O,M,left,occlusion,Wrist Extension,92.85714286,"[85.7143, 100.0, 92.8571]",3,True,19,test,-1
11788131,E06_P19_AR_VFL_GM.mp4,E06_P19_AR_VFL_GM,11184549,E06,P19,R,FL,M,right,full_light,Wrist Extension,100.0,"[100.0, 100.0, 100.0]",3,True,19,test,-1
11788135,E06_P19_AR_VHJ_GM.mp4,E06_P19_AR_VHJ_GM,67984580,E06,P19,R,HJ,M,right,high_jitter,Wrist Extension,97.61904762,"[100.0, 100.0, 92.8571]",3,True,19,test,-1
11788108,E06_P19_AR_VLJ_GM.mp4,E06_P19_AR_VLJ_GM,132201265,E06,P19,R,LJ,M,right,low_jitter,Wrist Extension,92.85714286,"[85.7143, 100.0, 92.8571]",3,True,19,test,-1
11788132,E06_P19_AR_VLL_GM.mp4,E06_P19_AR_VLL_GM,12887908,E06,P19,R,LL,M,right,low_light,Wrist Extension,92.85714286,"[85.7143, 100.0, 92.8571]",3,True,19,test,-1
11788100,E06_P19_AR_VML_GM.mp4,E06_P19_AR_VML_GM,12669692,E06,P19,R,ML,M,right,medium_light,Wrist Extension,97.61904762,"[100.0, 100.0, 92.8571]",3,True,19,test,-1
11788138,E06_P19_AR_VO_GM.mp4,E06_P19_AR_VO_GM,18583530,E06,P19,R,O,M,right,occlusion,Wrist Extension,92.85714286,"[85.7143, 100.0, 92.8571]",3,True,19,test,-1
11788143,E06_P20_AF_VFL_GM.mp4,E06_P20_AF_VFL_GM,31731733,E06,P20,F,FL,M,front,full_light,Wrist Extension,100.0,"[100.0, 100.0, 100.0]",3,True,20,train,2
11788110,E06_P20_AF_VHJ_GM.mp4,E06_P20_AF_VHJ_GM,36128290,E06,P20,F,HJ,M,front,high_jitter,Wrist Extension,100.0,"[100.0, 100.0, 100.0]",3,True,20,train,2
11788148,E06_P20_AF_VLJ_GM.mp4,E06_P20_AF_VLJ_GM,53637369,E06,P20,F,LJ,M,front,low_jitter,Wrist Extension,100.0,"[100.0, 100.0, 100.0]",3,True,20,train,2
11788103,E06_P20_AF_VLL_GM.mp4,E06_P20_AF_VLL_GM,72062086,E06,P20,F,LL,M,front,low_light,Wrist Extension,90.47619048,"[85.7143, 100.0, 85.7143]",3,True,20,train,2
11788126,E06_P20_AF_VML_GM.mp4,E06_P20_AF_VML_GM,37110750,E06,P20,F,ML,M,front,medium_light,Wrist Extension,100.0,"[100.0, 100.0, 100.0]",3,True,20,train,2
11788139,E06_P20_AF_VO_GM.mp4,E06_P20_AF_VO_GM,20586135,E06,P20,F,O,M,front,occlusion,Wrist Extension,84.28571429,"[84.2857, 84.2857, 84.2857]",3,True,20,train,2
11788140,E06_P20_AL_VFL_GM.mp4,E06_P20_AL_VFL_GM,100007272,E06,P20,L,FL,M,left,full_light,Wrist Extension,100.0,"[100.0, 100.0, 100.0]",3,True,20,train,2
11788105,E06_P20_AL_VHJ_GM.mp4,E06_P20_AL_VHJ_GM,71273065,E06,P20,L,HJ,M,left,high_jitter,Wrist Extension,100.0,"[100.0, 100.0, 100.0]",3,True,20,train,2
11788094,E06_P20_AL_VLJ_GM.mp4,E06_P20_AL_VLJ_GM,85037564,E06,P20,L,LJ,M,left,low_jitter,Wrist Extension,100.0,"[100.0, 100.0, 100.0]",3,True,20,train,2
11788087,E06_P20_AL_VLL_GM.mp4,E06_P20_AL_VLL_GM,90991007,E06,P20,L,LL,M,left,low_light,Wrist Extension,90.47619048,"[85.7143, 100.0, 85.7143]",3,True,20,train,2
11788088,E06_P20_AL_VML_GM.mp4,E06_P20_AL_VML_GM,103345160,E06,P20,L,ML,M,left,medium_light,Wrist Extension,100.0,"[100.0, 100.0, 100.0]",3,True,20,train,2
11788112,E06_P20_AL_VO_GM.mp4,E06_P20_AL_VO_GM,67240778,E06,P20,L,O,M,left,occlusion,Wrist Extension,84.28571429,"[84.2857, 84.2857, 84.2857]",3,True,20,train,2
11788129,E06_P20_AR_VFL_GM.mp4,E06_P20_AR_VFL_GM,14370567,E06,P20,R,FL,M,right,full_light,Wrist Extension,100.0,"[100.0, 100.0, 100.0]",3,True,20,train,2
11788123,E06_P20_AR_VHJ_GM.mp4,E06_P20_AR_VHJ_GM,73190311,E06,P20,R,HJ,M,right,high_jitter,Wrist Extension,100.0,"[100.0, 100.0, 100.0]",3,True,20,train,2
11788120,E06_P20_AR_VLJ_GM.mp4,E06_P20_AR_VLJ_GM,67341134,E06,P20,R,LJ,M,right,low_jitter,Wrist Extension,100.0,"[100.0, 100.0, 100.0]",3,True,20,train,2
11788086,E06_P20_AR_VLL_GM.mp4,E06_P20_AR_VLL_GM,18288905,E06,P20,R,LL,M,right,low_light,Wrist Extension,90.47619048,"[85.7143, 100.0, 85.7143]",3,True,20,train,2
11788115,E06_P20_AR_VML_GM.mp4,E06_P20_AR_VML_GM,16981812,E06,P20,R,ML,M,right,medium_light,Wrist Extension,100.0,"[100.0, 100.0, 100.0]",3,True,20,train,2
11788092,E06_P20_AR_VO_GM.mp4,E06_P20_AR_VO_GM,17072799,E06,P20,R,O,M,right,occlusion,Wrist Extension,84.28571429,"[84.2857, 84.2857, 84.2857]",3,True,20,train,2
11788141,E06_P21_AF_VFL_GM.mp4,E06_P21_AF_VFL_GM,15305232,E06,P21,F,FL,M,front,full_light,Wrist Extension,100.0,"[100.0, 100.0, 100.0]",3,True,21,train,4
11788113,E06_P21_AF_VHJ_GM.mp4,E06_P21_AF_VHJ_GM,26690413,E06,P21,F,HJ,M,front,high_jitter,Wrist Extension,100.0,"[100.0, 100.0, 100.0]",3,True,21,train,4
11788127,E06_P21_AF_VLJ_GM.mp4,E06_P21_AF_VLJ_GM,31006428,E06,P21,F,LJ,M,front,low_jitter,Wrist Extension,88.0952381,"[85.7143, 85.7143, 92.8571]",3,True,21,train,4
11788134,E06_P21_AF_VLL_GM.mp4,E06_P21_AF_VLL_GM,30360810,E06,P21,F,LL,M,front,low_light,Wrist Extension,90.47619048,"[92.8571, 85.7143, 92.8571]",3,True,21,train,4
11788133,E06_P21_AF_VML_GM.mp4,E06_P21_AF_VML_GM,15331066,E06,P21,F,ML,M,front,medium_light,Wrist Extension,83.33333333,"[78.5714, 85.7143, 85.7143]",3,True,21,train,4
11788101,E06_P21_AF_VO_GM.mp4,E06_P21_AF_VO_GM,15937392,E06,P21,F,O,M,front,occlusion,Wrist Extension,83.33333333,"[78.5714, 85.7143, 85.7143]",3,True,21,train,4
11788150,E06_P21_AL_VFL_GM.mp4,E06_P21_AL_VFL_GM,62288427,E06,P21,L,FL,M,left,full_light,Wrist Extension,100.0,"[100.0, 100.0, 100.0]",3,True,21,train,4
11788144,E06_P21_AL_VHJ_GM.mp4,E06_P21_AL_VHJ_GM,62226385,E06,P21,L,HJ,M,left,high_jitter,Wrist Extension,100.0,"[100.0, 100.0, 100.0]",3,True,21,train,4
11788117,E06_P21_AL_VLJ_GM.mp4,E06_P21_AL_VLJ_GM,61255664,E06,P21,L,LJ,M,left,low_jitter,Wrist Extension,88.0952381,"[85.7143, 85.7143, 92.8571]",3,True,21,train,4
11788145,E06_P21_AL_VLL_GM.mp4,E06_P21_AL_VLL_GM,53871038,E06,P21,L,LL,M,left,low_light,Wrist Extension,74.76190476,"[77.1429, 70.0, 77.1429]",3,True,21,train,4
11788090,E06_P21_AL_VML_GM.mp4,E06_P21_AL_VML_GM,66690720,E06,P21,L,ML,M,left,medium_light,Wrist Extension,67.61904762,"[62.8571, 70.0, 70.0]",3,True,21,train,4
11788142,E06_P21_AL_VO_GM.mp4,E06_P21_AL_VO_GM,61600069,E06,P21,L,O,M,left,occlusion,Wrist Extension,67.61904762,"[62.8571, 70.0, 70.0]",3,True,21,train,4
11788085,E06_P21_AR_VFL_GM.mp4,E06_P21_AR_VFL_GM,13149566,E06,P21,R,FL,M,right,full_light,Wrist Extension,100.0,"[100.0, 100.0, 100.0]",3,True,21,train,4
11788151,E06_P21_AR_VHJ_GM.mp4,E06_P21_AR_VHJ_GM,60590499,E06,P21,R,HJ,M,right,high_jitter,Wrist Extension,100.0,"[100.0, 100.0, 100.0]",3,True,21,train,4
11788096,E06_P21_AR_VLJ_GM.mp4,E06_P21_AR_VLJ_GM,63868146,E06,P21,R,LJ,M,right,low_jitter,Wrist Extension,88.0952381,"[85.7143, 85.7143, 92.8571]",3,True,21,train,4
11788104,E06_P21_AR_VLL_GM.mp4,E06_P21_AR_VLL_GM,12609268,E06,P21,R,LL,M,right,low_light,Wrist Extension,90.47619048,"[92.8571, 85.7143, 92.8571]",3,True,21,train,4
11788116,E06_P21_AR_VML_GM.mp4,E06_P21_AR_VML_GM,14630129,E06,P21,R,ML,M,right,medium_light,Wrist Extension,67.61904762,"[62.8571, 70.0, 70.0]",3,True,21,train,4
11788099,E06_P21_AR_VO_GM.mp4,E06_P21_AR_VO_GM,14969419,E06,P21,R,O,M,right,occlusion,Wrist Extension,83.33333333,"[78.5714, 85.7143, 85.7143]",3,True,21,train,4
11788539,E06_P22_AF_VFL_GM.mp4,E06_P22_AF_VFL_GM,21759551,E06,P22,F,FL,M,front,full_light,Wrist Extension,100.0,"[100.0, 100.0, 100.0]",3,True,22,train,4
11788508,E06_P22_AF_VHJ_GM.mp4,E06_P22_AF_VHJ_GM,21561013,E06,P22,F,HJ,M,front,high_jitter,Wrist Extension,100.0,"[100.0, 100.0, 100.0]",3,True,22,train,4
11788541,E06_P22_AF_VLJ_GM.mp4,E06_P22_AF_VLJ_GM,30724231,E06,P22,F,LJ,M,front,low_jitter,Wrist Extension,95.23809524,"[85.7143, 100.0, 100.0]",3,True,22,train,4
11788530,E06_P22_AF_VLL_GM.mp4,E06_P22_AF_VLL_GM,31902805,E06,P22,F,LL,M,front,low_light,Wrist Extension,95.23809524,"[85.7143, 100.0, 100.0]",3,True,22,train,4
11788519,E06_P22_AF_VML_GM.mp4,E06_P22_AF_VML_GM,23471731,E06,P22,F,ML,M,front,medium_light,Wrist Extension,95.23809524,"[85.7143, 100.0, 100.0]",3,True,22,train,4
11788516,E06_P22_AF_VO_GM.mp4,E06_P22_AF_VO_GM,17453026,E06,P22,F,O,M,front,occlusion,Wrist Extension,100.0,"[100.0, 100.0, 100.0]",3,True,22,train,4
11788515,E06_P22_AL_VFL_GM.mp4,E06_P22_AL_VFL_GM,89692239,E06,P22,L,FL,M,left,full_light,Wrist Extension,84.28571429,"[84.2857, 84.2857, 84.2857]",3,True,22,train,4
11788522,E06_P22_AL_VHJ_GM.mp4,E06_P22_AL_VHJ_GM,59275239,E06,P22,L,HJ,M,left,high_jitter,Wrist Extension,100.0,"[100.0, 100.0, 100.0]",3,True,22,train,4
11788532,E06_P22_AL_VLJ_GM.mp4,E06_P22_AL_VLJ_GM,63310572,E06,P22,L,LJ,M,left,low_jitter,Wrist Extension,95.23809524,"[85.7143, 100.0, 100.0]",3,True,22,train,4
11788514,E06_P22_AL_VLL_GM.mp4,E06_P22_AL_VLL_GM,59760603,E06,P22,L,LL,M,left,low_light,Wrist Extension,79.52380952,"[70.0, 84.2857, 84.2857]",3,True,22,train,4
11788510,E06_P22_AL_VML_GM.mp4,E06_P22_AL_VML_GM,77204389,E06,P22,L,ML,M,left,medium_light,Wrist Extension,79.52380952,"[70.0, 84.2857, 84.2857]",3,True,22,train,4
11788517,E06_P22_AL_VO_GM.mp4,E06_P22_AL_VO_GM,61076200,E06,P22,L,O,M,left,occlusion,Wrist Extension,84.28571429,"[84.2857, 84.2857, 84.2857]",3,True,22,train,4
11788513,E06_P22_AR_VFL_GM.mp4,E06_P22_AR_VFL_GM,18444863,E06,P22,R,FL,M,right,full_light,Wrist Extension,100.0,"[100.0, 100.0, 100.0]",3,True,22,train,4
11788520,E06_P22_AR_VHJ_GM.mp4,E06_P22_AR_VHJ_GM,61761912,E06,P22,R,HJ,M,right,high_jitter,Wrist Extension,100.0,"[100.0, 100.0, 100.0]",3,True,22,train,4
11788534,E06_P22_AR_VLJ_GM.mp4,E06_P22_AR_VLJ_GM,61354130,E06,P22,R,LJ,M,right,low_jitter,Wrist Extension,95.23809524,"[85.7143, 100.0, 100.0]",3,True,22,train,4
11788536,E06_P22_AR_VLL_GM.mp4,E06_P22_AR_VLL_GM,11367854,E06,P22,R,LL,M,right,low_light,Wrist Extension,79.52380952,"[70.0, 84.2857, 84.2857]",3,True,22,train,4
11788543,E06_P22_AR_VML_GM.mp4,E06_P22_AR_VML_GM,13616103,E06,P22,R,ML,M,right,medium_light,Wrist Extension,95.23809524,"[85.7143, 100.0, 100.0]",3,True,22,train,4
11788537,E06_P22_AR_VO_GM.mp4,E06_P22_AR_VO_GM,16324616,E06,P22,R,O,M,right,occlusion,Wrist Extension,100.0,"[100.0, 100.0, 100.0]",3,True,22,train,4
11788523,E06_P23_AF_VFL_GM.mp4,E06_P23_AF_VFL_GM,32286118,E06,P23,F,FL,M,front,full_light,Wrist Extension,100.0,"[100.0, 100.0, 100.0]",3,True,23,test,-1
11788535,E06_P23_AF_VHJ_GM.mp4,E06_P23_AF_VHJ_GM,31131733,E06,P23,F,HJ,M,front,high_jitter,Wrist Extension,100.0,"[100.0, 100.0, 100.0]",3,True,23,test,-1
11788528,E06_P23_AF_VLJ_GM.mp4,E06_P23_AF_VLJ_GM,35859877,E06,P23,F,LJ,M,front,low_jitter,Wrist Extension,92.85714286,"[85.7143, 100.0, 92.8571]",3,True,23,test,-1
11788509,E06_P23_AF_VLL_GM.mp4,E06_P23_AF_VLL_GM,34536455,E06,P23,F,LL,M,front,low_light,Wrist Extension,84.28571429,"[84.2857, 84.2857, 84.2857]",3,True,23,test,-1
11788533,E06_P23_AF_VML_GM.mp4,E06_P23_AF_VML_GM,16576889,E06,P23,F,ML,M,front,medium_light,Wrist Extension,95.23809524,"[85.7143, 100.0, 100.0]",3,True,23,test,-1
11788526,E06_P23_AF_VO_GM.mp4,E06_P23_AF_VO_GM,26624209,E06,P23,F,O,M,front,occlusion,Wrist Extension,97.61904762,"[92.8571, 100.0, 100.0]",3,True,23,test,-1
11788512,E06_P23_AL_VFL_GM.mp4,E06_P23_AL_VFL_GM,100825342,E06,P23,L,FL,M,left,full_light,Wrist Extension,100.0,"[100.0, 100.0, 100.0]",3,True,23,test,-1
11788540,E06_P23_AL_VHJ_GM.mp4,E06_P23_AL_VHJ_GM,73400141,E06,P23,L,HJ,M,left,high_jitter,Wrist Extension,100.0,"[100.0, 100.0, 100.0]",3,True,23,test,-1
11788525,E06_P23_AL_VLJ_GM.mp4,E06_P23_AL_VLJ_GM,71969115,E06,P23,L,LJ,M,left,low_jitter,Wrist Extension,92.85714286,"[85.7143, 100.0, 92.8571]",3,True,23,test,-1
11788529,E06_P23_AL_VLL_GM.mp4,E06_P23_AL_VLL_GM,70243674,E06,P23,L,LL,M,left,low_light,Wrist Extension,84.28571429,"[84.2857, 84.2857, 84.2857]",3,True,23,test,-1
11788511,E06_P23_AL_VML_GM.mp4,E06_P23_AL_VML_GM,87419445,E06,P23,L,ML,M,left,medium_light,Wrist Extension,95.23809524,"[85.7143, 100.0, 100.0]",3,True,23,test,-1
11788531,E06_P23_AL_VO_GM.mp4,E06_P23_AL_VO_GM,75724352,E06,P23,L,O,M,left,occlusion,Wrist Extension,97.61904762,"[92.8571, 100.0, 100.0]",3,True,23,test,-1
11788538,E06_P23_AR_VFL_GM.mp4,E06_P23_AR_VFL_GM,18030659,E06,P23,R,FL,M,right,full_light,Wrist Extension,84.28571429,"[84.2857, 84.2857, 84.2857]",3,True,23,test,-1
11788524,E06_P23_AR_VHJ_GM.mp4,E06_P23_AR_VHJ_GM,75960706,E06,P23,R,HJ,M,right,high_jitter,Wrist Extension,100.0,"[100.0, 100.0, 100.0]",3,True,23,test,-1
11788518,E06_P23_AR_VLJ_GM.mp4,E06_P23_AR_VLJ_GM,72356403,E06,P23,R,LJ,M,right,low_jitter,Wrist Extension,92.85714286,"[85.7143, 100.0, 92.8571]",3,True,23,test,-1
11788542,E06_P23_AR_VLL_GM.mp4,E06_P23_AR_VLL_GM,17333337,E06,P23,R,LL,M,right,low_light,Wrist Extension,84.28571429,"[84.2857, 84.2857, 84.2857]",3,True,23,test,-1
11788521,E06_P23_AR_VML_GM.mp4,E06_P23_AR_VML_GM,18778713,E06,P23,R,ML,M,right,medium_light,Wrist Extension,95.23809524,"[85.7143, 100.0, 100.0]",3,True,23,test,-1
11788527,E06_P23_AR_VO_GM.mp4,E06_P23_AR_VO_GM,24016197,E06,P23,R,O,M,right,occlusion,Wrist Extension,97.61904762,"[92.8571, 100.0, 100.0]",3,True,23,test,-1
11718308,E07_P02_AF_VFL_GM.mp4,E07_P02_AF_VFL_GM,12382556,E07,P02,F,FL,M,front,full_light,Hip Joint Flexion,80.95238095,"[78.5714, 78.5714, 85.7143]",3,True,2,train,0
11718271,E07_P02_AF_VHJ_GM.mp4,E07_P02_AF_VHJ_GM,46290315,E07,P02,F,HJ,M,front,high_jitter,Hip Joint Flexion,65.23809524,"[62.8571, 70.0, 62.8571]",3,True,2,train,0
11718295,E07_P02_AF_VLJ_GM.mp4,E07_P02_AF_VLJ_GM,44935036,E07,P02,F,LJ,M,front,low_jitter,Hip Joint Flexion,97.61904762,"[100.0, 100.0, 92.8571]",3,True,2,train,0
11718317,E07_P02_AF_VLL_GM.mp4,E07_P02_AF_VLL_GM,41495560,E07,P02,F,LL,M,front,low_light,Hip Joint Flexion,83.33333333,"[85.7143, 85.7143, 78.5714]",3,True,2,train,0
11718258,E07_P02_AF_VML_GM.mp4,E07_P02_AF_VML_GM,15700135,E07,P02,F,ML,M,front,medium_light,Hip Joint Flexion,65.23809524,"[55.7143, 70.0, 70.0]",3,True,2,train,0
11718270,E07_P02_AF_VO_GM.mp4,E07_P02_AF_VO_GM,22288717,E07,P02,F,O,M,front,occlusion,Hip Joint Flexion,70.0,"[70.0, 70.0, 70.0]",3,True,2,train,0
11718318,E07_P02_AL_VFL_GM.mp4,E07_P02_AL_VFL_GM,92581698,E07,P02,L,FL,M,left,full_light,Hip Joint Flexion,80.95238095,"[78.5714, 78.5714, 85.7143]",3,True,2,train,0
11718259,E07_P02_AL_VHJ_GM.mp4,E07_P02_AL_VHJ_GM,95186694,E07,P02,L,HJ,M,left,high_jitter,Hip Joint Flexion,65.23809524,"[62.8571, 70.0, 62.8571]",3,True,2,train,0
11718268,E07_P02_AL_VLJ_GM.mp4,E07_P02_AL_VLJ_GM,102400176,E07,P02,L,LJ,M,left,low_jitter,Hip Joint Flexion,97.61904762,"[100.0, 100.0, 92.8571]",3,True,2,train,0
11718313,E07_P02_AL_VLL_GM.mp4,E07_P02_AL_VLL_GM,94985322,E07,P02,L,LL,M,left,low_light,Hip Joint Flexion,83.33333333,"[85.7143, 85.7143, 78.5714]",3,True,2,train,0
11718280,E07_P02_AL_VML_GM.mp4,E07_P02_AL_VML_GM,97510470,E07,P02,L,ML,M,left,medium_light,Hip Joint Flexion,65.23809524,"[55.7143, 70.0, 70.0]",3,True,2,train,0
11718257,E07_P02_AL_VO_GM.mp4,E07_P02_AL_VO_GM,104385019,E07,P02,L,O,M,left,occlusion,Hip Joint Flexion,70.0,"[70.0, 70.0, 70.0]",3,True,2,train,0
11718300,E07_P02_AR_VFL_GM.mp4,E07_P02_AR_VFL_GM,13288100,E07,P02,R,FL,M,right,full_light,Hip Joint Flexion,80.95238095,"[78.5714, 78.5714, 85.7143]",3,True,2,train,0
11718323,E07_P02_AR_VHJ_GM.mp4,E07_P02_AR_VHJ_GM,98045295,E07,P02,R,HJ,M,right,high_jitter,Hip Joint Flexion,65.23809524,"[62.8571, 70.0, 62.8571]",3,True,2,train,0
11718321,E07_P02_AR_VLJ_GM.mp4,E07_P02_AR_VLJ_GM,58188859,E07,P02,R,LJ,M,right,low_jitter,Hip Joint Flexion,97.61904762,"[100.0, 100.0, 92.8571]",3,True,2,train,0
11718296,E07_P02_AR_VLL_GM.mp4,E07_P02_AR_VLL_GM,23654093,E07,P02,R,LL,M,right,low_light,Hip Joint Flexion,83.33333333,"[85.7143, 85.7143, 78.5714]",3,True,2,train,0
11718273,E07_P02_AR_VML_GM.mp4,E07_P02_AR_VML_GM,13699369,E07,P02,R,ML,M,right,medium_light,Hip Joint Flexion,65.23809524,"[55.7143, 70.0, 70.0]",3,True,2,train,0
11718283,E07_P02_AR_VO_GM.mp4,E07_P02_AR_VO_GM,50245993,E07,P02,R,O,M,right,occlusion,Hip Joint Flexion,70.0,"[70.0, 70.0, 70.0]",3,True,2,train,0
11718278,E07_P03_AF_VFL_GM.mp4,E07_P03_AF_VFL_GM,22221439,E07,P03,F,FL,M,front,full_light,Hip Joint Flexion,100.0,"[100.0, 100.0, 100.0]",3,True,3,train,3
11718303,E07_P03_AF_VHJ_GM.mp4,E07_P03_AF_VHJ_GM,52609738,E07,P03,F,HJ,M,front,high_jitter,Hip Joint Flexion,100.0,"[100.0, 100.0, 100.0]",3,True,3,train,3
11718316,E07_P03_AF_VLJ_GM.mp4,E07_P03_AF_VLJ_GM,64513067,E07,P03,F,LJ,M,front,low_jitter,Hip Joint Flexion,100.0,"[100.0, 100.0, 100.0]",3,True,3,train,3
11718289,E07_P03_AF_VLL_GM.mp4,E07_P03_AF_VLL_GM,46673311,E07,P03,F,LL,M,front,low_light,Hip Joint Flexion,100.0,"[100.0, 100.0, 100.0]",3,True,3,train,3
11718315,E07_P03_AF_VML_GM.mp4,E07_P03_AF_VML_GM,22329296,E07,P03,F,ML,M,front,medium_light,Hip Joint Flexion,100.0,"[100.0, 100.0, 100.0]",3,True,3,train,3
11718310,E07_P03_AF_VO_GM.mp4,E07_P03_AF_VO_GM,23422064,E07,P03,F,O,M,front,occlusion,Hip Joint Flexion,100.0,"[100.0, 100.0, 100.0]",3,True,3,train,3
11718302,E07_P03_AL_VFL_GM.mp4,E07_P03_AL_VFL_GM,156651699,E07,P03,L,FL,M,left,full_light,Hip Joint Flexion,100.0,"[100.0, 100.0, 100.0]",3,True,3,train,3
11718287,E07_P03_AL_VHJ_GM.mp4,E07_P03_AL_VHJ_GM,123393329,E07,P03,L,HJ,M,left,high_jitter,Hip Joint Flexion,100.0,"[100.0, 100.0, 100.0]",3,True,3,train,3
11718319,E07_P03_AL_VLJ_GM.mp4,E07_P03_AL_VLJ_GM,124688239,E07,P03,L,LJ,M,left,low_jitter,Hip Joint Flexion,100.0,"[100.0, 100.0, 100.0]",3,True,3,train,3
11718309,E07_P03_AL_VLL_GM.mp4,E07_P03_AL_VLL_GM,127392533,E07,P03,L,LL,M,left,low_light,Hip Joint Flexion,100.0,"[100.0, 100.0, 100.0]",3,True,3,train,3
11718276,E07_P03_AL_VML_GM.mp4,E07_P03_AL_VML_GM,133542631,E07,P03,L,ML,M,left,medium_light,Hip Joint Flexion,100.0,"[100.0, 100.0, 100.0]",3,True,3,train,3
11718282,E07_P03_AL_VO_GM.mp4,E07_P03_AL_VO_GM,132638094,E07,P03,L,O,M,left,occlusion,Hip Joint Flexion,100.0,"[100.0, 100.0, 100.0]",3,True,3,train,3
11718306,E07_P03_AR_VFL_GM.mp4,E07_P03_AR_VFL_GM,22855528,E07,P03,R,FL,M,right,full_light,Hip Joint Flexion,100.0,"[100.0, 100.0, 100.0]",3,True,3,train,3
11718304,E07_P03_AR_VHJ_GM.mp4,E07_P03_AR_VHJ_GM,124336253,E07,P03,R,HJ,M,right,high_jitter,Hip Joint Flexion,100.0,"[100.0, 100.0, 100.0]",3,True,3,train,3
11718294,E07_P03_AR_VLJ_GM.mp4,E07_P03_AR_VLJ_GM,65127799,E07,P03,R,LJ,M,right,low_jitter,Hip Joint Flexion,100.0,"[100.0, 100.0, 100.0]",3,True,3,train,3
11718320,E07_P03_AR_VLL_GM.mp4,E07_P03_AR_VLL_GM,25977511,E07,P03,R,LL,M,right,low_light,Hip Joint Flexion,100.0,"[100.0, 100.0, 100.0]",3,True,3,train,3
11718297,E07_P03_AR_VML_GM.mp4,E07_P03_AR_VML_GM,20863700,E07,P03,R,ML,M,right,medium_light,Hip Joint Flexion,100.0,"[100.0, 100.0, 100.0]",3,True,3,train,3
11718292,E07_P03_AR_VO_GM.mp4,E07_P03_AR_VO_GM,28579092,E07,P03,R,O,M,right,occlusion,Hip Joint Flexion,100.0,"[100.0, 100.0, 100.0]",3,True,3,train,3
11718311,E07_P04_AF_VFL_GM.mp4,E07_P04_AF_VFL_GM,18758479,E07,P04,F,FL,M,front,full_light,Hip Joint Flexion,88.0952381,"[92.8571, 85.7143, 85.7143]",3,True,4,train,1
11718277,E07_P04_AF_VHJ_GM.mp4,E07_P04_AF_VHJ_GM,32871714,E07,P04,F,HJ,M,front,high_jitter,Hip Joint Flexion,72.38095238,"[70.0, 77.1429, 70.0]",3,True,4,train,1
11718305,E07_P04_AF_VLJ_GM.mp4,E07_P04_AF_VLJ_GM,48774970,E07,P04,F,LJ,M,front,low_jitter,Hip Joint Flexion,88.0952381,"[92.8571, 85.7143, 85.7143]",3,True,4,train,1
11718301,E07_P04_AF_VLL_GM.mp4,E07_P04_AF_VLL_GM,69566458,E07,P04,F,LL,M,front,low_light,Hip Joint Flexion,88.0952381,"[92.8571, 85.7143, 85.7143]",3,True,4,train,1
11718266,E07_P04_AF_VML_GM.mp4,E07_P04_AF_VML_GM,33556958,E07,P04,F,ML,M,front,medium_light,Hip Joint Flexion,88.0952381,"[92.8571, 85.7143, 85.7143]",3,True,4,train,1
11718262,E07_P04_AF_VO_GM.mp4,E07_P04_AF_VO_GM,21591889,E07,P04,F,O,M,front,occlusion,Hip Joint Flexion,88.0952381,"[92.8571, 85.7143, 85.7143]",3,True,4,train,1
11718279,E07_P04_AL_VFL_GM.mp4,E07_P04_AL_VFL_GM,106451074,E07,P04,L,FL,M,left,full_light,Hip Joint Flexion,88.0952381,"[92.8571, 85.7143, 85.7143]",3,True,4,train,1
11718286,E07_P04_AL_VHJ_GM.mp4,E07_P04_AL_VHJ_GM,74041049,E07,P04,L,HJ,M,left,high_jitter,Hip Joint Flexion,72.38095238,"[70.0, 77.1429, 70.0]",3,True,4,train,1
11718288,E07_P04_AL_VLJ_GM.mp4,E07_P04_AL_VLJ_GM,93343061,E07,P04,L,LJ,M,left,low_jitter,Hip Joint Flexion,88.0952381,"[92.8571, 85.7143, 85.7143]",3,True,4,train,1
11718314,E07_P04_AL_VLL_GM.mp4,E07_P04_AL_VLL_GM,113027565,E07,P04,L,LL,M,left,low_light,Hip Joint Flexion,88.0952381,"[92.8571, 85.7143, 85.7143]",3,True,4,train,1
11718265,E07_P04_AL_VML_GM.mp4,E07_P04_AL_VML_GM,127285984,E07,P04,L,ML,M,left,medium_light,Hip Joint Flexion,88.0952381,"[92.8571, 85.7143, 85.7143]",3,True,4,train,1
11718307,E07_P04_AL_VO_GM.mp4,E07_P04_AL_VO_GM,83586580,E07,P04,L,O,M,left,occlusion,Hip Joint Flexion,88.0952381,"[92.8571, 85.7143, 85.7143]",3,True,4,train,1
11718256,E07_P04_AR_VFL_GM.mp4,E07_P04_AR_VFL_GM,15124560,E07,P04,R,FL,M,right,full_light,Hip Joint Flexion,88.0952381,"[92.8571, 85.7143, 85.7143]",3,True,4,train,1
11718267,E07_P04_AR_VHJ_GM.mp4,E07_P04_AR_VHJ_GM,75185407,E07,P04,R,HJ,M,right,high_jitter,Hip Joint Flexion,72.38095238,"[70.0, 77.1429, 70.0]",3,True,4,train,1
11718291,E07_P04_AR_VLJ_GM.mp4,E07_P04_AR_VLJ_GM,52512441,E07,P04,R,LJ,M,right,low_jitter,Hip Joint Flexion,88.0952381,"[92.8571, 85.7143, 85.7143]",3,True,4,train,1
11718263,E07_P04_AR_VLL_GM.mp4,E07_P04_AR_VLL_GM,21257701,E07,P04,R,LL,M,right,low_light,Hip Joint Flexion,88.0952381,"[92.8571, 85.7143, 85.7143]",3,True,4,train,1
11718322,E07_P04_AR_VML_GM.mp4,E07_P04_AR_VML_GM,17399322,E07,P04,R,ML,M,right,medium_light,Hip Joint Flexion,88.0952381,"[92.8571, 85.7143, 85.7143]",3,True,4,train,1
11718272,E07_P04_AR_VO_GM.mp4,E07_P04_AR_VO_GM,13301612,E07,P04,R,O,M,right,occlusion,Hip Joint Flexion,66.66666667,"[71.4286, 64.2857, 64.2857]",3,True,4,train,1
11718275,E07_P05_AF_VFL_GM.mp4,E07_P05_AF_VFL_GM,17515373,E07,P05,F,FL,M,front,full_light,Hip Joint Flexion,92.85714286,"[92.8571, 92.8571, 92.8571]",3,True,5,train,3
11718312,E07_P05_AF_VHJ_GM.mp4,E07_P05_AF_VHJ_GM,34135735,E07,P05,F,HJ,M,front,high_jitter,Hip Joint Flexion,77.14285714,"[77.1429, 77.1429, 77.1429]",3,True,5,train,3
11718298,E07_P05_AF_VLJ_GM.mp4,E07_P05_AF_VLJ_GM,48104646,E07,P05,F,LJ,M,front,low_jitter,Hip Joint Flexion,92.85714286,"[92.8571, 92.8571, 92.8571]",3,True,5,train,3
11718264,E07_P05_AF_VLL_GM.mp4,E07_P05_AF_VLL_GM,55192662,E07,P05,F,LL,M,front,low_light,Hip Joint Flexion,92.85714286,"[92.8571, 92.8571, 92.8571]",3,True,5,train,3
11718284,E07_P05_AF_VML_GM.mp4,E07_P05_AF_VML_GM,24209034,E07,P05,F,ML,M,front,medium_light,Hip Joint Flexion,92.85714286,"[92.8571, 92.8571, 92.8571]",3,True,5,train,3
11718293,E07_P05_AF_VO_GM.mp4,E07_P05_AF_VO_GM,27102590,E07,P05,F,O,M,front,occlusion,Hip Joint Flexion,92.85714286,"[92.8571, 92.8571, 92.8571]",3,True,5,train,3
11718260,E07_P05_AL_VFL_GM.mp4,E07_P05_AL_VFL_GM,95318065,E07,P05,L,FL,M,left,full_light,Hip Joint Flexion,92.85714286,"[92.8571, 92.8571, 92.8571]",3,True,5,train,3
11718285,E07_P05_AL_VHJ_GM.mp4,E07_P05_AL_VHJ_GM,84811072,E07,P05,L,HJ,M,left,high_jitter,Hip Joint Flexion,77.14285714,"[77.1429, 77.1429, 77.1429]",3,True,5,train,3
11718274,E07_P05_AL_VLJ_GM.mp4,E07_P05_AL_VLJ_GM,89686503,E07,P05,L,LJ,M,left,low_jitter,Hip Joint Flexion,92.85714286,"[92.8571, 92.8571, 92.8571]",3,True,5,train,3
11718281,E07_P05_AL_VLL_GM.mp4,E07_P05_AL_VLL_GM,86272802,E07,P05,L,LL,M,left,low_light,Hip Joint Flexion,92.85714286,"[92.8571, 92.8571, 92.8571]",3,True,5,train,3
11718269,E07_P05_AL_VML_GM.mp4,E07_P05_AL_VML_GM,88889473,E07,P05,L,ML,M,left,medium_light,Hip Joint Flexion,92.85714286,"[92.8571, 92.8571, 92.8571]",3,True,5,train,3
11718299,E07_P05_AL_VO_GM.mp4,E07_P05_AL_VO_GM,90790193,E07,P05,L,O,M,left,occlusion,Hip Joint Flexion,92.85714286,"[92.8571, 92.8571, 92.8571]",3,True,5,train,3
11718290,E07_P05_AR_VFL_GM.mp4,E07_P05_AR_VFL_GM,15234903,E07,P05,R,FL,M,right,full_light,Hip Joint Flexion,92.85714286,"[92.8571, 92.8571, 92.8571]",3,True,5,train,3
11718261,E07_P05_AR_VHJ_GM.mp4,E07_P05_AR_VHJ_GM,87303677,E07,P05,R,HJ,M,right,high_jitter,Hip Joint Flexion,77.14285714,"[77.1429, 77.1429, 77.1429]",3,True,5,train,3
11788592,E07_P05_AR_VLJ_GM.mp4,E07_P05_AR_VLJ_GM,66606989,E07,P05,R,LJ,M,right,low_jitter,Hip Joint Flexion,92.85714286,"[92.8571, 92.8571, 92.8571]",3,True,5,train,3
11788546,E07_P05_AR_VLL_GM.mp4,E07_P05_AR_VLL_GM,18159822,E07,P05,R,LL,M,right,low_light,Hip Joint Flexion,92.85714286,"[92.8571, 92.8571, 92.8571]",3,True,5,train,3
11788605,E07_P05_AR_VML_GM.mp4,E07_P05_AR_VML_GM,14416863,E07,P05,R,ML,M,right,medium_light,Hip Joint Flexion,92.85714286,"[92.8571, 92.8571, 92.8571]",3,True,5,train,3
11788596,E07_P05_AR_VO_GM.mp4,E07_P05_AR_VO_GM,24514231,E07,P05,R,O,M,right,occlusion,Hip Joint Flexion,92.85714286,"[92.8571, 92.8571, 92.8571]",3,True,5,train,3
11788572,E07_P06_AF_VFL_GM.mp4,E07_P06_AF_VFL_GM,19213569,E07,P06,F,FL,M,front,full_light,Hip Joint Flexion,92.85714286,"[92.8571, 92.8571, 92.8571]",3,True,6,train,3
11788599,E07_P06_AF_VHJ_GM.mp4,E07_P06_AF_VHJ_GM,59916840,E07,P06,F,HJ,M,front,high_jitter,Hip Joint Flexion,92.85714286,"[92.8571, 92.8571, 92.8571]",3,True,6,train,3
11788545,E07_P06_AF_VLJ_GM.mp4,E07_P06_AF_VLJ_GM,56182083,E07,P06,F,LJ,M,front,low_jitter,Hip Joint Flexion,92.85714286,"[92.8571, 92.8571, 92.8571]",3,True,6,train,3
11788568,E07_P06_AF_VLL_GM.mp4,E07_P06_AF_VLL_GM,57486843,E07,P06,F,LL,M,front,low_light,Hip Joint Flexion,60.0,"[60.0, 60.0, 60.0]",3,True,6,train,3
11788557,E07_P06_AF_VML_GM.mp4,E07_P06_AF_VML_GM,25190281,E07,P06,F,ML,M,front,medium_light,Hip Joint Flexion,76.19047619,"[71.4286, 78.5714, 78.5714]",3,True,6,train,3
11788551,E07_P06_AF_VO_GM.mp4,E07_P06_AF_VO_GM,40614669,E07,P06,F,O,M,front,occlusion,Hip Joint Flexion,78.57142857,"[78.5714, 78.5714, 78.5714]",3,True,6,train,3
11788548,E07_P06_AL_VFL_GM.mp4,E07_P06_AL_VFL_GM,95510634,E07,P06,L,FL,M,left,full_light,Hip Joint Flexion,92.85714286,"[92.8571, 92.8571, 92.8571]",3,True,6,train,3
11788597,E07_P06_AL_VHJ_GM.mp4,E07_P06_AL_VHJ_GM,114800549,E07,P06,L,HJ,M,left,high_jitter,Hip Joint Flexion,92.85714286,"[92.8571, 92.8571, 92.8571]",3,True,6,train,3
11788594,E07_P06_AL_VLJ_GM.mp4,E07_P06_AL_VLJ_GM,107311936,E07,P06,L,LJ,M,left,low_jitter,Hip Joint Flexion,92.85714286,"[92.8571, 92.8571, 92.8571]",3,True,6,train,3
11788580,E07_P06_AL_VLL_GM.mp4,E07_P06_AL_VLL_GM,102580604,E07,P06,L,LL,M,left,low_light,Hip Joint Flexion,60.0,"[60.0, 60.0, 60.0]",3,True,6,train,3
11788602,E07_P06_AL_VML_GM.mp4,E07_P06_AL_VML_GM,114425599,E07,P06,L,ML,M,left,medium_light,Hip Joint Flexion,76.19047619,"[71.4286, 78.5714, 78.5714]",3,True,6,train,3
11788598,E07_P06_AL_VO_GM.mp4,E07_P06_AL_VO_GM,131975761,E07,P06,L,O,M,left,occlusion,Hip Joint Flexion,78.57142857,"[78.5714, 78.5714, 78.5714]",3,True,6,train,3
11788588,E07_P06_AR_VFL_GM.mp4,E07_P06_AR_VFL_GM,14372166,E07,P06,R,FL,M,right,full_light,Hip Joint Flexion,92.85714286,"[92.8571, 92.8571, 92.8571]",3,True,6,train,3
11788574,E07_P06_AR_VHJ_GM.mp4,E07_P06_AR_VHJ_GM,114134374,E07,P06,R,HJ,M,right,high_jitter,Hip Joint Flexion,92.85714286,"[92.8571, 92.8571, 92.8571]",3,True,6,train,3
11788547,E07_P06_AR_VLJ_GM.mp4,E07_P06_AR_VLJ_GM,75062131,E07,P06,R,LJ,M,right,low_jitter,Hip Joint Flexion,92.85714286,"[92.8571, 92.8571, 92.8571]",3,True,6,train,3
11788561,E07_P06_AR_VLL_GM.mp4,E07_P06_AR_VLL_GM,20528450,E07,P06,R,LL,M,right,low_light,Hip Joint Flexion,61.42857143,"[61.4286, 61.4286, 61.4286]",3,True,6,train,3
11788576,E07_P06_AR_VML_GM.mp4,E07_P06_AR_VML_GM,17626872,E07,P06,R,ML,M,right,medium_light,Hip Joint Flexion,76.19047619,"[71.4286, 78.5714, 78.5714]",3,True,6,train,3
11788566,E07_P06_AR_VO_GM.mp4,E07_P06_AR_VO_GM,37208808,E07,P06,R,O,M,right,occlusion,Hip Joint Flexion,78.57142857,"[78.5714, 78.5714, 78.5714]",3,True,6,train,3
11788591,E07_P07_AF_VFL_GM.mp4,E07_P07_AF_VFL_GM,19599245,E07,P07,F,FL,M,front,full_light,Hip Joint Flexion,75.71428571,"[75.7143, 75.7143, 75.7143]",3,True,7,train,0
11788586,E07_P07_AF_VHJ_GM.mp4,E07_P07_AF_VHJ_GM,52264302,E07,P07,F,HJ,M,front,high_jitter,Hip Joint Flexion,78.57142857,"[78.5714, 78.5714, 78.5714]",3,True,7,train,0
11788570,E07_P07_AF_VLJ_GM.mp4,E07_P07_AF_VLJ_GM,47177233,E07,P07,F,LJ,M,front,low_jitter,Hip Joint Flexion,76.19047619,"[71.4286, 78.5714, 78.5714]",3,True,7,train,0
11788564,E07_P07_AF_VLL_GM.mp4,E07_P07_AF_VLL_GM,59058093,E07,P07,F,LL,M,front,low_light,Hip Joint Flexion,60.47619048,"[55.7143, 62.8571, 62.8571]",3,True,7,train,0
11788589,E07_P07_AF_VML_GM.mp4,E07_P07_AF_VML_GM,33139956,E07,P07,F,ML,M,front,medium_light,Hip Joint Flexion,90.47619048,"[85.7143, 92.8571, 92.8571]",3,True,7,train,0
11788549,E07_P07_AF_VO_GM.mp4,E07_P07_AF_VO_GM,36503125,E07,P07,F,O,M,front,occlusion,Hip Joint Flexion,84.28571429,"[84.2857, 84.2857, 84.2857]",3,True,7,train,0
11788603,E07_P07_AL_VFL_GM.mp4,E07_P07_AL_VFL_GM,103966521,E07,P07,L,FL,M,left,full_light,Hip Joint Flexion,75.71428571,"[75.7143, 75.7143, 75.7143]",3,True,7,train,0
11788573,E07_P07_AL_VHJ_GM.mp4,E07_P07_AL_VHJ_GM,100381546,E07,P07,L,HJ,M,left,high_jitter,Hip Joint Flexion,78.57142857,"[78.5714, 78.5714, 78.5714]",3,True,7,train,0
11788550,E07_P07_AL_VLJ_GM.mp4,E07_P07_AL_VLJ_GM,91825041,E07,P07,L,LJ,M,left,low_jitter,Hip Joint Flexion,76.19047619,"[71.4286, 78.5714, 78.5714]",3,True,7,train,0
11788577,E07_P07_AL_VLL_GM.mp4,E07_P07_AL_VLL_GM,86502543,E07,P07,L,LL,M,left,low_light,Hip Joint Flexion,76.19047619,"[71.4286, 78.5714, 78.5714]",3,True,7,train,0
11788554,E07_P07_AL_VML_GM.mp4,E07_P07_AL_VML_GM,100910518,E07,P07,L,ML,M,left,medium_light,Hip Joint Flexion,90.47619048,"[85.7143, 92.8571, 92.8571]",3,True,7,train,0
11788565,E07_P07_AL_VO_GM.mp4,E07_P07_AL_VO_GM,124158423,E07,P07,L,O,M,left,occlusion,Hip Joint Flexion,84.28571429,"[84.2857, 84.2857, 84.2857]",3,True,7,train,0
11788583,E07_P07_AR_VFL_GM.mp4,E07_P07_AR_VFL_GM,15592450,E07,P07,R,FL,M,right,full_light,Hip Joint Flexion,77.14285714,"[77.1429, 77.1429, 77.1429]",3,True,7,train,0
11788584,E07_P07_AR_VHJ_GM.mp4,E07_P07_AR_VHJ_GM,101509405,E07,P07,R,HJ,M,right,high_jitter,Hip Joint Flexion,78.57142857,"[78.5714, 78.5714, 78.5714]",3,True,7,train,0
11788563,E07_P07_AR_VLJ_GM.mp4,E07_P07_AR_VLJ_GM,48327254,E07,P07,R,LJ,M,right,low_jitter,Hip Joint Flexion,76.19047619,"[71.4286, 78.5714, 78.5714]",3,True,7,train,0
11788604,E07_P07_AR_VLL_GM.mp4,E07_P07_AR_VLL_GM,19085230,E07,P07,R,LL,M,right,low_light,Hip Joint Flexion,76.19047619,"[71.4286, 78.5714, 78.5714]",3,True,7,train,0
11788553,E07_P07_AR_VML_GM.mp4,E07_P07_AR_VML_GM,14394806,E07,P07,R,ML,M,right,medium_light,Hip Joint Flexion,90.47619048,"[85.7143, 92.8571, 92.8571]",3,True,7,train,0
11788593,E07_P07_AR_VO_GM.mp4,E07_P07_AR_VO_GM,37545058,E07,P07,R,O,M,right,occlusion,Hip Joint Flexion,84.28571429,"[84.2857, 84.2857, 84.2857]",3,True,7,train,0
11788558,E07_P08_AF_VFL_GM.mp4,E07_P08_AF_VFL_GM,22798846,E07,P08,F,FL,M,front,full_light,Hip Joint Flexion,100.0,"[100.0, 100.0, 100.0]",3,True,8,val,1
11788569,E07_P08_AF_VHJ_GM.mp4,E07_P08_AF_VHJ_GM,42042054,E07,P08,F,HJ,M,front,high_jitter,Hip Joint Flexion,71.42857143,"[71.4286, 71.4286, 71.4286]",3,True,8,val,1
11788601,E07_P08_AF_VLJ_GM.mp4,E07_P08_AF_VLJ_GM,57777275,E07,P08,F,LJ,M,front,low_jitter,Hip Joint Flexion,44.28571429,"[44.2857, 44.2857, 44.2857]",3,True,8,val,1
11788544,E07_P08_AF_VLL_GM.mp4,E07_P08_AF_VLL_GM,53904523,E07,P08,F,LL,M,front,low_light,Hip Joint Flexion,44.28571429,"[44.2857, 44.2857, 44.2857]",3,True,8,val,1
11788560,E07_P08_AF_VML_GM.mp4,E07_P08_AF_VML_GM,19514126,E07,P08,F,ML,M,front,medium_light,Hip Joint Flexion,47.61904762,"[50.0, 42.8571, 50.0]",3,True,8,val,1
11788587,E07_P08_AF_VO_GM.mp4,E07_P08_AF_VO_GM,38360790,E07,P08,F,O,M,front,occlusion,Hip Joint Flexion,78.57142857,"[78.5714, 78.5714, 78.5714]",3,True,8,val,1
11788562,E07_P08_AL_VFL_GM.mp4,E07_P08_AL_VFL_GM,115833956,E07,P08,L,FL,M,left,full_light,Hip Joint Flexion,100.0,"[100.0, 100.0, 100.0]",3,True,8,val,1
11788581,E07_P08_AL_VHJ_GM.mp4,E07_P08_AL_VHJ_GM,82844238,E07,P08,L,HJ,M,left,high_jitter,Hip Joint Flexion,71.42857143,"[71.4286, 71.4286, 71.4286]",3,True,8,val,1
11788552,E07_P08_AL_VLJ_GM.mp4,E07_P08_AL_VLJ_GM,105299227,E07,P08,L,LJ,M,left,low_jitter,Hip Joint Flexion,44.28571429,"[44.2857, 44.2857, 44.2857]",3,True,8,val,1
11788556,E07_P08_AL_VLL_GM.mp4,E07_P08_AL_VLL_GM,96526669,E07,P08,L,LL,M,left,low_light,Hip Joint Flexion,45.71428571,"[45.7143, 45.7143, 45.7143]",3,True,8,val,1
11788559,E07_P08_AL_VML_GM.mp4,E07_P08_AL_VML_GM,109983588,E07,P08,L,ML,M,left,medium_light,Hip Joint Flexion,44.76190476,"[47.1429, 40.0, 47.1429]",3,True,8,val,1
11788567,E07_P08_AL_VO_GM.mp4,E07_P08_AL_VO_GM,91428830,E07,P08,L,O,M,left,occlusion,Hip Joint Flexion,78.57142857,"[78.5714, 78.5714, 78.5714]",3,True,8,val,1
11788578,E07_P08_AR_VFL_GM.mp4,E07_P08_AR_VFL_GM,17983424,E07,P08,R,FL,M,right,full_light,Hip Joint Flexion,100.0,"[100.0, 100.0, 100.0]",3,True,8,val,1
11788590,E07_P08_AR_VHJ_GM.mp4,E07_P08_AR_VHJ_GM,82373336,E07,P08,R,HJ,M,right,high_jitter,Hip Joint Flexion,71.42857143,"[71.4286, 71.4286, 71.4286]",3,True,8,val,1
11788579,E07_P08_AR_VLJ_GM.mp4,E07_P08_AR_VLJ_GM,59054046,E07,P08,R,LJ,M,right,low_jitter,Hip Joint Flexion,44.28571429,"[44.2857, 44.2857, 44.2857]",3,True,8,val,1
11788585,E07_P08_AR_VLL_GM.mp4,E07_P08_AR_VLL_GM,21052519,E07,P08,R,LL,M,right,low_light,Hip Joint Flexion,45.71428571,"[45.7143, 45.7143, 45.7143]",3,True,8,val,1
11788575,E07_P08_AR_VML_GM.mp4,E07_P08_AR_VML_GM,18402331,E07,P08,R,ML,M,right,medium_light,Hip Joint Flexion,44.76190476,"[47.1429, 40.0, 47.1429]",3,True,8,val,1
11788582,E07_P08_AR_VO_GM.mp4,E07_P08_AR_VO_GM,22028144,E07,P08,R,O,M,right,occlusion,Hip Joint Flexion,62.85714286,"[62.8571, 62.8571, 62.8571]",3,True,8,val,1
11788555,E07_P17_AF_VFL_GM.mp4,E07_P17_AF_VFL_GM,28463363,E07,P17,F,FL,M,front,full_light,Hip Joint Flexion,100.0,"[100.0, 100.0, 100.0]",3,True,17,test,-1
11788571,E07_P17_AF_VHJ_GM.mp4,E07_P17_AF_VHJ_GM,54213603,E07,P17,F,HJ,M,front,high_jitter,Hip Joint Flexion,92.85714286,"[92.8571, 92.8571, 92.8571]",3,True,17,test,-1
11788595,E07_P17_AF_VLJ_GM.mp4,E07_P17_AF_VLJ_GM,49608405,E07,P17,F,LJ,M,front,low_jitter,Hip Joint Flexion,92.85714286,"[92.8571, 92.8571, 92.8571]",3,True,17,test,-1
11788600,E07_P17_AF_VLL_GM.mp4,E07_P17_AF_VLL_GM,70985878,E07,P17,F,LL,M,front,low_light,Hip Joint Flexion,92.85714286,"[92.8571, 92.8571, 92.8571]",3,True,17,test,-1
11788637,E07_P17_AF_VML_GM.mp4,E07_P17_AF_VML_GM,24654568,E07,P17,F,ML,M,front,medium_light,Hip Joint Flexion,68.57142857,"[68.5714, 68.5714, 68.5714]",3,True,17,test,-1
11788617,E07_P17_AF_VO_GM.mp4,E07_P17_AF_VO_GM,40680110,E07,P17,F,O,M,front,occlusion,Hip Joint Flexion,92.85714286,"[92.8571, 92.8571, 92.8571]",3,True,17,test,-1
11788653,E07_P17_AL_VFL_GM.mp4,E07_P17_AL_VFL_GM,133309374,E07,P17,L,FL,M,left,full_light,Hip Joint Flexion,100.0,"[100.0, 100.0, 100.0]",3,True,17,test,-1
11788609,E07_P17_AL_VHJ_GM.mp4,E07_P17_AL_VHJ_GM,99515573,E07,P17,L,HJ,M,left,high_jitter,Hip Joint Flexion,92.85714286,"[92.8571, 92.8571, 92.8571]",3,True,17,test,-1
11788634,E07_P17_AL_VLJ_GM.mp4,E07_P17_AL_VLJ_GM,87322626,E07,P17,L,LJ,M,left,low_jitter,Hip Joint Flexion,92.85714286,"[92.8571, 92.8571, 92.8571]",3,True,17,test,-1
11788631,E07_P17_AL_VLL_GM.mp4,E07_P17_AL_VLL_GM,98778166,E07,P17,L,LL,M,left,low_light,Hip Joint Flexion,92.85714286,"[92.8571, 92.8571, 92.8571]",3,True,17,test,-1
11788633,E07_P17_AL_VML_GM.mp4,E07_P17_AL_VML_GM,69637396,E07,P17,L,ML,M,left,medium_light,Hip Joint Flexion,65.71428571,"[65.7143, 65.7143, 65.7143]",3,True,17,test,-1
11788624,E07_P17_AL_VO_GM.mp4,E07_P17_AL_VO_GM,102590990,E07,P17,L,O,M,left,occlusion,Hip Joint Flexion,92.85714286,"[92.8571, 92.8571, 92.8571]",3,True,17,test,-1
11788618,E07_P17_AR_VFL_GM.mp4,E07_P17_AR_VFL_GM,20229765,E07,P17,R,FL,M,right,full_light,Hip Joint Flexion,100.0,"[100.0, 100.0, 100.0]",3,True,17,test,-1
11788610,E07_P17_AR_VHJ_GM.mp4,E07_P17_AR_VHJ_GM,96561795,E07,P17,R,HJ,M,right,high_jitter,Hip Joint Flexion,75.71428571,"[75.7143, 75.7143, 75.7143]",3,True,17,test,-1
11788626,E07_P17_AR_VLJ_GM.mp4,E07_P17_AR_VLJ_GM,84241086,E07,P17,R,LJ,M,right,low_jitter,Hip Joint Flexion,92.85714286,"[92.8571, 92.8571, 92.8571]",3,True,17,test,-1
11788638,E07_P17_AR_VLL_GM.mp4,E07_P17_AR_VLL_GM,23300828,E07,P17,R,LL,M,right,low_light,Hip Joint Flexion,92.85714286,"[92.8571, 92.8571, 92.8571]",3,True,17,test,-1
11788645,E07_P17_AR_VML_GM.mp4,E07_P17_AR_VML_GM,11362378,E07,P17,R,ML,M,right,medium_light,Hip Joint Flexion,65.71428571,"[65.7143, 65.7143, 65.7143]",3,True,17,test,-1
11788622,E07_P17_AR_VO_GM.mp4,E07_P17_AR_VO_GM,29869734,E07,P17,R,O,M,right,occlusion,Hip Joint Flexion,92.85714286,"[92.8571, 92.8571, 92.8571]",3,True,17,test,-1
11788620,E07_P18_AF_VFL_GM.mp4,E07_P18_AF_VFL_GM,22839620,E07,P18,F,FL,M,front,full_light,Hip Joint Flexion,92.85714286,"[92.8571, 92.8571, 92.8571]",3,True,18,test,-1
11788613,E07_P18_AF_VHJ_GM.mp4,E07_P18_AF_VHJ_GM,68387668,E07,P18,F,HJ,M,front,high_jitter,Hip Joint Flexion,78.57142857,"[78.5714, 78.5714, 78.5714]",3,True,18,test,-1
11788640,E07_P18_AF_VLJ_GM.mp4,E07_P18_AF_VLJ_GM,69460438,E07,P18,F,LJ,M,front,low_jitter,Hip Joint Flexion,78.57142857,"[78.5714, 78.5714, 78.5714]",3,True,18,test,-1
11788642,E07_P18_AF_VLL_GM.mp4,E07_P18_AF_VLL_GM,76062693,E07,P18,F,LL,M,front,low_light,Hip Joint Flexion,90.47619048,"[92.8571, 92.8571, 85.7143]",3,True,18,test,-1
11788651,E07_P18_AF_VML_GM.mp4,E07_P18_AF_VML_GM,34160948,E07,P18,F,ML,M,front,medium_light,Hip Joint Flexion,85.71428571,"[85.7143, 92.8571, 78.5714]",3,True,18,test,-1
11788627,E07_P18_AF_VO_GM.mp4,E07_P18_AF_VO_GM,55765791,E07,P18,F,O,M,front,occlusion,Hip Joint Flexion,90.47619048,"[85.7143, 100.0, 85.7143]",3,True,18,test,-1
11788608,E07_P18_AL_VFL_GM.mp4,E07_P18_AL_VFL_GM,103368002,E07,P18,L,FL,M,left,full_light,Hip Joint Flexion,92.85714286,"[92.8571, 92.8571, 92.8571]",3,True,18,test,-1
11788619,E07_P18_AL_VHJ_GM.mp4,E07_P18_AL_VHJ_GM,131204827,E07,P18,L,HJ,M,left,high_jitter,Hip Joint Flexion,78.57142857,"[78.5714, 78.5714, 78.5714]",3,True,18,test,-1
11788628,E07_P18_AL_VLJ_GM.mp4,E07_P18_AL_VLJ_GM,122212573,E07,P18,L,LJ,M,left,low_jitter,Hip Joint Flexion,78.57142857,"[78.5714, 78.5714, 78.5714]",3,True,18,test,-1
11788647,E07_P18_AL_VLL_GM.mp4,E07_P18_AL_VLL_GM,104427827,E07,P18,L,LL,M,left,low_light,Hip Joint Flexion,90.47619048,"[92.8571, 92.8571, 85.7143]",3,True,18,test,-1
11788635,E07_P18_AL_VML_GM.mp4,E07_P18_AL_VML_GM,98407546,E07,P18,L,ML,M,left,medium_light,Hip Joint Flexion,85.71428571,"[85.7143, 92.8571, 78.5714]",3,True,18,test,-1
11788652,E07_P18_AL_VO_GM.mp4,E07_P18_AL_VO_GM,128643936,E07,P18,L,O,M,left,occlusion,Hip Joint Flexion,90.47619048,"[85.7143, 100.0, 85.7143]",3,True,18,test,-1
11788650,E07_P18_AR_VFL_GM.mp4,E07_P18_AR_VFL_GM,13503089,E07,P18,R,FL,M,right,full_light,Hip Joint Flexion,92.85714286,"[92.8571, 92.8571, 92.8571]",3,True,18,test,-1
11788614,E07_P18_AR_VHJ_GM.mp4,E07_P18_AR_VHJ_GM,132231500,E07,P18,R,HJ,M,right,high_jitter,Hip Joint Flexion,78.57142857,"[78.5714, 78.5714, 78.5714]",3,True,18,test,-1
11788654,E07_P18_AR_VLJ_GM.mp4,E07_P18_AR_VLJ_GM,118505354,E07,P18,R,LJ,M,right,low_jitter,Hip Joint Flexion,78.57142857,"[78.5714, 78.5714, 78.5714]",3,True,18,test,-1
11788607,E07_P18_AR_VLL_GM.mp4,E07_P18_AR_VLL_GM,23737634,E07,P18,R,LL,M,right,low_light,Hip Joint Flexion,90.47619048,"[92.8571, 92.8571, 85.7143]",3,True,18,test,-1
11788606,E07_P18_AR_VML_GM.mp4,E07_P18_AR_VML_GM,14604521,E07,P18,R,ML,M,right,medium_light,Hip Joint Flexion,85.71428571,"[85.7143, 92.8571, 78.5714]",3,True,18,test,-1
11788636,E07_P18_AR_VO_GM.mp4,E07_P18_AR_VO_GM,39888025,E07,P18,R,O,M,right,occlusion,Hip Joint Flexion,90.47619048,"[85.7143, 100.0, 85.7143]",3,True,18,test,-1
11788641,E07_P19_AF_VFL_GM.mp4,E07_P19_AF_VFL_GM,30243338,E07,P19,F,FL,M,front,full_light,Hip Joint Flexion,100.0,"[100.0, 100.0, 100.0]",3,True,19,test,-1
11788629,E07_P19_AF_VHJ_GM.mp4,E07_P19_AF_VHJ_GM,54772762,E07,P19,F,HJ,M,front,high_jitter,Hip Joint Flexion,92.85714286,"[92.8571, 92.8571, 92.8571]",3,True,19,test,-1
11788649,E07_P19_AF_VLL_GM.mp4,E07_P19_AF_VLL_GM,54562606,E07,P19,F,LL,M,front,low_light,Hip Joint Flexion,78.57142857,"[78.5714, 78.5714, 78.5714]",3,True,19,test,-1
11788632,E07_P19_AF_VML_GM.mp4,E07_P19_AF_VML_GM,25716441,E07,P19,F,ML,M,front,medium_light,Hip Joint Flexion,90.47619048,"[85.7143, 92.8571, 92.8571]",3,True,19,test,-1
11788615,E07_P19_AF_VO_GM.mp4,E07_P19_AF_VO_GM,38973785,E07,P19,F,O,M,front,occlusion,Hip Joint Flexion,80.95238095,"[78.5714, 85.7143, 78.5714]",3,True,19,test,-1
11788644,E07_P19_AL_VFL_GM.mp4,E07_P19_AL_VFL_GM,105857962,E07,P19,L,FL,M,left,full_light,Hip Joint Flexion,100.0,"[100.0, 100.0, 100.0]",3,True,19,test,-1
11788639,E07_P19_AL_VHJ_GM.mp4,E07_P19_AL_VHJ_GM,91724215,E07,P19,L,HJ,M,left,high_jitter,Hip Joint Flexion,92.85714286,"[92.8571, 92.8571, 92.8571]",3,True,19,test,-1
11788648,E07_P19_AL_VLJ_GM.mp4,E07_P19_AL_VLJ_GM,103984929,E07,P19,L,LJ,M,left,low_jitter,Hip Joint Flexion,92.85714286,"[92.8571, 92.8571, 92.8571]",3,True,19,test,-1
11788612,E07_P19_AL_VLL_GM.mp4,E07_P19_AL_VLL_GM,79880761,E07,P19,L,LL,M,left,low_light,Hip Joint Flexion,78.57142857,"[78.5714, 78.5714, 78.5714]",3,True,19,test,-1
11788616,E07_P19_AL_VML_GM.mp4,E07_P19_AL_VML_GM,99351843,E07,P19,L,ML,M,left,medium_light,Hip Joint Flexion,90.47619048,"[85.7143, 92.8571, 92.8571]",3,True,19,test,-1
11788643,E07_P19_AL_VO_GM.mp4,E07_P19_AL_VO_GM,86402000,E07,P19,L,O,M,left,occlusion,Hip Joint Flexion,65.23809524,"[62.8571, 70.0, 62.8571]",3,True,19,test,-1
11788611,E07_P19_AR_VFL_GM.mp4,E07_P19_AR_VFL_GM,13864478,E07,P19,R,FL,M,right,full_light,Hip Joint Flexion,100.0,"[100.0, 100.0, 100.0]",3,True,19,test,-1
11788630,E07_P19_AR_VHJ_GM.mp4,E07_P19_AR_VHJ_GM,93868055,E07,P19,R,HJ,M,right,high_jitter,Hip Joint Flexion,92.85714286,"[92.8571, 92.8571, 92.8571]",3,True,19,test,-1
11788623,E07_P19_AR_VLJ_GM.mp4,E07_P19_AR_VLJ_GM,94993462,E07,P19,R,LJ,M,right,low_jitter,Hip Joint Flexion,92.85714286,"[92.8571, 92.8571, 92.8571]",3,True,19,test,-1
11788621,E07_P19_AR_VLL_GM.mp4,E07_P19_AR_VLL_GM,15166110,E07,P19,R,LL,M,right,low_light,Hip Joint Flexion,78.57142857,"[78.5714, 78.5714, 78.5714]",3,True,19,test,-1
11788625,E07_P19_AR_VML_GM.mp4,E07_P19_AR_VML_GM,13791953,E07,P19,R,ML,M,right,medium_light,Hip Joint Flexion,90.47619048,"[85.7143, 92.8571, 92.8571]",3,True,19,test,-1
11788646,E07_P19_AR_VO_GM.mp4,E07_P19_AR_VO_GM,34951954,E07,P19,R,O,M,right,occlusion,Hip Joint Flexion,80.95238095,"[78.5714, 85.7143, 78.5714]",3,True,19,test,-1
11788655,E07_P20_AF_VFL_GM.mp4,E07_P20_AF_VFL_GM,30176097,E07,P20,F,FL,M,front,full_light,Hip Joint Flexion,100.0,"[100.0, 100.0, 100.0]",3,True,20,train,2
11788680,E07_P20_AF_VHJ_GM.mp4,E07_P20_AF_VHJ_GM,54998384,E07,P20,F,HJ,M,front,high_jitter,Hip Joint Flexion,100.0,"[100.0, 100.0, 100.0]",3,True,20,train,2
11788693,E07_P20_AF_VLJ_GM.mp4,E07_P20_AF_VLJ_GM,59680941,E07,P20,F,LJ,M,front,low_jitter,Hip Joint Flexion,92.85714286,"[92.8571, 92.8571, 92.8571]",3,True,20,train,2
11788701,E07_P20_AF_VLL_GM.mp4,E07_P20_AF_VLL_GM,63879774,E07,P20,F,LL,M,front,low_light,Hip Joint Flexion,92.85714286,"[92.8571, 92.8571, 92.8571]",3,True,20,train,2
11788666,E07_P20_AF_VML_GM.mp4,E07_P20_AF_VML_GM,26689858,E07,P20,F,ML,M,front,medium_light,Hip Joint Flexion,77.14285714,"[77.1429, 77.1429, 77.1429]",3,True,20,train,2
11788673,E07_P20_AF_VO_GM.mp4,E07_P20_AF_VO_GM,51525008,E07,P20,F,O,M,front,occlusion,Hip Joint Flexion,92.85714286,"[92.8571, 92.8571, 92.8571]",3,True,20,train,2
11788688,E07_P20_AL_VFL_GM.mp4,E07_P20_AL_VFL_GM,133398503,E07,P20,L,FL,M,left,full_light,Hip Joint Flexion,100.0,"[100.0, 100.0, 100.0]",3,True,20,train,2
11788695,E07_P20_AL_VHJ_GM.mp4,E07_P20_AL_VHJ_GM,101903377,E07,P20,L,HJ,M,left,high_jitter,Hip Joint Flexion,100.0,"[100.0, 100.0, 100.0]",3,True,20,train,2
11788667,E07_P20_AL_VLJ_GM.mp4,E07_P20_AL_VLJ_GM,92915420,E07,P20,L,LJ,M,left,low_jitter,Hip Joint Flexion,77.14285714,"[77.1429, 77.1429, 77.1429]",3,True,20,train,2
11788696,E07_P20_AL_VLL_GM.mp4,E07_P20_AL_VLL_GM,105367987,E07,P20,L,LL,M,left,low_light,Hip Joint Flexion,92.85714286,"[92.8571, 92.8571, 92.8571]",3,True,20,train,2
11788674,E07_P20_AL_VML_GM.mp4,E07_P20_AL_VML_GM,99310310,E07,P20,L,ML,M,left,medium_light,Hip Joint Flexion,77.14285714,"[77.1429, 77.1429, 77.1429]",3,True,20,train,2
11788685,E07_P20_AL_VO_GM.mp4,E07_P20_AL_VO_GM,101609632,E07,P20,L,O,M,left,occlusion,Hip Joint Flexion,92.85714286,"[92.8571, 92.8571, 92.8571]",3,True,20,train,2
11788677,E07_P20_AR_VFL_GM.mp4,E07_P20_AR_VFL_GM,19978482,E07,P20,R,FL,M,right,full_light,Hip Joint Flexion,100.0,"[100.0, 100.0, 100.0]",3,True,20,train,2
11788663,E07_P20_AR_VHJ_GM.mp4,E07_P20_AR_VHJ_GM,103054326,E07,P20,R,HJ,M,right,high_jitter,Hip Joint Flexion,100.0,"[100.0, 100.0, 100.0]",3,True,20,train,2
11788664,E07_P20_AR_VLJ_GM.mp4,E07_P20_AR_VLJ_GM,106449942,E07,P20,R,LJ,M,right,low_jitter,Hip Joint Flexion,77.14285714,"[77.1429, 77.1429, 77.1429]",3,True,20,train,2
11788676,E07_P20_AR_VLL_GM.mp4,E07_P20_AR_VLL_GM,20127801,E07,P20,R,LL,M,right,low_light,Hip Joint Flexion,92.85714286,"[92.8571, 92.8571, 92.8571]",3,True,20,train,2
11788684,E07_P20_AR_VML_GM.mp4,E07_P20_AR_VML_GM,16111859,E07,P20,R,ML,M,right,medium_light,Hip Joint Flexion,92.85714286,"[92.8571, 92.8571, 92.8571]",3,True,20,train,2
11788675,E07_P20_AR_VO_GM.mp4,E07_P20_AR_VO_GM,33393236,E07,P20,R,O,M,right,occlusion,Hip Joint Flexion,92.85714286,"[92.8571, 92.8571, 92.8571]",3,True,20,train,2
11788706,E07_P21_AF_VFL_GM.mp4,E07_P21_AF_VFL_GM,19429610,E07,P21,F,FL,M,front,full_light,Hip Joint Flexion,65.71428571,"[65.7143, 65.7143, 65.7143]",3,True,21,train,4
11788659,E07_P21_AF_VHJ_GM.mp4,E07_P21_AF_VHJ_GM,47614969,E07,P21,F,HJ,M,front,high_jitter,Hip Joint Flexion,67.14285714,"[67.1429, 67.1429, 67.1429]",3,True,21,train,4
11788692,E07_P21_AF_VLJ_GM.mp4,E07_P21_AF_VLJ_GM,46835300,E07,P21,F,LJ,M,front,low_jitter,Hip Joint Flexion,60.0,"[60.0, 60.0, 60.0]",3,True,21,train,4
11788683,E07_P21_AF_VLL_GM.mp4,E07_P21_AF_VLL_GM,29988714,E07,P21,F,LL,M,front,low_light,Hip Joint Flexion,70.0,"[70.0, 70.0, 70.0]",3,True,21,train,4
11788702,E07_P21_AF_VML_GM.mp4,E07_P21_AF_VML_GM,15183308,E07,P21,F,ML,M,front,medium_light,Hip Joint Flexion,85.71428571,"[85.7143, 85.7143, 85.7143]",3,True,21,train,4
11788697,E07_P21_AF_VO_GM.mp4,E07_P21_AF_VO_GM,30704122,E07,P21,F,O,M,front,occlusion,Hip Joint Flexion,62.85714286,"[62.8571, 62.8571, 62.8571]",3,True,21,train,4
11788699,E07_P21_AL_VFL_GM.mp4,E07_P21_AL_VFL_GM,89754970,E07,P21,L,FL,M,left,full_light,Hip Joint Flexion,65.71428571,"[65.7143, 65.7143, 65.7143]",3,True,21,train,4
11788705,E07_P21_AL_VHJ_GM.mp4,E07_P21_AL_VHJ_GM,88266132,E07,P21,L,HJ,M,left,high_jitter,Hip Joint Flexion,65.71428571,"[65.7143, 65.7143, 65.7143]",3,True,21,train,4
11788700,E07_P21_AL_VLJ_GM.mp4,E07_P21_AL_VLJ_GM,95194007,E07,P21,L,LJ,M,left,low_jitter,Hip Joint Flexion,58.57142857,"[58.5714, 58.5714, 58.5714]",3,True,21,train,4
11788672,E07_P21_AL_VLL_GM.mp4,E07_P21_AL_VLL_GM,96360568,E07,P21,L,LL,M,left,low_light,Hip Joint Flexion,85.71428571,"[85.7143, 85.7143, 85.7143]",3,True,21,train,4
11788691,E07_P21_AL_VML_GM.mp4,E07_P21_AL_VML_GM,92253767,E07,P21,L,ML,M,left,medium_light,Hip Joint Flexion,70.0,"[70.0, 70.0, 70.0]",3,True,21,train,4
11788671,E07_P21_AL_VO_GM.mp4,E07_P21_AL_VO_GM,98514669,E07,P21,L,O,M,left,occlusion,Hip Joint Flexion,61.42857143,"[61.4286, 61.4286, 61.4286]",3,True,21,train,4
11788687,E07_P21_AR_VFL_GM.mp4,E07_P21_AR_VFL_GM,26475118,E07,P21,R,FL,M,right,full_light,Hip Joint Flexion,65.71428571,"[65.7143, 65.7143, 65.7143]",3,True,21,train,4
11788668,E07_P21_AR_VHJ_GM.mp4,E07_P21_AR_VHJ_GM,89470970,E07,P21,R,HJ,M,right,high_jitter,Hip Joint Flexion,65.71428571,"[65.7143, 65.7143, 65.7143]",3,True,21,train,4
11788694,E07_P21_AR_VLJ_GM.mp4,E07_P21_AR_VLJ_GM,91935680,E07,P21,R,LJ,M,right,low_jitter,Hip Joint Flexion,58.57142857,"[58.5714, 58.5714, 58.5714]",3,True,21,train,4
11788703,E07_P21_AR_VLL_GM.mp4,E07_P21_AR_VLL_GM,53779465,E07,P21,R,LL,M,right,low_light,Hip Joint Flexion,85.71428571,"[85.7143, 85.7143, 85.7143]",3,True,21,train,4
11788660,E07_P21_AR_VML_GM.mp4,E07_P21_AR_VML_GM,19897237,E07,P21,R,ML,M,right,medium_light,Hip Joint Flexion,70.0,"[70.0, 70.0, 70.0]",3,True,21,train,4
11788679,E07_P21_AR_VO_GM.mp4,E07_P21_AR_VO_GM,59388441,E07,P21,R,O,M,right,occlusion,Hip Joint Flexion,62.85714286,"[62.8571, 62.8571, 62.8571]",3,True,21,train,4
11788689,E07_P22_AF_VFL_GM.mp4,E07_P22_AF_VFL_GM,14457401,E07,P22,F,FL,M,front,full_light,Hip Joint Flexion,66.19047619,"[61.4286, 68.5714, 68.5714]",3,True,22,train,4
11788665,E07_P22_AF_VHJ_GM.mp4,E07_P22_AF_VHJ_GM,38240868,E07,P22,F,HJ,M,front,high_jitter,Hip Joint Flexion,65.71428571,"[65.7143, 65.7143, 65.7143]",3,True,22,train,4
11788707,E07_P22_AF_VLJ_GM.mp4,E07_P22_AF_VLJ_GM,53312181,E07,P22,F,LJ,M,front,low_jitter,Hip Joint Flexion,68.57142857,"[68.5714, 68.5714, 68.5714]",3,True,22,train,4
11788682,E07_P22_AF_VLL_GM.mp4,E07_P22_AF_VLL_GM,37472515,E07,P22,F,LL,M,front,low_light,Hip Joint Flexion,67.14285714,"[67.1429, 67.1429, 67.1429]",3,True,22,train,4
11788661,E07_P22_AF_VML_GM.mp4,E07_P22_AF_VML_GM,24992092,E07,P22,F,ML,M,front,medium_light,Hip Joint Flexion,65.71428571,"[65.7143, 65.7143, 65.7143]",3,True,22,train,4
11788681,E07_P22_AF_VO_GM.mp4,E07_P22_AF_VO_GM,47603850,E07,P22,F,O,M,front,occlusion,Hip Joint Flexion,64.28571429,"[64.2857, 64.2857, 64.2857]",3,True,22,train,4
11788704,E07_P22_AL_VFL_GM.mp4,E07_P22_AL_VFL_GM,88635928,E07,P22,L,FL,M,left,full_light,Hip Joint Flexion,67.61904762,"[62.8571, 70.0, 70.0]",3,True,22,train,4
11788686,E07_P22_AL_VHJ_GM.mp4,E07_P22_AL_VHJ_GM,87993773,E07,P22,L,HJ,M,left,high_jitter,Hip Joint Flexion,67.14285714,"[67.1429, 67.1429, 67.1429]",3,True,22,train,4
11788657,E07_P22_AL_VLJ_GM.mp4,E07_P22_AL_VLJ_GM,96179143,E07,P22,L,LJ,M,left,low_jitter,Hip Joint Flexion,68.57142857,"[68.5714, 68.5714, 68.5714]",3,True,22,train,4
11788658,E07_P22_AL_VLL_GM.mp4,E07_P22_AL_VLL_GM,90676071,E07,P22,L,LL,M,left,low_light,Hip Joint Flexion,64.28571429,"[64.2857, 64.2857, 64.2857]",3,True,22,train,4
11788678,E07_P22_AL_VML_GM.mp4,E07_P22_AL_VML_GM,85477763,E07,P22,L,ML,M,left,medium_light,Hip Joint Flexion,62.85714286,"[62.8571, 62.8571, 62.8571]",3,True,22,train,4
11788690,E07_P22_AL_VO_GM.mp4,E07_P22_AL_VO_GM,96815253,E07,P22,L,O,M,left,occlusion,Hip Joint Flexion,62.85714286,"[62.8571, 62.8571, 62.8571]",3,True,22,train,4
11788698,E07_P22_AR_VFL_GM.mp4,E07_P22_AR_VFL_GM,21561876,E07,P22,R,FL,M,right,full_light,Hip Joint Flexion,63.33333333,"[58.5714, 65.7143, 65.7143]",3,True,22,train,4
11788656,E07_P22_AR_VHJ_GM.mp4,E07_P22_AR_VHJ_GM,87896098,E07,P22,R,HJ,M,right,high_jitter,Hip Joint Flexion,61.42857143,"[61.4286, 61.4286, 61.4286]",3,True,22,train,4
11788708,E07_P22_AR_VLJ_GM.mp4,E07_P22_AR_VLJ_GM,98543727,E07,P22,R,LJ,M,right,low_jitter,Hip Joint Flexion,62.85714286,"[62.8571, 62.8571, 62.8571]",3,True,22,train,4
11788670,E07_P22_AR_VLL_GM.mp4,E07_P22_AR_VLL_GM,33073034,E07,P22,R,LL,M,right,low_light,Hip Joint Flexion,62.85714286,"[62.8571, 62.8571, 62.8571]",3,True,22,train,4
11788669,E07_P22_AR_VML_GM.mp4,E07_P22_AR_VML_GM,21881924,E07,P22,R,ML,M,right,medium_light,Hip Joint Flexion,60.0,"[60.0, 60.0, 60.0]",3,True,22,train,4
11788662,E07_P22_AR_VO_GM.mp4,E07_P22_AR_VO_GM,32099105,E07,P22,R,O,M,right,occlusion,Hip Joint Flexion,61.42857143,"[61.4286, 61.4286, 61.4286]",3,True,22,train,4
11788762,E07_P23_AF_VFL_GM.mp4,E07_P23_AF_VFL_GM,40152566,E07,P23,F,FL,M,front,full_light,Hip Joint Flexion,100.0,"[100.0, 100.0, 100.0]",3,True,23,test,-1
11788715,E07_P23_AF_VHJ_GM.mp4,E07_P23_AF_VHJ_GM,55389324,E07,P23,F,HJ,M,front,high_jitter,Hip Joint Flexion,92.85714286,"[92.8571, 92.8571, 92.8571]",3,True,23,test,-1
11788711,E07_P23_AF_VLJ_GM.mp4,E07_P23_AF_VLJ_GM,73767374,E07,P23,F,LJ,M,front,low_jitter,Hip Joint Flexion,100.0,"[100.0, 100.0, 100.0]",3,True,23,test,-1
11788740,E07_P23_AF_VLL_GM.mp4,E07_P23_AF_VLL_GM,41255046,E07,P23,F,LL,M,front,low_light,Hip Joint Flexion,77.14285714,"[77.1429, 77.1429, 77.1429]",3,True,23,test,-1
11788722,E07_P23_AF_VML_GM.mp4,E07_P23_AF_VML_GM,19801166,E07,P23,F,ML,M,front,medium_light,Hip Joint Flexion,95.23809524,"[92.8571, 100.0, 92.8571]",3,True,23,test,-1
11788760,E07_P23_AF_VO_GM.mp4,E07_P23_AF_VO_GM,47199700,E07,P23,F,O,M,front,occlusion,Hip Joint Flexion,85.71428571,"[85.7143, 85.7143, 85.7143]",3,True,23,test,-1
11788713,E07_P23_AL_VFL_GM.mp4,E07_P23_AL_VFL_GM,129507305,E07,P23,L,FL,M,left,full_light,Hip Joint Flexion,100.0,"[100.0, 100.0, 100.0]",3,True,23,test,-1
11788728,E07_P23_AL_VHJ_GM.mp4,E07_P23_AL_VHJ_GM,108096764,E07,P23,L,HJ,M,left,high_jitter,Hip Joint Flexion,92.85714286,"[92.8571, 92.8571, 92.8571]",3,True,23,test,-1
11788751,E07_P23_AL_VLJ_GM.mp4,E07_P23_AL_VLJ_GM,121237708,E07,P23,L,LJ,M,left,low_jitter,Hip Joint Flexion,100.0,"[100.0, 100.0, 100.0]",3,True,23,test,-1
11788724,E07_P23_AL_VLL_GM.mp4,E07_P23_AL_VLL_GM,101473666,E07,P23,L,LL,M,left,low_light,Hip Joint Flexion,75.71428571,"[75.7143, 75.7143, 75.7143]",3,True,23,test,-1
11788729,E07_P23_AL_VML_GM.mp4,E07_P23_AL_VML_GM,109773878,E07,P23,L,ML,M,left,medium_light,Hip Joint Flexion,95.23809524,"[92.8571, 100.0, 92.8571]",3,True,23,test,-1
11788733,E07_P23_AL_VO_GM.mp4,E07_P23_AL_VO_GM,95994001,E07,P23,L,O,M,left,occlusion,Hip Joint Flexion,70.0,"[70.0, 70.0, 70.0]",3,True,23,test,-1
11788710,E07_P23_AR_VFL_GM.mp4,E07_P23_AR_VFL_GM,32754714,E07,P23,R,FL,M,right,full_light,Hip Joint Flexion,100.0,"[100.0, 100.0, 100.0]",3,True,23,test,-1
11788721,E07_P23_AR_VHJ_GM.mp4,E07_P23_AR_VHJ_GM,110934538,E07,P23,R,HJ,M,right,high_jitter,Hip Joint Flexion,92.85714286,"[92.8571, 92.8571, 92.8571]",3,True,23,test,-1
11788742,E07_P23_AR_VLJ_GM.mp4,E07_P23_AR_VLJ_GM,122623624,E07,P23,R,LJ,M,right,low_jitter,Hip Joint Flexion,100.0,"[100.0, 100.0, 100.0]",3,True,23,test,-1
11788743,E07_P23_AR_VLL_GM.mp4,E07_P23_AR_VLL_GM,70841663,E07,P23,R,LL,M,right,low_light,Hip Joint Flexion,75.71428571,"[75.7143, 75.7143, 75.7143]",3,True,23,test,-1
11788739,E07_P23_AR_VML_GM.mp4,E07_P23_AR_VML_GM,34481263,E07,P23,R,ML,M,right,medium_light,Hip Joint Flexion,95.23809524,"[92.8571, 100.0, 92.8571]",3,True,23,test,-1
11788712,E07_P23_AR_VO_GM.mp4,E07_P23_AR_VO_GM,34021203,E07,P23,R,O,M,right,occlusion,Hip Joint Flexion,85.71428571,"[85.7143, 85.7143, 85.7143]",3,True,23,test,-1
11720456,E08_P02_AF_VFL_GM.mp4,E08_P02_AF_VFL_GM,21055132,E08,P02,F,FL,M,front,full_light,Both Leg Flexion,82.85714286,"[82.8571, 82.8571, 82.8571]",3,True,2,train,0
11720459,E08_P02_AF_VHJ_GM.mp4,E08_P02_AF_VHJ_GM,53897163,E08,P02,F,HJ,M,front,high_jitter,Both Leg Flexion,100.0,"[100.0, 100.0, 100.0]",3,True,2,train,0
11720488,E08_P02_AF_VLJ_GM.mp4,E08_P02_AF_VLJ_GM,57914279,E08,P02,F,LJ,M,front,low_jitter,Both Leg Flexion,100.0,"[100.0, 100.0, 100.0]",3,True,2,train,0
11720468,E08_P02_AF_VLL_GM.mp4,E08_P02_AF_VLL_GM,117817523,E08,P02,F,LL,M,front,low_light,Both Leg Flexion,100.0,"[100.0, 100.0, 100.0]",3,True,2,train,0
11720493,E08_P02_AF_VML_GM.mp4,E08_P02_AF_VML_GM,24172124,E08,P02,F,ML,M,front,medium_light,Both Leg Flexion,100.0,"[100.0, 100.0, 100.0]",3,True,2,train,0
11720480,E08_P02_AF_VO_GM.mp4,E08_P02_AF_VO_GM,24134744,E08,P02,F,O,M,front,occlusion,Both Leg Flexion,100.0,"[100.0, 100.0, 100.0]",3,True,2,train,0
11720461,E08_P02_AL_VFL_GM.mp4,E08_P02_AL_VFL_GM,165039109,E08,P02,L,FL,M,left,full_light,Both Leg Flexion,82.85714286,"[82.8571, 82.8571, 82.8571]",3,True,2,train,0
11720475,E08_P02_AL_VHJ_GM.mp4,E08_P02_AL_VHJ_GM,110070260,E08,P02,L,HJ,M,left,high_jitter,Both Leg Flexion,100.0,"[100.0, 100.0, 100.0]",3,True,2,train,0
11720476,E08_P02_AL_VLJ_GM.mp4,E08_P02_AL_VLJ_GM,113581114,E08,P02,L,LJ,M,left,low_jitter,Both Leg Flexion,84.28571429,"[84.2857, 84.2857, 84.2857]",3,True,2,train,0
11720466,E08_P02_AL_VLL_GM.mp4,E08_P02_AL_VLL_GM,117588365,E08,P02,L,LL,M,left,low_light,Both Leg Flexion,100.0,"[100.0, 100.0, 100.0]",3,True,2,train,0
11720490,E08_P02_AL_VML_GM.mp4,E08_P02_AL_VML_GM,117856562,E08,P02,L,ML,M,left,medium_light,Both Leg Flexion,100.0,"[100.0, 100.0, 100.0]",3,True,2,train,0
11720485,E08_P02_AL_VO_GM.mp4,E08_P02_AL_VO_GM,108582876,E08,P02,L,O,M,left,occlusion,Both Leg Flexion,100.0,"[100.0, 100.0, 100.0]",3,True,2,train,0
11720462,E08_P02_AR_VFL_GM.mp4,E08_P02_AR_VFL_GM,33533317,E08,P02,R,FL,M,right,full_light,Both Leg Flexion,82.85714286,"[82.8571, 82.8571, 82.8571]",3,True,2,train,0
11720448,E08_P02_AR_VHJ_GM.mp4,E08_P02_AR_VHJ_GM,107714723,E08,P02,R,HJ,M,right,high_jitter,Both Leg Flexion,100.0,"[100.0, 100.0, 100.0]",3,True,2,train,0
11720495,E08_P02_AR_VLJ_GM.mp4,E08_P02_AR_VLJ_GM,54768594,E08,P02,R,LJ,M,right,low_jitter,Both Leg Flexion,84.28571429,"[84.2857, 84.2857, 84.2857]",3,True,2,train,0
11720452,E08_P02_AR_VLL_GM.mp4,E08_P02_AR_VLL_GM,58239504,E08,P02,R,LL,M,right,low_light,Both Leg Flexion,84.28571429,"[84.2857, 84.2857, 84.2857]",3,True,2,train,0
11720483,E08_P02_AR_VML_GM.mp4,E08_P02_AR_VML_GM,26008099,E08,P02,R,ML,M,right,medium_light,Both Leg Flexion,100.0,"[100.0, 100.0, 100.0]",3,True,2,train,0
11720471,E08_P02_AR_VO_GM.mp4,E08_P02_AR_VO_GM,59288508,E08,P02,R,O,M,right,occlusion,Both Leg Flexion,100.0,"[100.0, 100.0, 100.0]",3,True,2,train,0
11720451,E08_P03_AF_VFL_GM.mp4,E08_P03_AF_VFL_GM,24764115,E08,P03,F,FL,M,front,full_light,Both Leg Flexion,100.0,"[100.0, 100.0, 100.0]",3,True,3,train,3
11720449,E08_P03_AF_VHJ_GM.mp4,E08_P03_AF_VHJ_GM,86542392,E08,P03,F,HJ,M,front,high_jitter,Both Leg Flexion,100.0,"[100.0, 100.0, 100.0]",3,True,3,train,3
11720464,E08_P03_AF_VLJ_GM.mp4,E08_P03_AF_VLJ_GM,102293311,E08,P03,F,LJ,M,front,low_jitter,Both Leg Flexion,100.0,"[100.0, 100.0, 100.0]",3,True,3,train,3
11720478,E08_P03_AF_VLL_GM.mp4,E08_P03_AF_VLL_GM,61236075,E08,P03,F,LL,M,front,low_light,Both Leg Flexion,100.0,"[100.0, 100.0, 100.0]",3,True,3,train,3
11720474,E08_P03_AF_VML_GM.mp4,E08_P03_AF_VML_GM,21889909,E08,P03,F,ML,M,front,medium_light,Both Leg Flexion,100.0,"[100.0, 100.0, 100.0]",3,True,3,train,3
11720489,E08_P03_AF_VO_GM.mp4,E08_P03_AF_VO_GM,33156009,E08,P03,F,O,M,front,occlusion,Both Leg Flexion,84.28571429,"[84.2857, 84.2857, 84.2857]",3,True,3,train,3
11720479,E08_P03_AL_VFL_GM.mp4,E08_P03_AL_VFL_GM,182915988,E08,P03,L,FL,M,left,full_light,Both Leg Flexion,100.0,"[100.0, 100.0, 100.0]",3,True,3,train,3
11720463,E08_P03_AL_VHJ_GM.mp4,E08_P03_AL_VHJ_GM,200897103,E08,P03,L,HJ,M,left,high_jitter,Both Leg Flexion,84.28571429,"[84.2857, 84.2857, 84.2857]",3,True,3,train,3
11720460,E08_P03_AL_VLJ_GM.mp4,E08_P03_AL_VLJ_GM,215801787,E08,P03,L,LJ,M,left,low_jitter,Both Leg Flexion,100.0,"[100.0, 100.0, 100.0]",3,True,3,train,3
11720472,E08_P03_AL_VLL_GM.mp4,E08_P03_AL_VLL_GM,192157173,E08,P03,L,LL,M,left,low_light,Both Leg Flexion,100.0,"[100.0, 100.0, 100.0]",3,True,3,train,3
11720467,E08_P03_AL_VML_GM.mp4,E08_P03_AL_VML_GM,165044094,E08,P03,L,ML,M,left,medium_light,Both Leg Flexion,84.28571429,"[84.2857, 84.2857, 84.2857]",3,True,3,train,3
11720455,E08_P03_AL_VO_GM.mp4,E08_P03_AL_VO_GM,185297875,E08,P03,L,O,M,left,occlusion,Both Leg Flexion,84.28571429,"[84.2857, 84.2857, 84.2857]",3,True,3,train,3
11720482,E08_P03_AR_VFL_GM.mp4,E08_P03_AR_VFL_GM,24757905,E08,P03,R,FL,M,right,full_light,Both Leg Flexion,100.0,"[100.0, 100.0, 100.0]",3,True,3,train,3
11720457,E08_P03_AR_VHJ_GM.mp4,E08_P03_AR_VHJ_GM,198194401,E08,P03,R,HJ,M,right,high_jitter,Both Leg Flexion,84.28571429,"[84.2857, 84.2857, 84.2857]",3,True,3,train,3
11720450,E08_P03_AR_VLJ_GM.mp4,E08_P03_AR_VLJ_GM,133551730,E08,P03,R,LJ,M,right,low_jitter,Both Leg Flexion,100.0,"[100.0, 100.0, 100.0]",3,True,3,train,3
11720492,E08_P03_AR_VLL_GM.mp4,E08_P03_AR_VLL_GM,39279033,E08,P03,R,LL,M,right,low_light,Both Leg Flexion,100.0,"[100.0, 100.0, 100.0]",3,True,3,train,3
11720491,E08_P03_AR_VML_GM.mp4,E08_P03_AR_VML_GM,29837159,E08,P03,R,ML,M,right,medium_light,Both Leg Flexion,100.0,"[100.0, 100.0, 100.0]",3,True,3,train,3
11720494,E08_P03_AR_VO_GM.mp4,E08_P03_AR_VO_GM,37525162,E08,P03,R,O,M,right,occlusion,Both Leg Flexion,84.28571429,"[84.2857, 84.2857, 84.2857]",3,True,3,train,3
11720484,E08_P04_AF_VFL_GM.mp4,E08_P04_AF_VFL_GM,16828842,E08,P04,F,FL,M,front,full_light,Both Leg Flexion,76.66666667,"[81.4286, 81.4286, 67.1429]",3,True,4,train,1
11720473,E08_P04_AF_VHJ_GM.mp4,E08_P04_AF_VHJ_GM,43453382,E08,P04,F,HJ,M,front,high_jitter,Both Leg Flexion,83.33333333,"[85.7143, 85.7143, 78.5714]",3,True,4,train,1
11720477,E08_P04_AF_VLJ_GM.mp4,E08_P04_AF_VLJ_GM,68661095,E08,P04,F,LJ,M,front,low_jitter,Both Leg Flexion,97.61904762,"[100.0, 100.0, 92.8571]",3,True,4,train,1
11720481,E08_P04_AF_VLL_GM.mp4,E08_P04_AF_VLL_GM,89878030,E08,P04,F,LL,M,front,low_light,Both Leg Flexion,97.61904762,"[100.0, 100.0, 92.8571]",3,True,4,train,1
11720470,E08_P04_AF_VML_GM.mp4,E08_P04_AF_VML_GM,37616091,E08,P04,F,ML,M,front,medium_light,Both Leg Flexion,97.61904762,"[100.0, 100.0, 92.8571]",3,True,4,train,1
11720453,E08_P04_AF_VO_GM.mp4,E08_P04_AF_VO_GM,39683905,E08,P04,F,O,M,front,occlusion,Both Leg Flexion,97.61904762,"[100.0, 100.0, 92.8571]",3,True,4,train,1
11720458,E08_P04_AL_VFL_GM.mp4,E08_P04_AL_VFL_GM,127408043,E08,P04,L,FL,M,left,full_light,Both Leg Flexion,95.23809524,"[100.0, 100.0, 85.7143]",3,True,4,train,1
11720496,E08_P04_AL_VHJ_GM.mp4,E08_P04_AL_VHJ_GM,102831807,E08,P04,L,HJ,M,left,high_jitter,Both Leg Flexion,67.61904762,"[70.0, 70.0, 62.8571]",3,True,4,train,1
11720487,E08_P04_AL_VLJ_GM.mp4,E08_P04_AL_VLJ_GM,128095737,E08,P04,L,LJ,M,left,low_jitter,Both Leg Flexion,97.61904762,"[100.0, 100.0, 92.8571]",3,True,4,train,1
11720469,E08_P04_AL_VLL_GM.mp4,E08_P04_AL_VLL_GM,130122042,E08,P04,L,LL,M,left,low_light,Both Leg Flexion,97.61904762,"[100.0, 100.0, 92.8571]",3,True,4,train,1
11720486,E08_P04_AL_VML_GM.mp4,E08_P04_AL_VML_GM,131401115,E08,P04,L,ML,M,left,medium_light,Both Leg Flexion,81.9047619,"[84.2857, 84.2857, 77.1429]",3,True,4,train,1
11720454,E08_P04_AL_VO_GM.mp4,E08_P04_AL_VO_GM,108898133,E08,P04,L,O,M,left,occlusion,Both Leg Flexion,97.61904762,"[100.0, 100.0, 92.8571]",3,True,4,train,1
11720465,E08_P04_AR_VFL_GM.mp4,E08_P04_AR_VFL_GM,21344945,E08,P04,R,FL,M,right,full_light,Both Leg Flexion,95.23809524,"[100.0, 100.0, 85.7143]",3,True,4,train,1
11788759,E08_P04_AR_VHJ_GM.mp4,E08_P04_AR_VHJ_GM,104511815,E08,P04,R,HJ,M,right,high_jitter,Both Leg Flexion,67.61904762,"[70.0, 70.0, 62.8571]",3,True,4,train,1
11788709,E08_P04_AR_VLJ_GM.mp4,E08_P04_AR_VLJ_GM,90690568,E08,P04,R,LJ,M,right,low_jitter,Both Leg Flexion,97.61904762,"[100.0, 100.0, 92.8571]",3,True,4,train,1
11788719,E08_P04_AR_VLL_GM.mp4,E08_P04_AR_VLL_GM,23992516,E08,P04,R,LL,M,right,low_light,Both Leg Flexion,97.61904762,"[100.0, 100.0, 92.8571]",3,True,4,train,1
11788738,E08_P04_AR_VML_GM.mp4,E08_P04_AR_VML_GM,19679673,E08,P04,R,ML,M,right,medium_light,Both Leg Flexion,97.61904762,"[100.0, 100.0, 92.8571]",3,True,4,train,1
11788758,E08_P04_AR_VO_GM.mp4,E08_P04_AR_VO_GM,36465378,E08,P04,R,O,M,right,occlusion,Both Leg Flexion,97.61904762,"[100.0, 100.0, 92.8571]",3,True,4,train,1
11788745,E08_P05_AF_VFL_GM.mp4,E08_P05_AF_VFL_GM,19454148,E08,P05,F,FL,M,front,full_light,Both Leg Flexion,100.0,"[100.0, 100.0, 100.0]",3,True,5,train,3
11788720,E08_P05_AF_VHJ_GM.mp4,E08_P05_AF_VHJ_GM,43279498,E08,P05,F,HJ,M,front,high_jitter,Both Leg Flexion,100.0,"[100.0, 100.0, 100.0]",3,True,5,train,3
11788723,E08_P05_AF_VLJ_GM.mp4,E08_P05_AF_VLJ_GM,53974849,E08,P05,F,LJ,M,front,low_jitter,Both Leg Flexion,100.0,"[100.0, 100.0, 100.0]",3,True,5,train,3
11788734,E08_P05_AF_VLL_GM.mp4,E08_P05_AF_VLL_GM,62533550,E08,P05,F,LL,M,front,low_light,Both Leg Flexion,100.0,"[100.0, 100.0, 100.0]",3,True,5,train,3
11788737,E08_P05_AF_VML_GM.mp4,E08_P05_AF_VML_GM,25658574,E08,P05,F,ML,M,front,medium_light,Both Leg Flexion,100.0,"[100.0, 100.0, 100.0]",3,True,5,train,3
11788754,E08_P05_AF_VO_GM.mp4,E08_P05_AF_VO_GM,32243820,E08,P05,F,O,M,front,occlusion,Both Leg Flexion,100.0,"[100.0, 100.0, 100.0]",3,True,5,train,3
11788755,E08_P05_AL_VFL_GM.mp4,E08_P05_AL_VFL_GM,107924862,E08,P05,L,FL,M,left,full_light,Both Leg Flexion,100.0,"[100.0, 100.0, 100.0]",3,True,5,train,3
11788753,E08_P05_AL_VHJ_GM.mp4,E08_P05_AL_VHJ_GM,115805679,E08,P05,L,HJ,M,left,high_jitter,Both Leg Flexion,100.0,"[100.0, 100.0, 100.0]",3,True,5,train,3
11788714,E08_P05_AL_VLJ_GM.mp4,E08_P05_AL_VLJ_GM,105178494,E08,P05,L,LJ,M,left,low_jitter,Both Leg Flexion,100.0,"[100.0, 100.0, 100.0]",3,True,5,train,3
11788716,E08_P05_AL_VLL_GM.mp4,E08_P05_AL_VLL_GM,97738754,E08,P05,L,LL,M,left,low_light,Both Leg Flexion,100.0,"[100.0, 100.0, 100.0]",3,True,5,train,3
11788718,E08_P05_AL_VML_GM.mp4,E08_P05_AL_VML_GM,94201108,E08,P05,L,ML,M,left,medium_light,Both Leg Flexion,100.0,"[100.0, 100.0, 100.0]",3,True,5,train,3
11788736,E08_P05_AL_VO_GM.mp4,E08_P05_AL_VO_GM,108914490,E08,P05,L,O,M,left,occlusion,Both Leg Flexion,100.0,"[100.0, 100.0, 100.0]",3,True,5,train,3
11788725,E08_P05_AR_VFL_GM.mp4,E08_P05_AR_VFL_GM,17896271,E08,P05,R,FL,M,right,full_light,Both Leg Flexion,100.0,"[100.0, 100.0, 100.0]",3,True,5,train,3
11788726,E08_P05_AR_VHJ_GM.mp4,E08_P05_AR_VHJ_GM,114655363,E08,P05,R,HJ,M,right,high_jitter,Both Leg Flexion,100.0,"[100.0, 100.0, 100.0]",3,True,5,train,3
11788732,E08_P05_AR_VLJ_GM.mp4,E08_P05_AR_VLJ_GM,67337684,E08,P05,R,LJ,M,right,low_jitter,Both Leg Flexion,100.0,"[100.0, 100.0, 100.0]",3,True,5,train,3
11788761,E08_P05_AR_VLL_GM.mp4,E08_P05_AR_VLL_GM,19276209,E08,P05,R,LL,M,right,low_light,Both Leg Flexion,100.0,"[100.0, 100.0, 100.0]",3,True,5,train,3
11788757,E08_P05_AR_VML_GM.mp4,E08_P05_AR_VML_GM,16566901,E08,P05,R,ML,M,right,medium_light,Both Leg Flexion,100.0,"[100.0, 100.0, 100.0]",3,True,5,train,3
11788744,E08_P05_AR_VO_GM.mp4,E08_P05_AR_VO_GM,24546425,E08,P05,R,O,M,right,occlusion,Both Leg Flexion,100.0,"[100.0, 100.0, 100.0]",3,True,5,train,3
11788748,E08_P06_AF_VFL_GM.mp4,E08_P06_AF_VFL_GM,19862615,E08,P06,F,FL,M,front,full_light,Both Leg Flexion,84.28571429,"[84.2857, 84.2857, 84.2857]",3,True,6,train,3
11788717,E08_P06_AF_VHJ_GM.mp4,E08_P06_AF_VHJ_GM,58524614,E08,P06,F,HJ,M,front,high_jitter,Both Leg Flexion,100.0,"[100.0, 100.0, 100.0]",3,True,6,train,3
11788741,E08_P06_AF_VLJ_GM.mp4,E08_P06_AF_VLJ_GM,63117771,E08,P06,F,LJ,M,front,low_jitter,Both Leg Flexion,100.0,"[100.0, 100.0, 100.0]",3,True,6,train,3
11788747,E08_P06_AF_VLL_GM.mp4,E08_P06_AF_VLL_GM,74471367,E08,P06,F,LL,M,front,low_light,Both Leg Flexion,100.0,"[100.0, 100.0, 100.0]",3,True,6,train,3
11788746,E08_P06_AF_VML_GM.mp4,E08_P06_AF_VML_GM,37912072,E08,P06,F,ML,M,front,medium_light,Both Leg Flexion,100.0,"[100.0, 100.0, 100.0]",3,True,6,train,3
11788752,E08_P06_AF_VO_GM.mp4,E08_P06_AF_VO_GM,37591152,E08,P06,F,O,M,front,occlusion,Both Leg Flexion,100.0,"[100.0, 100.0, 100.0]",3,True,6,train,3
11788727,E08_P06_AL_VFL_GM.mp4,E08_P06_AL_VFL_GM,102861790,E08,P06,L,FL,M,left,full_light,Both Leg Flexion,84.28571429,"[84.2857, 84.2857, 84.2857]",3,True,6,train,3
11788731,E08_P06_AL_VHJ_GM.mp4,E08_P06_AL_VHJ_GM,118105198,E08,P06,L,HJ,M,left,high_jitter,Both Leg Flexion,100.0,"[100.0, 100.0, 100.0]",3,True,6,train,3
11788756,E08_P06_AL_VLJ_GM.mp4,E08_P06_AL_VLJ_GM,120778807,E08,P06,L,LJ,M,left,low_jitter,Both Leg Flexion,100.0,"[100.0, 100.0, 100.0]",3,True,6,train,3
11788750,E08_P06_AL_VLL_GM.mp4,E08_P06_AL_VLL_GM,111524471,E08,P06,L,LL,M,left,low_light,Both Leg Flexion,100.0,"[100.0, 100.0, 100.0]",3,True,6,train,3
11788735,E08_P06_AL_VML_GM.mp4,E08_P06_AL_VML_GM,115732180,E08,P06,L,ML,M,left,medium_light,Both Leg Flexion,100.0,"[100.0, 100.0, 100.0]",3,True,6,train,3
11788730,E08_P06_AL_VO_GM.mp4,E08_P06_AL_VO_GM,127745445,E08,P06,L,O,M,left,occlusion,Both Leg Flexion,100.0,"[100.0, 100.0, 100.0]",3,True,6,train,3
11788749,E08_P06_AR_VFL_GM.mp4,E08_P06_AR_VFL_GM,17652294,E08,P06,R,FL,M,right,full_light,Both Leg Flexion,100.0,"[100.0, 100.0, 100.0]",3,True,6,train,3
11788865,E08_P06_AR_VHJ_GM.mp4,E08_P06_AR_VHJ_GM,128379449,E08,P06,R,HJ,M,right,high_jitter,Both Leg Flexion,100.0,"[100.0, 100.0, 100.0]",3,True,6,train,3
11788893,E08_P06_AR_VLJ_GM.mp4,E08_P06_AR_VLJ_GM,88107882,E08,P06,R,LJ,M,right,low_jitter,Both Leg Flexion,100.0,"[100.0, 100.0, 100.0]",3,True,6,train,3
11788861,E08_P06_AR_VLL_GM.mp4,E08_P06_AR_VLL_GM,25039388,E08,P06,R,LL,M,right,low_light,Both Leg Flexion,100.0,"[100.0, 100.0, 100.0]",3,True,6,train,3
11788864,E08_P06_AR_VML_GM.mp4,E08_P06_AR_VML_GM,17195932,E08,P06,R,ML,M,right,medium_light,Both Leg Flexion,100.0,"[100.0, 100.0, 100.0]",3,True,6,train,3
11788880,E08_P06_AR_VO_GM.mp4,E08_P06_AR_VO_GM,28452472,E08,P06,R,O,M,right,occlusion,Both Leg Flexion,100.0,"[100.0, 100.0, 100.0]",3,True,6,train,3
11788867,E08_P07_AF_VFL_GM.mp4,E08_P07_AF_VFL_GM,19935900,E08,P07,F,FL,M,front,full_light,Both Leg Flexion,100.0,"[100.0, 100.0, 100.0]",3,True,7,train,0
11788888,E08_P07_AF_VHJ_GM.mp4,E08_P07_AF_VHJ_GM,58901642,E08,P07,F,HJ,M,front,high_jitter,Both Leg Flexion,100.0,"[100.0, 100.0, 100.0]",3,True,7,train,0
11788883,E08_P07_AF_VLJ_GM.mp4,E08_P07_AF_VLJ_GM,55618885,E08,P07,F,LJ,M,front,low_jitter,Both Leg Flexion,84.28571429,"[84.2857, 84.2857, 84.2857]",3,True,7,train,0
11788870,E08_P07_AF_VLL_GM.mp4,E08_P07_AF_VLL_GM,64889695,E08,P07,F,LL,M,front,low_light,Both Leg Flexion,97.61904762,"[100.0, 100.0, 92.8571]",3,True,7,train,0
11788890,E08_P07_AF_VML_GM.mp4,E08_P07_AF_VML_GM,33803655,E08,P07,F,ML,M,front,medium_light,Both Leg Flexion,80.47619048,"[82.8571, 82.8571, 75.7143]",3,True,7,train,0
11788866,E08_P07_AF_VO_GM.mp4,E08_P07_AF_VO_GM,34652967,E08,P07,F,O,M,front,occlusion,Both Leg Flexion,84.28571429,"[84.2857, 84.2857, 84.2857]",3,True,7,train,0
11788877,E08_P07_AL_VFL_GM.mp4,E08_P07_AL_VFL_GM,114025509,E08,P07,L,FL,M,left,full_light,Both Leg Flexion,100.0,"[100.0, 100.0, 100.0]",3,True,7,train,0
11788891,E08_P07_AL_VHJ_GM.mp4,E08_P07_AL_VHJ_GM,104760694,E08,P07,L,HJ,M,left,high_jitter,Both Leg Flexion,84.28571429,"[84.2857, 84.2857, 84.2857]",3,True,7,train,0
11788875,E08_P07_AL_VLJ_GM.mp4,E08_P07_AL_VLJ_GM,106964445,E08,P07,L,LJ,M,left,low_jitter,Both Leg Flexion,84.28571429,"[84.2857, 84.2857, 84.2857]",3,True,7,train,0
11788887,E08_P07_AL_VLL_GM.mp4,E08_P07_AL_VLL_GM,97087663,E08,P07,L,LL,M,left,low_light,Both Leg Flexion,81.9047619,"[84.2857, 84.2857, 77.1429]",3,True,7,train,0
11788863,E08_P07_AL_VML_GM.mp4,E08_P07_AL_VML_GM,109244658,E08,P07,L,ML,M,left,medium_light,Both Leg Flexion,79.04761905,"[81.4286, 81.4286, 74.2857]",3,True,7,train,0
11788895,E08_P07_AL_VO_GM.mp4,E08_P07_AL_VO_GM,119429305,E08,P07,L,O,M,left,occlusion,Both Leg Flexion,100.0,"[100.0, 100.0, 100.0]",3,True,7,train,0
11788869,E08_P07_AR_VFL_GM.mp4,E08_P07_AR_VFL_GM,17979057,E08,P07,R,FL,M,right,full_light,Both Leg Flexion,100.0,"[100.0, 100.0, 100.0]",3,True,7,train,0
11788872,E08_P07_AR_VHJ_GM.mp4,E08_P07_AR_VHJ_GM,102244115,E08,P07,R,HJ,M,right,high_jitter,Both Leg Flexion,82.85714286,"[82.8571, 82.8571, 82.8571]",3,True,7,train,0
11788859,E08_P07_AR_VLJ_GM.mp4,E08_P07_AR_VLJ_GM,56695107,E08,P07,R,LJ,M,right,low_jitter,Both Leg Flexion,84.28571429,"[84.2857, 84.2857, 84.2857]",3,True,7,train,0
11788882,E08_P07_AR_VLL_GM.mp4,E08_P07_AR_VLL_GM,22066719,E08,P07,R,LL,M,right,low_light,Both Leg Flexion,81.9047619,"[84.2857, 84.2857, 77.1429]",3,True,7,train,0
11788874,E08_P07_AR_VML_GM.mp4,E08_P07_AR_VML_GM,16187953,E08,P07,R,ML,M,right,medium_light,Both Leg Flexion,80.47619048,"[82.8571, 82.8571, 75.7143]",3,True,7,train,0
11788868,E08_P07_AR_VO_GM.mp4,E08_P07_AR_VO_GM,40557478,E08,P07,R,O,M,right,occlusion,Both Leg Flexion,100.0,"[100.0, 100.0, 100.0]",3,True,7,train,0
11788894,E08_P08_AF_VFL_GM.mp4,E08_P08_AF_VFL_GM,24778110,E08,P08,F,FL,M,front,full_light,Both Leg Flexion,100.0,"[100.0, 100.0, 100.0]",3,True,8,val,1
11788892,E08_P08_AF_VHJ_GM.mp4,E08_P08_AF_VHJ_GM,48484759,E08,P08,F,HJ,M,front,high_jitter,Both Leg Flexion,85.71428571,"[85.7143, 85.7143, 85.7143]",3,True,8,val,1
11788871,E08_P08_AF_VLJ_GM.mp4,E08_P08_AF_VLJ_GM,59301016,E08,P08,F,LJ,M,front,low_jitter,Both Leg Flexion,69.04761905,"[64.2857, 71.4286, 71.4286]",3,True,8,val,1
11788876,E08_P08_AF_VLL_GM.mp4,E08_P08_AF_VLL_GM,55373152,E08,P08,F,LL,M,front,low_light,Both Leg Flexion,84.28571429,"[84.2857, 84.2857, 84.2857]",3,True,8,val,1
11788884,E08_P08_AF_VML_GM.mp4,E08_P08_AF_VML_GM,18436854,E08,P08,F,ML,M,front,medium_light,Both Leg Flexion,79.52380952,"[77.1429, 77.1429, 84.2857]",3,True,8,val,1
11788860,E08_P08_AF_VO_GM.mp4,E08_P08_AF_VO_GM,41685775,E08,P08,F,O,M,front,occlusion,Both Leg Flexion,100.0,"[100.0, 100.0, 100.0]",3,True,8,val,1
11788878,E08_P08_AL_VFL_GM.mp4,E08_P08_AL_VFL_GM,126849763,E08,P08,L,FL,M,left,full_light,Both Leg Flexion,100.0,"[100.0, 100.0, 100.0]",3,True,8,val,1
11788939,E08_P08_AL_VHJ_GM.mp4,E08_P08_AL_VHJ_GM,98899569,E08,P08,L,HJ,M,left,high_jitter,Both Leg Flexion,85.71428571,"[85.7143, 85.7143, 85.7143]",3,True,8,val,1
11788922,E08_P08_AL_VLJ_GM.mp4,E08_P08_AL_VLJ_GM,113053454,E08,P08,L,LJ,M,left,low_jitter,Both Leg Flexion,69.04761905,"[64.2857, 71.4286, 71.4286]",3,True,8,val,1
11788928,E08_P08_AL_VLL_GM.mp4,E08_P08_AL_VLL_GM,95763566,E08,P08,L,LL,M,left,low_light,Both Leg Flexion,84.28571429,"[84.2857, 84.2857, 84.2857]",3,True,8,val,1
11788936,E08_P08_AL_VML_GM.mp4,E08_P08_AL_VML_GM,106450049,E08,P08,L,ML,M,left,medium_light,Both Leg Flexion,78.0952381,"[75.7143, 75.7143, 82.8571]",3,True,8,val,1
11788881,E08_P08_AL_VO_GM.mp4,E08_P08_AL_VO_GM,94175619,E08,P08,L,O,M,left,occlusion,Both Leg Flexion,84.28571429,"[84.2857, 84.2857, 84.2857]",3,True,8,val,1
11788929,E08_P08_AR_VFL_GM.mp4,E08_P08_AR_VFL_GM,21654602,E08,P08,R,FL,M,right,full_light,Both Leg Flexion,100.0,"[100.0, 100.0, 100.0]",3,True,8,val,1
11788919,E08_P08_AR_VHJ_GM.mp4,E08_P08_AR_VHJ_GM,95559649,E08,P08,R,HJ,M,right,high_jitter,Both Leg Flexion,70.0,"[70.0, 70.0, 70.0]",3,True,8,val,1
11788923,E08_P08_AR_VLJ_GM.mp4,E08_P08_AR_VLJ_GM,58706449,E08,P08,R,LJ,M,right,low_jitter,Both Leg Flexion,69.04761905,"[64.2857, 71.4286, 71.4286]",3,True,8,val,1
11788927,E08_P08_AR_VLL_GM.mp4,E08_P08_AR_VLL_GM,18842986,E08,P08,R,LL,M,right,low_light,Both Leg Flexion,84.28571429,"[84.2857, 84.2857, 84.2857]",3,True,8,val,1
11788886,E08_P08_AR_VML_GM.mp4,E08_P08_AR_VML_GM,16677488,E08,P08,R,ML,M,right,medium_light,Both Leg Flexion,78.0952381,"[75.7143, 75.7143, 82.8571]",3,True,8,val,1
11788938,E08_P08_AR_VO_GM.mp4,E08_P08_AR_VO_GM,17182058,E08,P08,R,O,M,right,occlusion,Both Leg Flexion,100.0,"[100.0, 100.0, 100.0]",3,True,8,val,1
11788930,E08_P17_AF_VFL_GM.mp4,E08_P17_AF_VFL_GM,26905989,E08,P17,F,FL,M,front,full_light,Both Leg Flexion,100.0,"[100.0, 100.0, 100.0]",3,True,17,test,-1
11788931,E08_P17_AF_VHJ_GM.mp4,E08_P17_AF_VHJ_GM,61679709,E08,P17,F,HJ,M,front,high_jitter,Both Leg Flexion,100.0,"[100.0, 100.0, 100.0]",3,True,17,test,-1
11788935,E08_P17_AF_VLJ_GM.mp4,E08_P17_AF_VLJ_GM,62305112,E08,P17,F,LJ,M,front,low_jitter,Both Leg Flexion,100.0,"[100.0, 100.0, 100.0]",3,True,17,test,-1
11788862,E08_P17_AF_VLL_GM.mp4,E08_P17_AF_VLL_GM,79104986,E08,P17,F,LL,M,front,low_light,Both Leg Flexion,100.0,"[100.0, 100.0, 100.0]",3,True,17,test,-1
11788933,E08_P17_AF_VML_GM.mp4,E08_P17_AF_VML_GM,51742962,E08,P17,F,ML,M,front,medium_light,Both Leg Flexion,97.61904762,"[92.8571, 100.0, 100.0]",3,True,17,test,-1
11788924,E08_P17_AF_VO_GM.mp4,E08_P17_AF_VO_GM,41773422,E08,P17,F,O,M,front,occlusion,Both Leg Flexion,100.0,"[100.0, 100.0, 100.0]",3,True,17,test,-1
11788873,E08_P17_AL_VFL_GM.mp4,E08_P17_AL_VFL_GM,129577778,E08,P17,L,FL,M,left,full_light,Both Leg Flexion,100.0,"[100.0, 100.0, 100.0]",3,True,17,test,-1
11788925,E08_P17_AL_VHJ_GM.mp4,E08_P17_AL_VHJ_GM,115705057,E08,P17,L,HJ,M,left,high_jitter,Both Leg Flexion,100.0,"[100.0, 100.0, 100.0]",3,True,17,test,-1
11788885,E08_P17_AL_VLJ_GM.mp4,E08_P17_AL_VLJ_GM,109395794,E08,P17,L,LJ,M,left,low_jitter,Both Leg Flexion,100.0,"[100.0, 100.0, 100.0]",3,True,17,test,-1
11788934,E08_P17_AL_VLL_GM.mp4,E08_P17_AL_VLL_GM,108239960,E08,P17,L,LL,M,left,low_light,Both Leg Flexion,100.0,"[100.0, 100.0, 100.0]",3,True,17,test,-1
11788879,E08_P17_AL_VML_GM.mp4,E08_P17_AL_VML_GM,100811312,E08,P17,L,ML,M,left,medium_light,Both Leg Flexion,97.61904762,"[92.8571, 100.0, 100.0]",3,True,17,test,-1
11788921,E08_P17_AL_VO_GM.mp4,E08_P17_AL_VO_GM,108551996,E08,P17,L,O,M,left,occlusion,Both Leg Flexion,100.0,"[100.0, 100.0, 100.0]",3,True,17,test,-1
11788932,E08_P17_AR_VFL_GM.mp4,E08_P17_AR_VFL_GM,17220517,E08,P17,R,FL,M,right,full_light,Both Leg Flexion,100.0,"[100.0, 100.0, 100.0]",3,True,17,test,-1
11788889,E08_P17_AR_VHJ_GM.mp4,E08_P17_AR_VHJ_GM,117705710,E08,P17,R,HJ,M,right,high_jitter,Both Leg Flexion,100.0,"[100.0, 100.0, 100.0]",3,True,17,test,-1
11788937,E08_P17_AR_VLJ_GM.mp4,E08_P17_AR_VLJ_GM,93048821,E08,P17,R,LJ,M,right,low_jitter,Both Leg Flexion,100.0,"[100.0, 100.0, 100.0]",3,True,17,test,-1
11788940,E08_P17_AR_VLL_GM.mp4,E08_P17_AR_VLL_GM,28931993,E08,P17,R,LL,M,right,low_light,Both Leg Flexion,100.0,"[100.0, 100.0, 100.0]",3,True,17,test,-1
11788920,E08_P17_AR_VML_GM.mp4,E08_P17_AR_VML_GM,14467296,E08,P17,R,ML,M,right,medium_light,Both Leg Flexion,97.61904762,"[92.8571, 100.0, 100.0]",3,True,17,test,-1
11788926,E08_P17_AR_VO_GM.mp4,E08_P17_AR_VO_GM,36187983,E08,P17,R,O,M,right,occlusion,Both Leg Flexion,100.0,"[100.0, 100.0, 100.0]",3,True,17,test,-1
11789123,E08_P18_AF_VFL_GM.mp4,E08_P18_AF_VFL_GM,22842101,E08,P18,F,FL,M,front,full_light,Both Leg Flexion,100.0,"[100.0, 100.0, 100.0]",3,True,18,test,-1
11789128,E08_P18_AF_VHJ_GM.mp4,E08_P18_AF_VHJ_GM,71565295,E08,P18,F,HJ,M,front,high_jitter,Both Leg Flexion,100.0,"[100.0, 100.0, 100.0]",3,True,18,test,-1
11789088,E08_P18_AF_VLJ_GM.mp4,E08_P18_AF_VLJ_GM,72550432,E08,P18,F,LJ,M,front,low_jitter,Both Leg Flexion,100.0,"[100.0, 100.0, 100.0]",3,True,18,test,-1
11789121,E08_P18_AF_VLL_GM.mp4,E08_P18_AF_VLL_GM,88467410,E08,P18,F,LL,M,front,low_light,Both Leg Flexion,100.0,"[100.0, 100.0, 100.0]",3,True,18,test,-1
11789099,E08_P18_AF_VML_GM.mp4,E08_P18_AF_VML_GM,48240654,E08,P18,F,ML,M,front,medium_light,Both Leg Flexion,100.0,"[100.0, 100.0, 100.0]",3,True,18,test,-1
11789092,E08_P18_AF_VO_GM.mp4,E08_P18_AF_VO_GM,49371303,E08,P18,F,O,M,front,occlusion,Both Leg Flexion,84.28571429,"[84.2857, 84.2857, 84.2857]",3,True,18,test,-1
11789119,E08_P18_AL_VFL_GM.mp4,E08_P18_AL_VFL_GM,107742511,E08,P18,L,FL,M,left,full_light,Both Leg Flexion,100.0,"[100.0, 100.0, 100.0]",3,True,18,test,-1
11789133,E08_P18_AL_VHJ_GM.mp4,E08_P18_AL_VHJ_GM,134997735,E08,P18,L,HJ,M,left,high_jitter,Both Leg Flexion,100.0,"[100.0, 100.0, 100.0]",3,True,18,test,-1
11789130,E08_P18_AL_VLJ_GM.mp4,E08_P18_AL_VLJ_GM,130943400,E08,P18,L,LJ,M,left,low_jitter,Both Leg Flexion,100.0,"[100.0, 100.0, 100.0]",3,True,18,test,-1
11789112,E08_P18_AL_VLL_GM.mp4,E08_P18_AL_VLL_GM,121678573,E08,P18,L,LL,M,left,low_light,Both Leg Flexion,100.0,"[100.0, 100.0, 100.0]",3,True,18,test,-1
11789104,E08_P18_AL_VML_GM.mp4,E08_P18_AL_VML_GM,106256464,E08,P18,L,ML,M,left,medium_light,Both Leg Flexion,84.28571429,"[84.2857, 84.2857, 84.2857]",3,True,18,test,-1
11789132,E08_P18_AL_VO_GM.mp4,E08_P18_AL_VO_GM,134467417,E08,P18,L,O,M,left,occlusion,Both Leg Flexion,100.0,"[100.0, 100.0, 100.0]",3,True,18,test,-1
11789126,E08_P18_AR_VFL_GM.mp4,E08_P18_AR_VFL_GM,13775559,E08,P18,R,FL,M,right,full_light,Both Leg Flexion,100.0,"[100.0, 100.0, 100.0]",3,True,18,test,-1
11789110,E08_P18_AR_VHJ_GM.mp4,E08_P18_AR_VHJ_GM,137634298,E08,P18,R,HJ,M,right,high_jitter,Both Leg Flexion,100.0,"[100.0, 100.0, 100.0]",3,True,18,test,-1
11789100,E08_P18_AR_VLJ_GM.mp4,E08_P18_AR_VLJ_GM,132921410,E08,P18,R,LJ,M,right,low_jitter,Both Leg Flexion,100.0,"[100.0, 100.0, 100.0]",3,True,18,test,-1
11789113,E08_P18_AR_VLL_GM.mp4,E08_P18_AR_VLL_GM,28318232,E08,P18,R,LL,M,right,low_light,Both Leg Flexion,100.0,"[100.0, 100.0, 100.0]",3,True,18,test,-1
11789125,E08_P18_AR_VML_GM.mp4,E08_P18_AR_VML_GM,15489947,E08,P18,R,ML,M,right,medium_light,Both Leg Flexion,84.28571429,"[84.2857, 84.2857, 84.2857]",3,True,18,test,-1
11789118,E08_P18_AR_VO_GM.mp4,E08_P18_AR_VO_GM,35828475,E08,P18,R,O,M,right,occlusion,Both Leg Flexion,84.28571429,"[84.2857, 84.2857, 84.2857]",3,True,18,test,-1
11789102,E08_P19_AF_VFL_GM.mp4,E08_P19_AF_VFL_GM,28693621,E08,P19,F,FL,M,front,full_light,Both Leg Flexion,100.0,"[100.0, 100.0, 100.0]",3,True,19,test,-1
11789090,E08_P19_AF_VHJ_GM.mp4,E08_P19_AF_VHJ_GM,63428356,E08,P19,F,HJ,M,front,high_jitter,Both Leg Flexion,100.0,"[100.0, 100.0, 100.0]",3,True,19,test,-1
11789089,E08_P19_AF_VLJ_GM.mp4,E08_P19_AF_VLJ_GM,65691425,E08,P19,F,LJ,M,front,low_jitter,Both Leg Flexion,100.0,"[100.0, 100.0, 100.0]",3,True,19,test,-1
11789096,E08_P19_AF_VLL_GM.mp4,E08_P19_AF_VLL_GM,63910672,E08,P19,F,LL,M,front,low_light,Both Leg Flexion,100.0,"[100.0, 100.0, 100.0]",3,True,19,test,-1
11789124,E08_P19_AF_VML_GM.mp4,E08_P19_AF_VML_GM,25732510,E08,P19,F,ML,M,front,medium_light,Both Leg Flexion,82.85714286,"[82.8571, 82.8571, 82.8571]",3,True,19,test,-1
11789122,E08_P19_AF_VO_GM.mp4,E08_P19_AF_VO_GM,44563202,E08,P19,F,O,M,front,occlusion,Both Leg Flexion,97.61904762,"[92.8571, 100.0, 100.0]",3,True,19,test,-1
11789114,E08_P19_AL_VFL_GM.mp4,E08_P19_AL_VFL_GM,107480000,E08,P19,L,FL,M,left,full_light,Both Leg Flexion,100.0,"[100.0, 100.0, 100.0]",3,True,19,test,-1
11789129,E08_P19_AL_VHJ_GM.mp4,E08_P19_AL_VHJ_GM,109571118,E08,P19,L,HJ,M,left,high_jitter,Both Leg Flexion,100.0,"[100.0, 100.0, 100.0]",3,True,19,test,-1
11789103,E08_P19_AL_VLJ_GM.mp4,E08_P19_AL_VLJ_GM,113335942,E08,P19,L,LJ,M,left,low_jitter,Both Leg Flexion,100.0,"[100.0, 100.0, 100.0]",3,True,19,test,-1
11789117,E08_P19_AL_VLL_GM.mp4,E08_P19_AL_VLL_GM,96766308,E08,P19,L,LL,M,left,low_light,Both Leg Flexion,100.0,"[100.0, 100.0, 100.0]",3,True,19,test,-1
11789137,E08_P19_AL_VML_GM.mp4,E08_P19_AL_VML_GM,109005127,E08,P19,L,ML,M,left,medium_light,Both Leg Flexion,100.0,"[100.0, 100.0, 100.0]",3,True,19,test,-1
11789097,E08_P19_AL_VO_GM.mp4,E08_P19_AL_VO_GM,101398062,E08,P19,L,O,M,left,occlusion,Both Leg Flexion,97.61904762,"[92.8571, 100.0, 100.0]",3,True,19,test,-1
11789140,E08_P19_AR_VFL_GM.mp4,E08_P19_AR_VFL_GM,14617068,E08,P19,R,FL,M,right,full_light,Both Leg Flexion,84.28571429,"[84.2857, 84.2857, 84.2857]",3,True,19,test,-1
11789109,E08_P19_AR_VHJ_GM.mp4,E08_P19_AR_VHJ_GM,110424011,E08,P19,R,HJ,M,right,high_jitter,Both Leg Flexion,100.0,"[100.0, 100.0, 100.0]",3,True,19,test,-1
11789138,E08_P19_AR_VLJ_GM.mp4,E08_P19_AR_VLJ_GM,113944978,E08,P19,R,LJ,M,right,low_jitter,Both Leg Flexion,100.0,"[100.0, 100.0, 100.0]",3,True,19,test,-1
11789108,E08_P19_AR_VLL_GM.mp4,E08_P19_AR_VLL_GM,22017877,E08,P19,R,LL,M,right,low_light,Both Leg Flexion,100.0,"[100.0, 100.0, 100.0]",3,True,19,test,-1
11789101,E08_P19_AR_VML_GM.mp4,E08_P19_AR_VML_GM,17440112,E08,P19,R,ML,M,right,medium_light,Both Leg Flexion,100.0,"[100.0, 100.0, 100.0]",3,True,19,test,-1
11789091,E08_P19_AR_VO_GM.mp4,E08_P19_AR_VO_GM,38342371,E08,P19,R,O,M,right,occlusion,Both Leg Flexion,97.61904762,"[92.8571, 100.0, 100.0]",3,True,19,test,-1
11789087,E08_P20_AF_VFL_GM.mp4,E08_P20_AF_VFL_GM,36544178,E08,P20,F,FL,M,front,full_light,Both Leg Flexion,100.0,"[100.0, 100.0, 100.0]",3,True,20,train,2
11789127,E08_P20_AF_VHJ_GM.mp4,E08_P20_AF_VHJ_GM,60157322,E08,P20,F,HJ,M,front,high_jitter,Both Leg Flexion,100.0,"[100.0, 100.0, 100.0]",3,True,20,train,2
11789120,E08_P20_AF_VLJ_GM.mp4,E08_P20_AF_VLJ_GM,65012595,E08,P20,F,LJ,M,front,low_jitter,Both Leg Flexion,100.0,"[100.0, 100.0, 100.0]",3,True,20,train,2
11789093,E08_P20_AF_VLL_GM.mp4,E08_P20_AF_VLL_GM,99996229,E08,P20,F,LL,M,front,low_light,Both Leg Flexion,100.0,"[100.0, 100.0, 100.0]",3,True,20,train,2
11789115,E08_P20_AF_VML_GM.mp4,E08_P20_AF_VML_GM,37323108,E08,P20,F,ML,M,front,medium_light,Both Leg Flexion,84.28571429,"[84.2857, 84.2857, 84.2857]",3,True,20,train,2
11789105,E08_P20_AF_VO_GM.mp4,E08_P20_AF_VO_GM,54007617,E08,P20,F,O,M,front,occlusion,Both Leg Flexion,100.0,"[100.0, 100.0, 100.0]",3,True,20,train,2
11789139,E08_P20_AL_VFL_GM.mp4,E08_P20_AL_VFL_GM,155279265,E08,P20,L,FL,M,left,full_light,Both Leg Flexion,100.0,"[100.0, 100.0, 100.0]",3,True,20,train,2
11789135,E08_P20_AL_VHJ_GM.mp4,E08_P20_AL_VHJ_GM,107281916,E08,P20,L,HJ,M,left,high_jitter,Both Leg Flexion,100.0,"[100.0, 100.0, 100.0]",3,True,20,train,2
11789094,E08_P20_AL_VLJ_GM.mp4,E08_P20_AL_VLJ_GM,105400096,E08,P20,L,LJ,M,left,low_jitter,Both Leg Flexion,84.28571429,"[84.2857, 84.2857, 84.2857]",3,True,20,train,2
11789116,E08_P20_AL_VLL_GM.mp4,E08_P20_AL_VLL_GM,168198216,E08,P20,L,LL,M,left,low_light,Both Leg Flexion,100.0,"[100.0, 100.0, 100.0]",3,True,20,train,2
11789107,E08_P20_AL_VML_GM.mp4,E08_P20_AL_VML_GM,125664773,E08,P20,L,ML,M,left,medium_light,Both Leg Flexion,84.28571429,"[84.2857, 84.2857, 84.2857]",3,True,20,train,2
11789131,E08_P20_AL_VO_GM.mp4,E08_P20_AL_VO_GM,108422028,E08,P20,L,O,M,left,occlusion,Both Leg Flexion,84.28571429,"[84.2857, 84.2857, 84.2857]",3,True,20,train,2
11789136,E08_P20_AR_VFL_GM.mp4,E08_P20_AR_VFL_GM,38396777,E08,P20,R,FL,M,right,full_light,Both Leg Flexion,100.0,"[100.0, 100.0, 100.0]",3,True,20,train,2
11789134,E08_P20_AR_VHJ_GM.mp4,E08_P20_AR_VHJ_GM,116047861,E08,P20,R,HJ,M,right,high_jitter,Both Leg Flexion,100.0,"[100.0, 100.0, 100.0]",3,True,20,train,2
11789106,E08_P20_AR_VLJ_GM.mp4,E08_P20_AR_VLJ_GM,106940916,E08,P20,R,LJ,M,right,low_jitter,Both Leg Flexion,100.0,"[100.0, 100.0, 100.0]",3,True,20,train,2
11789111,E08_P20_AR_VLL_GM.mp4,E08_P20_AR_VLL_GM,31372162,E08,P20,R,LL,M,right,low_light,Both Leg Flexion,100.0,"[100.0, 100.0, 100.0]",3,True,20,train,2
11789098,E08_P20_AR_VML_GM.mp4,E08_P20_AR_VML_GM,18184239,E08,P20,R,ML,M,right,medium_light,Both Leg Flexion,84.28571429,"[84.2857, 84.2857, 84.2857]",3,True,20,train,2
11789095,E08_P20_AR_VO_GM.mp4,E08_P20_AR_VO_GM,41873359,E08,P20,R,O,M,right,occlusion,Both Leg Flexion,84.28571429,"[84.2857, 84.2857, 84.2857]",3,True,20,train,2
11798532,E08_P21_AF_VFL_GM.mp4,E08_P21_AF_VFL_GM,20318600,E08,P21,F,FL,M,front,full_light,Both Leg Flexion,67.14285714,"[67.1429, 67.1429, 67.1429]",3,True,21,train,4
11798523,E08_P21_AF_VHJ_GM.mp4,E08_P21_AF_VHJ_GM,56182766,E08,P21,F,HJ,M,front,high_jitter,Both Leg Flexion,100.0,"[100.0, 100.0, 100.0]",3,True,21,train,4
11798490,E08_P21_AF_VLJ_GM.mp4,E08_P21_AF_VLJ_GM,46260220,E08,P21,F,LJ,M,front,low_jitter,Both Leg Flexion,97.61904762,"[92.8571, 100.0, 100.0]",3,True,21,train,4
11798513,E08_P21_AF_VLL_GM.mp4,E08_P21_AF_VLL_GM,28984291,E08,P21,F,LL,M,front,low_light,Both Leg Flexion,82.85714286,"[82.8571, 82.8571, 82.8571]",3,True,21,train,4
11798510,E08_P21_AF_VML_GM.mp4,E08_P21_AF_VML_GM,16605269,E08,P21,F,ML,M,front,medium_light,Both Leg Flexion,84.28571429,"[84.2857, 84.2857, 84.2857]",3,True,21,train,4
11798492,E08_P21_AF_VO_GM.mp4,E08_P21_AF_VO_GM,30260430,E08,P21,F,O,M,front,occlusion,Both Leg Flexion,100.0,"[100.0, 100.0, 100.0]",3,True,21,train,4
11798503,E08_P21_AL_VFL_GM.mp4,E08_P21_AL_VFL_GM,97270324,E08,P21,L,FL,M,left,full_light,Both Leg Flexion,67.14285714,"[67.1429, 67.1429, 67.1429]",3,True,21,train,4
11798527,E08_P21_AL_VHJ_GM.mp4,E08_P21_AL_VHJ_GM,111217217,E08,P21,L,HJ,M,left,high_jitter,Both Leg Flexion,100.0,"[100.0, 100.0, 100.0]",3,True,21,train,4
11798495,E08_P21_AL_VLJ_GM.mp4,E08_P21_AL_VLJ_GM,98099451,E08,P21,L,LJ,M,left,low_jitter,Both Leg Flexion,97.61904762,"[92.8571, 100.0, 100.0]",3,True,21,train,4
11798533,E08_P21_AL_VLL_GM.mp4,E08_P21_AL_VLL_GM,99758083,E08,P21,L,LL,M,left,low_light,Both Leg Flexion,82.85714286,"[82.8571, 82.8571, 82.8571]",3,True,21,train,4
11798525,E08_P21_AL_VML_GM.mp4,E08_P21_AL_VML_GM,102652007,E08,P21,L,ML,M,left,medium_light,Both Leg Flexion,84.28571429,"[84.2857, 84.2857, 84.2857]",3,True,21,train,4
11798491,E08_P21_AL_VO_GM.mp4,E08_P21_AL_VO_GM,105565375,E08,P21,L,O,M,left,occlusion,Both Leg Flexion,84.28571429,"[84.2857, 84.2857, 84.2857]",3,True,21,train,4
11798498,E08_P21_AR_VFL_GM.mp4,E08_P21_AR_VFL_GM,28277948,E08,P21,R,FL,M,right,full_light,Both Leg Flexion,65.71428571,"[65.7143, 65.7143, 65.7143]",3,True,21,train,4
11798534,E08_P21_AR_VHJ_GM.mp4,E08_P21_AR_VHJ_GM,110191116,E08,P21,R,HJ,M,right,high_jitter,Both Leg Flexion,100.0,"[100.0, 100.0, 100.0]",3,True,21,train,4
11798526,E08_P21_AR_VLJ_GM.mp4,E08_P21_AR_VLJ_GM,98637008,E08,P21,R,LJ,M,right,low_jitter,Both Leg Flexion,97.61904762,"[92.8571, 100.0, 100.0]",3,True,21,train,4
11798507,E08_P21_AR_VLL_GM.mp4,E08_P21_AR_VLL_GM,53492881,E08,P21,R,LL,M,right,low_light,Both Leg Flexion,84.28571429,"[84.2857, 84.2857, 84.2857]",3,True,21,train,4
11798517,E08_P21_AR_VML_GM.mp4,E08_P21_AR_VML_GM,20241661,E08,P21,R,ML,M,right,medium_light,Both Leg Flexion,84.28571429,"[84.2857, 84.2857, 84.2857]",3,True,21,train,4
11798530,E08_P21_AR_VO_GM.mp4,E08_P21_AR_VO_GM,39740796,E08,P21,R,O,M,right,occlusion,Both Leg Flexion,100.0,"[100.0, 100.0, 100.0]",3,True,21,train,4
11798499,E08_P22_AF_VFL_GM.mp4,E08_P22_AF_VFL_GM,13107923,E08,P22,F,FL,M,front,full_light,Both Leg Flexion,70.0,"[70.0, 70.0, 70.0]",3,True,22,train,4
11798518,E08_P22_AF_VHJ_GM.mp4,E08_P22_AF_VHJ_GM,51773498,E08,P22,F,HJ,M,front,high_jitter,Both Leg Flexion,100.0,"[100.0, 100.0, 100.0]",3,True,22,train,4
11798504,E08_P22_AF_VLJ_GM.mp4,E08_P22_AF_VLJ_GM,49411068,E08,P22,F,LJ,M,front,low_jitter,Both Leg Flexion,84.28571429,"[84.2857, 84.2857, 84.2857]",3,True,22,train,4
11798524,E08_P22_AF_VLL_GM.mp4,E08_P22_AF_VLL_GM,30187803,E08,P22,F,LL,M,front,low_light,Both Leg Flexion,80.0,"[80.0, 80.0, 80.0]",3,True,22,train,4
11798516,E08_P22_AF_VML_GM.mp4,E08_P22_AF_VML_GM,30663793,E08,P22,F,ML,M,front,medium_light,Both Leg Flexion,97.61904762,"[92.8571, 100.0, 100.0]",3,True,22,train,4
11798497,E08_P22_AF_VO_GM.mp4,E08_P22_AF_VO_GM,47028021,E08,P22,F,O,M,front,occlusion,Both Leg Flexion,97.61904762,"[92.8571, 100.0, 100.0]",3,True,22,train,4
11798508,E08_P22_AL_VFL_GM.mp4,E08_P22_AL_VFL_GM,95432668,E08,P22,L,FL,M,left,full_light,Both Leg Flexion,70.0,"[70.0, 70.0, 70.0]",3,True,22,train,4
11798489,E08_P22_AL_VHJ_GM.mp4,E08_P22_AL_VHJ_GM,111003188,E08,P22,L,HJ,M,left,high_jitter,Both Leg Flexion,100.0,"[100.0, 100.0, 100.0]",3,True,22,train,4
11798500,E08_P22_AL_VLJ_GM.mp4,E08_P22_AL_VLJ_GM,106668213,E08,P22,L,LJ,M,left,low_jitter,Both Leg Flexion,84.28571429,"[84.2857, 84.2857, 84.2857]",3,True,22,train,4
11798520,E08_P22_AL_VLL_GM.mp4,E08_P22_AL_VLL_GM,63368363,E08,P22,L,LL,M,left,low_light,Both Leg Flexion,78.57142857,"[78.5714, 78.5714, 78.5714]",3,True,22,train,4
11798514,E08_P22_AL_VML_GM.mp4,E08_P22_AL_VML_GM,102740416,E08,P22,L,ML,M,left,medium_light,Both Leg Flexion,81.9047619,"[77.1429, 84.2857, 84.2857]",3,True,22,train,4
11798521,E08_P22_AL_VO_GM.mp4,E08_P22_AL_VO_GM,101536330,E08,P22,L,O,M,left,occlusion,Both Leg Flexion,97.61904762,"[92.8571, 100.0, 100.0]",3,True,22,train,4
11798488,E08_P22_AR_VFL_GM.mp4,E08_P22_AR_VFL_GM,21773261,E08,P22,R,FL,M,right,full_light,Both Leg Flexion,70.0,"[70.0, 70.0, 70.0]",3,True,22,train,4
11798501,E08_P22_AR_VHJ_GM.mp4,E08_P22_AR_VHJ_GM,100816632,E08,P22,R,HJ,M,right,high_jitter,Both Leg Flexion,82.85714286,"[82.8571, 82.8571, 82.8571]",3,True,22,train,4
11798506,E08_P22_AR_VLJ_GM.mp4,E08_P22_AR_VLJ_GM,108148893,E08,P22,R,LJ,M,right,low_jitter,Both Leg Flexion,84.28571429,"[84.2857, 84.2857, 84.2857]",3,True,22,train,4
11798496,E08_P22_AR_VLL_GM.mp4,E08_P22_AR_VLL_GM,25874812,E08,P22,R,LL,M,right,low_light,Both Leg Flexion,80.0,"[80.0, 80.0, 80.0]",3,True,22,train,4
11798536,E08_P22_AR_VML_GM.mp4,E08_P22_AR_VML_GM,25951289,E08,P22,R,ML,M,right,medium_light,Both Leg Flexion,97.61904762,"[92.8571, 100.0, 100.0]",3,True,22,train,4
11798529,E08_P22_AR_VO_GM.mp4,E08_P22_AR_VO_GM,31477309,E08,P22,R,O,M,right,occlusion,Both Leg Flexion,97.61904762,"[92.8571, 100.0, 100.0]",3,True,22,train,4
11798505,E08_P23_AF_VFL_GM.mp4,E08_P23_AF_VFL_GM,34021300,E08,P23,F,FL,M,front,full_light,Both Leg Flexion,100.0,"[100.0, 100.0, 100.0]",3,True,23,test,-1
11798522,E08_P23_AF_VHJ_GM.mp4,E08_P23_AF_VHJ_GM,55179486,E08,P23,F,HJ,M,front,high_jitter,Both Leg Flexion,100.0,"[100.0, 100.0, 100.0]",3,True,23,test,-1
11798519,E08_P23_AF_VLJ_GM.mp4,E08_P23_AF_VLJ_GM,72225987,E08,P23,F,LJ,M,front,low_jitter,Both Leg Flexion,100.0,"[100.0, 100.0, 100.0]",3,True,23,test,-1
11798509,E08_P23_AF_VLL_GM.mp4,E08_P23_AF_VLL_GM,41429499,E08,P23,F,LL,M,front,low_light,Both Leg Flexion,84.28571429,"[84.2857, 84.2857, 84.2857]",3,True,23,test,-1
11798502,E08_P23_AF_VML_GM.mp4,E08_P23_AF_VML_GM,31404882,E08,P23,F,ML,M,front,medium_light,Both Leg Flexion,100.0,"[100.0, 100.0, 100.0]",3,True,23,test,-1
11798511,E08_P23_AF_VO_GM.mp4,E08_P23_AF_VO_GM,39374872,E08,P23,F,O,M,front,occlusion,Both Leg Flexion,81.42857143,"[81.4286, 81.4286, 81.4286]",3,True,23,test,-1
11798494,E08_P23_AL_VFL_GM.mp4,E08_P23_AL_VFL_GM,134065131,E08,P23,L,FL,M,left,full_light,Both Leg Flexion,100.0,"[100.0, 100.0, 100.0]",3,True,23,test,-1
11798493,E08_P23_AL_VHJ_GM.mp4,E08_P23_AL_VHJ_GM,128123964,E08,P23,L,HJ,M,left,high_jitter,Both Leg Flexion,84.28571429,"[84.2857, 84.2857, 84.2857]",3,True,23,test,-1
11798515,E08_P23_AL_VLJ_GM.mp4,E08_P23_AL_VLJ_GM,130672403,E08,P23,L,LJ,M,left,low_jitter,Both Leg Flexion,100.0,"[100.0, 100.0, 100.0]",3,True,23,test,-1
11798512,E08_P23_AL_VLL_GM.mp4,E08_P23_AL_VLL_GM,116997841,E08,P23,L,LL,M,left,low_light,Both Leg Flexion,82.85714286,"[82.8571, 82.8571, 82.8571]",3,True,23,test,-1
11798531,E08_P23_AL_VML_GM.mp4,E08_P23_AL_VML_GM,142138897,E08,P23,L,ML,M,left,medium_light,Both Leg Flexion,100.0,"[100.0, 100.0, 100.0]",3,True,23,test,-1
11798528,E08_P23_AL_VO_GM.mp4,E08_P23_AL_VO_GM,132552014,E08,P23,L,O,M,left,occlusion,Both Leg Flexion,84.28571429,"[84.2857, 84.2857, 84.2857]",3,True,23,test,-1
11798537,E08_P23_AR_VFL_GM.mp4,E08_P23_AR_VFL_GM,40478649,E08,P23,R,FL,M,right,full_light,Both Leg Flexion,100.0,"[100.0, 100.0, 100.0]",3,True,23,test,-1
11798535,E08_P23_AR_VHJ_GM.mp4,E08_P23_AR_VHJ_GM,133651685,E08,P23,R,HJ,M,right,high_jitter,Both Leg Flexion,100.0,"[100.0, 100.0, 100.0]",3,True,23,test,-1
11798910,E08_P23_AR_VLJ_GM.mp4,E08_P23_AR_VLJ_GM,130702278,E08,P23,R,LJ,M,right,low_jitter,Both Leg Flexion,100.0,"[100.0, 100.0, 100.0]",3,True,23,test,-1
11798911,E08_P23_AR_VLL_GM.mp4,E08_P23_AR_VLL_GM,80148309,E08,P23,R,LL,M,right,low_light,Both Leg Flexion,84.28571429,"[84.2857, 84.2857, 84.2857]",3,True,23,test,-1
11798909,E08_P23_AR_VML_GM.mp4,E08_P23_AR_VML_GM,46379317,E08,P23,R,ML,M,right,medium_light,Both Leg Flexion,84.28571429,"[84.2857, 84.2857, 84.2857]",3,True,23,test,-1
11798912,E08_P23_AR_VO_GM.mp4,E08_P23_AR_VO_GM,39586931,E08,P23,R,O,M,right,occlusion,Both Leg Flexion,84.28571429,"[84.2857, 84.2857, 84.2857]",3,True,23,test,-1
11789266,E08_P27_AF_VFL_GM.mp4,E08_P27_AF_VFL_GM,10898155,E08,P27,F,FL,M,front,full_light,Both Leg Flexion,,[],0,False,27,train,3
11789278,E08_P27_AF_VLJ_GM.mp4,E08_P27_AF_VLJ_GM,10144235,E08,P27,F,LJ,M,front,low_jitter,Both Leg Flexion,,[],0,False,27,train,3
11789236,E08_P27_AF_VLL_GM.mp4,E08_P27_AF_VLL_GM,10059926,E08,P27,F,LL,M,front,low_light,Both Leg Flexion,,[],0,False,27,train,3
11789245,E08_P27_AF_VLR_GM.mp4,E08_P27_AF_VLR_GM,8931410,E08,P27,F,LR,M,front,low_resolution,Both Leg Flexion,,[],0,False,27,train,3
11789233,E08_P27_AF_VML_GM.mp4,E08_P27_AF_VML_GM,10705359,E08,P27,F,ML,M,front,medium_light,Both Leg Flexion,,[],0,False,27,train,3
11789189,E08_P27_AL_VFL_GM.mp4,E08_P27_AL_VFL_GM,9045663,E08,P27,L,FL,M,left,full_light,Both Leg Flexion,,[],0,False,27,train,3
11789216,E08_P27_AR_VFL_GM.mp4,E08_P27_AR_VFL_GM,7942096,E08,P27,R,FL,M,right,full_light,Both Leg Flexion,,[],0,False,27,train,3
11789264,E08_P28_AF_VFL_GM.mp4,E08_P28_AF_VFL_GM,17173907,E08,P28,F,FL,M,front,full_light,Both Leg Flexion,,[],0,False,28,train,4
11789215,E08_P28_AF_VHJ_GM.mp4,E08_P28_AF_VHJ_GM,19925923,E08,P28,F,HJ,M,front,high_jitter,Both Leg Flexion,,[],0,False,28,train,4
11789249,E08_P28_AF_VLJ_GM.mp4,E08_P28_AF_VLJ_GM,18483202,E08,P28,F,LJ,M,front,low_jitter,Both Leg Flexion,,[],0,False,28,train,4
11789256,E08_P28_AF_VLL_GM.mp4,E08_P28_AF_VLL_GM,13208913,E08,P28,F,LL,M,front,low_light,Both Leg Flexion,,[],0,False,28,train,4
11789267,E08_P28_AF_VML_GM.mp4,E08_P28_AF_VML_GM,11695906,E08,P28,F,ML,M,front,medium_light,Both Leg Flexion,,[],0,False,28,train,4
11789203,E08_P28_AF_VO_GM.mp4,E08_P28_AF_VO_GM,11527935,E08,P28,F,O,M,front,occlusion,Both Leg Flexion,,[],0,False,28,train,4
11789252,E08_P28_AL_VFL_GM.mp4,E08_P28_AL_VFL_GM,15475474,E08,P28,L,FL,M,left,full_light,Both Leg Flexion,,[],0,False,28,train,4
11789235,E08_P28_AR_VFL_GM.mp4,E08_P28_AR_VFL_GM,15297891,E08,P28,R,FL,M,right,full_light,Both Leg Flexion,,[],0,False,28,train,4
11789272,E08_P29_AF_VFL_GM.mp4,E08_P29_AF_VFL_GM,13202473,E08,P29,F,FL,M,front,full_light,Both Leg Flexion,,[],0,False,29,train,0
11789276,E08_P29_AF_VHJ_GM.mp4,E08_P29_AF_VHJ_GM,8749483,E08,P29,F,HJ,M,front,high_jitter,Both Leg Flexion,,[],0,False,29,train,0
11789265,E08_P29_AF_VLJ_GM.mp4,E08_P29_AF_VLJ_GM,12958524,E08,P29,F,LJ,M,front,low_jitter,Both Leg Flexion,,[],0,False,29,train,0
11789202,E08_P29_AF_VLL_GM.mp4,E08_P29_AF_VLL_GM,15558925,E08,P29,F,LL,M,front,low_light,Both Leg Flexion,,[],0,False,29,train,0
11789262,E08_P29_AF_VLR_GM.mp4,E08_P29_AF_VLR_GM,12501792,E08,P29,F,LR,M,front,low_resolution,Both Leg Flexion,,[],0,False,29,train,0
11789209,E08_P29_AF_VML_GM.mp4,E08_P29_AF_VML_GM,12551583,E08,P29,F,ML,M,front,medium_light,Both Leg Flexion,,[],0,False,29,train,0
11789261,E08_P29_AF_VO_GM.mp4,E08_P29_AF_VO_GM,12071625,E08,P29,F,O,M,front,occlusion,Both Leg Flexion,,[],0,False,29,train,0
11789279,E08_P29_AL_VFL_GM.mp4,E08_P29_AL_VFL_GM,11325851,E08,P29,L,FL,M,left,full_light,Both Leg Flexion,,[],0,False,29,train,0
11789213,E08_P29_AR_VFL_GM.mp4,E08_P29_AR_VFL_GM,11413746,E08,P29,R,FL,M,right,full_light,Both Leg Flexion,,[],0,False,29,train,0
11789214,E08_P31_AF_VO_GM.mp4,E08_P31_AF_VO_GM,12002023,E08,P31,F,O,M,front,occlusion,Both Leg Flexion,,[],0,False,31,test,-1
11789190,E08_P32_AF_VFL_GM.mp4,E08_P32_AF_VFL_GM,12806830,E08,P32,F,FL,M,front,full_light,Both Leg Flexion,,[],0,False,32,train,0
11789222,E08_P32_AF_VHJ_GM.mp4,E08_P32_AF_VHJ_GM,8736899,E08,P32,F,HJ,M,front,high_jitter,Both Leg Flexion,,[],0,False,32,train,0
11789255,E08_P32_AF_VLJ_GM.mp4,E08_P32_AF_VLJ_GM,9841591,E08,P32,F,LJ,M,front,low_jitter,Both Leg Flexion,,[],0,False,32,train,0
11789224,E08_P32_AF_VLL_GM.mp4,E08_P32_AF_VLL_GM,10638633,E08,P32,F,LL,M,front,low_light,Both Leg Flexion,,[],0,False,32,train,0
11789251,E08_P32_AF_VML_GM.mp4,E08_P32_AF_VML_GM,12036570,E08,P32,F,ML,M,front,medium_light,Both Leg Flexion,,[],0,False,32,train,0
11789269,E08_P32_AF_VO_GM.mp4,E08_P32_AF_VO_GM,9638334,E08,P32,F,O,M,front,occlusion,Both Leg Flexion,,[],0,False,32,train,0
11789260,E08_P32_AL_VFL_GM.mp4,E08_P32_AL_VFL_GM,10939730,E08,P32,L,FL,M,left,full_light,Both Leg Flexion,,[],0,False,32,train,0
11789239,E08_P32_AR_VFL_GM.mp4,E08_P32_AR_VFL_GM,12075955,E08,P32,R,FL,M,right,full_light,Both Leg Flexion,,[],0,False,32,train,0
11789201,E08_P35_AF_VFL_GM.mp4,E08_P35_AF_VFL_GM,10592336,E08,P35,F,FL,M,front,full_light,Both Leg Flexion,,[],0,False,35,train,2
11789228,E08_P35_AF_VHJ_GM.mp4,E08_P35_AF_VHJ_GM,7459028,E08,P35,F,HJ,M,front,high_jitter,Both Leg Flexion,,[],0,False,35,train,2
11789226,E08_P35_AF_VLJ_GM.mp4,E08_P35_AF_VLJ_GM,8765240,E08,P35,F,LJ,M,front,low_jitter,Both Leg Flexion,,[],0,False,35,train,2
11789180,E08_P35_AF_VLL_GM.mp4,E08_P35_AF_VLL_GM,10317928,E08,P35,F,LL,M,front,low_light,Both Leg Flexion,,[],0,False,35,train,2
11789231,E08_P35_AF_VLR_GM.mp4,E08_P35_AF_VLR_GM,2425442,E08,P35,F,LR,M,front,low_resolution,Both Leg Flexion,,[],0,False,35,train,2
11789199,E08_P35_AF_VML_GM.mp4,E08_P35_AF_VML_GM,9667882,E08,P35,F,ML,M,front,medium_light,Both Leg Flexion,,[],0,False,35,train,2
11789254,E08_P35_AL_VFL_GM.mp4,E08_P35_AL_VFL_GM,7779690,E08,P35,L,FL,M,left,full_light,Both Leg Flexion,,[],0,False,35,train,2
11789246,E08_P35_AR_VFL_GM.mp4,E08_P35_AR_VFL_GM,10577025,E08,P35,R,FL,M,right,full_light,Both Leg Flexion,,[],0,False,35,train,2
11789194,E08_P37_AF_VFL_GM.mp4,E08_P37_AF_VFL_GM,11402333,E08,P37,F,FL,M,front,full_light,Both Leg Flexion,,[],0,False,37,train,3
11789234,E08_P37_AF_VHJ_GM.mp4,E08_P37_AF_VHJ_GM,11917626,E08,P37,F,HJ,M,front,high_jitter,Both Leg Flexion,,[],0,False,37,train,3
11789275,E08_P37_AF_VLJ_GM.mp4,E08_P37_AF_VLJ_GM,8870195,E08,P37,F,LJ,M,front,low_jitter,Both Leg Flexion,,[],0,False,37,train,3
11789238,E08_P37_AF_VLL_GM.mp4,E08_P37_AF_VLL_GM,11635081,E08,P37,F,LL,M,front,low_light,Both Leg Flexion,,[],0,False,37,train,3
11789274,E08_P37_AF_VLR_GM.mp4,E08_P37_AF_VLR_GM,4363478,E08,P37,F,LR,M,front,low_resolution,Both Leg Flexion,,[],0,False,37,train,3
11789229,E08_P37_AF_VML_GM.mp4,E08_P37_AF_VML_GM,13597656,E08,P37,F,ML,M,front,medium_light,Both Leg Flexion,,[],0,False,37,train,3
11789197,E08_P37_AF_VO_GM.mp4,E08_P37_AF_VO_GM,9802200,E08,P37,F,O,M,front,occlusion,Both Leg Flexion,,[],0,False,37,train,3
11789283,E08_P37_AL_VFL_GM.mp4,E08_P37_AL_VFL_GM,11169246,E08,P37,L,FL,M,left,full_light,Both Leg Flexion,,[],0,False,37,train,3
11789223,E08_P37_AR_VFL_GM.mp4,E08_P37_AR_VFL_GM,10538111,E08,P37,R,FL,M,right,full_light,Both Leg Flexion,,[],0,False,37,train,3
11789277,E08_P38_AF_VFL_GM.mp4,E08_P38_AF_VFL_GM,11990579,E08,P38,F,FL,M,front,full_light,Both Leg Flexion,,[],0,False,38,train,1
11789188,E08_P38_AF_VHJ_GM.mp4,E08_P38_AF_VHJ_GM,10902547,E08,P38,F,HJ,M,front,high_jitter,Both Leg Flexion,,[],0,False,38,train,1
11789263,E08_P38_AF_VLJ_GM.mp4,E08_P38_AF_VLJ_GM,10876631,E08,P38,F,LJ,M,front,low_jitter,Both Leg Flexion,,[],0,False,38,train,1
11789204,E08_P38_AF_VLL_GM.mp4,E08_P38_AF_VLL_GM,10447809,E08,P38,F,LL,M,front,low_light,Both Leg Flexion,,[],0,False,38,train,1
11789280,E08_P38_AF_VLR_GM.mp4,E08_P38_AF_VLR_GM,3354376,E08,P38,F,LR,M,front,low_resolution,Both Leg Flexion,,[],0,False,38,train,1
11789282,E08_P38_AF_VML_GM.mp4,E08_P38_AF_VML_GM,9552135,E08,P38,F,ML,M,front,medium_light,Both Leg Flexion,,[],0,False,38,train,1
11789192,E08_P38_AF_VO_GM.mp4,E08_P38_AF_VO_GM,8356250,E08,P38,F,O,M,front,occlusion,Both Leg Flexion,,[],0,False,38,train,1
11789187,E08_P38_AL_VFL_GM.mp4,E08_P38_AL_VFL_GM,10231035,E08,P38,L,FL,M,left,full_light,Both Leg Flexion,,[],0,False,38,train,1
11789281,E08_P38_AR_VFL_GM.mp4,E08_P38_AR_VFL_GM,10551182,E08,P38,R,FL,M,right,full_light,Both Leg Flexion,,[],0,False,38,train,1
11789253,E08_P41_AF_VO_GM.mp4,E08_P41_AF_VO_GM,7172329,E08,P41,F,O,M,front,occlusion,Both Leg Flexion,,[],0,False,41,train,4
11789184,E08_P42_AF_VFL_GM.mp4,E08_P42_AF_VFL_GM,10317256,E08,P42,F,FL,M,front,full_light,Both Leg Flexion,,[],0,False,42,val,2
11789240,E08_P42_AF_VHJ_GM.mp4,E08_P42_AF_VHJ_GM,10482880,E08,P42,F,HJ,M,front,high_jitter,Both Leg Flexion,,[],0,False,42,val,2
11789206,E08_P42_AF_VLJ_GM.mp4,E08_P42_AF_VLJ_GM,9934837,E08,P42,F,LJ,M,front,low_jitter,Both Leg Flexion,,[],0,False,42,val,2
11789183,E08_P42_AF_VLL_GM.mp4,E08_P42_AF_VLL_GM,14442377,E08,P42,F,LL,M,front,low_light,Both Leg Flexion,,[],0,False,42,val,2
11789191,E08_P42_AF_VLR_GM.mp4,E08_P42_AF_VLR_GM,4327100,E08,P42,F,LR,M,front,low_resolution,Both Leg Flexion,,[],0,False,42,val,2
11789186,E08_P42_AF_VML_GM.mp4,E08_P42_AF_VML_GM,11772293,E08,P42,F,ML,M,front,medium_light,Both Leg Flexion,,[],0,False,42,val,2
11789230,E08_P42_AF_VO_GM.mp4,E08_P42_AF_VO_GM,10170433,E08,P42,F,O,M,front,occlusion,Both Leg Flexion,,[],0,False,42,val,2
11789247,E08_P42_AL_VFL_GM.mp4,E08_P42_AL_VFL_GM,9263307,E08,P42,L,FL,M,left,full_light,Both Leg Flexion,,[],0,False,42,val,2
11789232,E08_P42_AR_VFL_GM.mp4,E08_P42_AR_VFL_GM,10316039,E08,P42,R,FL,M,right,full_light,Both Leg Flexion,,[],0,False,42,val,2
11789273,E08_P45_AF_VFL_GM.mp4,E08_P45_AF_VFL_GM,10801934,E08,P45,F,FL,M,front,full_light,Both Leg Flexion,,[],0,False,45,train,2
11789250,E08_P45_AF_VHJ_GM.mp4,E08_P45_AF_VHJ_GM,9728231,E08,P45,F,HJ,M,front,high_jitter,Both Leg Flexion,,[],0,False,45,train,2
11789219,E08_P45_AF_VLJ_GM.mp4,E08_P45_AF_VLJ_GM,10736063,E08,P45,F,LJ,M,front,low_jitter,Both Leg Flexion,,[],0,False,45,train,2
11789227,E08_P45_AF_VML_GM.mp4,E08_P45_AF_VML_GM,10402254,E08,P45,F,ML,M,front,medium_light,Both Leg Flexion,,[],0,False,45,train,2
11789244,E08_P45_AL_VFL_GM.mp4,E08_P45_AL_VFL_GM,12683104,E08,P45,L,FL,M,left,full_light,Both Leg Flexion,,[],0,False,45,train,2
11789217,E08_P45_AR_VFL_GM.mp4,E08_P45_AR_VFL_GM,11925944,E08,P45,R,FL,M,right,full_light,Both Leg Flexion,,[],0,False,45,train,2
11789248,E08_P46_AF_VFL_GM.mp4,E08_P46_AF_VFL_GM,10776148,E08,P46,F,FL,M,front,full_light,Both Leg Flexion,,[],0,False,46,test,-1
11789225,E08_P46_AF_VHJ_GM.mp4,E08_P46_AF_VHJ_GM,10483414,E08,P46,F,HJ,M,front,high_jitter,Both Leg Flexion,,[],0,False,46,test,-1
11789208,E08_P46_AF_VLJ_GM.mp4,E08_P46_AF_VLJ_GM,10364459,E08,P46,F,LJ,M,front,low_jitter,Both Leg Flexion,,[],0,False,46,test,-1
11789198,E08_P46_AF_VML_GM.mp4,E08_P46_AF_VML_GM,10313221,E08,P46,F,ML,M,front,medium_light,Both Leg Flexion,,[],0,False,46,test,-1
11789207,E08_P46_AL_VFL_GM.mp4,E08_P46_AL_VFL_GM,10255530,E08,P46,L,FL,M,left,full_light,Both Leg Flexion,,[],0,False,46,test,-1
11789221,E08_P46_AR_VFL_GM.mp4,E08_P46_AR_VFL_GM,9336295,E08,P46,R,FL,M,right,full_light,Both Leg Flexion,,[],0,False,46,test,-1
11789210,E08_P47_AF_VFL_GM.mp4,E08_P47_AF_VFL_GM,10010690,E08,P47,F,FL,M,front,full_light,Both Leg Flexion,,[],0,False,47,train,2
11789218,E08_P47_AF_VHJ_GM.mp4,E08_P47_AF_VHJ_GM,10498918,E08,P47,F,HJ,M,front,high_jitter,Both Leg Flexion,,[],0,False,47,train,2
11789243,E08_P47_AF_VLJ_GM.mp4,E08_P47_AF_VLJ_GM,9981363,E08,P47,F,LJ,M,front,low_jitter,Both Leg Flexion,,[],0,False,47,train,2
11789259,E08_P47_AF_VML_GM.mp4,E08_P47_AF_VML_GM,10922649,E08,P47,F,ML,M,front,medium_light,Both Leg Flexion,,[],0,False,47,train,2
11789211,E08_P47_AL_VFL_GM.mp4,E08_P47_AL_VFL_GM,11892992,E08,P47,L,FL,M,left,full_light,Both Leg Flexion,,[],0,False,47,train,2
11789241,E08_P47_AR_VFL_GM.mp4,E08_P47_AR_VFL_GM,9948574,E08,P47,R,FL,M,right,full_light,Both Leg Flexion,,[],0,False,47,train,2
11789242,E08_P48_AF_VFL_GM.mp4,E08_P48_AF_VFL_GM,14086064,E08,P48,F,FL,M,front,full_light,Both Leg Flexion,,[],0,False,48,val,4
11789181,E08_P48_AF_VHJ_GM.mp4,E08_P48_AF_VHJ_GM,10484736,E08,P48,F,HJ,M,front,high_jitter,Both Leg Flexion,,[],0,False,48,val,4
11789258,E08_P48_AF_VLJ_GM.mp4,E08_P48_AF_VLJ_GM,10155002,E08,P48,F,LJ,M,front,low_jitter,Both Leg Flexion,,[],0,False,48,val,4
11789182,E08_P48_AF_VML_GM.mp4,E08_P48_AF_VML_GM,13625755,E08,P48,F,ML,M,front,medium_light,Both Leg Flexion,,[],0,False,48,val,4
11789200,E08_P48_AL_VFL_GM.mp4,E08_P48_AL_VFL_GM,10518357,E08,P48,L,FL,M,left,full_light,Both Leg Flexion,,[],0,False,48,val,4
11789196,E08_P48_AR_VFL_GM.mp4,E08_P48_AR_VFL_GM,11549341,E08,P48,R,FL,M,right,full_light,Both Leg Flexion,,[],0,False,48,val,4
11789205,E08_P49_AF_VFL_GM.mp4,E08_P49_AF_VFL_GM,12341299,E08,P49,F,FL,M,front,full_light,Both Leg Flexion,,[],0,False,49,train,0
11789268,E08_P49_AF_VHJ_GM.mp4,E08_P49_AF_VHJ_GM,9247864,E08,P49,F,HJ,M,front,high_jitter,Both Leg Flexion,,[],0,False,49,train,0
11789257,E08_P49_AF_VLJ_GM.mp4,E08_P49_AF_VLJ_GM,9831498,E08,P49,F,LJ,M,front,low_jitter,Both Leg Flexion,,[],0,False,49,train,0
11789270,E08_P49_AF_VML_GM.mp4,E08_P49_AF_VML_GM,9815660,E08,P49,F,ML,M,front,medium_light,Both Leg Flexion,,[],0,False,49,train,0
11789220,E08_P49_AL_VFL_GM.mp4,E08_P49_AL_VFL_GM,12821376,E08,P49,L,FL,M,left,full_light,Both Leg Flexion,,[],0,False,49,train,0
11789271,E08_P49_AR_VFL_GM.mp4,E08_P49_AR_VFL_GM,12396949,E08,P49,R,FL,M,right,full_light,Both Leg Flexion,,[],0,False,49,train,0
11789195,E08_P50_AF_VFL_GM.mp4,E08_P50_AF_VFL_GM,6306887,E08,P50,F,FL,M,front,full_light,Both Leg Flexion,,[],0,False,50,train,3
11789185,E08_P50_AF_VLJ_GM.mp4,E08_P50_AF_VLJ_GM,9669935,E08,P50,F,LJ,M,front,low_jitter,Both Leg Flexion,,[],0,False,50,train,3
11789193,E08_P50_AF_VML_GM.mp4,E08_P50_AF_VML_GM,9221521,E08,P50,F,ML,M,front,medium_light,Both Leg Flexion,,[],0,False,50,train,3
11789212,E08_P50_AL_VFL_GM.mp4,E08_P50_AL_VFL_GM,9772553,E08,P50,L,FL,M,left,full_light,Both Leg Flexion,,[],0,False,50,train,3
11789237,E08_P50_AR_VFL_GM.mp4,E08_P50_AR_VFL_GM,10021856,E08,P50,R,FL,M,right,full_light,Both Leg Flexion,,[],0,False,50,train,3
11798591,E09_P02_AF_VFL_GM.mp4,E09_P02_AF_VFL_GM,16391253,E09,P02,F,FL,M,front,full_light,Back Extension,100.0,"[100.0, 100.0, 100.0]",3,True,2,train,0
11798587,E09_P02_AF_VHJ_GM.mp4,E09_P02_AF_VHJ_GM,41322714,E09,P02,F,HJ,M,front,high_jitter,Back Extension,85.71428571,"[85.7143, 85.7143, 85.7143]",3,True,2,train,0
11798578,E09_P02_AF_VLJ_GM.mp4,E09_P02_AF_VLJ_GM,42260151,E09,P02,F,LJ,M,front,low_jitter,Back Extension,68.57142857,"[68.5714, 68.5714, 68.5714]",3,True,2,train,0
11798550,E09_P02_AF_VLL_GM.mp4,E09_P02_AF_VLL_GM,82666324,E09,P02,F,LL,M,front,low_light,Back Extension,68.57142857,"[68.5714, 68.5714, 68.5714]",3,True,2,train,0
11798543,E09_P02_AF_VML_GM.mp4,E09_P02_AF_VML_GM,15771012,E09,P02,F,ML,M,front,medium_light,Back Extension,97.61904762,"[92.8571, 100.0, 100.0]",3,True,2,train,0
11798559,E09_P02_AF_VO_GM.mp4,E09_P02_AF_VO_GM,20018997,E09,P02,F,O,M,front,occlusion,Back Extension,83.33333333,"[78.5714, 85.7143, 85.7143]",3,True,2,train,0
11798539,E09_P02_AL_VFL_GM.mp4,E09_P02_AL_VFL_GM,125414004,E09,P02,L,FL,M,left,full_light,Back Extension,100.0,"[100.0, 100.0, 100.0]",3,True,2,train,0
11798577,E09_P02_AL_VHJ_GM.mp4,E09_P02_AL_VHJ_GM,76179042,E09,P02,L,HJ,M,left,high_jitter,Back Extension,85.71428571,"[85.7143, 85.7143, 85.7143]",3,True,2,train,0
11798564,E09_P02_AL_VLJ_GM.mp4,E09_P02_AL_VLJ_GM,66612901,E09,P02,L,LJ,M,left,low_jitter,Back Extension,68.57142857,"[68.5714, 68.5714, 68.5714]",3,True,2,train,0
11798544,E09_P02_AL_VLL_GM.mp4,E09_P02_AL_VLL_GM,85226408,E09,P02,L,LL,M,left,low_light,Back Extension,67.14285714,"[67.1429, 67.1429, 67.1429]",3,True,2,train,0
11798562,E09_P02_AL_VML_GM.mp4,E09_P02_AL_VML_GM,109560902,E09,P02,L,ML,M,left,medium_light,Back Extension,97.61904762,"[92.8571, 100.0, 100.0]",3,True,2,train,0
11798555,E09_P02_AL_VO_GM.mp4,E09_P02_AL_VO_GM,77272171,E09,P02,L,O,M,left,occlusion,Back Extension,83.33333333,"[78.5714, 85.7143, 85.7143]",3,True,2,train,0
11798560,E09_P02_AR_VFL_GM.mp4,E09_P02_AR_VFL_GM,29906176,E09,P02,R,FL,M,right,full_light,Back Extension,100.0,"[100.0, 100.0, 100.0]",3,True,2,train,0
11798583,E09_P02_AR_VHJ_GM.mp4,E09_P02_AR_VHJ_GM,76040247,E09,P02,R,HJ,M,right,high_jitter,Back Extension,85.71428571,"[85.7143, 85.7143, 85.7143]",3,True,2,train,0
11798552,E09_P02_AR_VLJ_GM.mp4,E09_P02_AR_VLJ_GM,58807378,E09,P02,R,LJ,M,right,low_jitter,Back Extension,68.57142857,"[68.5714, 68.5714, 68.5714]",3,True,2,train,0
11798553,E09_P02_AR_VLL_GM.mp4,E09_P02_AR_VLL_GM,42565550,E09,P02,R,LL,M,right,low_light,Back Extension,68.57142857,"[68.5714, 68.5714, 68.5714]",3,True,2,train,0
11798542,E09_P02_AR_VML_GM.mp4,E09_P02_AR_VML_GM,27182379,E09,P02,R,ML,M,right,medium_light,Back Extension,97.61904762,"[92.8571, 100.0, 100.0]",3,True,2,train,0
11798551,E09_P02_AR_VO_GM.mp4,E09_P02_AR_VO_GM,52658354,E09,P02,R,O,M,right,occlusion,Back Extension,83.33333333,"[78.5714, 85.7143, 85.7143]",3,True,2,train,0
11798576,E09_P03_AF_VFL_GM.mp4,E09_P03_AF_VFL_GM,13573450,E09,P03,F,FL,M,front,full_light,Back Extension,100.0,"[100.0, 100.0, 100.0]",3,True,3,train,3
11798545,E09_P03_AF_VHJ_GM.mp4,E09_P03_AF_VHJ_GM,44836139,E09,P03,F,HJ,M,front,high_jitter,Back Extension,84.28571429,"[84.2857, 84.2857, 84.2857]",3,True,3,train,3
11798547,E09_P03_AF_VLJ_GM.mp4,E09_P03_AF_VLJ_GM,64394352,E09,P03,F,LJ,M,front,low_jitter,Back Extension,100.0,"[100.0, 100.0, 100.0]",3,True,3,train,3
11798589,E09_P03_AF_VLL_GM.mp4,E09_P03_AF_VLL_GM,36796612,E09,P03,F,LL,M,front,low_light,Back Extension,100.0,"[100.0, 100.0, 100.0]",3,True,3,train,3
11798580,E09_P03_AF_VML_GM.mp4,E09_P03_AF_VML_GM,16152184,E09,P03,F,ML,M,front,medium_light,Back Extension,97.61904762,"[92.8571, 100.0, 100.0]",3,True,3,train,3
11798540,E09_P03_AF_VO_GM.mp4,E09_P03_AF_VO_GM,23774096,E09,P03,F,O,M,front,occlusion,Back Extension,81.9047619,"[77.1429, 84.2857, 84.2857]",3,True,3,train,3
11798546,E09_P03_AL_VFL_GM.mp4,E09_P03_AL_VFL_GM,102245844,E09,P03,L,FL,M,left,full_light,Back Extension,100.0,"[100.0, 100.0, 100.0]",3,True,3,train,3
11798567,E09_P03_AL_VHJ_GM.mp4,E09_P03_AL_VHJ_GM,102467916,E09,P03,L,HJ,M,left,high_jitter,Back Extension,100.0,"[100.0, 100.0, 100.0]",3,True,3,train,3
11798575,E09_P03_AL_VLJ_GM.mp4,E09_P03_AL_VLJ_GM,110783876,E09,P03,L,LJ,M,left,low_jitter,Back Extension,100.0,"[100.0, 100.0, 100.0]",3,True,3,train,3
11798573,E09_P03_AL_VLL_GM.mp4,E09_P03_AL_VLL_GM,102384170,E09,P03,L,LL,M,left,low_light,Back Extension,100.0,"[100.0, 100.0, 100.0]",3,True,3,train,3
11798574,E09_P03_AL_VML_GM.mp4,E09_P03_AL_VML_GM,94513685,E09,P03,L,ML,M,left,medium_light,Back Extension,97.61904762,"[92.8571, 100.0, 100.0]",3,True,3,train,3
11798565,E09_P03_AL_VO_GM.mp4,E09_P03_AL_VO_GM,108498425,E09,P03,L,O,M,left,occlusion,Back Extension,81.9047619,"[77.1429, 84.2857, 84.2857]",3,True,3,train,3
11798584,E09_P03_AR_VFL_GM.mp4,E09_P03_AR_VFL_GM,11357574,E09,P03,R,FL,M,right,full_light,Back Extension,82.85714286,"[82.8571, 82.8571, 82.8571]",3,True,3,train,3
11798581,E09_P03_AR_VHJ_GM.mp4,E09_P03_AR_VHJ_GM,100504794,E09,P03,R,HJ,M,right,high_jitter,Back Extension,100.0,"[100.0, 100.0, 100.0]",3,True,3,train,3
11798566,E09_P03_AR_VLJ_GM.mp4,E09_P03_AR_VLJ_GM,110113735,E09,P03,R,LJ,M,right,low_jitter,Back Extension,100.0,"[100.0, 100.0, 100.0]",3,True,3,train,3
11798541,E09_P03_AR_VLL_GM.mp4,E09_P03_AR_VLL_GM,22930522,E09,P03,R,LL,M,right,low_light,Back Extension,100.0,"[100.0, 100.0, 100.0]",3,True,3,train,3
11798569,E09_P03_AR_VML_GM.mp4,E09_P03_AR_VML_GM,13958056,E09,P03,R,ML,M,right,medium_light,Back Extension,97.61904762,"[92.8571, 100.0, 100.0]",3,True,3,train,3
11798557,E09_P03_AR_VO_GM.mp4,E09_P03_AR_VO_GM,28889002,E09,P03,R,O,M,right,occlusion,Back Extension,81.9047619,"[77.1429, 84.2857, 84.2857]",3,True,3,train,3
11798561,E09_P04_AF_VFL_GM.mp4,E09_P04_AF_VFL_GM,13567146,E09,P04,F,FL,M,front,full_light,Back Extension,83.33333333,"[78.5714, 85.7143, 85.7143]",3,True,4,train,1
11798548,E09_P04_AF_VHJ_GM.mp4,E09_P04_AF_VHJ_GM,30574072,E09,P04,F,HJ,M,front,high_jitter,Back Extension,83.33333333,"[78.5714, 85.7143, 85.7143]",3,True,4,train,1
11798556,E09_P04_AF_VLJ_GM.mp4,E09_P04_AF_VLJ_GM,33594762,E09,P04,F,LJ,M,front,low_jitter,Back Extension,80.95238095,"[71.4286, 85.7143, 85.7143]",3,True,4,train,1
11798571,E09_P04_AF_VLL_GM.mp4,E09_P04_AF_VLL_GM,21153844,E09,P04,F,LL,M,front,low_light,Back Extension,65.23809524,"[55.7143, 70.0, 70.0]",3,True,4,train,1
11798590,E09_P04_AF_VML_GM.mp4,E09_P04_AF_VML_GM,19999543,E09,P04,F,ML,M,front,medium_light,Back Extension,80.95238095,"[71.4286, 85.7143, 85.7143]",3,True,4,train,1
11798538,E09_P04_AF_VO_GM.mp4,E09_P04_AF_VO_GM,23329404,E09,P04,F,O,M,front,occlusion,Back Extension,83.33333333,"[78.5714, 85.7143, 85.7143]",3,True,4,train,1
11798585,E09_P04_AL_VFL_GM.mp4,E09_P04_AL_VFL_GM,82624842,E09,P04,L,FL,M,left,full_light,Back Extension,83.33333333,"[78.5714, 85.7143, 85.7143]",3,True,4,train,1
11798558,E09_P04_AL_VHJ_GM.mp4,E09_P04_AL_VHJ_GM,62542380,E09,P04,L,HJ,M,left,high_jitter,Back Extension,83.33333333,"[78.5714, 85.7143, 85.7143]",3,True,4,train,1
11798570,E09_P04_AL_VLJ_GM.mp4,E09_P04_AL_VLJ_GM,61599784,E09,P04,L,LJ,M,left,low_jitter,Back Extension,65.23809524,"[55.7143, 70.0, 70.0]",3,True,4,train,1
11798572,E09_P04_AL_VLL_GM.mp4,E09_P04_AL_VLL_GM,58402382,E09,P04,L,LL,M,left,low_light,Back Extension,80.95238095,"[71.4286, 85.7143, 85.7143]",3,True,4,train,1
11798588,E09_P04_AL_VML_GM.mp4,E09_P04_AL_VML_GM,74741002,E09,P04,L,ML,M,left,medium_light,Back Extension,80.95238095,"[71.4286, 85.7143, 85.7143]",3,True,4,train,1
11798568,E09_P04_AL_VO_GM.mp4,E09_P04_AL_VO_GM,71846514,E09,P04,L,O,M,left,occlusion,Back Extension,83.33333333,"[78.5714, 85.7143, 85.7143]",3,True,4,train,1
11798563,E09_P04_AR_VFL_GM.mp4,E09_P04_AR_VFL_GM,16725768,E09,P04,R,FL,M,right,full_light,Back Extension,83.33333333,"[78.5714, 85.7143, 85.7143]",3,True,4,train,1
11798582,E09_P04_AR_VHJ_GM.mp4,E09_P04_AR_VHJ_GM,61924806,E09,P04,R,HJ,M,right,high_jitter,Back Extension,83.33333333,"[78.5714, 85.7143, 85.7143]",3,True,4,train,1
11798579,E09_P04_AR_VLJ_GM.mp4,E09_P04_AR_VLJ_GM,38147626,E09,P04,R,LJ,M,right,low_jitter,Back Extension,80.95238095,"[71.4286, 85.7143, 85.7143]",3,True,4,train,1
11798586,E09_P04_AR_VLL_GM.mp4,E09_P04_AR_VLL_GM,9908497,E09,P04,R,LL,M,right,low_light,Back Extension,65.23809524,"[55.7143, 70.0, 70.0]",3,True,4,train,1
11798554,E09_P04_AR_VML_GM.mp4,E09_P04_AR_VML_GM,9736975,E09,P04,R,ML,M,right,medium_light,Back Extension,65.23809524,"[55.7143, 70.0, 70.0]",3,True,4,train,1
11798549,E09_P04_AR_VO_GM.mp4,E09_P04_AR_VO_GM,25291156,E09,P04,R,O,M,right,occlusion,Back Extension,83.33333333,"[78.5714, 85.7143, 85.7143]",3,True,4,train,1
11798642,E09_P05_AF_VFL_GM.mp4,E09_P05_AF_VFL_GM,30243258,E09,P05,F,FL,M,front,full_light,Back Extension,71.42857143,"[71.4286, 71.4286, 71.4286]",3,True,5,train,3
11798600,E09_P05_AF_VHJ_GM.mp4,E09_P05_AF_VHJ_GM,35994410,E09,P05,F,HJ,M,front,high_jitter,Back Extension,81.9047619,"[77.1429, 84.2857, 84.2857]",3,True,5,train,3
11798603,E09_P05_AF_VLJ_GM.mp4,E09_P05_AF_VLJ_GM,55220812,E09,P05,F,LJ,M,front,low_jitter,Back Extension,88.0952381,"[92.8571, 85.7143, 85.7143]",3,True,5,train,3
11798592,E09_P05_AF_VLL_GM.mp4,E09_P05_AF_VLL_GM,61311965,E09,P05,F,LL,M,front,low_light,Back Extension,85.71428571,"[85.7143, 85.7143, 85.7143]",3,True,5,train,3
11798646,E09_P05_AF_VML_GM.mp4,E09_P05_AF_VML_GM,25599493,E09,P05,F,ML,M,front,medium_light,Back Extension,64.28571429,"[64.2857, 64.2857, 64.2857]",3,True,5,train,3
11798621,E09_P05_AF_VO_GM.mp4,E09_P05_AF_VO_GM,25588735,E09,P05,F,O,M,front,occlusion,Back Extension,85.71428571,"[85.7143, 85.7143, 85.7143]",3,True,5,train,3
11798593,E09_P05_AL_VFL_GM.mp4,E09_P05_AL_VFL_GM,132640910,E09,P05,L,FL,M,left,full_light,Back Extension,71.42857143,"[71.4286, 71.4286, 71.4286]",3,True,5,train,3
11798647,E09_P05_AL_VHJ_GM.mp4,E09_P05_AL_VHJ_GM,94589219,E09,P05,L,HJ,M,left,high_jitter,Back Extension,81.9047619,"[77.1429, 84.2857, 84.2857]",3,True,5,train,3
11798617,E09_P05_AL_VLJ_GM.mp4,E09_P05_AL_VLJ_GM,107863939,E09,P05,L,LJ,M,left,low_jitter,Back Extension,88.0952381,"[92.8571, 85.7143, 85.7143]",3,True,5,train,3
11798624,E09_P05_AL_VLL_GM.mp4,E09_P05_AL_VLL_GM,114853329,E09,P05,L,LL,M,left,low_light,Back Extension,85.71428571,"[85.7143, 85.7143, 85.7143]",3,True,5,train,3
11798596,E09_P05_AL_VML_GM.mp4,E09_P05_AL_VML_GM,78122104,E09,P05,L,ML,M,left,medium_light,Back Extension,64.28571429,"[64.2857, 64.2857, 64.2857]",3,True,5,train,3
11798651,E09_P05_AL_VO_GM.mp4,E09_P05_AL_VO_GM,103079315,E09,P05,L,O,M,left,occlusion,Back Extension,85.71428571,"[85.7143, 85.7143, 85.7143]",3,True,5,train,3
11798616,E09_P05_AR_VFL_GM.mp4,E09_P05_AR_VFL_GM,23145528,E09,P05,R,FL,M,right,full_light,Back Extension,71.42857143,"[71.4286, 71.4286, 71.4286]",3,True,5,train,3
11798599,E09_P05_AR_VHJ_GM.mp4,E09_P05_AR_VHJ_GM,97397302,E09,P05,R,HJ,M,right,high_jitter,Back Extension,81.9047619,"[77.1429, 84.2857, 84.2857]",3,True,5,train,3
11798625,E09_P05_AR_VLJ_GM.mp4,E09_P05_AR_VLJ_GM,88573409,E09,P05,R,LJ,M,right,low_jitter,Back Extension,88.0952381,"[92.8571, 85.7143, 85.7143]",3,True,5,train,3
11798634,E09_P05_AR_VLL_GM.mp4,E09_P05_AR_VLL_GM,25100266,E09,P05,R,LL,M,right,low_light,Back Extension,85.71428571,"[85.7143, 85.7143, 85.7143]",3,True,5,train,3
11798619,E09_P05_AR_VML_GM.mp4,E09_P05_AR_VML_GM,17146375,E09,P05,R,ML,M,right,medium_light,Back Extension,64.28571429,"[64.2857, 64.2857, 64.2857]",3,True,5,train,3
11798606,E09_P05_AR_VO_GM.mp4,E09_P05_AR_VO_GM,27175867,E09,P05,R,O,M,right,occlusion,Back Extension,85.71428571,"[85.7143, 85.7143, 85.7143]",3,True,5,train,3
11798628,E09_P06_AF_VFL_GM.mp4,E09_P06_AF_VFL_GM,30581998,E09,P06,F,FL,M,front,full_light,Back Extension,90.47619048,"[100.0, 85.7143, 85.7143]",3,True,6,train,3
11798643,E09_P06_AF_VHJ_GM.mp4,E09_P06_AF_VHJ_GM,76115411,E09,P06,F,HJ,M,front,high_jitter,Back Extension,100.0,"[100.0, 100.0, 100.0]",3,True,6,train,3
11798654,E09_P06_AF_VLJ_GM.mp4,E09_P06_AF_VLJ_GM,83871183,E09,P06,F,LJ,M,front,low_jitter,Back Extension,100.0,"[100.0, 100.0, 100.0]",3,True,6,train,3
11798629,E09_P06_AF_VLL_GM.mp4,E09_P06_AF_VLL_GM,82747338,E09,P06,F,LL,M,front,low_light,Back Extension,100.0,"[100.0, 100.0, 100.0]",3,True,6,train,3
11798605,E09_P06_AF_VML_GM.mp4,E09_P06_AF_VML_GM,22454888,E09,P06,F,ML,M,front,medium_light,Back Extension,100.0,"[100.0, 100.0, 100.0]",3,True,6,train,3
11798644,E09_P06_AF_VO_GM.mp4,E09_P06_AF_VO_GM,39583653,E09,P06,F,O,M,front,occlusion,Back Extension,100.0,"[100.0, 100.0, 100.0]",3,True,6,train,3
11798636,E09_P06_AL_VFL_GM.mp4,E09_P06_AL_VFL_GM,166877694,E09,P06,L,FL,M,left,full_light,Back Extension,90.47619048,"[100.0, 85.7143, 85.7143]",3,True,6,train,3
11798639,E09_P06_AL_VHJ_GM.mp4,E09_P06_AL_VHJ_GM,132439856,E09,P06,L,HJ,M,left,high_jitter,Back Extension,100.0,"[100.0, 100.0, 100.0]",3,True,6,train,3
11798602,E09_P06_AL_VLJ_GM.mp4,E09_P06_AL_VLJ_GM,147528003,E09,P06,L,LJ,M,left,low_jitter,Back Extension,100.0,"[100.0, 100.0, 100.0]",3,True,6,train,3
11798609,E09_P06_AL_VLL_GM.mp4,E09_P06_AL_VLL_GM,152090035,E09,P06,L,LL,M,left,low_light,Back Extension,100.0,"[100.0, 100.0, 100.0]",3,True,6,train,3
11798641,E09_P06_AL_VML_GM.mp4,E09_P06_AL_VML_GM,157179624,E09,P06,L,ML,M,left,medium_light,Back Extension,100.0,"[100.0, 100.0, 100.0]",3,True,6,train,3
11798638,E09_P06_AL_VO_GM.mp4,E09_P06_AL_VO_GM,137635890,E09,P06,L,O,M,left,occlusion,Back Extension,100.0,"[100.0, 100.0, 100.0]",3,True,6,train,3
11798627,E09_P06_AR_VFL_GM.mp4,E09_P06_AR_VFL_GM,21715285,E09,P06,R,FL,M,right,full_light,Back Extension,90.47619048,"[100.0, 85.7143, 85.7143]",3,True,6,train,3
11798653,E09_P06_AR_VHJ_GM.mp4,E09_P06_AR_VHJ_GM,138982768,E09,P06,R,HJ,M,right,high_jitter,Back Extension,100.0,"[100.0, 100.0, 100.0]",3,True,6,train,3
11798595,E09_P06_AR_VLJ_GM.mp4,E09_P06_AR_VLJ_GM,143941930,E09,P06,R,LJ,M,right,low_jitter,Back Extension,100.0,"[100.0, 100.0, 100.0]",3,True,6,train,3
11798626,E09_P06_AR_VLL_GM.mp4,E09_P06_AR_VLL_GM,27053714,E09,P06,R,LL,M,right,low_light,Back Extension,100.0,"[100.0, 100.0, 100.0]",3,True,6,train,3
11798608,E09_P06_AR_VML_GM.mp4,E09_P06_AR_VML_GM,20719302,E09,P06,R,ML,M,right,medium_light,Back Extension,100.0,"[100.0, 100.0, 100.0]",3,True,6,train,3
11798601,E09_P06_AR_VO_GM.mp4,E09_P06_AR_VO_GM,34845993,E09,P06,R,O,M,right,occlusion,Back Extension,100.0,"[100.0, 100.0, 100.0]",3,True,6,train,3
11798614,E09_P07_AF_VFL_GM.mp4,E09_P07_AF_VFL_GM,22712338,E09,P07,F,FL,M,front,full_light,Back Extension,100.0,"[100.0, 100.0, 100.0]",3,True,7,train,0
11798607,E09_P07_AF_VHJ_GM.mp4,E09_P07_AF_VHJ_GM,62002613,E09,P07,F,HJ,M,front,high_jitter,Back Extension,100.0,"[100.0, 100.0, 100.0]",3,True,7,train,0
11798652,E09_P07_AF_VLJ_GM.mp4,E09_P07_AF_VLJ_GM,69237856,E09,P07,F,LJ,M,front,low_jitter,Back Extension,62.38095238,"[52.8571, 67.1429, 67.1429]",3,True,7,train,0
11798655,E09_P07_AF_VLL_GM.mp4,E09_P07_AF_VLL_GM,52177714,E09,P07,F,LL,M,front,low_light,Back Extension,50.95238095,"[41.4286, 55.7143, 55.7143]",3,True,7,train,0
11798635,E09_P07_AF_VML_GM.mp4,E09_P07_AF_VML_GM,32279814,E09,P07,F,ML,M,front,medium_light,Back Extension,61.9047619,"[57.1429, 64.2857, 64.2857]",3,True,7,train,0
11798650,E09_P07_AF_VO_GM.mp4,E09_P07_AF_VO_GM,38606684,E09,P07,F,O,M,front,occlusion,Back Extension,97.61904762,"[92.8571, 100.0, 100.0]",3,True,7,train,0
11798620,E09_P07_AL_VFL_GM.mp4,E09_P07_AL_VFL_GM,105826612,E09,P07,L,FL,M,left,full_light,Back Extension,100.0,"[100.0, 100.0, 100.0]",3,True,7,train,0
11798598,E09_P07_AL_VHJ_GM.mp4,E09_P07_AL_VHJ_GM,122298562,E09,P07,L,HJ,M,left,high_jitter,Back Extension,100.0,"[100.0, 100.0, 100.0]",3,True,7,train,0
11798623,E09_P07_AL_VLJ_GM.mp4,E09_P07_AL_VLJ_GM,121191211,E09,P07,L,LJ,M,left,low_jitter,Back Extension,65.23809524,"[55.7143, 70.0, 70.0]",3,True,7,train,0
11798611,E09_P07_AL_VLL_GM.mp4,E09_P07_AL_VLL_GM,89085907,E09,P07,L,LL,M,left,low_light,Back Extension,50.95238095,"[41.4286, 55.7143, 55.7143]",3,True,7,train,0
11799351,E09_P07_AL_VML_GM.mp4,E09_P07_AL_VML_GM,100742034,E09,P07,L,ML,M,left,medium_light,Back Extension,66.19047619,"[61.4286, 68.5714, 68.5714]",3,True,7,train,0
11799349,E09_P07_AL_VO_GM.mp4,E09_P07_AL_VO_GM,131756467,E09,P07,L,O,M,left,occlusion,Back Extension,81.9047619,"[77.1429, 84.2857, 84.2857]",3,True,7,train,0
11799344,E09_P07_AR_VFL_GM.mp4,E09_P07_AR_VFL_GM,27805669,E09,P07,R,FL,M,right,full_light,Back Extension,100.0,"[100.0, 100.0, 100.0]",3,True,7,train,0
11798622,E09_P07_AR_VHJ_GM.mp4,E09_P07_AR_VHJ_GM,123016799,E09,P07,R,HJ,M,right,high_jitter,Back Extension,100.0,"[100.0, 100.0, 100.0]",3,True,7,train,0
11799346,E09_P07_AR_VLJ_GM.mp4,E09_P07_AR_VLJ_GM,104663884,E09,P07,R,LJ,M,right,low_jitter,Back Extension,63.80952381,"[54.2857, 68.5714, 68.5714]",3,True,7,train,0
11799341,E09_P07_AR_VLL_GM.mp4,E09_P07_AR_VLL_GM,25407624,E09,P07,R,LL,M,right,low_light,Back Extension,50.95238095,"[41.4286, 55.7143, 55.7143]",3,True,7,train,0
11799342,E09_P07_AR_VML_GM.mp4,E09_P07_AR_VML_GM,20605899,E09,P07,R,ML,M,right,medium_light,Back Extension,66.19047619,"[61.4286, 68.5714, 68.5714]",3,True,7,train,0
11799355,E09_P07_AR_VO_GM.mp4,E09_P07_AR_VO_GM,38495987,E09,P07,R,O,M,right,occlusion,Back Extension,81.9047619,"[77.1429, 84.2857, 84.2857]",3,True,7,train,0
11799350,E09_P08_AF_VFL_GM.mp4,E09_P08_AF_VFL_GM,40937356,E09,P08,F,FL,M,front,full_light,Back Extension,100.0,"[100.0, 100.0, 100.0]",3,True,8,val,1
11799352,E09_P08_AF_VHJ_GM.mp4,E09_P08_AF_VHJ_GM,41438640,E09,P08,F,HJ,M,front,high_jitter,Back Extension,40.47619048,"[35.7143, 42.8571, 42.8571]",3,True,8,val,1
11799356,E09_P08_AF_VLJ_GM.mp4,E09_P08_AF_VLJ_GM,39576414,E09,P08,F,LJ,M,front,low_jitter,Back Extension,42.85714286,"[42.8571, 42.8571, 42.8571]",3,True,8,val,1
11799358,E09_P08_AF_VLL_GM.mp4,E09_P08_AF_VLL_GM,65337931,E09,P08,F,LL,M,front,low_light,Back Extension,100.0,"[100.0, 100.0, 100.0]",3,True,8,val,1
11799364,E09_P08_AF_VML_GM.mp4,E09_P08_AF_VML_GM,36837827,E09,P08,F,ML,M,front,medium_light,Back Extension,64.76190476,"[60.0, 67.1429, 67.1429]",3,True,8,val,1
11799343,E09_P08_AF_VO_GM.mp4,E09_P08_AF_VO_GM,29673238,E09,P08,F,O,M,front,occlusion,Back Extension,85.71428571,"[85.7143, 85.7143, 85.7143]",3,True,8,val,1
11799360,E09_P08_AL_VFL_GM.mp4,E09_P08_AL_VFL_GM,133032224,E09,P08,L,FL,M,left,full_light,Back Extension,100.0,"[100.0, 100.0, 100.0]",3,True,8,val,1
11799353,E09_P08_AL_VHJ_GM.mp4,E09_P08_AL_VHJ_GM,79481939,E09,P08,L,HJ,M,left,high_jitter,Back Extension,40.47619048,"[35.7143, 42.8571, 42.8571]",3,True,8,val,1
11799345,E09_P08_AL_VLJ_GM.mp4,E09_P08_AL_VLJ_GM,73601043,E09,P08,L,LJ,M,left,low_jitter,Back Extension,42.85714286,"[42.8571, 42.8571, 42.8571]",3,True,8,val,1
11799362,E09_P08_AL_VLL_GM.mp4,E09_P08_AL_VLL_GM,86423113,E09,P08,L,LL,M,left,low_light,Back Extension,100.0,"[100.0, 100.0, 100.0]",3,True,8,val,1
11799348,E09_P08_AL_VML_GM.mp4,E09_P08_AL_VML_GM,88960543,E09,P08,L,ML,M,left,medium_light,Back Extension,66.19047619,"[61.4286, 68.5714, 68.5714]",3,True,8,val,1
11799340,E09_P08_AL_VO_GM.mp4,E09_P08_AL_VO_GM,78552840,E09,P08,L,O,M,left,occlusion,Back Extension,85.71428571,"[85.7143, 85.7143, 85.7143]",3,True,8,val,1
11799363,E09_P08_AR_VFL_GM.mp4,E09_P08_AR_VFL_GM,40609762,E09,P08,R,FL,M,right,full_light,Back Extension,100.0,"[100.0, 100.0, 100.0]",3,True,8,val,1
11799357,E09_P08_AR_VHJ_GM.mp4,E09_P08_AR_VHJ_GM,77657567,E09,P08,R,HJ,M,right,high_jitter,Back Extension,40.47619048,"[35.7143, 42.8571, 42.8571]",3,True,8,val,1
11799361,E09_P08_AR_VLJ_GM.mp4,E09_P08_AR_VLJ_GM,69704727,E09,P08,R,LJ,M,right,low_jitter,Back Extension,42.85714286,"[42.8571, 42.8571, 42.8571]",3,True,8,val,1
11799347,E09_P08_AR_VLL_GM.mp4,E09_P08_AR_VLL_GM,33692895,E09,P08,R,LL,M,right,low_light,Back Extension,100.0,"[100.0, 100.0, 100.0]",3,True,8,val,1
11799354,E09_P08_AR_VML_GM.mp4,E09_P08_AR_VML_GM,24879353,E09,P08,R,ML,M,right,medium_light,Back Extension,63.33333333,"[58.5714, 65.7143, 65.7143]",3,True,8,val,1
11799359,E09_P08_AR_VO_GM.mp4,E09_P08_AR_VO_GM,24479937,E09,P08,R,O,M,right,occlusion,Back Extension,85.71428571,"[85.7143, 85.7143, 85.7143]",3,True,8,val,1
11798618,E09_P17_AF_VFL_GM.mp4,E09_P17_AF_VFL_GM,38541950,E09,P17,F,FL,M,front,full_light,Back Extension,85.71428571,"[85.7143, 85.7143, 85.7143]",3,True,17,test,-1
11798640,E09_P17_AF_VHJ_GM.mp4,E09_P17_AF_VHJ_GM,63205036,E09,P17,F,HJ,M,front,high_jitter,Back Extension,85.71428571,"[85.7143, 85.7143, 85.7143]",3,True,17,test,-1
11798594,E09_P17_AF_VLJ_GM.mp4,E09_P17_AF_VLJ_GM,64850961,E09,P17,F,LJ,M,front,low_jitter,Back Extension,97.61904762,"[92.8571, 100.0, 100.0]",3,True,17,test,-1
11798615,E09_P17_AF_VLL_GM.mp4,E09_P17_AF_VLL_GM,85035666,E09,P17,F,LL,M,front,low_light,Back Extension,97.61904762,"[92.8571, 100.0, 100.0]",3,True,17,test,-1
11798649,E09_P17_AF_VML_GM.mp4,E09_P17_AF_VML_GM,48173274,E09,P17,F,ML,M,front,medium_light,Back Extension,100.0,"[100.0, 100.0, 100.0]",3,True,17,test,-1
11798645,E09_P17_AF_VO_GM.mp4,E09_P17_AF_VO_GM,44903074,E09,P17,F,O,M,front,occlusion,Back Extension,97.61904762,"[92.8571, 100.0, 100.0]",3,True,17,test,-1
11798631,E09_P17_AL_VHJ_GM.mp4,E09_P17_AL_VHJ_GM,123364636,E09,P17,L,HJ,M,left,high_jitter,Back Extension,68.57142857,"[68.5714, 68.5714, 68.5714]",3,True,17,test,-1
11798633,E09_P17_AL_VLJ_GM.mp4,E09_P17_AL_VLJ_GM,116076330,E09,P17,L,LJ,M,left,low_jitter,Back Extension,97.61904762,"[92.8571, 100.0, 100.0]",3,True,17,test,-1
11798637,E09_P17_AL_VLL_GM.mp4,E09_P17_AL_VLL_GM,125813062,E09,P17,L,LL,M,left,low_light,Back Extension,97.61904762,"[92.8571, 100.0, 100.0]",3,True,17,test,-1
11798630,E09_P17_AL_VML_GM.mp4,E09_P17_AL_VML_GM,145076148,E09,P17,L,ML,M,left,medium_light,Back Extension,100.0,"[100.0, 100.0, 100.0]",3,True,17,test,-1
11798597,E09_P17_AL_VO_GM.mp4,E09_P17_AL_VO_GM,113559854,E09,P17,L,O,M,left,occlusion,Back Extension,97.61904762,"[92.8571, 100.0, 100.0]",3,True,17,test,-1
11798613,E09_P17_AR_VFL_GM.mp4,E09_P17_AR_VFL_GM,22444084,E09,P17,R,FL,M,right,full_light,Back Extension,85.71428571,"[85.7143, 85.7143, 85.7143]",3,True,17,test,-1
11798612,E09_P17_AR_VHJ_GM.mp4,E09_P17_AR_VHJ_GM,125088835,E09,P17,R,HJ,M,right,high_jitter,Back Extension,85.71428571,"[85.7143, 85.7143, 85.7143]",3,True,17,test,-1
11798604,E09_P17_AR_VLJ_GM.mp4,E09_P17_AR_VLJ_GM,102656703,E09,P17,R,LJ,M,right,low_jitter,Back Extension,97.61904762,"[92.8571, 100.0, 100.0]",3,True,17,test,-1
11798648,E09_P17_AR_VLL_GM.mp4,E09_P17_AR_VLL_GM,30527728,E09,P17,R,LL,M,right,low_light,Back Extension,97.61904762,"[92.8571, 100.0, 100.0]",3,True,17,test,-1
11798610,E09_P17_AR_VML_GM.mp4,E09_P17_AR_VML_GM,19690322,E09,P17,R,ML,M,right,medium_light,Back Extension,100.0,"[100.0, 100.0, 100.0]",3,True,17,test,-1
11798632,E09_P17_AR_VO_GM.mp4,E09_P17_AR_VO_GM,38617418,E09,P17,R,O,M,right,occlusion,Back Extension,97.61904762,"[92.8571, 100.0, 100.0]",3,True,17,test,-1
11798658,E09_P18_AF_VFL_GM.mp4,E09_P18_AF_VFL_GM,27925980,E09,P18,F,FL,M,front,full_light,Back Extension,100.0,"[100.0, 100.0, 100.0]",3,True,18,test,-1
11798698,E09_P18_AF_VHJ_GM.mp4,E09_P18_AF_VHJ_GM,74296916,E09,P18,F,HJ,M,front,high_jitter,Back Extension,100.0,"[100.0, 100.0, 100.0]",3,True,18,test,-1
11798680,E09_P18_AF_VLJ_GM.mp4,E09_P18_AF_VLJ_GM,79890406,E09,P18,F,LJ,M,front,low_jitter,Back Extension,100.0,"[100.0, 100.0, 100.0]",3,True,18,test,-1
11798656,E09_P18_AF_VLL_GM.mp4,E09_P18_AF_VLL_GM,102022620,E09,P18,F,LL,M,front,low_light,Back Extension,100.0,"[100.0, 100.0, 100.0]",3,True,18,test,-1
11798709,E09_P18_AF_VML_GM.mp4,E09_P18_AF_VML_GM,65185253,E09,P18,F,ML,M,front,medium_light,Back Extension,100.0,"[100.0, 100.0, 100.0]",3,True,18,test,-1
11798670,E09_P18_AF_VO_GM.mp4,E09_P18_AF_VO_GM,59453243,E09,P18,F,O,M,front,occlusion,Back Extension,83.33333333,"[78.5714, 85.7143, 85.7143]",3,True,18,test,-1
11798665,E09_P18_AL_VFL_GM.mp4,E09_P18_AL_VFL_GM,134978930,E09,P18,L,FL,M,left,full_light,Back Extension,100.0,"[100.0, 100.0, 100.0]",3,True,18,test,-1
11798667,E09_P18_AL_VHJ_GM.mp4,E09_P18_AL_VHJ_GM,141608302,E09,P18,L,HJ,M,left,high_jitter,Back Extension,100.0,"[100.0, 100.0, 100.0]",3,True,18,test,-1
11798690,E09_P18_AL_VLJ_GM.mp4,E09_P18_AL_VLJ_GM,137881817,E09,P18,L,LJ,M,left,low_jitter,Back Extension,100.0,"[100.0, 100.0, 100.0]",3,True,18,test,-1
11798679,E09_P18_AL_VLL_GM.mp4,E09_P18_AL_VLL_GM,144112871,E09,P18,L,LL,M,left,low_light,Back Extension,100.0,"[100.0, 100.0, 100.0]",3,True,18,test,-1
11798663,E09_P18_AL_VML_GM.mp4,E09_P18_AL_VML_GM,134587530,E09,P18,L,ML,M,left,medium_light,Back Extension,100.0,"[100.0, 100.0, 100.0]",3,True,18,test,-1
11798664,E09_P18_AL_VO_GM.mp4,E09_P18_AL_VO_GM,158921704,E09,P18,L,O,M,left,occlusion,Back Extension,83.33333333,"[78.5714, 85.7143, 85.7143]",3,True,18,test,-1
11798669,E09_P18_AR_VFL_GM.mp4,E09_P18_AR_VFL_GM,16661003,E09,P18,R,FL,M,right,full_light,Back Extension,100.0,"[100.0, 100.0, 100.0]",3,True,18,test,-1
11798662,E09_P18_AR_VHJ_GM.mp4,E09_P18_AR_VHJ_GM,140429902,E09,P18,R,HJ,M,right,high_jitter,Back Extension,100.0,"[100.0, 100.0, 100.0]",3,True,18,test,-1
11798696,E09_P18_AR_VLJ_GM.mp4,E09_P18_AR_VLJ_GM,118786063,E09,P18,R,LJ,M,right,low_jitter,Back Extension,100.0,"[100.0, 100.0, 100.0]",3,True,18,test,-1
11798699,E09_P18_AR_VLL_GM.mp4,E09_P18_AR_VLL_GM,22265733,E09,P18,R,LL,M,right,low_light,Back Extension,100.0,"[100.0, 100.0, 100.0]",3,True,18,test,-1
11798701,E09_P18_AR_VML_GM.mp4,E09_P18_AR_VML_GM,18194193,E09,P18,R,ML,M,right,medium_light,Back Extension,100.0,"[100.0, 100.0, 100.0]",3,True,18,test,-1
11798700,E09_P18_AR_VO_GM.mp4,E09_P18_AR_VO_GM,56403599,E09,P18,R,O,M,right,occlusion,Back Extension,67.61904762,"[62.8571, 70.0, 70.0]",3,True,18,test,-1
11798678,E09_P19_AF_VFL_GM.mp4,E09_P19_AF_VFL_GM,33665732,E09,P19,F,FL,M,front,full_light,Back Extension,84.28571429,"[84.2857, 84.2857, 84.2857]",3,True,19,test,-1
11798677,E09_P19_AF_VHJ_GM.mp4,E09_P19_AF_VHJ_GM,65540388,E09,P19,F,HJ,M,front,high_jitter,Back Extension,100.0,"[100.0, 100.0, 100.0]",3,True,19,test,-1
11798668,E09_P19_AF_VLJ_GM.mp4,E09_P19_AF_VLJ_GM,72273602,E09,P19,F,LJ,M,front,low_jitter,Back Extension,100.0,"[100.0, 100.0, 100.0]",3,True,19,test,-1
11798671,E09_P19_AF_VLL_GM.mp4,E09_P19_AF_VLL_GM,86325862,E09,P19,F,LL,M,front,low_light,Back Extension,84.28571429,"[84.2857, 84.2857, 84.2857]",3,True,19,test,-1
11798705,E09_P19_AF_VML_GM.mp4,E09_P19_AF_VML_GM,33423211,E09,P19,F,ML,M,front,medium_light,Back Extension,84.28571429,"[84.2857, 84.2857, 84.2857]",3,True,19,test,-1
11798694,E09_P19_AF_VO_GM.mp4,E09_P19_AF_VO_GM,57206225,E09,P19,F,O,M,front,occlusion,Back Extension,100.0,"[100.0, 100.0, 100.0]",3,True,19,test,-1
11798661,E09_P19_AL_VFL_GM.mp4,E09_P19_AL_VFL_GM,136040055,E09,P19,L,FL,M,left,full_light,Back Extension,84.28571429,"[84.2857, 84.2857, 84.2857]",3,True,19,test,-1
11798659,E09_P19_AL_VHJ_GM.mp4,E09_P19_AL_VHJ_GM,138309460,E09,P19,L,HJ,M,left,high_jitter,Back Extension,100.0,"[100.0, 100.0, 100.0]",3,True,19,test,-1
11798695,E09_P19_AL_VLJ_GM.mp4,E09_P19_AL_VLJ_GM,133902154,E09,P19,L,LJ,M,left,low_jitter,Back Extension,100.0,"[100.0, 100.0, 100.0]",3,True,19,test,-1
11798708,E09_P19_AL_VLL_GM.mp4,E09_P19_AL_VLL_GM,148917371,E09,P19,L,LL,M,left,low_light,Back Extension,82.85714286,"[82.8571, 82.8571, 82.8571]",3,True,19,test,-1
11798673,E09_P19_AL_VML_GM.mp4,E09_P19_AL_VML_GM,127977796,E09,P19,L,ML,M,left,medium_light,Back Extension,84.28571429,"[84.2857, 84.2857, 84.2857]",3,True,19,test,-1
11798697,E09_P19_AL_VO_GM.mp4,E09_P19_AL_VO_GM,152327372,E09,P19,L,O,M,left,occlusion,Back Extension,100.0,"[100.0, 100.0, 100.0]",3,True,19,test,-1
11798682,E09_P19_AR_VFL_GM.mp4,E09_P19_AR_VFL_GM,16566354,E09,P19,R,FL,M,right,full_light,Back Extension,84.28571429,"[84.2857, 84.2857, 84.2857]",3,True,19,test,-1
11798693,E09_P19_AR_VHJ_GM.mp4,E09_P19_AR_VHJ_GM,140077989,E09,P19,R,HJ,M,right,high_jitter,Back Extension,100.0,"[100.0, 100.0, 100.0]",3,True,19,test,-1
11798672,E09_P19_AR_VLJ_GM.mp4,E09_P19_AR_VLJ_GM,129899164,E09,P19,R,LJ,M,right,low_jitter,Back Extension,100.0,"[100.0, 100.0, 100.0]",3,True,19,test,-1
11798681,E09_P19_AR_VLL_GM.mp4,E09_P19_AR_VLL_GM,21864430,E09,P19,R,LL,M,right,low_light,Back Extension,82.85714286,"[82.8571, 82.8571, 82.8571]",3,True,19,test,-1
11798706,E09_P19_AR_VML_GM.mp4,E09_P19_AR_VML_GM,16644056,E09,P19,R,ML,M,right,medium_light,Back Extension,84.28571429,"[84.2857, 84.2857, 84.2857]",3,True,19,test,-1
11798685,E09_P19_AR_VO_GM.mp4,E09_P19_AR_VO_GM,51982179,E09,P19,R,O,M,right,occlusion,Back Extension,100.0,"[100.0, 100.0, 100.0]",3,True,19,test,-1
11798692,E09_P20_AF_VFL_GM.mp4,E09_P20_AF_VFL_GM,35366869,E09,P20,F,FL,M,front,full_light,Back Extension,100.0,"[100.0, 100.0, 100.0]",3,True,20,train,2
11798687,E09_P20_AF_VHJ_GM.mp4,E09_P20_AF_VHJ_GM,50135355,E09,P20,F,HJ,M,front,high_jitter,Back Extension,85.71428571,"[85.7143, 85.7143, 85.7143]",3,True,20,train,2
11798689,E09_P20_AF_VLJ_GM.mp4,E09_P20_AF_VLJ_GM,75016819,E09,P20,F,LJ,M,front,low_jitter,Back Extension,88.0952381,"[92.8571, 85.7143, 85.7143]",3,True,20,train,2
11798707,E09_P20_AF_VLL_GM.mp4,E09_P20_AF_VLL_GM,100458120,E09,P20,F,LL,M,front,low_light,Back Extension,76.19047619,"[85.7143, 71.4286, 71.4286]",3,True,20,train,2
11798676,E09_P20_AF_VML_GM.mp4,E09_P20_AF_VML_GM,35720890,E09,P20,F,ML,M,front,medium_light,Back Extension,97.61904762,"[92.8571, 100.0, 100.0]",3,True,20,train,2
11798657,E09_P20_AF_VO_GM.mp4,E09_P20_AF_VO_GM,56330569,E09,P20,F,O,M,front,occlusion,Back Extension,59.04761905,"[68.5714, 54.2857, 54.2857]",3,True,20,train,2
11798688,E09_P20_AL_VFL_GM.mp4,E09_P20_AL_VFL_GM,159598080,E09,P20,L,FL,M,left,full_light,Back Extension,100.0,"[100.0, 100.0, 100.0]",3,True,20,train,2
11798675,E09_P20_AL_VHJ_GM.mp4,E09_P20_AL_VHJ_GM,94789677,E09,P20,L,HJ,M,left,high_jitter,Back Extension,85.71428571,"[85.7143, 85.7143, 85.7143]",3,True,20,train,2
11798686,E09_P20_AL_VLJ_GM.mp4,E09_P20_AL_VLJ_GM,127228627,E09,P20,L,LJ,M,left,low_jitter,Back Extension,88.0952381,"[92.8571, 85.7143, 85.7143]",3,True,20,train,2
11798702,E09_P20_AL_VLL_GM.mp4,E09_P20_AL_VLL_GM,170064726,E09,P20,L,LL,M,left,low_light,Back Extension,76.19047619,"[85.7143, 71.4286, 71.4286]",3,True,20,train,2
11798660,E09_P20_AL_VML_GM.mp4,E09_P20_AL_VML_GM,140652772,E09,P20,L,ML,M,left,medium_light,Back Extension,97.61904762,"[92.8571, 100.0, 100.0]",3,True,20,train,2
11798666,E09_P20_AL_VO_GM.mp4,E09_P20_AL_VO_GM,127352575,E09,P20,L,O,M,left,occlusion,Back Extension,76.19047619,"[85.7143, 71.4286, 71.4286]",3,True,20,train,2
11798704,E09_P20_AR_VFL_GM.mp4,E09_P20_AR_VFL_GM,40798989,E09,P20,R,FL,M,right,full_light,Back Extension,100.0,"[100.0, 100.0, 100.0]",3,True,20,train,2
11798691,E09_P20_AR_VHJ_GM.mp4,E09_P20_AR_VHJ_GM,97365805,E09,P20,R,HJ,M,right,high_jitter,Back Extension,85.71428571,"[85.7143, 85.7143, 85.7143]",3,True,20,train,2
11798674,E09_P20_AR_VLJ_GM.mp4,E09_P20_AR_VLJ_GM,131315631,E09,P20,R,LJ,M,right,low_jitter,Back Extension,88.0952381,"[92.8571, 85.7143, 85.7143]",3,True,20,train,2
11798684,E09_P20_AR_VLL_GM.mp4,E09_P20_AR_VLL_GM,27449405,E09,P20,R,LL,M,right,low_light,Back Extension,76.19047619,"[85.7143, 71.4286, 71.4286]",3,True,20,train,2
11798683,E09_P20_AR_VML_GM.mp4,E09_P20_AR_VML_GM,19513430,E09,P20,R,ML,M,right,medium_light,Back Extension,97.61904762,"[92.8571, 100.0, 100.0]",3,True,20,train,2
11798703,E09_P20_AR_VO_GM.mp4,E09_P20_AR_VO_GM,39037213,E09,P20,R,O,M,right,occlusion,Back Extension,59.04761905,"[68.5714, 54.2857, 54.2857]",3,True,20,train,2
11799430,E09_P21_AF_VFL_GM.mp4,E09_P21_AF_VFL_GM,24962899,E09,P21,F,FL,M,front,full_light,Back Extension,54.76190476,"[50.0, 57.1429, 57.1429]",3,True,21,train,4
11799434,E09_P21_AF_VHJ_GM.mp4,E09_P21_AF_VHJ_GM,51420306,E09,P21,F,HJ,M,front,high_jitter,Back Extension,57.14285714,"[57.1429, 57.1429, 57.1429]",3,True,21,train,4
11799433,E09_P21_AF_VLJ_GM.mp4,E09_P21_AF_VLJ_GM,48242547,E09,P21,F,LJ,M,front,low_jitter,Back Extension,57.14285714,"[57.1429, 57.1429, 57.1429]",3,True,21,train,4
11799439,E09_P21_AF_VLL_GM.mp4,E09_P21_AF_VLL_GM,30050062,E09,P21,F,LL,M,front,low_light,Back Extension,42.85714286,"[42.8571, 42.8571, 42.8571]",3,True,21,train,4
11799438,E09_P21_AF_VML_GM.mp4,E09_P21_AF_VML_GM,22012001,E09,P21,F,ML,M,front,medium_light,Back Extension,45.23809524,"[50.0, 42.8571, 42.8571]",3,True,21,train,4
11799437,E09_P21_AF_VO_GM.mp4,E09_P21_AF_VO_GM,34232219,E09,P21,F,O,M,front,occlusion,Back Extension,54.76190476,"[50.0, 57.1429, 57.1429]",3,True,21,train,4
11799432,E09_P21_AL_VFL_GM.mp4,E09_P21_AL_VFL_GM,138161070,E09,P21,L,FL,M,left,full_light,Back Extension,54.76190476,"[50.0, 57.1429, 57.1429]",3,True,21,train,4
11799429,E09_P21_AL_VHJ_GM.mp4,E09_P21_AL_VHJ_GM,116258582,E09,P21,L,HJ,M,left,high_jitter,Back Extension,57.14285714,"[57.1429, 57.1429, 57.1429]",3,True,21,train,4
11799423,E09_P21_AL_VLJ_GM.mp4,E09_P21_AL_VLJ_GM,108875047,E09,P21,L,LJ,M,left,low_jitter,Back Extension,57.14285714,"[57.1429, 57.1429, 57.1429]",3,True,21,train,4
11799431,E09_P21_AL_VLL_GM.mp4,E09_P21_AL_VLL_GM,114804778,E09,P21,L,LL,M,left,low_light,Back Extension,42.85714286,"[42.8571, 42.8571, 42.8571]",3,True,21,train,4
11799436,E09_P21_AL_VML_GM.mp4,E09_P21_AL_VML_GM,119317484,E09,P21,L,ML,M,left,medium_light,Back Extension,45.23809524,"[50.0, 42.8571, 42.8571]",3,True,21,train,4
11799428,E09_P21_AL_VO_GM.mp4,E09_P21_AL_VO_GM,116928153,E09,P21,L,O,M,left,occlusion,Back Extension,54.76190476,"[50.0, 57.1429, 57.1429]",3,True,21,train,4
11799435,E09_P21_AR_VFL_GM.mp4,E09_P21_AR_VFL_GM,26805011,E09,P21,R,FL,M,right,full_light,Back Extension,54.76190476,"[50.0, 57.1429, 57.1429]",3,True,21,train,4
11799425,E09_P21_AR_VHJ_GM.mp4,E09_P21_AR_VHJ_GM,115666184,E09,P21,R,HJ,M,right,high_jitter,Back Extension,57.14285714,"[57.1429, 57.1429, 57.1429]",3,True,21,train,4
11799440,E09_P21_AR_VLJ_GM.mp4,E09_P21_AR_VLJ_GM,98507648,E09,P21,R,LJ,M,right,low_jitter,Back Extension,57.14285714,"[57.1429, 57.1429, 57.1429]",3,True,21,train,4
11799424,E09_P21_AR_VLL_GM.mp4,E09_P21_AR_VLL_GM,53826525,E09,P21,R,LL,M,right,low_light,Back Extension,42.85714286,"[42.8571, 42.8571, 42.8571]",3,True,21,train,4
11799427,E09_P21_AR_VML_GM.mp4,E09_P21_AR_VML_GM,17440381,E09,P21,R,ML,M,right,medium_light,Back Extension,45.23809524,"[50.0, 42.8571, 42.8571]",3,True,21,train,4
11799426,E09_P21_AR_VO_GM.mp4,E09_P21_AR_VO_GM,25244777,E09,P21,R,O,M,right,occlusion,Back Extension,54.76190476,"[50.0, 57.1429, 57.1429]",3,True,21,train,4
11799472,E09_P22_AF_VFL_GM.mp4,E09_P22_AF_VFL_GM,22538691,E09,P22,F,FL,M,front,full_light,Back Extension,80.0,"[80.0, 80.0, 80.0]",3,True,22,train,4
11799480,E09_P22_AF_VHJ_GM.mp4,E09_P22_AF_VHJ_GM,52663720,E09,P22,F,HJ,M,front,high_jitter,Back Extension,80.47619048,"[75.7143, 82.8571, 82.8571]",3,True,22,train,4
11799481,E09_P22_AF_VLJ_GM.mp4,E09_P22_AF_VLJ_GM,54174917,E09,P22,F,LJ,M,front,low_jitter,Back Extension,81.42857143,"[81.4286, 81.4286, 81.4286]",3,True,22,train,4
11799487,E09_P22_AF_VLL_GM.mp4,E09_P22_AF_VLL_GM,38982250,E09,P22,F,LL,M,front,low_light,Back Extension,64.28571429,"[64.2857, 64.2857, 64.2857]",3,True,22,train,4
11799484,E09_P22_AF_VML_GM.mp4,E09_P22_AF_VML_GM,32592606,E09,P22,F,ML,M,front,medium_light,Back Extension,100.0,"[100.0, 100.0, 100.0]",3,True,22,train,4
11799477,E09_P22_AF_VO_GM.mp4,E09_P22_AF_VO_GM,47111573,E09,P22,F,O,M,front,occlusion,Back Extension,100.0,"[100.0, 100.0, 100.0]",3,True,22,train,4
11799486,E09_P22_AL_VFL_GM.mp4,E09_P22_AL_VFL_GM,101151369,E09,P22,L,FL,M,left,full_light,Back Extension,80.0,"[80.0, 80.0, 80.0]",3,True,22,train,4
11799488,E09_P22_AL_VHJ_GM.mp4,E09_P22_AL_VHJ_GM,105474839,E09,P22,L,HJ,M,left,high_jitter,Back Extension,80.47619048,"[75.7143, 82.8571, 82.8571]",3,True,22,train,4
11799473,E09_P22_AL_VLJ_GM.mp4,E09_P22_AL_VLJ_GM,106418309,E09,P22,L,LJ,M,left,low_jitter,Back Extension,80.0,"[80.0, 80.0, 80.0]",3,True,22,train,4
11799478,E09_P22_AL_VLL_GM.mp4,E09_P22_AL_VLL_GM,97828942,E09,P22,L,LL,M,left,low_light,Back Extension,64.28571429,"[64.2857, 64.2857, 64.2857]",3,True,22,train,4
11799479,E09_P22_AL_VML_GM.mp4,E09_P22_AL_VML_GM,112857521,E09,P22,L,ML,M,left,medium_light,Back Extension,100.0,"[100.0, 100.0, 100.0]",3,True,22,train,4
11799482,E09_P22_AL_VO_GM.mp4,E09_P22_AL_VO_GM,115802124,E09,P22,L,O,M,left,occlusion,Back Extension,100.0,"[100.0, 100.0, 100.0]",3,True,22,train,4
11799483,E09_P22_AR_VFL_GM.mp4,E09_P22_AR_VFL_GM,22635429,E09,P22,R,FL,M,right,full_light,Back Extension,80.0,"[80.0, 80.0, 80.0]",3,True,22,train,4
11799476,E09_P22_AR_VHJ_GM.mp4,E09_P22_AR_VHJ_GM,107121615,E09,P22,R,HJ,M,right,high_jitter,Back Extension,81.9047619,"[77.1429, 84.2857, 84.2857]",3,True,22,train,4
11799485,E09_P22_AR_VLJ_GM.mp4,E09_P22_AR_VLJ_GM,106707295,E09,P22,R,LJ,M,right,low_jitter,Back Extension,82.85714286,"[82.8571, 82.8571, 82.8571]",3,True,22,train,4
11799475,E09_P22_AR_VLL_GM.mp4,E09_P22_AR_VLL_GM,31369283,E09,P22,R,LL,M,right,low_light,Back Extension,65.71428571,"[65.7143, 65.7143, 65.7143]",3,True,22,train,4
11799474,E09_P22_AR_VML_GM.mp4,E09_P22_AR_VML_GM,28864514,E09,P22,R,ML,M,right,medium_light,Back Extension,100.0,"[100.0, 100.0, 100.0]",3,True,22,train,4
11799489,E09_P22_AR_VO_GM.mp4,E09_P22_AR_VO_GM,41941643,E09,P22,R,O,M,right,occlusion,Back Extension,100.0,"[100.0, 100.0, 100.0]",3,True,22,train,4
11799500,E09_P23_AF_VFL_GM.mp4,E09_P23_AF_VFL_GM,43130591,E09,P23,F,FL,M,front,full_light,Back Extension,71.33333333,"[66.5714, 73.7143, 73.7143]",3,True,23,test,-1
11799497,E09_P23_AF_VHJ_GM.mp4,E09_P23_AF_VHJ_GM,60674674,E09,P23,F,HJ,M,front,high_jitter,Back Extension,97.61904762,"[92.8571, 100.0, 100.0]",3,True,23,test,-1
11799502,E09_P23_AF_VLJ_GM.mp4,E09_P23_AF_VLJ_GM,63771190,E09,P23,F,LJ,M,front,low_jitter,Back Extension,97.61904762,"[92.8571, 100.0, 100.0]",3,True,23,test,-1
11799501,E09_P23_AF_VLL_GM.mp4,E09_P23_AF_VLL_GM,47967947,E09,P23,F,LL,M,front,low_light,Back Extension,100.0,"[100.0, 100.0, 100.0]",3,True,23,test,-1
11799509,E09_P23_AF_VML_GM.mp4,E09_P23_AF_VML_GM,44323432,E09,P23,F,ML,M,front,medium_light,Back Extension,51.42857143,"[51.4286, 51.4286, 51.4286]",3,True,23,test,-1
11799510,E09_P23_AF_VO_GM.mp4,E09_P23_AF_VO_GM,51522916,E09,P23,F,O,M,front,occlusion,Back Extension,78.57142857,"[78.5714, 78.5714, 78.5714]",3,True,23,test,-1
11799504,E09_P23_AL_VFL_GM.mp4,E09_P23_AL_VFL_GM,149597904,E09,P23,L,FL,M,left,full_light,Back Extension,71.33333333,"[66.5714, 73.7143, 73.7143]",3,True,23,test,-1
11799507,E09_P23_AL_VHJ_GM.mp4,E09_P23_AL_VHJ_GM,124718292,E09,P23,L,HJ,M,left,high_jitter,Back Extension,97.61904762,"[92.8571, 100.0, 100.0]",3,True,23,test,-1
11799511,E09_P23_AL_VLJ_GM.mp4,E09_P23_AL_VLJ_GM,111967863,E09,P23,L,LJ,M,left,low_jitter,Back Extension,97.61904762,"[92.8571, 100.0, 100.0]",3,True,23,test,-1
11799496,E09_P23_AL_VLL_GM.mp4,E09_P23_AL_VLL_GM,136806743,E09,P23,L,LL,M,left,low_light,Back Extension,100.0,"[100.0, 100.0, 100.0]",3,True,23,test,-1
11799494,E09_P23_AL_VML_GM.mp4,E09_P23_AL_VML_GM,134324907,E09,P23,L,ML,M,left,medium_light,Back Extension,51.42857143,"[51.4286, 51.4286, 51.4286]",3,True,23,test,-1
11799499,E09_P23_AL_VO_GM.mp4,E09_P23_AL_VO_GM,121375636,E09,P23,L,O,M,left,occlusion,Back Extension,77.14285714,"[77.1429, 77.1429, 77.1429]",3,True,23,test,-1
11799495,E09_P23_AR_VFL_GM.mp4,E09_P23_AR_VFL_GM,39672921,E09,P23,R,FL,M,right,full_light,Back Extension,74.19047619,"[69.4286, 76.5714, 76.5714]",3,True,23,test,-1
11799503,E09_P23_AR_VHJ_GM.mp4,E09_P23_AR_VHJ_GM,126917223,E09,P23,R,HJ,M,right,high_jitter,Back Extension,80.47619048,"[75.7143, 82.8571, 82.8571]",3,True,23,test,-1
11799506,E09_P23_AR_VLJ_GM.mp4,E09_P23_AR_VLJ_GM,110998409,E09,P23,R,LJ,M,right,low_jitter,Back Extension,97.61904762,"[92.8571, 100.0, 100.0]",3,True,23,test,-1
11799505,E09_P23_AR_VLL_GM.mp4,E09_P23_AR_VLL_GM,91431777,E09,P23,R,LL,M,right,low_light,Back Extension,100.0,"[100.0, 100.0, 100.0]",3,True,23,test,-1
11799498,E09_P23_AR_VML_GM.mp4,E09_P23_AR_VML_GM,41163261,E09,P23,R,ML,M,right,medium_light,Back Extension,51.42857143,"[51.4286, 51.4286, 51.4286]",3,True,23,test,-1
11799508,E09_P23_AR_VO_GM.mp4,E09_P23_AR_VO_GM,43908751,E09,P23,R,O,M,right,occlusion,Back Extension,77.14285714,"[77.1429, 77.1429, 77.1429, 0.0, 0.0]",5,True,23,test,-1
11798821,E09_P27_AF_VFL_GM.mp4,E09_P27_AF_VFL_GM,8991335,E09,P27,F,FL,M,front,full_light,Back Extension,,[],0,False,27,train,3
11798840,E09_P27_AF_VLJ_GM.mp4,E09_P27_AF_VLJ_GM,10712649,E09,P27,F,LJ,M,front,low_jitter,Back Extension,,[],0,False,27,train,3
11798794,E09_P27_AF_VML_GM.mp4,E09_P27_AF_VML_GM,9948763,E09,P27,F,ML,M,front,medium_light,Back Extension,,[],0,False,27,train,3
11798803,E09_P27_AL_VFL_GM.mp4,E09_P27_AL_VFL_GM,10020306,E09,P27,L,FL,M,left,full_light,Back Extension,,[],0,False,27,train,3
11798868,E09_P27_AR_VFL_GM.mp4,E09_P27_AR_VFL_GM,10782853,E09,P27,R,FL,M,right,full_light,Back Extension,,[],0,False,27,train,3
11798797,E09_P28_AF_VFL_GM.mp4,E09_P28_AF_VFL_GM,16099706,E09,P28,F,FL,M,front,full_light,Back Extension,,[],0,False,28,train,4
11798819,E09_P28_AF_VHJ_GM.mp4,E09_P28_AF_VHJ_GM,12654879,E09,P28,F,HJ,M,front,high_jitter,Back Extension,,[],0,False,28,train,4
11798824,E09_P28_AF_VLJ_GM.mp4,E09_P28_AF_VLJ_GM,12379716,E09,P28,F,LJ,M,front,low_jitter,Back Extension,,[],0,False,28,train,4
11798825,E09_P28_AF_VLL_GM.mp4,E09_P28_AF_VLL_GM,18987680,E09,P28,F,LL,M,front,low_light,Back Extension,,[],0,False,28,train,4
11798790,E09_P28_AF_VLR_GM.mp4,E09_P28_AF_VLR_GM,5445272,E09,P28,F,LR,M,front,low_resolution,Back Extension,,[],0,False,28,train,4
11798795,E09_P28_AF_VML_GM.mp4,E09_P28_AF_VML_GM,15597348,E09,P28,F,ML,M,front,medium_light,Back Extension,,[],0,False,28,train,4
11798832,E09_P28_AF_VO_GM.mp4,E09_P28_AF_VO_GM,11180424,E09,P28,F,O,M,front,occlusion,Back Extension,,[],0,False,28,train,4
11798789,E09_P28_AL_VFL_GM.mp4,E09_P28_AL_VFL_GM,14934174,E09,P28,L,FL,M,left,full_light,Back Extension,,[],0,False,28,train,4
11798804,E09_P28_AR_VFL_GM.mp4,E09_P28_AR_VFL_GM,13022531,E09,P28,R,FL,M,right,full_light,Back Extension,,[],0,False,28,train,4
11798826,E09_P29_AF_VFL_GM.mp4,E09_P29_AF_VFL_GM,10208383,E09,P29,F,FL,M,front,full_light,Back Extension,,[],0,False,29,train,0
11798822,E09_P29_AF_VHJ_GM.mp4,E09_P29_AF_VHJ_GM,9700046,E09,P29,F,HJ,M,front,high_jitter,Back Extension,,[],0,False,29,train,0
11798841,E09_P29_AF_VLJ_GM.mp4,E09_P29_AF_VLJ_GM,7485591,E09,P29,F,LJ,M,front,low_jitter,Back Extension,,[],0,False,29,train,0
11798792,E09_P29_AF_VLR_GM.mp4,E09_P29_AF_VLR_GM,4872287,E09,P29,F,LR,M,front,low_resolution,Back Extension,,[],0,False,29,train,0
11798816,E09_P29_AF_VML_GM.mp4,E09_P29_AF_VML_GM,9621756,E09,P29,F,ML,M,front,medium_light,Back Extension,,[],0,False,29,train,0
11798820,E09_P29_AF_VO_GM.mp4,E09_P29_AF_VO_GM,8376294,E09,P29,F,O,M,front,occlusion,Back Extension,,[],0,False,29,train,0
11798786,E09_P29_AL_VFL_GM.mp4,E09_P29_AL_VFL_GM,10367915,E09,P29,L,FL,M,left,full_light,Back Extension,,[],0,False,29,train,0
11798842,E09_P29_AR_VFL_GM.mp4,E09_P29_AR_VFL_GM,10266109,E09,P29,R,FL,M,right,full_light,Back Extension,,[],0,False,29,train,0
11798829,E09_P31_AF_VFL_GM.mp4,E09_P31_AF_VFL_GM,3318244,E09,P31,F,FL,M,front,full_light,Back Extension,,[],0,False,31,test,-1
11798818,E09_P31_AF_VHJ_GM.mp4,E09_P31_AF_VHJ_GM,12257725,E09,P31,F,HJ,M,front,high_jitter,Back Extension,,[],0,False,31,test,-1
11798801,E09_P31_AF_VLJ_GM.mp4,E09_P31_AF_VLJ_GM,11819840,E09,P31,F,LJ,M,front,low_jitter,Back Extension,,[],0,False,31,test,-1
11798853,E09_P31_AF_VLL_GM.mp4,E09_P31_AF_VLL_GM,12053969,E09,P31,F,LL,M,front,low_light,Back Extension,,[],0,False,31,test,-1
11798871,E09_P31_AF_VLR_GM.mp4,E09_P31_AF_VLR_GM,17132424,E09,P31,F,LR,M,front,low_resolution,Back Extension,,[],0,False,31,test,-1
11798852,E09_P31_AF_VML_GM.mp4,E09_P31_AF_VML_GM,18176973,E09,P31,F,ML,M,front,medium_light,Back Extension,,[],0,False,31,test,-1
11798823,E09_P31_AF_VO_GM.mp4,E09_P31_AF_VO_GM,9860416,E09,P31,F,O,M,front,occlusion,Back Extension,,[],0,False,31,test,-1
11798814,E09_P31_AL_VFL_GM.mp4,E09_P31_AL_VFL_GM,10823440,E09,P31,L,FL,M,left,full_light,Back Extension,,[],0,False,31,test,-1
11798862,E09_P31_AR_VFL_GM.mp4,E09_P31_AR_VFL_GM,12404398,E09,P31,R,FL,M,right,full_light,Back Extension,,[],0,False,31,test,-1
11798806,E09_P32_AF_VFL_GM.mp4,E09_P32_AF_VFL_GM,4327666,E09,P32,F,FL,M,front,full_light,Back Extension,,[],0,False,32,train,0
11798791,E09_P32_AF_VHJ_GM.mp4,E09_P32_AF_VHJ_GM,6672130,E09,P32,F,HJ,M,front,high_jitter,Back Extension,,[],0,False,32,train,0
11798811,E09_P32_AF_VLJ_GM.mp4,E09_P32_AF_VLJ_GM,8468591,E09,P32,F,LJ,M,front,low_jitter,Back Extension,,[],0,False,32,train,0
11798866,E09_P32_AF_VLL_GM.mp4,E09_P32_AF_VLL_GM,5976853,E09,P32,F,LL,M,front,low_light,Back Extension,,[],0,False,32,train,0
11798860,E09_P32_AF_VLR_GM.mp4,E09_P32_AF_VLR_GM,7143099,E09,P32,F,LR,M,front,low_resolution,Back Extension,,[],0,False,32,train,0
11798793,E09_P32_AF_VML_GM.mp4,E09_P32_AF_VML_GM,6107251,E09,P32,F,ML,M,front,medium_light,Back Extension,,[],0,False,32,train,0
11798844,E09_P32_AL_VFL_GM.mp4,E09_P32_AL_VFL_GM,6672349,E09,P32,L,FL,M,left,full_light,Back Extension,,[],0,False,32,train,0
11798796,E09_P32_AR_VFL_GM.mp4,E09_P32_AR_VFL_GM,6770989,E09,P32,R,FL,M,right,full_light,Back Extension,,[],0,False,32,train,0
11798817,E09_P35_AF_VFL_GM.mp4,E09_P35_AF_VFL_GM,5881076,E09,P35,F,FL,M,front,full_light,Back Extension,,[],0,False,35,train,2
11798858,E09_P35_AF_VHJ_GM.mp4,E09_P35_AF_VHJ_GM,9947942,E09,P35,F,HJ,M,front,high_jitter,Back Extension,,[],0,False,35,train,2
11798799,E09_P35_AF_VLJ_GM.mp4,E09_P35_AF_VLJ_GM,7410782,E09,P35,F,LJ,M,front,low_jitter,Back Extension,,[],0,False,35,train,2
11798838,E09_P35_AF_VLL_GM.mp4,E09_P35_AF_VLL_GM,9560082,E09,P35,F,LL,M,front,low_light,Back Extension,,[],0,False,35,train,2
11798873,E09_P35_AF_VLR_GM.mp4,E09_P35_AF_VLR_GM,5135358,E09,P35,F,LR,M,front,low_resolution,Back Extension,,[],0,False,35,train,2
11798855,E09_P35_AF_VML_GM.mp4,E09_P35_AF_VML_GM,7780049,E09,P35,F,ML,M,front,medium_light,Back Extension,,[],0,False,35,train,2
11798864,E09_P35_AF_VO_GM.mp4,E09_P35_AF_VO_GM,7573433,E09,P35,F,O,M,front,occlusion,Back Extension,,[],0,False,35,train,2
11798827,E09_P35_AL_VFL_GM.mp4,E09_P35_AL_VFL_GM,6451451,E09,P35,L,FL,M,left,full_light,Back Extension,,[],0,False,35,train,2
11798863,E09_P35_AR_VFL_GM.mp4,E09_P35_AR_VFL_GM,8456728,E09,P35,R,FL,M,right,full_light,Back Extension,,[],0,False,35,train,2
11798810,E09_P37_AF_VO_GM.mp4,E09_P37_AF_VO_GM,7506900,E09,P37,F,O,M,front,occlusion,Back Extension,,[],0,False,37,train,3
11798831,E09_P38_AF_VFL_GM.mp4,E09_P38_AF_VFL_GM,9805554,E09,P38,F,FL,M,front,full_light,Back Extension,,[],0,False,38,train,1
11798848,E09_P38_AF_VHJ_GM.mp4,E09_P38_AF_VHJ_GM,11622432,E09,P38,F,HJ,M,front,high_jitter,Back Extension,,[],0,False,38,train,1
11798830,E09_P38_AF_VLJ_GM.mp4,E09_P38_AF_VLJ_GM,7979792,E09,P38,F,LJ,M,front,low_jitter,Back Extension,,[],0,False,38,train,1
11798839,E09_P38_AF_VLL_GM.mp4,E09_P38_AF_VLL_GM,8517417,E09,P38,F,LL,M,front,low_light,Back Extension,,[],0,False,38,train,1
11798857,E09_P38_AF_VLR_GM.mp4,E09_P38_AF_VLR_GM,2185368,E09,P38,F,LR,M,front,low_resolution,Back Extension,,[],0,False,38,train,1
11798872,E09_P38_AF_VML_GM.mp4,E09_P38_AF_VML_GM,10456224,E09,P38,F,ML,M,front,medium_light,Back Extension,,[],0,False,38,train,1
11798865,E09_P38_AF_VO_GM.mp4,E09_P38_AF_VO_GM,8336150,E09,P38,F,O,M,front,occlusion,Back Extension,,[],0,False,38,train,1
11798854,E09_P38_AL_VFL_GM.mp4,E09_P38_AL_VFL_GM,11466970,E09,P38,L,FL,M,left,full_light,Back Extension,,[],0,False,38,train,1
11798807,E09_P38_AR_VFL_GM.mp4,E09_P38_AR_VFL_GM,12106430,E09,P38,R,FL,M,right,full_light,Back Extension,,[],0,False,38,train,1
11798813,E09_P39_AF_VO_GM.mp4,E09_P39_AF_VO_GM,9072140,E09,P39,F,O,M,front,occlusion,Back Extension,,[],0,False,39,train,0
11798802,E09_P41_AF_VFL_GM.mp4,E09_P41_AF_VFL_GM,8738723,E09,P41,F,FL,M,front,full_light,Back Extension,,[],0,False,41,train,4
11798869,E09_P41_AF_VHJ_GM.mp4,E09_P41_AF_VHJ_GM,9318362,E09,P41,F,HJ,M,front,high_jitter,Back Extension,,[],0,False,41,train,4
11798787,E09_P41_AF_VLJ_GM.mp4,E09_P41_AF_VLJ_GM,9347431,E09,P41,F,LJ,M,front,low_jitter,Back Extension,,[],0,False,41,train,4
11798834,E09_P41_AF_VLL_GM.mp4,E09_P41_AF_VLL_GM,8562478,E09,P41,F,LL,M,front,low_light,Back Extension,,[],0,False,41,train,4
11798835,E09_P41_AF_VLR_GM.mp4,E09_P41_AF_VLR_GM,2811333,E09,P41,F,LR,M,front,low_resolution,Back Extension,,[],0,False,41,train,4
11798847,E09_P41_AF_VML_GM.mp4,E09_P41_AF_VML_GM,9978519,E09,P41,F,ML,M,front,medium_light,Back Extension,,[],0,False,41,train,4
11798833,E09_P41_AF_VO_GM.mp4,E09_P41_AF_VO_GM,9081191,E09,P41,F,O,M,front,occlusion,Back Extension,,[],0,False,41,train,4
11798856,E09_P41_AL_VFL_GM.mp4,E09_P41_AL_VFL_GM,7604793,E09,P41,L,FL,M,left,full_light,Back Extension,,[],0,False,41,train,4
11798828,E09_P41_AR_VFL_GM.mp4,E09_P41_AR_VFL_GM,7868298,E09,P41,R,FL,M,right,full_light,Back Extension,,[],0,False,41,train,4
11798788,E09_P42_AF_VFL_GM.mp4,E09_P42_AF_VFL_GM,9076947,E09,P42,F,FL,M,front,full_light,Back Extension,,[],0,False,42,val,2
11798867,E09_P42_AF_VHJ_GM.mp4,E09_P42_AF_VHJ_GM,10833070,E09,P42,F,HJ,M,front,high_jitter,Back Extension,,[],0,False,42,val,2
11798870,E09_P42_AF_VLJ_GM.mp4,E09_P42_AF_VLJ_GM,12639993,E09,P42,F,LJ,M,front,low_jitter,Back Extension,,[],0,False,42,val,2
11798845,E09_P42_AF_VLR_GM.mp4,E09_P42_AF_VLR_GM,4188505,E09,P42,F,LR,M,front,low_resolution,Back Extension,,[],0,False,42,val,2
11798861,E09_P42_AF_VML_GM.mp4,E09_P42_AF_VML_GM,7476275,E09,P42,F,ML,M,front,medium_light,Back Extension,,[],0,False,42,val,2
11798837,E09_P42_AF_VO_GM.mp4,E09_P42_AF_VO_GM,10365064,E09,P42,F,O,M,front,occlusion,Back Extension,,[],0,False,42,val,2
11798849,E09_P42_AL_VFL_GM.mp4,E09_P42_AL_VFL_GM,11130666,E09,P42,L,FL,M,left,full_light,Back Extension,,[],0,False,42,val,2
11798815,E09_P42_AR_VFL_GM.mp4,E09_P42_AR_VFL_GM,11287929,E09,P42,R,FL,M,right,full_light,Back Extension,,[],0,False,42,val,2
11798812,E09_P45_AF_VFL_GM.mp4,E09_P45_AF_VFL_GM,11358948,E09,P45,F,FL,M,front,full_light,Back Extension,,[],0,False,45,train,2
11798846,E09_P45_AF_VHJ_GM.mp4,E09_P45_AF_VHJ_GM,8927512,E09,P45,F,HJ,M,front,high_jitter,Back Extension,,[],0,False,45,train,2
11798859,E09_P45_AF_VLJ_GM.mp4,E09_P45_AF_VLJ_GM,9126013,E09,P45,F,LJ,M,front,low_jitter,Back Extension,,[],0,False,45,train,2
11798805,E09_P45_AF_VML_GM.mp4,E09_P45_AF_VML_GM,11321808,E09,P45,F,ML,M,front,medium_light,Back Extension,,[],0,False,45,train,2
11798836,E09_P45_AL_VFL_GM.mp4,E09_P45_AL_VFL_GM,10011956,E09,P45,L,FL,M,left,full_light,Back Extension,,[],0,False,45,train,2
11798798,E09_P45_AR_VFL_GM.mp4,E09_P45_AR_VFL_GM,12129615,E09,P45,R,FL,M,right,full_light,Back Extension,,[],0,False,45,train,2
11798809,E09_P46_AF_VFL_GM.mp4,E09_P46_AF_VFL_GM,10515027,E09,P46,F,FL,M,front,full_light,Back Extension,,[],0,False,46,test,-1
11798843,E09_P46_AF_VHJ_GM.mp4,E09_P46_AF_VHJ_GM,10578647,E09,P46,F,HJ,M,front,high_jitter,Back Extension,,[],0,False,46,test,-1
11798850,E09_P46_AF_VLJ_GM.mp4,E09_P46_AF_VLJ_GM,10480732,E09,P46,F,LJ,M,front,low_jitter,Back Extension,,[],0,False,46,test,-1
11798808,E09_P46_AF_VML_GM.mp4,E09_P46_AF_VML_GM,12207747,E09,P46,F,ML,M,front,medium_light,Back Extension,,[],0,False,46,test,-1
11798851,E09_P46_AL_VFL_GM.mp4,E09_P46_AL_VFL_GM,11140893,E09,P46,L,FL,M,left,full_light,Back Extension,,[],0,False,46,test,-1
11798800,E09_P46_AR_VFL_GM.mp4,E09_P46_AR_VFL_GM,11390812,E09,P46,R,FL,M,right,full_light,Back Extension,,[],0,False,46,test,-1
