Video Name,Judges,Primary Factors,,,,Control Factors,,,Assesment Score,,,
,,1,2,3,4,1,2,3,Total Mark,On scale of 100,Average Score,Rounding to 2 Decimal
E01_P01_AF_VFL_GM,Dr Mamun Mahmud,1,1,0,0.9,1,1,0,4.9,70,79.52380952,79.52
,Dr Abid Hasan Khan,1,1,0,0.9,1,1,1,5.9,84.28571429,,
,Dr Rayhan Islam,1,1,0,0.9,1,1,1,5.9,84.28571429,,
E01_P01_AL_VFL_GM,Dr Mamun Mahmud,1,1,0,0.8,1,1,0,4.8,68.57142857,78.0952381,78.1
,Dr Abid Hasan Khan,1,1,0,0.8,1,1,1,5.8,82.85714286,,
,Dr Rayhan Islam,1,1,0,0.8,1,1,1,5.8,82.85714286,,
E01_P01_AR_VFL_GM,Dr Mamun Mahmud,1,1,0,0.8,1,1,0,4.8,68.57142857,78.0952381,78.1
,Dr Abid Hasan Khan,1,1,0,0.8,1,1,1,5.8,82.85714286,,
,Dr Rayhan Islam,1,1,0,0.8,1,1,1,5.8,82.85714286,,
E01_P01_AF_VHJ_GM,Dr Mamun Mahmud,1,1,0,0.9,1,1,0,4.9,70,77.14285714,77.14
,Dr Abid Hasan Khan,1,1,0,0.9,0.5,1,1,5.4,77.14285714,,
,Dr Rayhan Islam,1,1,0,0.9,1,1,1,5.9,84.28571429,,
E01_P01_AL_VHJ_GM,Dr Mamun Mahmud,1,1,0,0.8,1,1,0,4.8,68.57142857,75.71428571,75.71
,Dr Abid Hasan Khan,1,1,0,0.8,0.5,1,1,5.3,75.71428571,,
,Dr Rayhan Islam,1,1,0,0.8,1,1,1,5.8,82.85714286,,
E01_P01_AR_VHJ_GM,Dr Mamun Mahmud,1,1,0,0.8,1,1,0,4.8,68.57142857,75.71428571,75.71
,Dr Abid Hasan Khan,1,1,0,0.8,0.5,1,1,5.3,75.71428571,,
,Dr Rayhan Islam,1,1,0,0.8,1,1,1,5.8,82.85714286,,
E01_P01_AF_VLJ_GM,Dr Mamun Mahmud,1,1,0,0.9,0.5,1,1,5.4,77.14285714,77.14285714,77.14
,Dr Abid Hasan Khan,1,1,0,0.9,0.5,1,1,5.4,77.14285714,,
,Dr Rayhan Islam,1,1,0,0.9,0.5,1,1,5.4,77.14285714,,
E01_P01_AL_VLJ_GM,Dr Mamun Mahmud,1,1,0,0.8,0.5,1,1,5.3,75.71428571,75.71428571,75.71
,Dr Abid Hasan Khan,1,1,0,0.8,0.5,1,1,5.3,75.71428571,,
,Dr Rayhan Islam,1,1,0,0.8,0.5,1,1,5.3,75.71428571,,
,Dr Mamun Mahmud,1,1,0,0.8,0.5,1,1,5.3,75.71428571,75.71428571,75.71
,Dr Abid Hasan Khan,1,1,0,0.8,0.5,1,1,5.3,75.71428571,,
,Dr Rayhan Islam,1,1,0,0.8,0.5,1,1,5.3,75.71428571,,
E01_P01_AF_VLL_GM,Dr Mamun Mahmud,1,1,0,0.9,0.5,1,1,5.4,77.14285714,77.14285714,77.14
,Dr Abid Hasan Khan,1,1,0,0.9,0.5,1,1,5.4,77.14285714,,
,Dr Rayhan Islam,1,1,0,0.9,0.5,1,1,5.4,77.14285714,,
E01_P01_AL_VLL_GM,Dr Mamun Mahmud,1,1,0,0.9,0.5,1,1,5.4,77.14285714,77.14285714,77.14
,Dr Abid Hasan Khan,1,1,0,0.9,0.5,1,1,5.4,77.14285714,,
,Dr Rayhan Islam,1,1,0,0.9,0.5,1,1,5.4,77.14285714,,
E01_P01_AR_VLL_GM,Dr Mamun Mahmud,1,1,0,0.8,0.5,1,1,5.3,75.71428571,75.71428571,75.71
,Dr Abid Hasan Khan,1,1,0,0.8,0.5,1,1,5.3,75.71428571,,
,Dr Rayhan Islam,1,1,0,0.8,0.5,1,1,5.3,75.71428571,,
E01_P01_AF_VML_GM,Dr Mamun Mahmud,1,1,1,1,1,1,1,7,100,100,100
,Dr Abid Hasan Khan,1,1,1,1,1,1,1,7,100,,
,Dr Rayhan Islam,1,1,1,1,1,1,1,7,100,,
E01_P01_AL_VML_GM,Dr Mamun Mahmud,1,1,1,1,1,1,1,7,100,100,100
,Dr Abid Hasan Khan,1,1,1,1,1,1,1,7,100,,
,Dr Rayhan Islam,1,1,1,1,1,1,1,7,100,,
E01_P01_AR_VML_GM,Dr Mamun Mahmud,1,1,0,0.9,1,1,1,5.9,84.28571429,84.28571429,84.29
,Dr Abid Hasan Khan,1,1,0,0.9,1,1,1,5.9,84.28571429,,
,Dr Rayhan Islam,1,1,0,0.9,1,1,1,5.9,84.28571429,,
E01_P01_AF_VO_GM,Dr Mamun Mahmud,1,1,0,0.9,0.5,0.5,1,4.9,70,74.76190476,74.76
,Dr Abid Hasan Khan,1,1,0,0.9,0.5,1,1,5.4,77.14285714,,
,Dr Rayhan Islam,1,1,0,0.9,0.5,1,1,5.4,77.14285714,,
E01_P01_AL_VO_GM,Dr Mamun Mahmud,1,1,0,0.8,0.5,0.5,1,4.8,68.57142857,73.33333333,73.33
,Dr Abid Hasan Khan,1,1,0,0.8,0.5,1,1,5.3,75.71428571,,
,Dr Rayhan Islam,1,1,0,0.8,0.5,1,1,5.3,75.71428571,,
E01_P01_AR_VO_GM,Dr Mamun Mahmud,1,1,0,0.8,0.5,0.5,1,4.8,68.57142857,73.33333333,73.33
,Dr Abid Hasan Khan,1,1,0,0.8,0.5,1,1,5.3,75.71428571,,
,Dr Rayhan Islam,1,1,0,0.8,0.5,1,1,5.3,75.71428571,,
E01_P02_AF_VFL_GM,Dr Mamun Mahmud,1,1,1,1,1,1,1,7,100,92.85714286,92.86
,Dr Abid Hasan Khan,1,1,1,1,0.5,1,1,6.5,92.85714286,,
,Dr Rayhan Islam,1,1,1,1,0,1,1,6,85.71428571,,
E01_P02_AL_VFL_GM,Dr Mamun Mahmud,1,1,1,1,1,1,1,7,100,92.85714286,92.86
,Dr Abid Hasan Khan,1,1,1,1,0.5,1,1,6.5,92.85714286,,
,Dr Rayhan Islam,1,1,1,1,0,1,1,6,85.71428571,,
E01_P02_AR_VFL_GM,Dr Mamun Mahmud,1,1,1,1,1,1,1,7,100,92.85714286,92.86
,Dr Abid Hasan Khan,1,1,1,1,0.5,1,1,6.5,92.85714286,,
,Dr Rayhan Islam,1,1,1,1,0,1,1,6,85.71428571,,
E01_P02_AF_VHJ_GM,Dr Mamun Mahmud,1,1,1,1,0.5,1,1,6.5,92.85714286,97.61904762,97.62
,Dr Abid Hasan Khan,1,1,1,1,1,1,1,7,100,,
,Dr Rayhan Islam,1,1,1,1,1,1,1,7,100,,
E01_P02_AL_VHJ_GM,Dr Mamun Mahmud,1,1,0,0.9,0.5,1,1,5.4,77.14285714,81.9047619,81.9
,Dr Abid Hasan Khan,1,1,0,0.9,1,1,1,5.9,84.28571429,,
,Dr Rayhan Islam,1,1,0,0.9,1,1,1,5.9,84.28571429,,
E01_P02_AR_VHJ_GM,Dr Mamun Mahmud,1,1,0,0.9,0.5,1,1,5.4,77.14285714,81.9047619,81.9
,Dr Abid Hasan Khan,1,1,0,0.9,1,1,1,5.9,84.28571429,,
,Dr Rayhan Islam,1,1,0,0.9,1,1,1,5.9,84.28571429,,
E01_P02_AF_VLJ_GM,Dr Mamun Mahmud,1,1,1,1,0,1,1,6,85.71428571,90.47619048,90.48
,Dr Abid Hasan Khan,1,1,1,1,0.5,1,1,6.5,92.85714286,,
,Dr Rayhan Islam,1,1,1,1,0.5,1,1,6.5,92.85714286,,
E01_P02_AL_VLJ_GM,Dr Mamun Mahmud,1,1,0,0.9,0,1,1,4.9,70,74.76190476,74.76
,Dr Abid Hasan Khan,1,1,0,0.9,0.5,1,1,5.4,77.14285714,,
,Dr Rayhan Islam,1,1,0,0.9,0.5,1,1,5.4,77.14285714,,
E01_P02_AR_VLJ_GM,Dr Mamun Mahmud,1,1,0,0.9,0,1,1,4.9,70,74.76190476,74.76
,Dr Abid Hasan Khan,1,1,0,0.9,0.5,1,1,5.4,77.14285714,,
,Dr Rayhan Islam,1,1,0,0.9,0.5,1,1,5.4,77.14285714,,
E01_P02_AF_VLL_GM,Dr Mamun Mahmud,1,1,0,0.9,0.5,1,1,5.4,77.14285714,79.52380952,79.52
,Dr Abid Hasan Khan,1,1,0,0.9,0.5,1,1,5.4,77.14285714,,
,Dr Rayhan Islam,1,1,0,0.9,1,1,1,5.9,84.28571429,,
E01_P02_AL_VLL_GM,Dr Mamun Mahmud,1,1,0,0.8,0.5,1,1,5.3,75.71428571,78.0952381,78.1
,Dr Abid Hasan Khan,1,1,0,0.8,0.5,1,1,5.3,75.71428571,,
,Dr Rayhan Islam,1,1,0,0.8,1,1,1,5.8,82.85714286,,
E01_P02_AR_VLL_GM,Dr Mamun Mahmud,1,1,0,0.7,0.5,1,1,5.2,74.28571429,76.66666667,76.67
,Dr Abid Hasan Khan,1,1,0,0.7,0.5,1,1,5.2,74.28571429,,
,Dr Rayhan Islam,1,1,0,0.7,1,1,1,5.7,81.42857143,,
E01_P02_AF_VML_GM,Dr Mamun Mahmud,1,1,1,1,1,1,1,7,100,95.23809524,95.24
,Dr Abid Hasan Khan,1,0.5,1,1,1,1,1,6.5,92.85714286,,
,Dr Rayhan Islam,1,0.5,1,1,1,1,1,6.5,92.85714286,,
E01_P02_AL_VML_GM,Dr Mamun Mahmud,1,1,0,0.9,1,1,1,5.9,84.28571429,79.52380952,79.52
,Dr Abid Hasan Khan,1,0.5,0,0.9,1,1,1,5.4,77.14285714,,
,Dr Rayhan Islam,1,0.5,0,0.9,1,1,1,5.4,77.14285714,,
E01_P02_AR_VML_GM,Dr Mamun Mahmud,1,1,1,1,1,1,1,7,100,95.23809524,95.24
,Dr Abid Hasan Khan,1,0.5,1,1,1,1,1,6.5,92.85714286,,
,Dr Rayhan Islam,1,0.5,1,1,1,1,1,6.5,92.85714286,,
E01_P02_AF_VO_GM,Dr Mamun Mahmud,1,1,0,0.9,0.5,1,1,5.4,77.14285714,74.76190476,74.76
,Dr Abid Hasan Khan,1,1,0,0.9,0.5,1,0.5,4.9,70,,
,Dr Rayhan Islam,1,1,0,0.9,1,0.5,1,5.4,77.14285714,,
E01_P02_AL_VO_GM,Dr Mamun Mahmud,1,1,0,0.9,0.5,1,1,5.4,77.14285714,74.76190476,74.76
,Dr Abid Hasan Khan,1,1,0,0.9,0.5,1,0.5,4.9,70,,
,Dr Rayhan Islam,1,1,0,0.9,1,0.5,1,5.4,77.14285714,,
E01_P02_AR_VO_GM,Dr Mamun Mahmud,1,1,0,0.8,0.5,1,1,5.3,75.71428571,73.33333333,73.33
,Dr Abid Hasan Khan,1,1,0,0.8,0.5,1,0.5,4.8,68.57142857,,
,Dr Rayhan Islam,1,1,0,0.8,1,0.5,1,5.3,75.71428571,,
E01_P03_AF_VFL_GM,Dr Mamun Mahmud,0,1,0,0.9,0,0.5,1,3.4,48.57142857,60.47619048,60.48
,Dr Abid Hasan Khan,1,1,0,0.9,0,1,0.5,4.4,62.85714286,,
,Dr Rayhan Islam,1,1,0,0.9,0,1,1,4.9,70,,
E01_P03_AL_VFL_GM,Dr Mamun Mahmud,0,1,0,0.8,0,0.5,1,3.3,47.14285714,59.04761905,59.05
,Dr Abid Hasan Khan,1,1,0,0.8,0,1,0.5,4.3,61.42857143,,
,Dr Rayhan Islam,1,1,0,0.8,0,1,1,4.8,68.57142857,,
E01_P03_AR_VFL_GM,Dr Mamun Mahmud,0,1,0,0.8,0,0.5,1,3.3,47.14285714,59.04761905,59.05
,Dr Abid Hasan Khan,1,1,0,0.8,0,1,0.5,4.3,61.42857143,,
,Dr Rayhan Islam,1,1,0,0.8,0,1,1,4.8,68.57142857,,
E01_P03_AF_VHJ_GM,Dr Mamun Mahmud,1,1,1,1,0.5,1,1,6.5,92.85714286,83.33333333,83.33
,Dr Abid Hasan Khan,1,1,1,1,0,0.5,1,5.5,78.57142857,,
,Dr Rayhan Islam,1,1,1,1,0,0.5,1,5.5,78.57142857,,
E01_P03_AL_VHJ_GM,Dr Mamun Mahmud,1,1,0,0.9,0.5,1,1,5.4,77.14285714,67.61904762,67.62
,Dr Abid Hasan Khan,1,1,0,0.9,0,0.5,1,4.4,62.85714286,,
,Dr Rayhan Islam,1,1,0,0.9,0,0.5,1,4.4,62.85714286,,
E01_P03_AR_VHJ_GM,Dr Mamun Mahmud,1,1,1,1,0.5,1,1,6.5,92.85714286,83.33333333,83.33
,Dr Abid Hasan Khan,1,1,1,1,0,0.5,1,5.5,78.57142857,,
,Dr Rayhan Islam,1,1,1,1,0,0.5,1,5.5,78.57142857,,
E01_P03_AF_VLJ_GM,Dr Mamun Mahmud,1,1,0,0.5,0.5,1,1,5,71.42857143,64.28571429,64.29
,Dr Abid Hasan Khan,1,1,0,0.5,0.5,1,1,5,71.42857143,,
,Dr Rayhan Islam,1,1,0,0.5,0,0,1,3.5,50,,
E01_P03_AL_VLJ_GM,Dr Mamun Mahmud,1,1,0,0.3,0.5,1,1,4.8,68.57142857,61.42857143,61.43
,Dr Abid Hasan Khan,1,1,0,0.3,0.5,1,1,4.8,68.57142857,,
,Dr Rayhan Islam,1,1,0,0.3,0,0,1,3.3,47.14285714,,
E01_P03_AR_VLJ_GM,Dr Mamun Mahmud,1,1,0,0.9,0.5,1,1,5.4,77.14285714,70,70
,Dr Abid Hasan Khan,1,1,0,0.9,0.5,1,1,5.4,77.14285714,,
,Dr Rayhan Islam,1,1,0,0.9,0,0,1,3.9,55.71428571,,
E01_P03_AF_VLL_GM,Dr Mamun Mahmud,1,1,1,1,0.5,1,1,6.5,92.85714286,83.33333333,83.33
,Dr Abid Hasan Khan,1,1,1,1,0.5,0.5,1,6,85.71428571,,
,Dr Rayhan Islam,1,1,1,1,0,0,1,5,71.42857143,,
E01_P03_AL_VLL_GM,Dr Mamun Mahmud,1,1,1,1,0.5,1,1,6.5,92.85714286,83.33333333,83.33
,Dr Abid Hasan Khan,1,1,1,1,0.5,0.5,1,6,85.71428571,,
,Dr Rayhan Islam,1,1,1,1,0,0,1,5,71.42857143,,
E01_P03_AR_VLL_GM,Dr Mamun Mahmud,1,1,0,0.5,0.5,1,1,5,71.42857143,61.9047619,61.9
,Dr Abid Hasan Khan,1,1,0,0.5,0.5,0.5,1,4.5,64.28571429,,
,Dr Rayhan Islam,1,1,0,0.5,0,0,1,3.5,50,,
E01_P03_AF_VML_GM,Dr Mamun Mahmud,1,1,0,0.5,0.5,1,1,5,71.42857143,64.28571429,64.29
,Dr Abid Hasan Khan,1,1,0,0.5,0,0.5,1,4,57.14285714,,
,Dr Rayhan Islam,1,1,0,0.5,0.5,0.5,1,4.5,64.28571429,,
E01_P03_AL_VML_GM,Dr Mamun Mahmud,1,1,0,0.5,0.5,1,1,5,71.42857143,64.28571429,64.29
,Dr Abid Hasan Khan,1,1,0,0.5,0,0.5,1,4,57.14285714,,
,Dr Rayhan Islam,1,1,0,0.5,0.5,0.5,1,4.5,64.28571429,,
E01_P03_AR_VML_GM,Dr Mamun Mahmud,1,1,0,0.9,0.5,1,1,5.4,77.14285714,70,70
,Dr Abid Hasan Khan,1,1,0,0.9,0,0.5,1,4.4,62.85714286,,
,Dr Rayhan Islam,1,1,0,0.9,0.5,0.5,1,4.9,70,,
E01_P03_AF_VO_GM,Dr Mamun Mahmud,1,1,0,0.6,0,1,1,4.6,65.71428571,63.33333333,63.33
,Dr Abid Hasan Khan,1,1,0,0.6,0.5,1,1,5.1,72.85714286,,
,Dr Rayhan Islam,1,1,0,0.6,0,0,1,3.6,51.42857143,,
E01_P03_AL_VO_GM,Dr Mamun Mahmud,1,1,0,0.6,0,1,1,4.6,65.71428571,63.33333333,63.33
,Dr Abid Hasan Khan,1,1,0,0.6,0.5,1,1,5.1,72.85714286,,
,Dr Rayhan Islam,1,1,0,0.6,0,0,1,3.6,51.42857143,,
E01_P03_AR_VO_GM,Dr Mamun Mahmud,1,1,0,0.9,0,1,1,4.9,70,67.61904762,67.62
,Dr Abid Hasan Khan,1,1,0,0.9,0.5,1,1,5.4,77.14285714,,
,Dr Rayhan Islam,1,1,0,0.9,0,0,1,3.9,55.71428571,,
E01_P04_AF_VFL_GM,Dr Mamun Mahmud,1,1,0,0.8,1,1,1,5.8,82.85714286,82.85714286,82.86
,Dr Abid Hasan Khan,1,1,0,0.8,1,1,1,5.8,82.85714286,,
,Dr Rayhan Islam,1,1,0,0.8,1,1,1,5.8,82.85714286,,
E01_P04_AL_VFL_GM,Dr Mamun Mahmud,1,1,0,0.9,1,1,1,5.9,84.28571429,84.28571429,84.29
,Dr Abid Hasan Khan,1,1,0,0.9,1,1,1,5.9,84.28571429,,
,Dr Rayhan Islam,1,1,0,0.9,1,1,1,5.9,84.28571429,,
E01_P04_AR_VFL_GM,Dr Mamun Mahmud,1,1,0,0.9,1,1,1,5.9,84.28571429,84.28571429,84.29
,Dr Abid Hasan Khan,1,1,0,0.9,1,1,1,5.9,84.28571429,,
,Dr Rayhan Islam,1,1,0,0.9,1,1,1,5.9,84.28571429,,
E01_P04_AF_VHJ_GM,Dr Mamun Mahmud,1,1,1,1,1,1,1,7,100,100,100
,Dr Abid Hasan Khan,1,1,1,1,1,1,1,7,100,,
,Dr Rayhan Islam,1,1,1,1,1,1,1,7,100,,
E01_P04_AL_VHJ_GM,Dr Mamun Mahmud,1,1,0,0.9,1,1,1,5.9,84.28571429,84.28571429,84.29
,Dr Abid Hasan Khan,1,1,0,0.9,1,1,1,5.9,84.28571429,,
,Dr Rayhan Islam,1,1,0,0.9,1,1,1,5.9,84.28571429,,
E01_P04_AR_VHJ_GM,Dr Mamun Mahmud,1,1,1,1,1,1,1,7,100,100,100
,Dr Abid Hasan Khan,1,1,1,1,1,1,1,7,100,,
,Dr Rayhan Islam,1,1,1,1,1,1,1,7,100,,
E01_P04_AF_VLJ_GM,Dr Mamun Mahmud,1,1,0,0.9,1,1,1,5.9,84.28571429,79.52380952,79.52
,Dr Abid Hasan Khan,1,1,0,0.9,0.5,1,0.5,4.9,70,,
,Dr Rayhan Islam,1,1,0,0.9,1,1,1,5.9,84.28571429,,
E01_P04_AL_VLJ_GM,Dr Mamun Mahmud,1,1,0,0.8,1,1,1,5.8,82.85714286,78.0952381,78.1
,Dr Abid Hasan Khan,1,1,0,0.8,0.5,1,0.5,4.8,68.57142857,,
,Dr Rayhan Islam,1,1,0,0.8,1,1,1,5.8,82.85714286,,
E01_P04_AR_VLJ_GM,Dr Mamun Mahmud,1,1,0,0.8,1,1,1,5.8,82.85714286,78.0952381,78.1
,Dr Abid Hasan Khan,1,1,0,0.8,0.5,1,0.5,4.8,68.57142857,,
,Dr Rayhan Islam,1,1,0,0.8,1,1,1,5.8,82.85714286,,
E01_P04_AF_VLL_GM,Dr Mamun Mahmud,1,1,0,0.5,0.5,1,1,5,71.42857143,76.19047619,76.19
,Dr Abid Hasan Khan,1,1,0,0.5,1,1,1,5.5,78.57142857,,
,Dr Rayhan Islam,1,1,0,0.5,1,1,1,5.5,78.57142857,,
E01_P04_AL_VLL_GM,Dr Mamun Mahmud,1,1,0,0.8,0.5,1,1,5.3,75.71428571,80.47619048,80.48
,Dr Abid Hasan Khan,1,1,0,0.8,1,1,1,5.8,82.85714286,,
,Dr Rayhan Islam,1,1,0,0.8,1,1,1,5.8,82.85714286,,
E01_P04_AR_VLL_GM,Dr Mamun Mahmud,1,1,0,0.9,0.5,1,1,5.4,77.14285714,81.9047619,81.9
,Dr Abid Hasan Khan,1,1,0,0.9,1,1,1,5.9,84.28571429,,
,Dr Rayhan Islam,1,1,0,0.9,1,1,1,5.9,84.28571429,,
E01_P04_AF_VML_GM,Dr Mamun Mahmud,1,1,0,0.9,1,1,1,5.9,84.28571429,84.28571429,84.29
,Dr Abid Hasan Khan,1,1,0,0.9,1,1,1,5.9,84.28571429,,
,Dr Rayhan Islam,1,1,0,0.9,1,1,1,5.9,84.28571429,,
E01_P04_AL_VML_GM,Dr Mamun Mahmud,1,1,0,0.9,1,1,1,5.9,84.28571429,84.28571429,84.29
,Dr Abid Hasan Khan,1,1,0,0.9,1,1,1,5.9,84.28571429,,
,Dr Rayhan Islam,1,1,0,0.9,1,1,1,5.9,84.28571429,,
E01_P04_AR_VML_GM,Dr Mamun Mahmud,1,1,0,0.9,1,1,1,5.9,84.28571429,84.28571429,84.29
,Dr Abid Hasan Khan,1,1,0,0.9,1,1,1,5.9,84.28571429,,
,Dr Rayhan Islam,1,1,0,0.9,1,1,1,5.9,84.28571429,,
E01_P04_AF_VO_GM,Dr Mamun Mahmud,1,1,1,1,1,1,1,7,100,100,100
,Dr Abid Hasan Khan,1,1,1,1,1,1,1,7,100,,
,Dr Rayhan Islam,1,1,1,1,1,1,1,7,100,,
E01_P04_AL_VO_GM,Dr Mamun Mahmud,1,1,0,0.9,1,1,1,5.9,84.28571429,84.28571429,84.29
,Dr Abid Hasan Khan,1,1,0,0.9,1,1,1,5.9,84.28571429,,
,Dr Rayhan Islam,1,1,0,0.9,1,1,1,5.9,84.28571429,,
E01_P04_AR_VO_GM,Dr Mamun Mahmud,1,1,1,1,1,1,1,7,100,100,100
,Dr Abid Hasan Khan,1,1,1,1,1,1,1,7,100,,
,Dr Rayhan Islam,1,1,1,1,1,1,1,7,100,,
E01_P05_AF_VFL_GM,Dr Mamun Mahmud,1,1,0,0.9,0.5,1,1,5.4,77.14285714,79.52380952,79.52
,Dr Abid Hasan Khan,1,1,0,0.9,1,0.5,1,5.4,77.14285714,,
,Dr Rayhan Islam,1,1,0,0.9,1,1,1,5.9,84.28571429,,
E01_P05_AL_VFL_GM,Dr Mamun Mahmud,1,1,0,0.9,0.5,1,1,5.4,77.14285714,79.52380952,79.52
,Dr Abid Hasan Khan,1,1,0,0.9,1,0.5,1,5.4,77.14285714,,
,Dr Rayhan Islam,1,1,0,0.9,1,1,1,5.9,84.28571429,,
E01_P05_AR_VFL_GM,Dr Mamun Mahmud,1,1,0,0.9,0.5,1,1,5.4,77.14285714,79.52380952,79.52
,Dr Abid Hasan Khan,1,1,0,0.9,1,0.5,1,5.4,77.14285714,,
,Dr Rayhan Islam,1,1,0,0.9,1,1,1,5.9,84.28571429,,
E01_P05_AF_VHJ_GM,Dr Mamun Mahmud,1,1,1,1,0.5,0.5,1,6,85.71428571,92.85714286,92.86
,Dr Abid Hasan Khan,1,1,1,1,1,0.5,1,6.5,92.85714286,,
,Dr Rayhan Islam,1,1,1,1,1,1,1,7,100,,
E01_P05_AL_VHJ_GM,Dr Mamun Mahmud,1,1,1,1,0.5,0.5,1,6,85.71428571,92.85714286,92.86
,Dr Abid Hasan Khan,1,1,1,1,1,0.5,1,6.5,92.85714286,,
,Dr Rayhan Islam,1,1,1,1,1,1,1,7,100,,
E01_P05_AR_VHJ_GM,Dr Mamun Mahmud,1,1,1,1,0.5,0.5,1,6,85.71428571,92.85714286,92.86
,Dr Abid Hasan Khan,1,1,1,1,1,0.5,1,6.5,92.85714286,,
,Dr Rayhan Islam,1,1,1,1,1,1,1,7,100,,
E01_P05_AF_VLJ_GM,Dr Mamun Mahmud,1,1,0,0.9,1,1,1,5.9,84.28571429,81.9047619,81.9
,Dr Abid Hasan Khan,1,1,0,0.9,1,0.5,1,5.4,77.14285714,,
,Dr Rayhan Islam,1,1,0,0.9,1,1,1,5.9,84.28571429,,
E01_P05_AL_VLJ_GM,Dr Mamun Mahmud,1,1,1,1,1,1,1,7,100,97.61904762,97.62
,Dr Abid Hasan Khan,1,1,1,1,1,0.5,1,6.5,92.85714286,,
,Dr Rayhan Islam,1,1,1,1,1,1,1,7,100,,
E01_P05_AR_VLJ_GM,Dr Mamun Mahmud,1,1,0,0.9,1,1,1,5.9,84.28571429,81.9047619,81.9
,Dr Abid Hasan Khan,1,1,0,0.9,1,0.5,1,5.4,77.14285714,,
,Dr Rayhan Islam,1,1,0,0.9,1,1,1,5.9,84.28571429,,
E01_P05_AF_VLL_GM,Dr Mamun Mahmud,1,1,1,1,1,1,1,7,100,90.47619048,90.48
,Dr Abid Hasan Khan,1,1,1,1,0.5,0.5,1,6,85.71428571,,
,Dr Rayhan Islam,1,1,1,1,0,1,1,6,85.71428571,,
E01_P05_AL_VLL_GM,Dr Mamun Mahmud,1,1,1,1,1,1,1,7,100,90.47619048,90.48
,Dr Abid Hasan Khan,1,1,1,1,0.5,0.5,1,6,85.71428571,,
,Dr Rayhan Islam,1,1,1,1,0,1,1,6,85.71428571,,
E01_P05_AR_VLL_GM,Dr Mamun Mahmud,1,1,0,0.9,1,1,1,5.9,84.28571429,74.76190476,74.76
,Dr Abid Hasan Khan,1,1,0,0.9,0.5,0.5,1,4.9,70,,
,Dr Rayhan Islam,1,1,0,0.9,0,1,1,4.9,70,,
E01_P05_AF_VML_GM,Dr Mamun Mahmud,1,1,1,1,0.5,1,1,6.5,92.85714286,90.47619048,90.48
,Dr Abid Hasan Khan,1,1,1,1,0.5,0.5,1,6,85.71428571,,
,Dr Rayhan Islam,1,1,1,1,0.5,1,1,6.5,92.85714286,,
E01_P05_AL_VML_GM,Dr Mamun Mahmud,1,1,1,1,0.5,1,1,6.5,92.85714286,90.47619048,90.48
,Dr Abid Hasan Khan,1,1,1,1,0.5,0.5,1,6,85.71428571,,
,Dr Rayhan Islam,1,1,1,1,0.5,1,1,6.5,92.85714286,,
E01_P05_AR_VML_GM,Dr Mamun Mahmud,1,1,1,1,0.5,1,1,6.5,92.85714286,90.47619048,90.48
,Dr Abid Hasan Khan,1,1,1,1,0.5,0.5,1,6,85.71428571,,
,Dr Rayhan Islam,1,1,1,1,0.5,1,1,6.5,92.85714286,,
E01_P05_AF_VO_GM,Dr Mamun Mahmud,1,1,1,1,0,1,1,6,85.71428571,85.71428571,85.71
,Dr Abid Hasan Khan,1,1,1,1,0.5,0.5,1,6,85.71428571,,
,Dr Rayhan Islam,1,1,1,1,0,1,1,6,85.71428571,,
E01_P05_AL_VO_GM,Dr Mamun Mahmud,1,1,1,1,0,1,1,6,85.71428571,85.71428571,85.71
,Dr Abid Hasan Khan,1,1,1,1,0.5,0.5,1,6,85.71428571,,
,Dr Rayhan Islam,1,1,1,1,0,1,1,6,85.71428571,,
E01_P05_AR_VO_GM,Dr Mamun Mahmud,1,1,1,1,0,1,1,6,85.71428571,85.71428571,85.71
,Dr Abid Hasan Khan,1,1,1,1,0.5,0.5,1,6,85.71428571,,
,Dr Rayhan Islam,1,1,1,1,0,1,1,6,85.71428571,,
E01_P06_AF_VFL_GM,Dr Mamun Mahmud,1,1,1,1,0.5,1,1,6.5,92.85714286,90.47619048,90.48
,Dr Abid Hasan Khan,1,1,1,1,0.5,0.5,1,6,85.71428571,,
,Dr Rayhan Islam,1,1,1,1,0.5,1,1,6.5,92.85714286,,
E01_P06_AL_VFL_GM,Dr Mamun Mahmud,1,1,0,0.9,0.5,1,1,5.4,77.14285714,74.76190476,74.76
,Dr Abid Hasan Khan,1,1,0,0.9,0.5,0.5,1,4.9,70,,
,Dr Rayhan Islam,1,1,0,0.9,0.5,1,1,5.4,77.14285714,,
E01_P06_AR_VFL_GM,Dr Mamun Mahmud,1,1,0,0.9,0.5,1,1,5.4,77.14285714,74.76190476,74.76
,Dr Abid Hasan Khan,1,1,0,0.9,0.5,0.5,1,4.9,70,,
,Dr Rayhan Islam,1,1,0,0.9,0.5,1,1,5.4,77.14285714,,
E01_P06_AF_VHJ_GM,Dr Mamun Mahmud,1,1,1,1,0.5,1,1,6.5,92.85714286,90.47619048,90.48
,Dr Abid Hasan Khan,1,1,1,1,0.5,0.5,1,6,85.71428571,,
,Dr Rayhan Islam,1,1,1,1,0.5,1,1,6.5,92.85714286,,
E01_P06_AL_VHJ_GM,Dr Mamun Mahmud,1,1,0,0.9,0.5,1,1,5.4,77.14285714,74.76190476,74.76
,Dr Abid Hasan Khan,1,1,0,0.9,0.5,0.5,1,4.9,70,,
,Dr Rayhan Islam,1,1,0,0.9,0.5,1,1,5.4,77.14285714,,
E01_P06_AR_VHJ_GM,Dr Mamun Mahmud,1,1,1,1,0.5,1,1,6.5,92.85714286,90.47619048,90.48
,Dr Abid Hasan Khan,1,1,1,1,0.5,0.5,1,6,85.71428571,,
,Dr Rayhan Islam,1,1,1,1,0.5,1,1,6.5,92.85714286,,
E01_P06_AF_VLJ_GM,Dr Mamun Mahmud,1,1,1,1,0,1,1,6,85.71428571,95.23809524,95.24
,Dr Abid Hasan Khan,1,1,1,1,1,1,1,7,100,,
,Dr Rayhan Islam,1,1,1,1,1,1,1,7,100,,
E01_P06_AL_VLJ_GM,Dr Mamun Mahmud,1,1,0,0.9,0,1,1,4.9,70,79.52380952,79.52
,Dr Abid Hasan Khan,1,1,0,0.9,1,1,1,5.9,84.28571429,,
,Dr Rayhan Islam,1,1,0,0.9,1,1,1,5.9,84.28571429,,
E01_P06_AR_VLJ_GM,Dr Mamun Mahmud,1,1,1,1,0,1,1,6,85.71428571,95.23809524,95.24
,Dr Abid Hasan Khan,1,1,1,1,1,1,1,7,100,,
,Dr Rayhan Islam,1,1,1,1,1,1,1,7,100,,
E01_P06_AF_VLL_GM,Dr Mamun Mahmud,1,1,0,0.9,0.5,1,1,5.4,77.14285714,77.14285714,77.14
,Dr Abid Hasan Khan,1,1,0,0.9,1,1,1,5.9,84.28571429,,
,Dr Rayhan Islam,1,0.5,0,0.9,0.5,1,1,4.9,70,,
E01_P06_AL_VLL_GM,Dr Mamun Mahmud,1,1,0,0.8,0.5,1,1,5.3,75.71428571,75.71428571,75.71
,Dr Abid Hasan Khan,1,1,0,0.8,1,1,1,5.8,82.85714286,,
,Dr Rayhan Islam,1,0.5,0,0.8,0.5,1,1,4.8,68.57142857,,
E01_P06_AR_VLL_GM,Dr Mamun Mahmud,1,1,0,0.8,0.5,1,1,5.3,75.71428571,75.71428571,75.71
,Dr Abid Hasan Khan,1,1,0,0.8,1,1,1,5.8,82.85714286,,
,Dr Rayhan Islam,1,0.5,0,0.8,0.5,1,1,4.8,68.57142857,,
E01_P06_AF_VML_GM,Dr Mamun Mahmud,1,1,0,0.8,0,1,1,4.8,68.57142857,75.71428571,75.71
,Dr Abid Hasan Khan,1,1,0,0.8,0.5,1,1,5.3,75.71428571,,
,Dr Rayhan Islam,1,1,0,0.8,1,1,1,5.8,82.85714286,,
E01_P06_AL_VML_GM,Dr Mamun Mahmud,1,1,0,0.7,0,1,1,4.7,67.14285714,74.28571429,74.29
,Dr Abid Hasan Khan,1,1,0,0.7,0.5,1,1,5.2,74.28571429,,
,Dr Rayhan Islam,1,1,0,0.7,1,1,1,5.7,81.42857143,,
E01_P06_AR_VML_GM,Dr Mamun Mahmud,1,1,0,0.7,0,1,1,4.7,67.14285714,74.28571429,74.29
,Dr Abid Hasan Khan,1,1,0,0.7,0.5,1,1,5.2,74.28571429,,
,Dr Rayhan Islam,1,1,0,0.7,1,1,1,5.7,81.42857143,,
E01_P06_AF_VO_GM,Dr Mamun Mahmud,1,1,0,0.9,0.5,0.5,1,4.9,70,74.76190476,74.76
,Dr Abid Hasan Khan,1,1,0,0.9,0.5,1,1,5.4,77.14285714,,
,Dr Rayhan Islam,1,1,0,0.9,0.5,1,1,5.4,77.14285714,,
E01_P06_AL_VO_GM,Dr Mamun Mahmud,1,1,0,0.8,0.5,0.5,1,4.8,68.57142857,73.33333333,73.33
,Dr Abid Hasan Khan,1,1,0,0.8,0.5,1,1,5.3,75.71428571,,
,Dr Rayhan Islam,1,1,0,0.8,0.5,1,1,5.3,75.71428571,,
E01_P06_AR_VO_GM,Dr Mamun Mahmud,1,1,0,0.9,0.5,0.5,1,4.9,70,74.76190476,74.76
,Dr Abid Hasan Khan,1,1,0,0.9,0.5,1,1,5.4,77.14285714,,
,Dr Rayhan Islam,1,1,0,0.9,0.5,1,1,5.4,77.14285714,,
E01_P07_AF_VFL_GM,Dr Mamun Mahmud,1,1,0,0.9,1,1,1,5.9,84.28571429,84.28571429,84.29
,Dr Abid Hasan Khan,1,1,0,0.9,1,1,1,5.9,84.28571429,,
,Dr Rayhan Islam,1,1,0,0.9,1,1,1,5.9,84.28571429,,
E01_P07_AL_VFL_GM,Dr Mamun Mahmud,1,1,0,0.9,1,1,1,5.9,84.28571429,84.28571429,84.29
,Dr Abid Hasan Khan,1,1,0,0.9,1,1,1,5.9,84.28571429,,
,Dr Rayhan Islam,1,1,0,0.9,1,1,1,5.9,84.28571429,,
E01_P07_AR_VFL_GM,Dr Mamun Mahmud,1,1,0,0.9,1,1,1,5.9,84.28571429,84.28571429,84.29
,Dr Abid Hasan Khan,1,1,0,0.9,1,1,1,5.9,84.28571429,,
,Dr Rayhan Islam,1,1,0,0.9,1,1,1,5.9,84.28571429,,
E01_P07_AF_VHJ_GM,Dr Mamun Mahmud,1,1,0,0.9,0.5,0,0,3.4,48.57142857,67.61904762,67.62
,Dr Abid Hasan Khan,1,1,0,0.9,1,0.5,1,5.4,77.14285714,,
,Dr Rayhan Islam,1,1,0,0.9,1,0.5,1,5.4,77.14285714,,
E01_P07_AL_VHJ_GM,Dr Mamun Mahmud,1,1,0,0.9,0.5,0,0,3.4,48.57142857,67.61904762,67.62
,Dr Abid Hasan Khan,1,1,0,0.9,1,0.5,1,5.4,77.14285714,,
,Dr Rayhan Islam,1,1,0,0.9,1,0.5,1,5.4,77.14285714,,
E01_P07_AR_VHJ_GM,Dr Mamun Mahmud,1,1,0,0.9,0.5,0,0,3.4,48.57142857,67.61904762,67.62
,Dr Abid Hasan Khan,1,1,0,0.9,1,0.5,1,5.4,77.14285714,,
,Dr Rayhan Islam,1,1,0,0.9,1,0.5,1,5.4,77.14285714,,
E01_P07_AF_VLJ_GM,Dr Mamun Mahmud,1,1,0,0.9,1,0.5,1,5.4,77.14285714,77.14285714,77.14
,Dr Abid Hasan Khan,1,1,0,0.9,1,0.5,1,5.4,77.14285714,,
,Dr Rayhan Islam,1,1,0,0.9,1,0.5,1,5.4,77.14285714,,
E01_P07_AL_VLJ_GM,Dr Mamun Mahmud,1,1,0,0.9,1,0.5,1,5.4,77.14285714,77.14285714,77.14
,Dr Abid Hasan Khan,1,1,0,0.9,1,0.5,1,5.4,77.14285714,,
,Dr Rayhan Islam,1,1,0,0.9,1,0.5,1,5.4,77.14285714,,
E01_P07_AR_VLJ_GM,Dr Mamun Mahmud,1,1,0,0.8,1,0.5,1,5.3,75.71428571,75.71428571,75.71
,Dr Abid Hasan Khan,1,1,0,0.8,1,0.5,1,5.3,75.71428571,,
,Dr Rayhan Islam,1,1,0,0.8,1,0.5,1,5.3,75.71428571,,
E01_P07_AF_VLL_GM,Dr Mamun Mahmud,1,1,0,0.9,1,1,1,5.9,84.28571429,84.28571429,84.29
,Dr Abid Hasan Khan,1,1,0,0.9,1,1,1,5.9,84.28571429,,
,Dr Rayhan Islam,1,1,0,0.9,1,1,1,5.9,84.28571429,,
E01_P07_AL_VLL_GM,Dr Mamun Mahmud,1,1,0,0.9,1,1,1,5.9,84.28571429,84.28571429,84.29
,Dr Abid Hasan Khan,1,1,0,0.9,1,1,1,5.9,84.28571429,,
,Dr Rayhan Islam,1,1,0,0.9,1,1,1,5.9,84.28571429,,
E01_P07_AR_VLL_GM,Dr Mamun Mahmud,1,1,0,0.9,1,1,1,5.9,84.28571429,84.28571429,84.29
,Dr Abid Hasan Khan,1,1,0,0.9,1,1,1,5.9,84.28571429,,
,Dr Rayhan Islam,1,1,0,0.9,1,1,1,5.9,84.28571429,,
E01_P07_AF_VML_GM,Dr Mamun Mahmud,1,1,1,1,1,1,1,7,100,100,100
,Dr Abid Hasan Khan,1,1,1,1,1,1,1,7,100,,
,Dr Rayhan Islam,1,1,1,1,1,1,1,7,100,,
E01_P07_AL_VML_GM,Dr Mamun Mahmud,1,1,1,1,1,1,1,7,100,100,100
,Dr Abid Hasan Khan,1,1,1,1,1,1,1,7,100,,
,Dr Rayhan Islam,1,1,1,1,1,1,1,7,100,,
E01_P07_AR_VML_GM,Dr Mamun Mahmud,1,1,1,1,1,1,1,7,100,100,100
,Dr Abid Hasan Khan,1,1,1,1,1,1,1,7,100,,
,Dr Rayhan Islam,1,1,1,1,1,1,1,7,100,,
E01_P07_AF_VO_GM,Dr Mamun Mahmud,1,1,1,1,1,0.5,0.5,6,85.71428571,88.0952381,88.1
,Dr Abid Hasan Khan,1,1,1,1,1,0.5,1,6.5,92.85714286,,
,Dr Rayhan Islam,1,1,1,1,0.5,0.5,1,6,85.71428571,,
E01_P07_AL_VO_GM,Dr Mamun Mahmud,1,1,0,0.9,1,0.5,0.5,4.9,70,72.38095238,72.38
,Dr Abid Hasan Khan,1,1,0,0.9,1,0.5,1,5.4,77.14285714,,
,Dr Rayhan Islam,1,1,0,0.9,0.5,0.5,1,4.9,70,,
E01_P07_AR_VO_GM,Dr Mamun Mahmud,1,1,1,1,1,0.5,0.5,6,85.71428571,88.0952381,88.1
,Dr Abid Hasan Khan,1,1,1,1,1,0.5,1,6.5,92.85714286,,
,Dr Rayhan Islam,1,1,1,1,0.5,0.5,1,6,85.71428571,,
E01_P08_AF_VFL_GM,Dr Mamun Mahmud,1,1,0,0.8,1,0,1,4.8,68.57142857,73.33333333,73.33
,Dr Abid Hasan Khan,1,1,0,0.8,1,0.5,1,5.3,75.71428571,,
,Dr Rayhan Islam,1,1,0,0.8,1,0.5,1,5.3,75.71428571,,
E01_P08_AL_VFL_GM,Dr Mamun Mahmud,1,1,0,0.9,1,0,1,4.9,70,74.76190476,74.76
,Dr Abid Hasan Khan,1,1,0,0.9,1,0.5,1,5.4,77.14285714,,
,Dr Rayhan Islam,1,1,0,0.9,1,0.5,1,5.4,77.14285714,,
E01_P08_AR_VFL_GM,Dr Mamun Mahmud,1,1,0,0.9,1,0,1,4.9,70,74.76190476,74.76
,Dr Abid Hasan Khan,1,1,0,0.9,1,0.5,1,5.4,77.14285714,,
,Dr Rayhan Islam,1,1,0,0.9,1,0.5,1,5.4,77.14285714,,
E01_P08_AF_VHJ_GM,Dr Mamun Mahmud,1,1,0,0.8,1,0.5,0.5,4.8,68.57142857,73.33333333,73.33
,Dr Abid Hasan Khan,1,1,0,0.8,1,0.5,1,5.3,75.71428571,,
,Dr Rayhan Islam,1,1,0,0.8,1,0.5,1,5.3,75.71428571,,
E01_P08_AL_VHJ_GM,Dr Mamun Mahmud,1,1,0,0.9,1,0.5,0.5,4.9,70,74.76190476,74.76
,Dr Abid Hasan Khan,1,1,0,0.9,1,0.5,1,5.4,77.14285714,,
,Dr Rayhan Islam,1,1,0,0.9,1,0.5,1,5.4,77.14285714,,
E01_P08_AR_VHJ_GM,Dr Mamun Mahmud,1,1,0,0.9,1,0.5,0.5,4.9,70,74.76190476,74.76
,Dr Abid Hasan Khan,1,1,0,0.9,1,0.5,1,5.4,77.14285714,,
,Dr Rayhan Islam,1,1,0,0.9,1,0.5,1,5.4,77.14285714,,
E01_P08_AF_VLJ_GM,Dr Mamun Mahmud,1,1,0,0.6,1,0.5,1,5.1,72.85714286,70.47619048,70.48
,Dr Abid Hasan Khan,1,1,0,0.6,0.5,0.5,1,4.6,65.71428571,,
,Dr Rayhan Islam,1,1,0,0.6,1,0.5,1,5.1,72.85714286,,
E01_P08_AL_VLJ_GM,Dr Mamun Mahmud,1,1,0,0.9,1,0.5,1,5.4,77.14285714,74.76190476,74.76
,Dr Abid Hasan Khan,1,1,0,0.9,0.5,0.5,1,4.9,70,,
,Dr Rayhan Islam,1,1,0,0.9,1,0.5,1,5.4,77.14285714,,
E01_P08_AR_VLJ_GM,Dr Mamun Mahmud,1,1,0,0.9,1,0.5,1,5.4,77.14285714,74.76190476,74.76
,Dr Abid Hasan Khan,1,1,0,0.9,0.5,0.5,1,4.9,70,,
,Dr Rayhan Islam,1,1,0,0.9,1,0.5,1,5.4,77.14285714,,
E01_P08_AF_VLL_GM,Dr Mamun Mahmud,1,1,0,0.5,0.5,0.5,1,4.5,64.28571429,69.04761905,69.05
,Dr Abid Hasan Khan,1,1,0,0.5,1,0.5,1,5,71.42857143,,
,Dr Rayhan Islam,1,1,0,0.5,1,0.5,1,5,71.42857143,,
E01_P08_AL_VLL_GM,Dr Mamun Mahmud,1,1,0,0.5,0.5,0.5,1,4.5,64.28571429,69.04761905,69.05
,Dr Abid Hasan Khan,1,1,0,0.5,1,0.5,1,5,71.42857143,,
,Dr Rayhan Islam,1,1,0,0.5,1,0.5,1,5,71.42857143,,
E01_P08_AR_VLL_GM,Dr Mamun Mahmud,1,1,0,0.7,0.5,0.5,1,4.7,67.14285714,71.9047619,71.9
,Dr Abid Hasan Khan,1,1,0,0.7,1,0.5,1,5.2,74.28571429,,
,Dr Rayhan Islam,1,1,0,0.7,1,0.5,1,5.2,74.28571429,,
E01_P08_AF_VML_GM,Dr Mamun Mahmud,1,1,0,0.7,1,0.5,1,5.2,74.28571429,71.9047619,71.9
,Dr Abid Hasan Khan,1,1,0,0.7,0.5,0.5,1,4.7,67.14285714,,
,Dr Rayhan Islam,1,1,0,0.7,1,0.5,1,5.2,74.28571429,,
E01_P08_AL_VML_GM,Dr Mamun Mahmud,1,1,0,0.8,1,0.5,1,5.3,75.71428571,73.33333333,73.33
,Dr Abid Hasan Khan,1,1,0,0.8,0.5,0.5,1,4.8,68.57142857,,
,Dr Rayhan Islam,1,1,0,0.8,1,0.5,1,5.3,75.71428571,,
E01_P08_AR_VML_GM,Dr Mamun Mahmud,1,1,1,1,1,0.5,1,6.5,92.85714286,90.47619048,90.48
,Dr Abid Hasan Khan,1,1,1,1,0.5,0.5,1,6,85.71428571,,
,Dr Rayhan Islam,1,1,1,1,1,0.5,1,6.5,92.85714286,,
E01_P08_AF_VO_GM,Dr Mamun Mahmud,1,1,0,0.7,1,0.5,1,5.2,74.28571429,71.9047619,71.9
,Dr Abid Hasan Khan,1,1,0,0.7,0.5,0.5,1,4.7,67.14285714,,
,Dr Rayhan Islam,1,1,0,0.7,1,0.5,1,5.2,74.28571429,,
E01_P08_AL_VO_GM,Dr Mamun Mahmud,1,1,0,0.8,1,0.5,1,5.3,75.71428571,73.33333333,73.33
,Dr Abid Hasan Khan,1,1,0,0.8,0.5,0.5,1,4.8,68.57142857,,
,Dr Rayhan Islam,1,1,0,0.8,1,0.5,1,5.3,75.71428571,,
E01_P08_AR_VO_GM,Dr Mamun Mahmud,1,1,1,1,1,0.5,1,6.5,92.85714286,90.47619048,90.48
,Dr Abid Hasan Khan,1,1,1,1,0.5,0.5,1,6,85.71428571,,
,Dr Rayhan Islam,1,1,1,1,1,0.5,1,6.5,92.85714286,,
E01_P09_AF_VFL_GF,Dr Mamun Mahmud,1,1,0,0.5,1,0.5,1,5,71.42857143,69.04761905,69.05
,Dr Abid Hasan Khan,1,1,0,0.5,1,0.5,1,5,71.42857143,,
,Dr Rayhan Islam,1,1,0,0.5,1,0,1,4.5,64.28571429,,
E01_P09_AL_VFL_GF,Dr Mamun Mahmud,1,1,0,0.5,1,0.5,1,5,71.42857143,69.04761905,69.05
,Dr Abid Hasan Khan,1,1,0,0.5,1,0.5,1,5,71.42857143,,
,Dr Rayhan Islam,1,1,0,0.5,1,0,1,4.5,64.28571429,,
E01_P09_AR_VFL_GF,Dr Mamun Mahmud,1,1,0,0.4,1,0.5,1,4.9,70,67.61904762,67.62
,Dr Abid Hasan Khan,1,1,0,0.4,1,0.5,1,4.9,70,,
,Dr Rayhan Islam,1,1,0,0.4,1,0,1,4.4,62.85714286,,
E01_P09_AF_VLL_GF,Dr Mamun Mahmud,1,1,1,1,1,1,1,7,100,100,100
,Dr Abid Hasan Khan,1,1,1,1,1,1,1,7,100,,
,Dr Rayhan Islam,1,1,1,1,1,1,1,7,100,,
E01_P09_AL_VLL_GF,Dr Mamun Mahmud,1,1,1,1,1,1,1,7,100,100,100
,Dr Abid Hasan Khan,1,1,1,1,1,1,1,7,100,,
,Dr Rayhan Islam,1,1,1,1,1,1,1,7,100,,
E01_P09_AR_VLL_GF,Dr Mamun Mahmud,1,1,0,0.9,1,1,1,5.9,84.28571429,84.28571429,84.29
,Dr Abid Hasan Khan,1,1,0,0.9,1,1,1,5.9,84.28571429,,
,Dr Rayhan Islam,1,1,0,0.9,1,1,1,5.9,84.28571429,,
E01_P09_AF_VML_GF,Dr Mamun Mahmud,1,1,0,0.9,0.5,0,1,4.4,62.85714286,72.38095238,72.38
,Dr Abid Hasan Khan,1,1,0,0.9,1,1,1,5.9,84.28571429,,
,Dr Rayhan Islam,1,1,0,0.9,0.5,0.5,1,4.9,70,,
E01_P09_AL_VML_GF,Dr Mamun Mahmud,1,1,0,0.9,0.5,0,1,4.4,62.85714286,72.38095238,72.38
,Dr Abid Hasan Khan,1,1,0,0.9,1,1,1,5.9,84.28571429,,
,Dr Rayhan Islam,1,1,0,0.9,0.5,0.5,1,4.9,70,,
E01_P09_AR_VML_GF,Dr Mamun Mahmud,1,1,0,0.9,0.5,0,1,4.4,62.85714286,72.38095238,72.38
,Dr Abid Hasan Khan,1,1,0,0.9,1,1,1,5.9,84.28571429,,
,Dr Rayhan Islam,1,1,0,0.9,0.5,0.5,1,4.9,70,,
E01_P09_AF_VO_GF,Dr Mamun Mahmud,1,1,0,0.3,1,0.5,1,4.8,68.57142857,63.80952381,63.81
,Dr Abid Hasan Khan,1,1,0,0.3,1,0.5,1,4.8,68.57142857,,
,Dr Rayhan Islam,1,1,0,0.3,0.5,0.5,0.5,3.8,54.28571429,,
E01_P09_AL_VO_GF,Dr Mamun Mahmud,1,1,0,0.9,1,0.5,1,5.4,77.14285714,72.38095238,72.38
,Dr Abid Hasan Khan,1,1,0,0.9,1,0.5,1,5.4,77.14285714,,
,Dr Rayhan Islam,1,1,0,0.9,0.5,0.5,0.5,4.4,62.85714286,,
E01_P09_AR_VO_GF,Dr Mamun Mahmud,1,1,0,0.6,1,0.5,1,5.1,72.85714286,68.0952381,68.1
,Dr Abid Hasan Khan,1,1,0,0.6,1,0.5,1,5.1,72.85714286,,
,Dr Rayhan Islam,1,1,0,0.6,0.5,0.5,0.5,4.1,58.57142857,,
E01_P10_AF_VFL_GF,Dr Mamun Mahmud,1,1,1,1,1,1,1,7,100,100,100
,Dr Abid Hasan Khan,1,1,1,1,1,1,1,7,100,,
,Dr Rayhan Islam,1,1,1,1,1,1,1,7,100,,
E01_P10_AL_VFL_GF,Dr Mamun Mahmud,1,1,1,1,1,1,1,7,100,100,100
,Dr Abid Hasan Khan,1,1,1,1,1,1,1,7,100,,
,Dr Rayhan Islam,1,1,1,1,1,1,1,7,100,,
E01_P10_AR_VFL_GF,Dr Mamun Mahmud,1,1,1,1,1,1,1,7,100,100,100
,Dr Abid Hasan Khan,1,1,1,1,1,1,1,7,100,,
,Dr Rayhan Islam,1,1,1,1,1,1,1,7,100,,
E01_P10_AF_VLL_GF,Dr Mamun Mahmud,1,1,0,0,0.5,0.5,1,4,57.14285714,59.52380952,59.52
,Dr Abid Hasan Khan,1,1,0,0,0.5,1,1,4.5,64.28571429,,
,Dr Rayhan Islam,1,1,0,0,0.5,0.5,1,4,57.14285714,,
E01_P10_AL_VLL_GF,Dr Mamun Mahmud,1,1,0,0.3,0.5,0.5,1,4.3,61.42857143,63.80952381,63.81
,Dr Abid Hasan Khan,1,1,0,0.3,0.5,1,1,4.8,68.57142857,,
,Dr Rayhan Islam,1,1,0,0.3,0.5,0.5,1,4.3,61.42857143,,
E01_P10_AR_VLL_GF,Dr Mamun Mahmud,1,1,0,0.7,0.5,0.5,1,4.7,67.14285714,69.52380952,69.52
,Dr Abid Hasan Khan,1,1,0,0.7,0.5,1,1,5.2,74.28571429,,
,Dr Rayhan Islam,1,1,0,0.7,0.5,0.5,1,4.7,67.14285714,,
E01_P10_AF_VML_GF,Dr Mamun Mahmud,0,0,0,0,0,0,0,0,0,0,0
,Dr Abid Hasan Khan,0,0,0,0,0,0,0,0,0,,
,Dr Rayhan Islam,0,0,0,0,0,0,0,0,0,,
E01_P10_AL_VML_GF,Dr Mamun Mahmud,0,0,0,0,0,0,0,0,0,0,0
,Dr Abid Hasan Khan,0,0,0,0,0,0,0,0,0,,
,Dr Rayhan Islam,0,0,0,0,0,0,0,0,0,,
E01_P10_AR_VML_GF,Dr Mamun Mahmud,0,0,0,0,0,0,0,0,0,0,0
,Dr Abid Hasan Khan,0,0,0,0,0,0,0,0,0,,
,Dr Rayhan Islam,0,0,0,0,0,0,0,0,0,,
E01_P10_AF_VO_GF,Dr Mamun Mahmud,1,1,0,0.7,0.5,1,1,5.2,74.28571429,76.66666667,76.67
,Dr Abid Hasan Khan,1,1,0,0.7,0.5,1,1,5.2,74.28571429,,
,Dr Rayhan Islam,1,1,0,0.7,1,1,1,5.7,81.42857143,,
E01_P10_AL_VO_GF,Dr Mamun Mahmud,1,1,0,0.9,0.5,1,1,5.4,77.14285714,79.52380952,79.52
,Dr Abid Hasan Khan,1,1,0,0.9,0.5,1,1,5.4,77.14285714,,
,Dr Rayhan Islam,1,1,0,0.9,1,1,1,5.9,84.28571429,,
E01_P10_AR_VO_GF,Dr Mamun Mahmud,1,1,0,0.9,0.5,1,1,5.4,77.14285714,79.52380952,79.52
,Dr Abid Hasan Khan,1,1,0,0.9,0.5,1,1,5.4,77.14285714,,
,Dr Rayhan Islam,1,1,0,0.9,1,1,1,5.9,84.28571429,,
E01_P11_AF_VFL_GF,Dr Mamun Mahmud,1,0,1,1,1,1,1,6,85.71428571,85.71428571,85.71
,Dr Abid Hasan Khan,1,0,1,1,1,1,1,6,85.71428571,,
,Dr Rayhan Islam,1,0,1,1,1,1,1,6,85.71428571,,
E01_P11_AL_VFL_GF,Dr Mamun Mahmud,1,0,0,0.9,1,1,1,4.9,70,70,70
,Dr Abid Hasan Khan,1,0,0,0.9,1,1,1,4.9,70,,
,Dr Rayhan Islam,1,0,0,0.9,1,1,1,4.9,70,,
E01_P11_AR_VFL_GF,Dr Mamun Mahmud,1,0,1,1,1,1,1,6,85.71428571,85.71428571,85.71
,Dr Abid Hasan Khan,1,0,1,1,1,1,1,6,85.71428571,,
,Dr Rayhan Islam,1,0,1,1,1,1,1,6,85.71428571,,
E01_P11_AF_VLL_GF,Dr Mamun Mahmud,1,1,0,0.9,1,1,1,5.9,84.28571429,84.28571429,84.29
,Dr Abid Hasan Khan,1,1,0,0.9,1,1,1,5.9,84.28571429,,
,Dr Rayhan Islam,1,1,0,0.9,1,1,1,5.9,84.28571429,,
E01_P11_AL_VLL_GF,Dr Mamun Mahmud,1,1,0,0.9,1,1,1,5.9,84.28571429,84.28571429,84.29
,Dr Abid Hasan Khan,1,1,0,0.9,1,1,1,5.9,84.28571429,,
,Dr Rayhan Islam,1,1,0,0.9,1,1,1,5.9,84.28571429,,
E01_P11_AR_VLL_GF,Dr Mamun Mahmud,1,1,0,0.9,1,1,1,5.9,84.28571429,84.28571429,84.29
,Dr Abid Hasan Khan,1,1,0,0.9,1,1,1,5.9,84.28571429,,
,Dr Rayhan Islam,1,1,0,0.9,1,1,1,5.9,84.28571429,,
E01_P11_AF_VML_GF,Dr Mamun Mahmud,1,1,0,0.9,1,1,1,5.9,84.28571429,81.9047619,81.9
,Dr Abid Hasan Khan,1,1,0,0.9,0.5,1,1,5.4,77.14285714,,
,Dr Rayhan Islam,1,1,0,0.9,1,1,1,5.9,84.28571429,,
E01_P11_AL_VML_GF,Dr Mamun Mahmud,1,1,0,0.9,1,1,1,5.9,84.28571429,81.9047619,81.9
,Dr Abid Hasan Khan,1,1,0,0.9,0.5,1,1,5.4,77.14285714,,
,Dr Rayhan Islam,1,1,0,0.9,1,1,1,5.9,84.28571429,,
E01_P11_AF_VO_GF,Dr Mamun Mahmud,1,1,0,0.9,1,1,1,5.9,84.28571429,84.28571429,84.29
,Dr Abid Hasan Khan,1,1,0,0.9,1,1,1,5.9,84.28571429,,
,Dr Rayhan Islam,1,1,0,0.9,1,1,1,5.9,84.28571429,,
E01_P11_AL_VO_GF,Dr Mamun Mahmud,1,1,0,0.7,1,1,1,5.7,81.42857143,81.42857143,81.43
,Dr Abid Hasan Khan,1,1,0,0.7,1,1,1,5.7,81.42857143,,
,Dr Rayhan Islam,1,1,0,0.7,1,1,1,5.7,81.42857143,,
E01_P11_AR_VO_GF,Dr Mamun Mahmud,1,1,0,0.9,1,1,1,5.9,84.28571429,84.28571429,84.29
,Dr Abid Hasan Khan,1,1,0,0.9,1,1,1,5.9,84.28571429,,
,Dr Rayhan Islam,1,1,0,0.9,1,1,1,5.9,84.28571429,,
E01_P12_AF_VFL_GF,Dr Mamun Mahmud,1,1,1,1,1,1,1,7,100,90.47619048,90.48
,Dr Abid Hasan Khan,1,1,1,1,0.5,0.5,1,6,85.71428571,,
,Dr Rayhan Islam,1,1,1,1,0.5,0.5,1,6,85.71428571,,
E01_P12_AL_VFL_GF,Dr Mamun Mahmud,1,1,0,0.9,1,1,1,5.9,84.28571429,74.76190476,74.76
,Dr Abid Hasan Khan,1,1,0,0.9,0.5,0.5,1,4.9,70,,
,Dr Rayhan Islam,1,1,0,0.9,0.5,0.5,1,4.9,70,,
E01_P12_AR_VFL_GF,Dr Mamun Mahmud,1,1,0,0.9,1,1,1,5.9,84.28571429,74.76190476,74.76
,Dr Abid Hasan Khan,1,1,0,0.9,0.5,0.5,1,4.9,70,,
,Dr Rayhan Islam,1,1,0,0.9,0.5,0.5,1,4.9,70,,
E01_P12_AF_VLL_GF,Dr Mamun Mahmud,1,1,1,1,1,1,1,7,100,95.23809524,95.24
,Dr Abid Hasan Khan,1,1,1,1,0.5,1,1,6.5,92.85714286,,
,Dr Rayhan Islam,1,1,1,1,0.5,1,1,6.5,92.85714286,,
E01_P12_AL_VLL_GF,Dr Mamun Mahmud,1,1,0,0.9,1,1,1,5.9,84.28571429,79.52380952,79.52
,Dr Abid Hasan Khan,1,1,0,0.9,0.5,1,1,5.4,77.14285714,,
,Dr Rayhan Islam,1,1,0,0.9,0.5,1,1,5.4,77.14285714,,
E01_P12_AR_VLL_GF,Dr Mamun Mahmud,1,1,0,0.9,1,1,1,5.9,84.28571429,79.52380952,79.52
,Dr Abid Hasan Khan,1,1,0,0.9,0.5,1,1,5.4,77.14285714,,
,Dr Rayhan Islam,1,1,0,0.9,0.5,1,1,5.4,77.14285714,,
E01_P12_AF_VML_GF,Dr Mamun Mahmud,1,1,0,0.7,0.5,1,1,5.2,74.28571429,76.66666667,76.67
,Dr Abid Hasan Khan,1,1,0,0.7,0.5,1,1,5.2,74.28571429,,
,Dr Rayhan Islam,1,1,0,0.7,1,1,1,5.7,81.42857143,,
E01_P12_AL_VML_GF,Dr Mamun Mahmud,1,1,0,0.9,0.5,1,1,5.4,77.14285714,79.52380952,79.52
,Dr Abid Hasan Khan,1,1,0,0.9,0.5,1,1,5.4,77.14285714,,
,Dr Rayhan Islam,1,1,0,0.9,1,1,1,5.9,84.28571429,,
E01_P12_AR_VML_GF,Dr Mamun Mahmud,1,1,0,0.9,0.5,1,1,5.4,77.14285714,79.52380952,79.52
,Dr Abid Hasan Khan,1,1,0,0.9,0.5,1,1,5.4,77.14285714,,
,Dr Rayhan Islam,1,1,0,0.9,1,1,1,5.9,84.28571429,,
E01_P12_AF_VO_GF,Dr Mamun Mahmud,1,1,0,0.8,1,1,1,5.8,82.85714286,82.85714286,82.86
,Dr Abid Hasan Khan,1,1,0,0.8,1,1,1,5.8,82.85714286,,
,Dr Rayhan Islam,1,1,0,0.8,1,1,1,5.8,82.85714286,,
E01_P12_AL_VO_GF,Dr Mamun Mahmud,1,1,0,0.9,1,1,1,5.9,84.28571429,84.28571429,84.29
,Dr Abid Hasan Khan,1,1,0,0.9,1,1,1,5.9,84.28571429,,
,Dr Rayhan Islam,1,1,0,0.9,1,1,1,5.9,84.28571429,,
E01_P12_AR_VO_GF,Dr Mamun Mahmud,1,1,0,0.9,1,1,1,5.9,84.28571429,84.28571429,84.29
,Dr Abid Hasan Khan,1,1,0,0.9,1,1,1,5.9,84.28571429,,
,Dr Rayhan Islam,1,1,0,0.9,1,1,1,5.9,84.28571429,,
E01_P13_AF_VFL_GF,Dr Mamun Mahmud,1,1,1,1,0.5,1,0,5.5,78.57142857,83.33333333,83.33
,Dr Abid Hasan Khan,1,1,1,1,0.5,1,0.5,6,85.71428571,,
,Dr Rayhan Islam,1,1,1,1,0.5,1,0.5,6,85.71428571,,
E01_P13_AL_VFL_GF,Dr Mamun Mahmud,1,1,0,0.8,0.5,1,0,4.3,61.42857143,66.19047619,66.19
,Dr Abid Hasan Khan,1,1,0,0.8,0.5,1,0.5,4.8,68.57142857,,
,Dr Rayhan Islam,1,1,0,0.8,0.5,1,0.5,4.8,68.57142857,,
E01_P13_AR_VFL_GF,Dr Mamun Mahmud,1,1,1,1,0.5,1,0,5.5,78.57142857,83.33333333,83.33
,Dr Abid Hasan Khan,1,1,1,1,0.5,1,0.5,6,85.71428571,,
,Dr Rayhan Islam,1,1,1,1,0.5,1,0.5,6,85.71428571,,
E01_P13_AF_VHJ_GF,Dr Mamun Mahmud,1,1,0,0.9,1,1,0,4.9,70,70,70
,Dr Abid Hasan Khan,1,1,0,0.9,0.5,1,0.5,4.9,70,,
,Dr Rayhan Islam,1,1,0,0.9,0.5,1,0.5,4.9,70,,
E01_P13_AL_VHJ_GF,Dr Mamun Mahmud,1,1,0,0.9,1,1,0,4.9,70,70,70
,Dr Abid Hasan Khan,1,1,0,0.9,0.5,1,0.5,4.9,70,,
,Dr Rayhan Islam,1,1,0,0.9,0.5,1,0.5,4.9,70,,
E01_P13_AR_VHJ_GF,Dr Mamun Mahmud,1,1,0,0.9,1,1,0,4.9,70,70,70
,Dr Abid Hasan Khan,1,1,0,0.9,0.5,1,0.5,4.9,70,,
,Dr Rayhan Islam,1,1,0,0.9,0.5,1,0.5,4.9,70,,
E01_P13_AF_VLJ_GF,Dr Mamun Mahmud,1,1,1,1,1,1,0,6,85.71428571,88.0952381,88.1
,Dr Abid Hasan Khan,1,1,1,1,1,1,0.5,6.5,92.85714286,,
,Dr Rayhan Islam,1,1,1,1,0.5,1,0.5,6,85.71428571,,
E01_P13_AL_VLJ_GF,Dr Mamun Mahmud,1,1,1,1,1,1,0,6,85.71428571,88.0952381,88.1
,Dr Abid Hasan Khan,1,1,1,1,1,1,0.5,6.5,92.85714286,,
,Dr Rayhan Islam,1,1,1,1,0.5,1,0.5,6,85.71428571,,
E01_P13_AR_VLJ_GF,Dr Mamun Mahmud,1,1,0,0.9,1,1,0,4.9,70,72.38095238,72.38
,Dr Abid Hasan Khan,1,1,0,0.9,1,1,0.5,5.4,77.14285714,,
,Dr Rayhan Islam,1,1,0,0.9,0.5,1,0.5,4.9,70,,
E01_P13_AF_VLL_GF,Dr Mamun Mahmud,1,1,1,1,0.5,1,0.5,6,85.71428571,88.0952381,88.1
,Dr Abid Hasan Khan,1,1,1,1,1,1,0.5,6.5,92.85714286,,
,Dr Rayhan Islam,1,1,1,1,0.5,1,0.5,6,85.71428571,,
E01_P13_AL_VLL_GF,Dr Mamun Mahmud,1,1,0,0.9,0.5,1,0.5,4.9,70,72.38095238,72.38
,Dr Abid Hasan Khan,1,1,0,0.9,1,1,0.5,5.4,77.14285714,,
,Dr Rayhan Islam,1,1,0,0.9,0.5,1,0.5,4.9,70,,
E01_P13_AR_VLL_GF,Dr Mamun Mahmud,1,1,1,1,0.5,1,0.5,6,85.71428571,88.0952381,88.1
,Dr Abid Hasan Khan,1,1,1,1,1,1,0.5,6.5,92.85714286,,
,Dr Rayhan Islam,1,1,1,1,0.5,1,0.5,6,85.71428571,,
E01_P13_AF_VML_GF,Dr Mamun Mahmud,1,1,0,0.9,0.5,1,0.5,4.9,70,72.38095238,72.38
,Dr Abid Hasan Khan,1,1,0,0.9,1,1,0.5,5.4,77.14285714,,
,Dr Rayhan Islam,1,1,0,0.9,0.5,1,0.5,4.9,70,,
E01_P13_AL_VML_GF,Dr Mamun Mahmud,1,1,0,0.9,0.5,1,0.5,4.9,70,72.38095238,72.38
,Dr Abid Hasan Khan,1,1,0,0.9,1,1,0.5,5.4,77.14285714,,
,Dr Rayhan Islam,1,1,0,0.9,0.5,1,0.5,4.9,70,,
E01_P13_AR_VML_GF,Dr Mamun Mahmud,1,1,0,0.7,0.5,1,0.5,4.7,67.14285714,69.52380952,69.52
,Dr Abid Hasan Khan,1,1,0,0.7,1,1,0.5,5.2,74.28571429,,
,Dr Rayhan Islam,1,1,0,0.7,0.5,1,0.5,4.7,67.14285714,,
E01_P13_AF_VO_GF,Dr Mamun Mahmud,1,1,1,1,0.5,1,1,6.5,92.85714286,88.0952381,88.1
,Dr Abid Hasan Khan,1,1,1,1,0.5,1,0.5,6,85.71428571,,
,Dr Rayhan Islam,1,1,1,1,0.5,1,0.5,6,85.71428571,,
E01_P13_AL_VO_GF,Dr Mamun Mahmud,1,1,1,1,0.5,1,1,6.5,92.85714286,88.0952381,88.1
,Dr Abid Hasan Khan,1,1,1,1,0.5,1,0.5,6,85.71428571,,
,Dr Rayhan Islam,1,1,1,1,0.5,1,0.5,6,85.71428571,,
E01_P13_AR_VO_GF,Dr Mamun Mahmud,1,1,1,1,0.5,1,1,6.5,92.85714286,88.0952381,88.1
,Dr Abid Hasan Khan,1,1,1,1,0.5,1,0.5,6,85.71428571,,
,Dr Rayhan Islam,1,1,1,1,0.5,1,0.5,6,85.71428571,,
E01_P14_AF_VFL_GF,Dr Mamun Mahmud,1,1,1,1,1,1,1,7,100,95.23809524,95.24
,Dr Abid Hasan Khan,1,1,1,1,0.5,1,1,6.5,92.85714286,,
,Dr Rayhan Islam,1,1,1,1,0.5,1,1,6.5,92.85714286,,
E01_P14_AL_VFL_GF,Dr Mamun Mahmud,1,1,0,0.9,1,1,1,5.9,84.28571429,79.52380952,79.52
,Dr Abid Hasan Khan,1,1,0,0.9,0.5,1,1,5.4,77.14285714,,
,Dr Rayhan Islam,1,1,0,0.9,0.5,1,1,5.4,77.14285714,,
E01_P14_AR_VFL_GF,Dr Mamun Mahmud,1,1,0,0.9,1,1,1,5.9,84.28571429,79.52380952,79.52
,Dr Abid Hasan Khan,1,1,0,0.9,0.5,1,1,5.4,77.14285714,,
,Dr Rayhan Islam,1,1,0,0.9,0.5,1,1,5.4,77.14285714,,
E01_P14_AF_VLJ_GF,Dr Mamun Mahmud,1,1,0,0.8,1,1,1,5.8,82.85714286,82.85714286,82.86
,Dr Abid Hasan Khan,1,1,0,0.8,1,1,1,5.8,82.85714286,,
,Dr Rayhan Islam,1,1,0,0.8,1,1,1,5.8,82.85714286,,
E01_P14_AL_VLJ_GF,Dr Mamun Mahmud,1,1,1,1,1,1,1,7,100,100,100
,Dr Abid Hasan Khan,1,1,1,1,1,1,1,7,100,,
,Dr Rayhan Islam,1,1,1,1,1,1,1,7,100,,
E01_P14_AR_VLJ_GF,Dr Mamun Mahmud,1,1,0,0.9,1,1,1,5.9,84.28571429,84.28571429,84.29
,Dr Abid Hasan Khan,1,1,0,0.9,1,1,1,5.9,84.28571429,,
,Dr Rayhan Islam,1,1,0,0.9,1,1,1,5.9,84.28571429,,
E01_P14_AF_VLL_GF,Dr Mamun Mahmud,1,1,0,0.9,1,1,1,5.9,84.28571429,81.9047619,81.9
,Dr Abid Hasan Khan,1,1,0,0.9,1,1,0.5,5.4,77.14285714,,
,Dr Rayhan Islam,1,1,0,0.9,1,1,1,5.9,84.28571429,,
E01_P14_AL_VLL_GF,Dr Mamun Mahmud,1,1,0,0.9,1,1,1,5.9,84.28571429,81.9047619,81.9
,Dr Abid Hasan Khan,1,1,0,0.9,1,1,0.5,5.4,77.14285714,,
,Dr Rayhan Islam,1,1,0,0.9,1,1,1,5.9,84.28571429,,
E01_P14_AR_VLL_GF,Dr Mamun Mahmud,1,1,0,0.9,1,1,1,5.9,84.28571429,81.9047619,81.9
,Dr Abid Hasan Khan,1,1,0,0.9,1,1,0.5,5.4,77.14285714,,
,Dr Rayhan Islam,1,1,0,0.9,1,1,1,5.9,84.28571429,,
E01_P14_AF_VML_GF,Dr Mamun Mahmud,1,1,0,0.7,0.5,1,1,5.2,74.28571429,76.66666667,76.67
,Dr Abid Hasan Khan,1,1,0,0.7,1,1,1,5.7,81.42857143,,
,Dr Rayhan Islam,1,1,0,0.7,0.5,1,1,5.2,74.28571429,,
E01_P14_AL_VML_GF,Dr Mamun Mahmud,1,1,0,0.9,0.5,1,1,5.4,77.14285714,79.52380952,79.52
,Dr Abid Hasan Khan,1,1,0,0.9,1,1,1,5.9,84.28571429,,
,Dr Rayhan Islam,1,1,0,0.9,0.5,1,1,5.4,77.14285714,,
E01_P14_AR_VML_GF,Dr Mamun Mahmud,1,1,1,1,0.5,1,1,6.5,92.85714286,95.23809524,95.24
,Dr Abid Hasan Khan,1,1,1,1,1,1,1,7,100,,
,Dr Rayhan Islam,1,1,1,1,0.5,1,1,6.5,92.85714286,,
E01_P15_AF_VFL_GF,Dr Mamun Mahmud,1,1,0,0.7,0.5,1,1,5.2,74.28571429,76.66666667,76.67
,Dr Abid Hasan Khan,1,1,0,0.7,1,1,1,5.7,81.42857143,,
,Dr Rayhan Islam,1,1,0,0.7,0.5,1,1,5.2,74.28571429,,
E01_P15_AL_VFL_GF,Dr Mamun Mahmud,1,1,0,0.9,0.5,1,1,5.4,77.14285714,79.52380952,79.52
,Dr Abid Hasan Khan,1,1,0,0.9,1,1,1,5.9,84.28571429,,
,Dr Rayhan Islam,1,1,0,0.9,0.5,1,1,5.4,77.14285714,,
E01_P15_AR_VFL_GF,Dr Mamun Mahmud,1,1,0,0.8,0.5,1,1,5.3,75.71428571,78.0952381,78.1
,Dr Abid Hasan Khan,1,1,0,0.8,1,1,1,5.8,82.85714286,,
,Dr Rayhan Islam,1,1,0,0.8,0.5,1,1,5.3,75.71428571,,
E01_P15_AF_VLJ_GF,Dr Mamun Mahmud,1,1,0,0.7,1,1,1,5.7,81.42857143,79.04761905,79.05
,Dr Abid Hasan Khan,1,1,0,0.7,0.5,1,1,5.2,74.28571429,,
,Dr Rayhan Islam,1,1,0,0.7,1,1,1,5.7,81.42857143,,
E01_P15_AL_VLJ_GF,Dr Mamun Mahmud,1,1,0,0.3,1,1,1,5.3,75.71428571,73.33333333,73.33
,Dr Abid Hasan Khan,1,1,0,0.3,0.5,1,1,4.8,68.57142857,,
,Dr Rayhan Islam,1,1,0,0.3,1,1,1,5.3,75.71428571,,
E01_P15_AR_VLJ_GF,Dr Mamun Mahmud,1,1,0,0.9,1,1,1,5.9,84.28571429,81.9047619,81.9
,Dr Abid Hasan Khan,1,1,0,0.9,0.5,1,1,5.4,77.14285714,,
,Dr Rayhan Islam,1,1,0,0.9,1,1,1,5.9,84.28571429,,
E01_P15_AF_VLL_GF,Dr Mamun Mahmud,1,1,0,0.9,1,1,1,5.9,84.28571429,84.28571429,84.29
,Dr Abid Hasan Khan,1,1,0,0.9,1,1,1,5.9,84.28571429,,
,Dr Rayhan Islam,1,1,0,0.9,1,1,1,5.9,84.28571429,,
E01_P15_AL_VLL_GF,Dr Mamun Mahmud,1,1,0,0.9,1,1,1,5.9,84.28571429,84.28571429,84.29
,Dr Abid Hasan Khan,1,1,0,0.9,1,1,1,5.9,84.28571429,,
,Dr Rayhan Islam,1,1,0,0.9,1,1,1,5.9,84.28571429,,
E01_P15_AR_VLL_GF,Dr Mamun Mahmud,1,1,1,1,1,1,1,7,100,100,100
,Dr Abid Hasan Khan,1,1,1,1,1,1,1,7,100,,
,Dr Rayhan Islam,1,1,1,1,1,1,1,7,100,,
E01_P15_AF_VML_GF,Dr Mamun Mahmud,1,1,0,0.5,1,1,1,5.5,78.57142857,73.80952381,73.81
,Dr Abid Hasan Khan,1,1,0,0.5,1,0.5,1,5,71.42857143,,
,Dr Rayhan Islam,1,1,0,0.5,0.5,1,1,5,71.42857143,,
E01_P15_AL_VML_GF,Dr Mamun Mahmud,1,1,0,0.9,1,1,1,5.9,84.28571429,79.52380952,79.52
,Dr Abid Hasan Khan,1,1,0,0.9,1,0.5,1,5.4,77.14285714,,
,Dr Rayhan Islam,1,1,0,0.9,0.5,1,1,5.4,77.14285714,,
E01_P15_AR_VML_GF,Dr Mamun Mahmud,1,1,0,0.9,1,1,1,5.9,84.28571429,79.52380952,79.52
,Dr Abid Hasan Khan,1,1,0,0.9,1,0.5,1,5.4,77.14285714,,
,Dr Rayhan Islam,1,1,0,0.9,0.5,1,1,5.4,77.14285714,,
E01_P16_AF_VFL_GF,Dr Mamun Mahmud,1,0,1,1,0.5,0.5,1,5,71.42857143,66.66666667,66.67
,Dr Abid Hasan Khan,1,0,1,1,0.5,0.5,0.5,4.5,64.28571429,,
,Dr Rayhan Islam,1,0,1,1,0.5,0.5,0.5,4.5,64.28571429,,
E01_P16_AL_VFL_GF,Dr Mamun Mahmud,1,0,0,0.9,0.5,0.5,1,3.9,55.71428571,50.95238095,50.95
,Dr Abid Hasan Khan,1,0,0,0.9,0.5,0.5,0.5,3.4,48.57142857,,
,Dr Rayhan Islam,1,0,0,0.9,0.5,0.5,0.5,3.4,48.57142857,,
E01_P16_AR_VFL_GF,Dr Mamun Mahmud,1,0,1,1,0.5,0.5,1,5,71.42857143,66.66666667,66.67
,Dr Abid Hasan Khan,1,0,1,1,0.5,0.5,0.5,4.5,64.28571429,,
,Dr Rayhan Islam,1,0,1,1,0.5,0.5,0.5,4.5,64.28571429,,
E01_P16_AF_VHJ_GF,Dr Mamun Mahmud,1,1,1,1,1,0.5,1,6.5,92.85714286,92.85714286,92.86
,Dr Abid Hasan Khan,1,1,1,1,1,1,0.5,6.5,92.85714286,,
,Dr Rayhan Islam,1,1,1,1,1,1,0.5,6.5,92.85714286,,
E01_P16_AL_VHJ_GF,Dr Mamun Mahmud,1,1,0,0.9,1,0.5,1,5.4,77.14285714,77.14285714,77.14
,Dr Abid Hasan Khan,1,1,0,0.9,1,1,0.5,5.4,77.14285714,,
,Dr Rayhan Islam,1,1,0,0.9,1,1,0.5,5.4,77.14285714,,
E01_P16_AR_VHJ_GF,Dr Mamun Mahmud,1,1,1,1,1,0.5,1,6.5,92.85714286,92.85714286,92.86
,Dr Abid Hasan Khan,1,1,1,1,1,1,0.5,6.5,92.85714286,,
,Dr Rayhan Islam,1,1,1,1,1,1,0.5,6.5,92.85714286,,
E01_P16_AF_VLJ_GF,Dr Mamun Mahmud,1,1,0,0.9,1,0.5,1,5.4,77.14285714,74.76190476,74.76
,Dr Abid Hasan Khan,1,1,0,0.9,1,1,0.5,5.4,77.14285714,,
,Dr Rayhan Islam,1,1,0,0.9,0.5,1,0.5,4.9,70,,
E01_P16_AL_VLJ_GF,Dr Mamun Mahmud,1,1,0,0.9,1,0.5,1,5.4,77.14285714,74.76190476,74.76
,Dr Abid Hasan Khan,1,1,0,0.9,1,1,0.5,5.4,77.14285714,,
,Dr Rayhan Islam,1,1,0,0.9,0.5,1,0.5,4.9,70,,
E01_P16_AR_VLJ_GF,Dr Mamun Mahmud,1,1,0,0.7,1,0.5,1,5.2,74.28571429,71.9047619,71.9
,Dr Abid Hasan Khan,1,1,0,0.7,1,1,0.5,5.2,74.28571429,,
,Dr Rayhan Islam,1,1,0,0.7,0.5,1,0.5,4.7,67.14285714,,
E01_P16_AF_VLL_GF,Dr Mamun Mahmud,1,1,0,0.9,1,0.5,1,5.4,77.14285714,74.76190476,74.76
,Dr Abid Hasan Khan,1,1,0,0.9,1,1,0.5,5.4,77.14285714,,
,Dr Rayhan Islam,1,1,0,0.9,0.5,1,0.5,4.9,70,,
E01_P16_AL_VLL_GF,Dr Mamun Mahmud,1,1,0,0.5,1,0.5,1,5,71.42857143,69.04761905,69.05
,Dr Abid Hasan Khan,1,1,0,0.5,1,1,0.5,5,71.42857143,,
,Dr Rayhan Islam,1,1,0,0.5,0.5,1,0.5,4.5,64.28571429,,
E01_P16_AR_VLL_GF,Dr Mamun Mahmud,1,1,0,0.9,1,0.5,1,5.4,77.14285714,74.76190476,74.76
,Dr Abid Hasan Khan,1,1,0,0.9,1,1,0.5,5.4,77.14285714,,
,Dr Rayhan Islam,1,1,0,0.9,0.5,1,0.5,4.9,70,,
E01_P16_AF_VML_GF,Dr Mamun Mahmud,1,1,0,0.9,1,1,1,5.9,84.28571429,74.76190476,74.76
,Dr Abid Hasan Khan,1,1,0,0.9,1,0.5,0.5,4.9,70,,
,Dr Rayhan Islam,1,1,0,0.9,0.5,1,0.5,4.9,70,,
E01_P16_AL_VML_GF,Dr Mamun Mahmud,1,1,0,0.6,1,1,1,5.6,80,70.47619048,70.48
,Dr Abid Hasan Khan,1,1,0,0.6,1,0.5,0.5,4.6,65.71428571,,
,Dr Rayhan Islam,1,1,0,0.6,0.5,1,0.5,4.6,65.71428571,,
E01_P16_AR_VML_GF,Dr Mamun Mahmud,1,1,0,0.8,1,1,1,5.8,82.85714286,73.33333333,73.33
,Dr Abid Hasan Khan,1,1,0,0.8,1,0.5,0.5,4.8,68.57142857,,
,Dr Rayhan Islam,1,1,0,0.8,0.5,1,0.5,4.8,68.57142857,,
E01_P16_AF_VO_GF,Dr Mamun Mahmud,1,1,0,0.8,1,1,0.5,5.3,75.71428571,70.95238095,70.95
,Dr Abid Hasan Khan,1,1,0,0.8,0.5,1,0.5,4.8,68.57142857,,
,Dr Rayhan Islam,1,1,0,0.8,0.5,1,0.5,4.8,68.57142857,,
E01_P16_AL_VO_GF,Dr Mamun Mahmud,1,1,0,0.8,1,1,0.5,5.3,75.71428571,70.95238095,70.95
,Dr Abid Hasan Khan,1,1,0,0.8,0.5,1,0.5,4.8,68.57142857,,
,Dr Rayhan Islam,1,1,0,0.8,0.5,1,0.5,4.8,68.57142857,,
E01_P16_AR_VO_GF,Dr Mamun Mahmud,1,1,0,0.9,1,1,0.5,5.4,77.14285714,72.38095238,72.38
,Dr Abid Hasan Khan,1,1,0,0.9,0.5,1,0.5,4.9,70,,
,Dr Rayhan Islam,1,1,0,0.9,0.5,1,0.5,4.9,70,,
E01_P17_AF_VFL_GM,Dr Mamun Mahmud,1,1,1,1,1,0.5,1,6.5,92.85714286,92.85714286,92.86
,Dr Abid Hasan Khan,1,1,1,1,1,0.5,1,6.5,92.85714286,,
,Dr Rayhan Islam,1,1,1,1,0.5,1,1,6.5,92.85714286,,
E01_P17_AL_VFL_GM,Dr Mamun Mahmud,1,1,0,0.9,1,0.5,1,5.4,77.14285714,77.14285714,77.14
,Dr Abid Hasan Khan,1,1,0,0.9,1,0.5,1,5.4,77.14285714,,
,Dr Rayhan Islam,1,1,0,0.9,0.5,1,1,5.4,77.14285714,,
E01_P17_AR_VFL_GM,Dr Mamun Mahmud,1,1,1,1,1,0.5,1,6.5,92.85714286,92.85714286,92.86
,Dr Abid Hasan Khan,1,1,1,1,1,0.5,1,6.5,92.85714286,,
,Dr Rayhan Islam,1,1,1,1,0.5,1,1,6.5,92.85714286,,
E01_P17_AF_VHJ_GM,Dr Mamun Mahmud,1,1,0,0.8,1,0.5,1,5.3,75.71428571,75.71428571,75.71
,Dr Abid Hasan Khan,1,1,0,0.8,1,0.5,1,5.3,75.71428571,,
,Dr Rayhan Islam,1,1,0,0.8,0.5,1,1,5.3,75.71428571,,
E01_P17_AL_VHJ_GM,Dr Mamun Mahmud,1,1,0,0.9,1,0.5,1,5.4,77.14285714,77.14285714,77.14
,Dr Abid Hasan Khan,1,1,0,0.9,1,0.5,1,5.4,77.14285714,,
,Dr Rayhan Islam,1,1,0,0.9,0.5,1,1,5.4,77.14285714,,
E01_P17_AR_VHJ_GM,Dr Mamun Mahmud,1,1,0,0.9,1,0.5,1,5.4,77.14285714,77.14285714,77.14
,Dr Abid Hasan Khan,1,1,0,0.9,1,0.5,1,5.4,77.14285714,,
,Dr Rayhan Islam,1,1,0,0.9,0.5,1,1,5.4,77.14285714,,
E01_P17_AF_VLJ_GM,Dr Mamun Mahmud,1,1,1,1,1,1,1,7,100,97.61904762,97.62
,Dr Abid Hasan Khan,1,1,1,1,1,1,1,7,100,,
,Dr Rayhan Islam,1,1,1,1,0.5,1,1,6.5,92.85714286,,
E01_P17_AL_VLJ_GM,Dr Mamun Mahmud,1,1,0,0.9,1,1,1,5.9,84.28571429,81.9047619,81.9
,Dr Abid Hasan Khan,1,1,0,0.9,1,1,1,5.9,84.28571429,,
,Dr Rayhan Islam,1,1,0,0.9,0.5,1,1,5.4,77.14285714,,
E01_P17_AR_VLJ_GM,Dr Mamun Mahmud,1,1,0,0.9,1,1,1,5.9,84.28571429,81.9047619,81.9
,Dr Abid Hasan Khan,1,1,0,0.9,1,1,1,5.9,84.28571429,,
,Dr Rayhan Islam,1,1,0,0.9,0.5,1,1,5.4,77.14285714,,
E01_P17_AF_VLL_GM,Dr Mamun Mahmud,1,1,0,0.9,0.5,1,1,5.4,77.14285714,81.9047619,81.9
,Dr Abid Hasan Khan,1,1,0,0.9,1,1,1,5.9,84.28571429,,
,Dr Rayhan Islam,1,1,0,0.9,1,1,1,5.9,84.28571429,,
E01_P17_AL_VLL_GM,Dr Mamun Mahmud,1,1,1,1,0.5,1,1,6.5,92.85714286,97.61904762,97.62
,Dr Abid Hasan Khan,1,1,1,1,1,1,1,7,100,,
,Dr Rayhan Islam,1,1,1,1,1,1,1,7,100,,
E01_P17_AR_VLL_GM,Dr Mamun Mahmud,1,1,1,1,0.5,1,1,6.5,92.85714286,97.61904762,97.62
,Dr Abid Hasan Khan,1,1,1,1,1,1,1,7,100,,
,Dr Rayhan Islam,1,1,1,1,1,1,1,7,100,,
E01_P17_AF_VML_GM,Dr Mamun Mahmud,1,1,1,1,0.5,1,1,6.5,92.85714286,92.85714286,92.86
,Dr Abid Hasan Khan,1,1,1,1,0.5,1,1,6.5,92.85714286,,
,Dr Rayhan Islam,1,1,1,1,0.5,1,1,6.5,92.85714286,,
E01_P17_AL_VML_GM,Dr Mamun Mahmud,1,1,0,0.9,0.5,1,1,5.4,77.14285714,77.14285714,77.14
,Dr Abid Hasan Khan,1,1,0,0.9,0.5,1,1,5.4,77.14285714,,
,Dr Rayhan Islam,1,1,0,0.9,0.5,1,1,5.4,77.14285714,,
E01_P17_AR_VML_GM,Dr Mamun Mahmud,1,1,1,1,0.5,1,1,6.5,92.85714286,92.85714286,92.86
,Dr Abid Hasan Khan,1,1,1,1,0.5,1,1,6.5,92.85714286,,
,Dr Rayhan Islam,1,1,1,1,0.5,1,1,6.5,92.85714286,,
E01_P17_AF_VO_GM,Dr Mamun Mahmud,1,1,1,1,1,1,1,7,100,97.61904762,97.62
,Dr Abid Hasan Khan,1,1,1,1,0.5,1,1,6.5,92.85714286,,
,Dr Rayhan Islam,1,1,1,1,1,1,1,7,100,,
E01_P17_AL_VO_GM,Dr Mamun Mahmud,1,1,1,1,1,1,1,7,100,97.61904762,97.62
,Dr Abid Hasan Khan,1,1,1,1,0.5,1,1,6.5,92.85714286,,
,Dr Rayhan Islam,1,1,1,1,1,1,1,7,100,,
E01_P17_AR_VO_GM,Dr Mamun Mahmud,1,1,1,1,1,1,1,7,100,97.61904762,97.62
,Dr Abid Hasan Khan,1,1,1,1,0.5,1,1,6.5,92.85714286,,
,Dr Rayhan Islam,1,1,1,1,1,1,1,7,100,,
E01_P18_AF_VFL_GM,Dr Mamun Mahmud,1,1,1,1,1,1,1,7,100,95.23809524,95.24
,Dr Abid Hasan Khan,1,1,1,1,1,1,1,7,100,,
,Dr Rayhan Islam,1,1,1,1,0.5,1,0.5,6,85.71428571,,
E01_P18_AL_VFL_GM,Dr Mamun Mahmud,1,1,1,1,1,1,1,7,100,95.23809524,95.24
,Dr Abid Hasan Khan,1,1,1,1,1,1,1,7,100,,
,Dr Rayhan Islam,1,1,1,1,0.5,1,0.5,6,85.71428571,,
E01_P18_AR_VFL_GM,Dr Mamun Mahmud,1,1,1,1,1,1,1,7,100,95.23809524,95.24
,Dr Abid Hasan Khan,1,1,1,1,1,1,1,7,100,,
,Dr Rayhan Islam,1,1,1,1,0.5,1,0.5,6,85.71428571,,
E01_P18_AF_VHJ_GM,Dr Mamun Mahmud,1,0,1,1,1,0.5,1,5.5,78.57142857,78.57142857,78.57
,Dr Abid Hasan Khan,1,0,1,1,1,1,1,6,85.71428571,,
,Dr Rayhan Islam,1,0,1,1,0.5,1,0.5,5,71.42857143,,
E01_P18_AL_VHJ_GM,Dr Mamun Mahmud,1,0,0,0.9,1,0.5,1,4.4,62.85714286,62.85714286,62.86
,Dr Abid Hasan Khan,1,0,0,0.9,1,1,1,4.9,70,,
,Dr Rayhan Islam,1,0,0,0.9,0.5,1,0.5,3.9,55.71428571,,
E01_P18_AR_VHJ_GM,Dr Mamun Mahmud,1,0,1,1,1,0.5,1,5.5,78.57142857,78.57142857,78.57
,Dr Abid Hasan Khan,1,0,1,1,1,1,1,6,85.71428571,,
,Dr Rayhan Islam,1,0,1,1,0.5,1,0.5,5,71.42857143,,
E01_P18_AF_VLJ_GM,Dr Mamun Mahmud,1,1,1,1,1,0.5,1,6.5,92.85714286,92.85714286,92.86
,Dr Abid Hasan Khan,1,1,1,1,1,0.5,1,6.5,92.85714286,,
,Dr Rayhan Islam,1,1,1,1,1,1,0.5,6.5,92.85714286,,
E01_P18_AL_VLJ_GM,Dr Mamun Mahmud,1,1,0,0.9,1,0.5,1,5.4,77.14285714,77.14285714,77.14
,Dr Abid Hasan Khan,1,1,0,0.9,1,0.5,1,5.4,77.14285714,,
,Dr Rayhan Islam,1,1,0,0.9,1,1,0.5,5.4,77.14285714,,
E01_P18_AR_VLJ_GM,Dr Mamun Mahmud,1,1,1,1,1,0.5,1,6.5,92.85714286,92.85714286,92.86
,Dr Abid Hasan Khan,1,1,1,1,1,0.5,1,6.5,92.85714286,,
,Dr Rayhan Islam,1,1,1,1,1,1,0.5,6.5,92.85714286,,
E01_P18_AF_VLL_GM,Dr Mamun Mahmud,1,1,1,1,1,0.5,1,6.5,92.85714286,90.47619048,90.48
,Dr Abid Hasan Khan,1,1,1,1,1,0.5,1,6.5,92.85714286,,
,Dr Rayhan Islam,1,1,1,1,0.5,1,0.5,6,85.71428571,,
E01_P18_AL_VLL_GM,Dr Mamun Mahmud,1,1,1,1,1,0.5,1,6.5,92.85714286,90.47619048,90.48
,Dr Abid Hasan Khan,1,1,1,1,1,0.5,1,6.5,92.85714286,,
,Dr Rayhan Islam,1,1,1,1,0.5,1,0.5,6,85.71428571,,
E01_P18_AR_VLL_GM,Dr Mamun Mahmud,1,1,0,0.4,1,0.5,1,4.9,70,67.61904762,67.62
,Dr Abid Hasan Khan,1,1,0,0.4,1,0.5,1,4.9,70,,
,Dr Rayhan Islam,1,1,0,0.4,0.5,1,0.5,4.4,62.85714286,,
E01_P18_AF_VML_GM,Dr Mamun Mahmud,1,1,1,1,1,0.5,1,6.5,92.85714286,92.85714286,92.86
,Dr Abid Hasan Khan,1,1,1,1,1,0.5,1,6.5,92.85714286,,
,Dr Rayhan Islam,1,1,1,1,1,1,0.5,6.5,92.85714286,,
E01_P18_AL_VML_GM,Dr Mamun Mahmud,1,1,0,0.9,1,0.5,1,5.4,77.14285714,77.14285714,77.14
,Dr Abid Hasan Khan,1,1,0,0.9,1,0.5,1,5.4,77.14285714,,
,Dr Rayhan Islam,1,1,0,0.9,1,1,0.5,5.4,77.14285714,,
E01_P18_AR_VML_GM,Dr Mamun Mahmud,1,1,1,1,1,0.5,1,6.5,92.85714286,92.85714286,92.86
,Dr Abid Hasan Khan,1,1,1,1,1,0.5,1,6.5,92.85714286,,
,Dr Rayhan Islam,1,1,1,1,1,1,0.5,6.5,92.85714286,,
E01_P18_AF_VO_GM,Dr Mamun Mahmud,1,0,1,1,1,0.5,1,5.5,78.57142857,80.95238095,80.95
,Dr Abid Hasan Khan,1,0,1,1,1,0.5,1,5.5,78.57142857,,
,Dr Rayhan Islam,1,0,1,1,1,1,1,6,85.71428571,,
E01_P18_AL_VO_GM,Dr Mamun Mahmud,1,0,1,1,1,0.5,1,5.5,78.57142857,80.95238095,80.95
,Dr Abid Hasan Khan,1,0,1,1,1,0.5,1,5.5,78.57142857,,
,Dr Rayhan Islam,1,0,1,1,1,1,1,6,85.71428571,,
E01_P18_AR_VO_GM,Dr Mamun Mahmud,1,0,1,1,1,0.5,1,5.5,78.57142857,80.95238095,80.95
,Dr Abid Hasan Khan,1,0,1,1,1,0.5,1,5.5,78.57142857,,
,Dr Rayhan Islam,1,0,1,1,1,1,1,6,85.71428571,,
E01_P19_AF_VFL_GM,Dr Mamun Mahmud,1,1,1,1,1,1,1,7,100,95.23809524,95.24
,Dr Abid Hasan Khan,1,1,1,1,0.5,1,1,6.5,92.85714286,,
,Dr Rayhan Islam,1,1,1,1,0.5,1,1,6.5,92.85714286,,
E01_P19_AL_VFL_GM,Dr Mamun Mahmud,1,1,0,0.9,1,1,1,5.9,84.28571429,79.52380952,79.52
,Dr Abid Hasan Khan,1,1,0,0.9,0.5,1,1,5.4,77.14285714,,
,Dr Rayhan Islam,1,1,0,0.9,0.5,1,1,5.4,77.14285714,,
E01_P19_AR_VFL_GM,Dr Mamun Mahmud,1,1,1,1,1,1,1,7,100,95.23809524,95.24
,Dr Abid Hasan Khan,1,1,1,1,0.5,1,1,6.5,92.85714286,,
,Dr Rayhan Islam,1,1,1,1,0.5,1,1,6.5,92.85714286,,
E01_P19_AF_VHJ_GM,Dr Mamun Mahmud,1,1,0,0.9,0.5,1,1,5.4,77.14285714,77.14285714,77.14
,Dr Abid Hasan Khan,1,1,0,0.9,0.5,1,1,5.4,77.14285714,,
,Dr Rayhan Islam,1,1,0,0.9,0.5,1,1,5.4,77.14285714,,
E01_P19_AL_VHJ_GM,Dr Mamun Mahmud,1,1,0,0.9,0.5,1,1,5.4,77.14285714,77.14285714,77.14
,Dr Abid Hasan Khan,1,1,0,0.9,0.5,1,1,5.4,77.14285714,,
,Dr Rayhan Islam,1,1,0,0.9,0.5,1,1,5.4,77.14285714,,
E01_P19_AR_VHJ_GM,Dr Mamun Mahmud,1,1,1,1,0.5,1,1,6.5,92.85714286,92.85714286,92.86
,Dr Abid Hasan Khan,1,1,1,1,0.5,1,1,6.5,92.85714286,,
,Dr Rayhan Islam,1,1,1,1,0.5,1,1,6.5,92.85714286,,
E01_P19_AF_VLJ_GM,Dr Mamun Mahmud,1,1,0,0.9,0.5,0.5,1,4.9,70,72.38095238,72.38
,Dr Abid Hasan Khan,1,1,0,0.9,0.5,1,1,5.4,77.14285714,,
,Dr Rayhan Islam,1,1,0,0.9,0.5,0.5,1,4.9,70,,
E01_P19_AL_VLJ_GM,Dr Mamun Mahmud,1,1,0,0.9,0.5,0.5,1,4.9,70,72.38095238,72.38
,Dr Abid Hasan Khan,1,1,0,0.9,0.5,1,1,5.4,77.14285714,,
,Dr Rayhan Islam,1,1,0,0.9,0.5,0.5,1,4.9,70,,
E01_P19_AR_VLJ_GM,Dr Mamun Mahmud,1,1,0,0.9,0.5,0.5,1,4.9,70,72.38095238,72.38
,Dr Abid Hasan Khan,1,1,0,0.9,0.5,1,1,5.4,77.14285714,,
,Dr Rayhan Islam,1,1,0,0.9,0.5,0.5,1,4.9,70,,
E01_P19_AF_VLL_GM,Dr Mamun Mahmud,1,1,1,1,1,0.5,1,6.5,92.85714286,90.47619048,90.48
,Dr Abid Hasan Khan,1,1,1,1,0.5,1,1,6.5,92.85714286,,
,Dr Rayhan Islam,1,1,1,1,0.5,0.5,1,6,85.71428571,,
E01_P19_AL_VLL_GM,Dr Mamun Mahmud,1,1,0,0.9,1,0.5,1,5.4,77.14285714,74.76190476,74.76
,Dr Abid Hasan Khan,1,1,0,0.9,0.5,1,1,5.4,77.14285714,,
,Dr Rayhan Islam,1,1,0,0.9,0.5,0.5,1,4.9,70,,
E01_P19_AR_VLL_GM,Dr Mamun Mahmud,1,1,0,0.9,1,0.5,1,5.4,77.14285714,74.76190476,74.76
,Dr Abid Hasan Khan,1,1,0,0.9,0.5,1,1,5.4,77.14285714,,
,Dr Rayhan Islam,1,1,0,0.9,0.5,0.5,1,4.9,70,,
E01_P19_AF_VML_GM,Dr Mamun Mahmud,1,1,0,0.9,0.5,1,1,5.4,77.14285714,79.52380952,79.52
,Dr Abid Hasan Khan,1,1,0,0.9,1,1,1,5.9,84.28571429,,
,Dr Rayhan Islam,1,1,0,0.9,1,0.5,1,5.4,77.14285714,,
E01_P19_AL_VML_GM,Dr Mamun Mahmud,1,1,1,1,0.5,1,1,6.5,92.85714286,95.23809524,95.24
,Dr Abid Hasan Khan,1,1,1,1,1,1,1,7,100,,
,Dr Rayhan Islam,1,1,1,1,1,0.5,1,6.5,92.85714286,,
E01_P19_AR_VML_GM,Dr Mamun Mahmud,1,1,0,0.9,0.5,1,1,5.4,77.14285714,79.52380952,79.52
,Dr Abid Hasan Khan,1,1,0,0.9,1,1,1,5.9,84.28571429,,
,Dr Rayhan Islam,1,1,0,0.9,1,0.5,1,5.4,77.14285714,,
E01_P19_AF_VO_GM,Dr Mamun Mahmud,1,1,0,0.9,0.5,0.5,1,4.9,70,74.76190476,74.76
,Dr Abid Hasan Khan,1,1,0,0.9,1,1,1,5.9,84.28571429,,
,Dr Rayhan Islam,1,1,0,0.9,0.5,0.5,1,4.9,70,,
E01_P19_AL_VO_GM,Dr Mamun Mahmud,1,1,0,0.7,0.5,0.5,1,4.7,67.14285714,71.9047619,71.9
,Dr Abid Hasan Khan,1,1,0,0.7,1,1,1,5.7,81.42857143,,
,Dr Rayhan Islam,1,1,0,0.7,0.5,0.5,1,4.7,67.14285714,,
E01_P19_AR_VO_GM,Dr Mamun Mahmud,1,1,0,0.9,0.5,0.5,1,4.9,70,74.76190476,74.76
,Dr Abid Hasan Khan,1,1,0,0.9,1,1,1,5.9,84.28571429,,
,Dr Rayhan Islam,1,1,0,0.9,0.5,0.5,1,4.9,70,,
E01_P20_AF_VFL_GM,Dr Mamun Mahmud,1,0,0,0.9,1,1,1,4.9,70,70,70
,Dr Abid Hasan Khan,1,0,0,0.9,1,1,1,4.9,70,,
,Dr Rayhan Islam,1,0,0,0.9,1,1,1,4.9,70,,
E01_P20_AL_VFL_GM,Dr Mamun Mahmud,1,0,1,1,1,1,1,6,85.71428571,85.71428571,85.71
,Dr Abid Hasan Khan,1,0,1,1,1,1,1,6,85.71428571,,
,Dr Rayhan Islam,1,0,1,1,1,1,1,6,85.71428571,,
E01_P20_AR_VFL_GM,Dr Mamun Mahmud,1,0,1,1,1,1,1,6,85.71428571,85.71428571,85.71
,Dr Abid Hasan Khan,1,0,1,1,1,1,1,6,85.71428571,,
,Dr Rayhan Islam,1,0,1,1,1,1,1,6,85.71428571,,
E01_P20_AF_VHJ_GM,Dr Mamun Mahmud,1,1,0,0.7,1,0.5,1,5.2,74.28571429,76.66666667,76.67
,Dr Abid Hasan Khan,1,1,0,0.7,1,1,1,5.7,81.42857143,,
,Dr Rayhan Islam,1,1,0,0.7,1,0.5,1,5.2,74.28571429,,
E01_P20_AL_VHJ_GM,Dr Mamun Mahmud,1,1,1,1,1,0.5,1,6.5,92.85714286,95.23809524,95.24
,Dr Abid Hasan Khan,1,1,1,1,1,1,1,7,100,,
,Dr Rayhan Islam,1,1,1,1,1,0.5,1,6.5,92.85714286,,
E01_P20_AR_VHJ_GM,Dr Mamun Mahmud,1,1,0,0.9,1,0.5,1,5.4,77.14285714,79.52380952,79.52
,Dr Abid Hasan Khan,1,1,0,0.9,1,1,1,5.9,84.28571429,,
,Dr Rayhan Islam,1,1,0,0.9,1,0.5,1,5.4,77.14285714,,
E01_P20_AL_VLJ_GM,Dr Mamun Mahmud,1,1,1,1,1,1,1,7,100,97.61904762,97.62
,Dr Abid Hasan Khan,1,1,1,1,1,0.5,1,6.5,92.85714286,,
,Dr Rayhan Islam,1,1,1,1,1,1,1,7,100,,
E01_P20_AR_VLJ_GM,Dr Mamun Mahmud,1,1,0,0.9,1,1,1,5.9,84.28571429,81.9047619,81.9
,Dr Abid Hasan Khan,1,1,0,0.9,1,0.5,1,5.4,77.14285714,,
,Dr Rayhan Islam,1,1,0,0.9,1,1,1,5.9,84.28571429,,
E01_P20_AF_VLL_GM,Dr Mamun Mahmud,1,0,1,1,1,0.5,1,5.5,78.57142857,83.33333333,83.33
,Dr Abid Hasan Khan,1,0,1,1,1,1,1,6,85.71428571,,
,Dr Rayhan Islam,1,0,1,1,1,1,1,6,85.71428571,,
E01_P20_AL_VLL_GM,Dr Mamun Mahmud,1,0,0,0.9,1,0.5,1,4.4,62.85714286,67.61904762,67.62
,Dr Abid Hasan Khan,1,0,0,0.9,1,1,1,4.9,70,,
,Dr Rayhan Islam,1,0,0,0.9,1,1,1,4.9,70,,
E01_P20_AR_VLL_GM,Dr Mamun Mahmud,1,0,1,1,1,0.5,1,5.5,78.57142857,83.33333333,83.33
,Dr Abid Hasan Khan,1,0,1,1,1,1,1,6,85.71428571,,
,Dr Rayhan Islam,1,0,1,1,1,1,1,6,85.71428571,,
E01_P20_AF_VML_GM,Dr Mamun Mahmud,1,1,0,0.8,0.5,1,1,5.3,75.71428571,75.71428571,75.71
,Dr Abid Hasan Khan,1,1,0,0.8,1,0.5,1,5.3,75.71428571,,
,Dr Rayhan Islam,1,1,0,0.8,1,0.5,1,5.3,75.71428571,,
E01_P20_AL_VML_GM,Dr Mamun Mahmud,1,1,1,1,0.5,1,1,6.5,92.85714286,92.85714286,92.86
,Dr Abid Hasan Khan,1,1,1,1,1,0.5,1,6.5,92.85714286,,
,Dr Rayhan Islam,1,1,1,1,1,0.5,1,6.5,92.85714286,,
E01_P20_AR_VML_GM,Dr Mamun Mahmud,1,1,1,1,0.5,1,1,6.5,92.85714286,92.85714286,92.86
,Dr Abid Hasan Khan,1,1,1,1,1,0.5,1,6.5,92.85714286,,
,Dr Rayhan Islam,1,1,1,1,1,0.5,1,6.5,92.85714286,,
E01_P20_AF_VO_GM,Dr Mamun Mahmud,1,1,0,0.7,0.5,0.5,1,4.7,67.14285714,71.9047619,71.9
,Dr Abid Hasan Khan,1,1,0,0.7,1,0.5,1,5.2,74.28571429,,
,Dr Rayhan Islam,1,1,0,0.7,1,0.5,1,5.2,74.28571429,,
E01_P20_AL_VO_GM,Dr Mamun Mahmud,1,1,0,0.8,0.5,0.5,1,4.8,68.57142857,73.33333333,73.33
,Dr Abid Hasan Khan,1,1,0,0.8,1,0.5,1,5.3,75.71428571,,
,Dr Rayhan Islam,1,1,0,0.8,1,0.5,1,5.3,75.71428571,,
E01_P20_AR_VO_GM,Dr Mamun Mahmud,1,1,0,0.9,0.5,0.5,1,4.9,70,74.76190476,74.76
,Dr Abid Hasan Khan,1,1,0,0.9,1,0.5,1,5.4,77.14285714,,
,Dr Rayhan Islam,1,1,0,0.9,1,0.5,1,5.4,77.14285714,,
E01_P21_AF_VFL_GM,Dr Mamun Mahmud,1,1,1,1,0.5,1,1,6.5,92.85714286,92.85714286,92.86
,Dr Abid Hasan Khan,1,1,1,1,0.5,1,1,6.5,92.85714286,,
,Dr Rayhan Islam,1,1,1,1,0.5,1,1,6.5,92.85714286,,
E01_P21_AL_VFL_GM,Dr Mamun Mahmud,1,1,1,1,0.5,1,1,6.5,92.85714286,92.85714286,92.86
,Dr Abid Hasan Khan,1,1,1,1,0.5,1,1,6.5,92.85714286,,
,Dr Rayhan Islam,1,1,1,1,0.5,1,1,6.5,92.85714286,,
E01_P21_AR_VFL_GM,Dr Mamun Mahmud,1,1,0,0.9,0.5,1,1,5.4,77.14285714,77.14285714,77.14
,Dr Abid Hasan Khan,1,1,0,0.9,0.5,1,1,5.4,77.14285714,,
,Dr Rayhan Islam,1,1,0,0.9,0.5,1,1,5.4,77.14285714,,
E01_P21_AF_VHJ_GM,Dr Mamun Mahmud,1,1,1,1,0.5,1,1,6.5,92.85714286,92.85714286,92.86
,Dr Abid Hasan Khan,1,1,1,1,0.5,1,1,6.5,92.85714286,,
,Dr Rayhan Islam,1,1,1,1,0.5,1,1,6.5,92.85714286,,
E01_P21_AL_VHJ_GM,Dr Mamun Mahmud,1,1,0,0.9,0.5,1,1,5.4,77.14285714,77.14285714,77.14
,Dr Abid Hasan Khan,1,1,0,0.9,0.5,1,1,5.4,77.14285714,,
,Dr Rayhan Islam,1,1,0,0.9,0.5,1,1,5.4,77.14285714,,
E01_P21_AR_VHJ_GM,Dr Mamun Mahmud,1,1,0,0.9,0.5,1,1,5.4,77.14285714,77.14285714,77.14
,Dr Abid Hasan Khan,1,1,0,0.9,0.5,1,1,5.4,77.14285714,,
,Dr Rayhan Islam,1,1,0,0.9,0.5,1,1,5.4,77.14285714,,
E01_P21_AF_VLJ_GM,Dr Mamun Mahmud,1,1,0,0.4,1,0.5,1,4.9,70,67.61904762,67.62
,Dr Abid Hasan Khan,1,1,0,0.4,0.5,0.5,1,4.4,62.85714286,,
,Dr Rayhan Islam,1,1,0,0.4,0.5,1,1,4.9,70,,
E01_P21_AL_VLJ_GM,Dr Mamun Mahmud,1,1,0,0.9,1,0.5,1,5.4,77.14285714,74.76190476,74.76
,Dr Abid Hasan Khan,1,1,0,0.9,0.5,0.5,1,4.9,70,,
,Dr Rayhan Islam,1,1,0,0.9,0.5,1,1,5.4,77.14285714,,
E01_P21_AR_VLJ_GM,Dr Mamun Mahmud,1,1,0,0.5,1,0.5,1,5,71.42857143,69.04761905,69.05
,Dr Abid Hasan Khan,1,1,0,0.5,0.5,0.5,1,4.5,64.28571429,,
,Dr Rayhan Islam,1,1,0,0.5,0.5,1,1,5,71.42857143,,
E01_P21_AF_VLL_GM,Dr Mamun Mahmud,1,1,0,0.6,1,1,1,5.6,80,75.23809524,75.24
,Dr Abid Hasan Khan,1,1,0,0.6,1,1,1,5.6,80,,
,Dr Rayhan Islam,1,1,0,0.6,0.5,1,0.5,4.6,65.71428571,,
E01_P21_AL_VLL_GM,Dr Mamun Mahmud,1,1,0,0.8,1,1,1,5.8,82.85714286,78.0952381,78.1
,Dr Abid Hasan Khan,1,1,0,0.8,1,1,1,5.8,82.85714286,,
,Dr Rayhan Islam,1,1,0,0.8,0.5,1,0.5,4.8,68.57142857,,
E01_P21_AR_VLL_GM,Dr Mamun Mahmud,1,1,0,0.8,1,1,1,5.8,82.85714286,78.0952381,78.1
,Dr Abid Hasan Khan,1,1,0,0.8,1,1,1,5.8,82.85714286,,
,Dr Rayhan Islam,1,1,0,0.8,0.5,1,0.5,4.8,68.57142857,,
E01_P21_AF_VML_GM,Dr Mamun Mahmud,1,1,1,1,0.5,1,1,6.5,92.85714286,90.47619048,90.48
,Dr Abid Hasan Khan,1,1,1,1,0.5,0.5,1,6,85.71428571,,
,Dr Rayhan Islam,1,1,1,1,0.5,1,1,6.5,92.85714286,,
E01_P21_AL_VML_GM,Dr Mamun Mahmud,1,1,0,0.9,0.5,1,1,5.4,77.14285714,74.76190476,74.76
,Dr Abid Hasan Khan,1,1,0,0.9,0.5,0.5,1,4.9,70,,
,Dr Rayhan Islam,1,1,0,0.9,0.5,1,1,5.4,77.14285714,,
E01_P21_AR_VML_GM,Dr Mamun Mahmud,1,1,0,0.9,0.5,1,1,5.4,77.14285714,74.76190476,74.76
,Dr Abid Hasan Khan,1,1,0,0.9,0.5,0.5,1,4.9,70,,
,Dr Rayhan Islam,1,1,0,0.9,0.5,1,1,5.4,77.14285714,,
E01_P21_AF_VO_GM,Dr Mamun Mahmud,1,1,0,0.2,0.5,0.5,1,4.2,60,64.76190476,64.76
,Dr Abid Hasan Khan,1,1,0,0.2,0.5,1,1,4.7,67.14285714,,
,Dr Rayhan Islam,1,1,0,0.2,0.5,1,1,4.7,67.14285714,,
E01_P21_AL_VO_GM,Dr Mamun Mahmud,1,1,0,0.4,0.5,0.5,1,4.4,62.85714286,67.61904762,67.62
,Dr Abid Hasan Khan,1,1,0,0.4,0.5,1,1,4.9,70,,
,Dr Rayhan Islam,1,1,0,0.4,0.5,1,1,4.9,70,,
E01_P21_AR_VO_GM,Dr Mamun Mahmud,1,1,0,0.4,0.5,0.5,1,4.4,62.85714286,67.61904762,67.62
,Dr Abid Hasan Khan,1,1,0,0.4,0.5,1,1,4.9,70,,
,Dr Rayhan Islam,1,1,0,0.4,0.5,1,1,4.9,70,,
E01_P22_AF_VFL_GM,Dr Mamun Mahmud,1,1,1,1,1,1,1,7,100,95.23809524,95.24
,Dr Abid Hasan Khan,1,1,1,1,0.5,0.5,1,6,85.71428571,,
,Dr Rayhan Islam,1,1,1,1,1,1,1,7,100,,
E01_P22_AL_VFL_GM,Dr Mamun Mahmud,1,1,0,0.9,1,1,1,5.9,84.28571429,79.52380952,79.52
,Dr Abid Hasan Khan,1,1,0,0.9,0.5,0.5,1,4.9,70,,
,Dr Rayhan Islam,1,1,0,0.9,1,1,1,5.9,84.28571429,,
E01_P22_AR_VFL_GM,Dr Mamun Mahmud,1,1,0,0.9,1,1,1,5.9,84.28571429,79.52380952,79.52
,Dr Abid Hasan Khan,1,1,0,0.9,0.5,0.5,1,4.9,70,,
,Dr Rayhan Islam,1,1,0,0.9,1,1,1,5.9,84.28571429,,
E01_P22_AF_VHJ_GM,Dr Mamun Mahmud,1,1,1,1,0.5,0.5,1,6,85.71428571,88.0952381,88.1
,Dr Abid Hasan Khan,1,1,1,1,0.5,0.5,1,6,85.71428571,,
,Dr Rayhan Islam,1,1,1,1,0.5,1,1,6.5,92.85714286,,
E01_P22_AL_VHJ_GM,Dr Mamun Mahmud,1,1,1,1,0.5,0.5,1,6,85.71428571,88.0952381,88.1
,Dr Abid Hasan Khan,1,1,1,1,0.5,0.5,1,6,85.71428571,,
,Dr Rayhan Islam,1,1,1,1,0.5,1,1,6.5,92.85714286,,
E01_P22_AR_VHJ_GM,Dr Mamun Mahmud,1,1,1,1,0.5,0.5,1,6,85.71428571,88.0952381,88.1
,Dr Abid Hasan Khan,1,1,1,1,0.5,0.5,1,6,85.71428571,,
,Dr Rayhan Islam,1,1,1,1,0.5,1,1,6.5,92.85714286,,
E01_P22_AF_VLJ_GM,Dr Mamun Mahmud,1,1,0,0.7,1,1,1,5.7,81.42857143,74.28571429,74.29
,Dr Abid Hasan Khan,1,1,0,0.7,0.5,0.5,1,4.7,67.14285714,,
,Dr Rayhan Islam,1,1,0,0.7,0.5,1,1,5.2,74.28571429,,
E01_P22_AL_VLJ_GM,Dr Mamun Mahmud,1,1,0,0.9,1,1,1,5.9,84.28571429,77.14285714,77.14
,Dr Abid Hasan Khan,1,1,0,0.9,0.5,0.5,1,4.9,70,,
,Dr Rayhan Islam,1,1,0,0.9,0.5,1,1,5.4,77.14285714,,
E01_P22_AR_VLJ_GM,Dr Mamun Mahmud,1,1,0,0.9,1,1,1,5.9,84.28571429,77.14285714,77.14
,Dr Abid Hasan Khan,1,1,0,0.9,0.5,0.5,1,4.9,70,,
,Dr Rayhan Islam,1,1,0,0.9,0.5,1,1,5.4,77.14285714,,
E01_P22_AF_VLL_GM,Dr Mamun Mahmud,1,1,1,1,0.5,1,1,6.5,92.85714286,90.47619048,90.48
,Dr Abid Hasan Khan,1,1,1,1,0.5,0.5,1,6,85.71428571,,
,Dr Rayhan Islam,1,1,1,1,1,1,0.5,6.5,92.85714286,,
E01_P22_AL_VLL_GM,Dr Mamun Mahmud,1,1,0,0.9,0.5,1,1,5.4,77.14285714,74.76190476,74.76
,Dr Abid Hasan Khan,1,1,0,0.9,0.5,0.5,1,4.9,70,,
,Dr Rayhan Islam,1,1,0,0.9,1,1,0.5,5.4,77.14285714,,
E01_P22_AR_VLL_GM,Dr Mamun Mahmud,1,1,0,0.8,0.5,1,1,5.3,75.71428571,73.33333333,73.33
,Dr Abid Hasan Khan,1,1,0,0.8,0.5,0.5,1,4.8,68.57142857,,
,Dr Rayhan Islam,1,1,0,0.8,1,1,0.5,5.3,75.71428571,,
E01_P22_AF_VML_GM,Dr Mamun Mahmud,1,1,1,1,1,1,1,7,100,100,100
,Dr Abid Hasan Khan,1,1,1,1,1,1,1,7,100,,
,Dr Rayhan Islam,1,1,1,1,1,1,1,7,100,,
E01_P22_AL_VML_GM,Dr Mamun Mahmud,1,1,0,0.9,1,1,1,5.9,84.28571429,84.28571429,84.29
,Dr Abid Hasan Khan,1,1,0,0.9,1,1,1,5.9,84.28571429,,
,Dr Rayhan Islam,1,1,0,0.9,1,1,1,5.9,84.28571429,,
E01_P22_AR_VML_GM,Dr Mamun Mahmud,1,1,0,0.9,1,1,1,5.9,84.28571429,84.28571429,84.29
,Dr Abid Hasan Khan,1,1,0,0.9,1,1,1,5.9,84.28571429,,
,Dr Rayhan Islam,1,1,0,0.9,1,1,1,5.9,84.28571429,,
E01_P22_AF_VO_GM,Dr Mamun Mahmud,1,1,1,1,0.5,0.5,1,6,85.71428571,88.0952381,88.1
,Dr Abid Hasan Khan,1,1,1,1,1,0.5,1,6.5,92.85714286,,
,Dr Rayhan Islam,1,1,1,1,0.5,0.5,1,6,85.71428571,,
E01_P22_AL_VO_GM,Dr Mamun Mahmud,1,1,0,0.9,0.5,0.5,1,4.9,70,72.38095238,72.38
,Dr Abid Hasan Khan,1,1,0,0.9,1,0.5,1,5.4,77.14285714,,
,Dr Rayhan Islam,1,1,0,0.9,0.5,0.5,1,4.9,70,,
E01_P22_AR_VO_GM,Dr Mamun Mahmud,1,1,0,0.9,0.5,0.5,1,4.9,70,72.38095238,72.38
,Dr Abid Hasan Khan,1,1,0,0.9,1,0.5,1,5.4,77.14285714,,
,Dr Rayhan Islam,1,1,0,0.9,0.5,0.5,1,4.9,70,,
E01_P23_AF_VFL_GM,Dr Mamun Mahmud,1,0,0,0.9,0,1,1,3.9,55.71428571,50.95238095,50.95
,Dr Abid Hasan Khan,1,0,0,0.9,0,0.5,1,3.4,48.57142857,,
,Dr Rayhan Islam,1,0,0,0.9,0,0.5,1,3.4,48.57142857,,
E01_P23_AL_VFL_GM,Dr Mamun Mahmud,1,0,0,0.9,0,1,1,3.9,55.71428571,50.95238095,50.95
,Dr Abid Hasan Khan,1,0,0,0.9,0,0.5,1,3.4,48.57142857,,
,Dr Rayhan Islam,1,0,0,0.9,0,0.5,1,3.4,48.57142857,,
E01_P23_AR_VFL_GM,Dr Mamun Mahmud,1,0,1,1,0,1,1,5,71.42857143,66.66666667,66.67
,Dr Abid Hasan Khan,1,0,1,1,0,0.5,1,4.5,64.28571429,,
,Dr Rayhan Islam,1,0,1,1,0,0.5,1,4.5,64.28571429,,
E01_P23_AF_VHJ_GM,Dr Mamun Mahmud,1,1,1,1,0.5,1,1,6.5,92.85714286,92.85714286,92.86
,Dr Abid Hasan Khan,1,1,1,1,1,0.5,1,6.5,92.85714286,,
,Dr Rayhan Islam,1,1,1,1,1,0.5,1,6.5,92.85714286,,
E01_P23_AL_VHJ_GM,Dr Mamun Mahmud,1,1,0,0.9,0.5,1,1,5.4,77.14285714,77.14285714,77.14
,Dr Abid Hasan Khan,1,1,0,0.9,1,0.5,1,5.4,77.14285714,,
,Dr Rayhan Islam,1,1,0,0.9,1,0.5,1,5.4,77.14285714,,
E01_P23_AR_VHJ_GM,Dr Mamun Mahmud,1,1,0,0.9,0.5,1,1,5.4,77.14285714,77.14285714,77.14
,Dr Abid Hasan Khan,1,1,0,0.9,1,0.5,1,5.4,77.14285714,,
,Dr Rayhan Islam,1,1,0,0.9,1,0.5,1,5.4,77.14285714,,
E01_P23_AF_VLJ_GM,Dr Mamun Mahmud,1,1,0,0.9,1,1,1,5.9,84.28571429,79.52380952,79.52
,Dr Abid Hasan Khan,1,1,0,0.9,1,0.5,1,5.4,77.14285714,,
,Dr Rayhan Islam,1,1,0,0.9,1,0.5,1,5.4,77.14285714,,
E01_P23_AL_VLJ_GM,Dr Mamun Mahmud,1,1,0,0.9,1,1,1,5.9,84.28571429,79.52380952,79.52
,Dr Abid Hasan Khan,1,1,0,0.9,1,0.5,1,5.4,77.14285714,,
,Dr Rayhan Islam,1,1,0,0.9,1,0.5,1,5.4,77.14285714,,
E01_P23_AR_VLJ_GM,Dr Mamun Mahmud,1,1,0,0.9,1,1,1,5.9,84.28571429,79.52380952,79.52
,Dr Abid Hasan Khan,1,1,0,0.9,1,0.5,1,5.4,77.14285714,,
,Dr Rayhan Islam,1,1,0,0.9,1,0.5,1,5.4,77.14285714,,
E01_P23_AF_VLL_GM,Dr Mamun Mahmud,1,1,1,1,1,0.5,1,6.5,92.85714286,95.23809524,95.24
,Dr Abid Hasan Khan,1,1,1,1,1,1,1,7,100,,
,Dr Rayhan Islam,1,1,1,1,1,0.5,1,6.5,92.85714286,,
E01_P23_AL_VLL_GM,Dr Mamun Mahmud,1,1,0,0.9,1,0.5,1,5.4,77.14285714,79.52380952,79.52
,Dr Abid Hasan Khan,1,1,0,0.9,1,1,1,5.9,84.28571429,,
,Dr Rayhan Islam,1,1,0,0.9,1,0.5,1,5.4,77.14285714,,
E01_P23_AR_VLL_GM,Dr Mamun Mahmud,1,1,0,0.9,1,0.5,1,5.4,77.14285714,79.52380952,79.52
,Dr Abid Hasan Khan,1,1,0,0.9,1,1,1,5.9,84.28571429,,
,Dr Rayhan Islam,1,1,0,0.9,1,0.5,1,5.4,77.14285714,,
E01_P23_AF_VML_GM,Dr Mamun Mahmud,1,0,1,1,1,1,1,6,85.71428571,80.95238095,80.95
,Dr Abid Hasan Khan,1,0,1,1,0.5,1,1,5.5,78.57142857,,
,Dr Rayhan Islam,1,0,1,1,1,0.5,1,5.5,78.57142857,,
E01_P23_AL_VML_GM,Dr Mamun Mahmud,1,0,0,0.9,1,1,1,4.9,70,65.23809524,65.24
,Dr Abid Hasan Khan,1,0,0,0.9,0.5,1,1,4.4,62.85714286,,
,Dr Rayhan Islam,1,0,0,0.9,1,0.5,1,4.4,62.85714286,,
E01_P23_AR_VML_GM,Dr Mamun Mahmud,1,0,0,0.9,1,1,1,4.9,70,65.23809524,65.24
,Dr Abid Hasan Khan,1,0,0,0.9,0.5,1,1,4.4,62.85714286,,
,Dr Rayhan Islam,1,0,0,0.9,1,0.5,1,4.4,62.85714286,,
E01_P23_AF_VO_GM,Dr Mamun Mahmud,1,1,0,0.9,1,1,1,5.9,84.28571429,84.28571429,84.29
,Dr Abid Hasan Khan,1,1,0,0.9,1,1,1,5.9,84.28571429,,
,Dr Rayhan Islam,1,1,0,0.9,1,1,1,5.9,84.28571429,,
E01_P23_AL_VO_GM,Dr Mamun Mahmud,1,1,0,0.9,1,1,1,5.9,84.28571429,84.28571429,84.29
,Dr Abid Hasan Khan,1,1,0,0.9,1,1,1,5.9,84.28571429,,
,Dr Rayhan Islam,1,1,0,0.9,1,1,1,5.9,84.28571429,,
E01_P23_AR_VO_GM,Dr Mamun Mahmud,1,1,1,1,1,1,1,7,100,100,100
,Dr Abid Hasan Khan,1,1,1,1,1,1,1,7,100,,
,Dr Rayhan Islam,1,1,1,1,1,1,1,7,100,,
E01_P24_AF_VFL_GM,Dr Mamun Mahmud,1,1,1,1,1,1,1,7,100,100,100
,Dr Abid Hasan Khan,1,1,1,1,1,1,1,7,100,,
,Dr Rayhan Islam,1,1,1,1,1,1,1,7,100,,
E01_P24_AL_VFL_GM,Dr Mamun Mahmud,1,1,0,0.8,1,1,1,5.8,82.85714286,82.85714286,82.86
,Dr Abid Hasan Khan,1,1,0,0.8,1,1,1,5.8,82.85714286,,
,Dr Rayhan Islam,1,1,0,0.8,1,1,1,5.8,82.85714286,,
E01_P24_AF_VLL_GM,Dr Mamun Mahmud,1,1,1,1,1,1,1,7,100,100,100
,Dr Abid Hasan Khan,1,1,1,1,1,1,1,7,100,,
,Dr Rayhan Islam,1,1,1,1,1,1,1,7,100,,
E01_P24_AL_VLL_GM,Dr Mamun Mahmud,1,1,1,1,1,1,1,7,100,100,100
,Dr Abid Hasan Khan,1,1,1,1,1,1,1,7,100,,
,Dr Rayhan Islam,1,1,1,1,1,1,1,7,100,,
E01_P24_AF_VML_GM,Dr Mamun Mahmud,1,1,1,1,1,1,1,7,100,100,100
,Dr Abid Hasan Khan,1,1,1,1,1,1,1,7,100,,
,Dr Rayhan Islam,1,1,1,1,1,1,1,7,100,,
E01_P24_AL_VML_GM,Dr Mamun Mahmud,1,1,1,1,1,1,1,7,100,100,100
,Dr Abid Hasan Khan,1,1,1,1,1,1,1,7,100,,
,Dr Rayhan Islam,1,1,1,1,1,1,1,7,100,,
E02_P01_AF_VFL_GM,Dr Mamun Mahmud,1,1,0,0.9,1,1,1,5.9,84.28571429,84.28571429,84.29
,Dr Abid Hasan Khan,1,1,0,0.9,1,1,1,5.9,84.28571429,,
,Dr Rayhan Islam,1,1,0,0.9,1,1,1,5.9,84.28571429,,
E02_P01_AL_VFL_GM,Dr Mamun Mahmud,1,1,0,0.7,1,1,1,5.7,81.42857143,81.42857143,81.43
,Dr Abid Hasan Khan,1,1,0,0.7,1,1,1,5.7,81.42857143,,
,Dr Rayhan Islam,1,1,0,0.7,1,1,1,5.7,81.42857143,,
E02_P01_AR_VFL_GM,Dr Mamun Mahmud,1,1,0,0.7,1,1,1,5.7,81.42857143,81.42857143,81.43
,Dr Abid Hasan Khan,1,1,0,0.7,1,1,1,5.7,81.42857143,,
,Dr Rayhan Islam,1,1,0,0.7,1,1,1,5.7,81.42857143,,
E02_P01_AF_VHJ_GM,Dr Mamun Mahmud,1,1,0,0.6,1,0.5,1,5.1,72.85714286,77.61904762,77.62
,Dr Abid Hasan Khan,1,1,0,0.6,1,1,1,5.6,80,,
,Dr Rayhan Islam,1,1,0,0.6,1,1,1,5.6,80,,
E02_P01_AL_VHJ_GM,Dr Mamun Mahmud,1,1,0,0.6,1,0.5,1,5.1,72.85714286,77.61904762,77.62
,Dr Abid Hasan Khan,1,1,0,0.6,1,1,1,5.6,80,,
,Dr Rayhan Islam,1,1,0,0.6,1,1,1,5.6,80,,
E02_P01_AR_VHJ_GM,Dr Mamun Mahmud,1,1,0,0.7,1,0.5,1,5.2,74.28571429,79.04761905,79.05
,Dr Abid Hasan Khan,1,1,0,0.7,1,1,1,5.7,81.42857143,,
,Dr Rayhan Islam,1,1,0,0.7,1,1,1,5.7,81.42857143,,
E02_P01_AF_VLJ_GM,Dr Mamun Mahmud,1,1,0,0.6,1,1,1,5.6,80,80,80
,Dr Abid Hasan Khan,1,1,0,0.6,1,1,1,5.6,80,,
,Dr Rayhan Islam,1,1,0,0.6,1,1,1,5.6,80,,
E02_P01_AL_VLJ_GM,Dr Mamun Mahmud,1,1,0,0.7,1,1,1,5.7,81.42857143,81.42857143,81.43
,Dr Abid Hasan Khan,1,1,0,0.7,1,1,1,5.7,81.42857143,,
,Dr Rayhan Islam,1,1,0,0.7,1,1,1,5.7,81.42857143,,
E02_P01_AR_VLJ_GM,Dr Mamun Mahmud,1,1,0,0.4,1,1,1,5.4,77.14285714,77.14285714,77.14
,Dr Abid Hasan Khan,1,1,0,0.4,1,1,1,5.4,77.14285714,,
,Dr Rayhan Islam,1,1,0,0.4,1,1,1,5.4,77.14285714,,
E02_P01_AF_VLL_GM,Dr Mamun Mahmud,1,1,0,0.8,1,1,1,5.8,82.85714286,82.85714286,82.86
,Dr Abid Hasan Khan,1,1,0,0.8,1,1,1,5.8,82.85714286,,
,Dr Rayhan Islam,1,1,0,0.8,1,1,1,5.8,82.85714286,,
E02_P01_AL_VLL_GM,Dr Mamun Mahmud,1,1,0,0.8,1,1,1,5.8,82.85714286,82.85714286,82.86
,Dr Abid Hasan Khan,1,1,0,0.8,1,1,1,5.8,82.85714286,,
,Dr Rayhan Islam,1,1,0,0.8,1,1,1,5.8,82.85714286,,
E02_P01_AR_VLL_GM,Dr Mamun Mahmud,1,1,0,0.7,1,1,1,5.7,81.42857143,81.42857143,81.43
,Dr Abid Hasan Khan,1,1,0,0.7,1,1,1,5.7,81.42857143,,
,Dr Rayhan Islam,1,1,0,0.7,1,1,1,5.7,81.42857143,,
E02_P01_AF_VML_GM,Dr Mamun Mahmud,1,1,0,0.8,1,1,1,5.8,82.85714286,82.85714286,82.86
,Dr Abid Hasan Khan,1,1,0,0.8,1,1,1,5.8,82.85714286,,
,Dr Rayhan Islam,1,1,0,0.8,1,1,1,5.8,82.85714286,,
E02_P01_AL_VML_GM,Dr Mamun Mahmud,1,1,0,0.8,1,1,1,5.8,82.85714286,82.85714286,82.86
,Dr Abid Hasan Khan,1,1,0,0.8,1,1,1,5.8,82.85714286,,
,Dr Rayhan Islam,1,1,0,0.8,1,1,1,5.8,82.85714286,,
E02_P01_AR_VML_GM,Dr Mamun Mahmud,1,1,0,0.6,1,1,1,5.6,80,80,80
,Dr Abid Hasan Khan,1,1,0,0.6,1,1,1,5.6,80,,
,Dr Rayhan Islam,1,1,0,0.6,1,1,1,5.6,80,,
E02_P01_AF_VO_GM,Dr Mamun Mahmud,1,1,0,0,1,0.5,1,4.5,64.28571429,66.66666667,66.67
,Dr Abid Hasan Khan,1,1,0,0,1,1,1,5,71.42857143,,
,Dr Rayhan Islam,1,1,0,0,1,0.5,1,4.5,64.28571429,,
E02_P01_AL_VO_GM,Dr Mamun Mahmud,1,1,0,0,1,0.5,1,4.5,64.28571429,66.66666667,66.67
,Dr Abid Hasan Khan,1,1,0,0,1,1,1,5,71.42857143,,
,Dr Rayhan Islam,1,1,0,0,1,0.5,1,4.5,64.28571429,,
E02_P01_AR_VO_GM,Dr Mamun Mahmud,1,1,0,0,1,0.5,1,4.5,64.28571429,66.66666667,66.67
,Dr Abid Hasan Khan,1,1,0,0,1,1,1,5,71.42857143,,
,Dr Rayhan Islam,1,1,0,0,1,0.5,1,4.5,64.28571429,,
E02_P02_AF_VFL_GM,Dr Mamun Mahmud,1,1,0,0.8,1,0.5,1,5.3,75.71428571,73.33333333,73.33
,Dr Abid Hasan Khan,1,1,0,0.8,0.5,0.5,1,4.8,68.57142857,,
,Dr Rayhan Islam,1,1,0,0.8,1,0.5,1,5.3,75.71428571,,
E02_P02_AL_VFL_GM,Dr Mamun Mahmud,1,1,0,0.9,1,0.5,1,5.4,77.14285714,74.76190476,74.76
,Dr Abid Hasan Khan,1,1,0,0.9,0.5,0.5,1,4.9,70,,
,Dr Rayhan Islam,1,1,0,0.9,1,0.5,1,5.4,77.14285714,,
E02_P02_AR_VFL_GM,Dr Mamun Mahmud,1,1,0,0.8,1,0.5,1,5.3,75.71428571,73.33333333,73.33
,Dr Abid Hasan Khan,1,1,0,0.8,0.5,0.5,1,4.8,68.57142857,,
,Dr Rayhan Islam,1,1,0,0.8,1,0.5,1,5.3,75.71428571,,
E02_P02_AF_VHJ_GM,Dr Mamun Mahmud,1,1,0,0.3,0.5,0.5,1,4.3,61.42857143,66.19047619,66.19
,Dr Abid Hasan Khan,1,1,0,0.3,1,0.5,1,4.8,68.57142857,,
,Dr Rayhan Islam,1,1,0,0.3,1,0.5,1,4.8,68.57142857,,
E02_P02_AL_VHJ_GM,Dr Mamun Mahmud,1,1,0,0.1,0.5,0.5,1,4.1,58.57142857,63.33333333,63.33
,Dr Abid Hasan Khan,1,1,0,0.1,1,0.5,1,4.6,65.71428571,,
,Dr Rayhan Islam,1,1,0,0.1,1,0.5,1,4.6,65.71428571,,
E02_P02_AR_VHJ_GM,Dr Mamun Mahmud,1,1,0,0.2,0.5,0.5,1,4.2,60,64.76190476,64.76
,Dr Abid Hasan Khan,1,1,0,0.2,1,0.5,1,4.7,67.14285714,,
,Dr Rayhan Islam,1,1,0,0.2,1,0.5,1,4.7,67.14285714,,
E02_P02_AF_VLJ_GM,Dr Mamun Mahmud,1,1,0,0.1,0.5,0.5,1,4.1,58.57142857,65.71428571,65.71
,Dr Abid Hasan Khan,1,1,0,0.1,1,0.5,1,4.6,65.71428571,,
,Dr Rayhan Islam,1,1,0,0.1,1,1,1,5.1,72.85714286,,
E02_P02_AL_VLJ_GM,Dr Mamun Mahmud,1,1,0,0.1,0.5,0.5,1,4.1,58.57142857,65.71428571,65.71
,Dr Abid Hasan Khan,1,1,0,0.1,1,0.5,1,4.6,65.71428571,,
,Dr Rayhan Islam,1,1,0,0.1,1,1,1,5.1,72.85714286,,
E02_P02_AR_VLJ_GM,Dr Mamun Mahmud,1,1,0,0.1,0.5,0.5,1,4.1,58.57142857,65.71428571,65.71
,Dr Abid Hasan Khan,1,1,0,0.1,1,0.5,1,4.6,65.71428571,,
,Dr Rayhan Islam,1,1,0,0.1,1,1,1,5.1,72.85714286,,
E02_P02_AF_VLL_GM,Dr Mamun Mahmud,1,1,0,0,0.5,0.5,1,4,57.14285714,57.14285714,57.14
,Dr Abid Hasan Khan,1,1,0,0,0.5,0.5,1,4,57.14285714,,
,Dr Rayhan Islam,1,1,0,0,0.5,0.5,1,4,57.14285714,,
E02_P02_AL_VLL_GM,Dr Mamun Mahmud,1,1,0,0,0.5,0.5,1,4,57.14285714,57.14285714,57.14
,Dr Abid Hasan Khan,1,1,0,0,0.5,0.5,1,4,57.14285714,,
,Dr Rayhan Islam,1,1,0,0,0.5,0.5,1,4,57.14285714,,
E02_P02_AR_VLL_GM,Dr Mamun Mahmud,1,1,0,0,0.5,0.5,1,4,57.14285714,57.14285714,57.14
,Dr Abid Hasan Khan,1,1,0,0,0.5,0.5,1,4,57.14285714,,
,Dr Rayhan Islam,1,1,0,0,0.5,0.5,1,4,57.14285714,,
E02_P02_AF_VML_GM,Dr Mamun Mahmud,1,1,0,0,1,0.5,1,4.5,64.28571429,59.52380952,59.52
,Dr Abid Hasan Khan,1,1,0,0,0.5,0.5,1,4,57.14285714,,
,Dr Rayhan Islam,1,1,0,0,0.5,0.5,1,4,57.14285714,,
E02_P02_AL_VML_GM,Dr Mamun Mahmud,1,1,0,0,1,0.5,1,4.5,64.28571429,59.52380952,59.52
,Dr Abid Hasan Khan,1,1,0,0,0.5,0.5,1,4,57.14285714,,
,Dr Rayhan Islam,1,1,0,0,0.5,0.5,1,4,57.14285714,,
E02_P02_AR_VML_GM,Dr Mamun Mahmud,1,1,0,0,1,0.5,1,4.5,64.28571429,59.52380952,59.52
,Dr Abid Hasan Khan,1,1,0,0,0.5,0.5,1,4,57.14285714,,
,Dr Rayhan Islam,1,1,0,0,0.5,0.5,1,4,57.14285714,,
E02_P02_AF_VO_GM,Dr Mamun Mahmud,1,1,0,0,1,1,1,5,71.42857143,61.9047619,61.9
,Dr Abid Hasan Khan,1,1,0,0,0.5,0.5,1,4,57.14285714,,
,Dr Rayhan Islam,1,1,0,0,0.5,0.5,1,4,57.14285714,,
E02_P02_AL_VO_GM,Dr Mamun Mahmud,1,1,0,0,1,1,1,5,71.42857143,61.9047619,61.9
,Dr Abid Hasan Khan,1,1,0,0,0.5,0.5,1,4,57.14285714,,
,Dr Rayhan Islam,1,1,0,0,0.5,0.5,1,4,57.14285714,,
E02_P02_AR_VO_GM,Dr Mamun Mahmud,1,1,0,0,1,1,1,5,71.42857143,61.9047619,61.9
,Dr Abid Hasan Khan,1,1,0,0,0.5,0.5,1,4,57.14285714,,
,Dr Rayhan Islam,1,1,0,0,0.5,0.5,1,4,57.14285714,,
E02_P03_AF_VFL_GM,Dr Mamun Mahmud,1,1,1,1,0.5,1,1,6.5,92.85714286,92.85714286,92.86
,Dr Abid Hasan Khan,1,1,1,1,0.5,0.5,1,6,85.71428571,,
,Dr Rayhan Islam,1,1,1,1,1,1,1,7,100,,
E02_P03_AL_VFL_GM,Dr Mamun Mahmud,1,1,1,1,0.5,1,1,6.5,92.85714286,92.85714286,92.86
,Dr Abid Hasan Khan,1,1,1,1,0.5,0.5,1,6,85.71428571,,
,Dr Rayhan Islam,1,1,1,1,1,1,1,7,100,,
E02_P03_AR_VFL_GM,Dr Mamun Mahmud,1,1,0,0.9,0.5,1,1,5.4,77.14285714,77.14285714,77.14
,Dr Abid Hasan Khan,1,1,0,0.9,0.5,0.5,1,4.9,70,,
,Dr Rayhan Islam,1,1,0,0.9,1,1,1,5.9,84.28571429,,
E02_P03_AF_VHJ_GM,Dr Mamun Mahmud,1,1,1,1,1,1,1,7,100,95.23809524,95.24
,Dr Abid Hasan Khan,1,1,1,1,0.5,0.5,1,6,85.71428571,,
,Dr Rayhan Islam,1,1,1,1,1,1,1,7,100,,
E02_P03_AL_VHJ_GM,Dr Mamun Mahmud,1,1,1,1,1,1,1,7,100,95.23809524,95.24
,Dr Abid Hasan Khan,1,1,1,1,0.5,0.5,1,6,85.71428571,,
,Dr Rayhan Islam,1,1,1,1,1,1,1,7,100,,
E02_P03_AR_VHJ_GM,Dr Mamun Mahmud,1,1,0,0.9,1,1,1,5.9,84.28571429,79.52380952,79.52
,Dr Abid Hasan Khan,1,1,0,0.9,0.5,0.5,1,4.9,70,,
,Dr Rayhan Islam,1,1,0,0.9,1,1,1,5.9,84.28571429,,
E02_P03_AF_VLJ_GM,Dr Mamun Mahmud,1,1,1,1,1,1,1,7,100,95.23809524,95.24
,Dr Abid Hasan Khan,1,1,1,1,0.5,0.5,1,6,85.71428571,,
,Dr Rayhan Islam,1,1,1,1,1,1,1,7,100,,
E02_P03_AL_VLJ_GM,Dr Mamun Mahmud,1,1,1,1,1,1,1,7,100,95.23809524,95.24
,Dr Abid Hasan Khan,1,1,1,1,0.5,0.5,1,6,85.71428571,,
,Dr Rayhan Islam,1,1,1,1,1,1,1,7,100,,
E02_P03_AR_VLJ_GM,Dr Mamun Mahmud,1,1,0,0.8,1,1,1,5.8,82.85714286,78.0952381,78.1
,Dr Abid Hasan Khan,1,1,0,0.8,0.5,0.5,1,4.8,68.57142857,,
,Dr Rayhan Islam,1,1,0,0.8,1,1,1,5.8,82.85714286,,
E02_P03_AF_VLL_GM,Dr Mamun Mahmud,1,1,1,1,1,1,1,7,100,95.23809524,95.24
,Dr Abid Hasan Khan,1,1,1,1,0.5,1,1,6.5,92.85714286,,
,Dr Rayhan Islam,1,1,1,1,0.5,1,1,6.5,92.85714286,,
E02_P03_AL_VLL_GM,Dr Mamun Mahmud,1,1,0,0.9,1,1,1,5.9,84.28571429,79.52380952,79.52
,Dr Abid Hasan Khan,1,1,0,0.9,0.5,1,1,5.4,77.14285714,,
,Dr Rayhan Islam,1,1,0,0.9,0.5,1,1,5.4,77.14285714,,
E02_P03_AR_VLL_GM,Dr Mamun Mahmud,1,1,0,0.9,1,1,1,5.9,84.28571429,79.52380952,79.52
,Dr Abid Hasan Khan,1,1,0,0.9,0.5,1,1,5.4,77.14285714,,
,Dr Rayhan Islam,1,1,0,0.9,0.5,1,1,5.4,77.14285714,,
E02_P03_AF_VML_GM,Dr Mamun Mahmud,1,1,1,1,1,1,1,7,100,97.61904762,97.62
,Dr Abid Hasan Khan,1,1,1,1,0.5,1,1,6.5,92.85714286,,
,Dr Rayhan Islam,1,1,1,1,1,1,1,7,100,,
E02_P03_AL_VML_GM,Dr Mamun Mahmud,1,1,0,0.9,1,1,1,5.9,84.28571429,81.9047619,81.9
,Dr Abid Hasan Khan,1,1,0,0.9,0.5,1,1,5.4,77.14285714,,
,Dr Rayhan Islam,1,1,0,0.9,1,1,1,5.9,84.28571429,,
E02_P03_AR_VML_GM,Dr Mamun Mahmud,1,1,0,0.8,1,1,1,5.8,82.85714286,80.47619048,80.48
,Dr Abid Hasan Khan,1,1,0,0.8,0.5,1,1,5.3,75.71428571,,
,Dr Rayhan Islam,1,1,0,0.8,1,1,1,5.8,82.85714286,,
E02_P03_AF_VO_GM,Dr Mamun Mahmud,1,1,1,1,1,1,1,7,100,97.61904762,97.62
,Dr Abid Hasan Khan,1,1,1,1,1,0.5,1,6.5,92.85714286,,
,Dr Rayhan Islam,1,1,1,1,1,1,1,7,100,,
E02_P03_AL_VO_GM,Dr Mamun Mahmud,1,1,0,0.9,1,1,1,5.9,84.28571429,81.9047619,81.9
,Dr Abid Hasan Khan,1,1,0,0.9,1,0.5,1,5.4,77.14285714,,
,Dr Rayhan Islam,1,1,0,0.9,1,1,1,5.9,84.28571429,,
E02_P03_AR_VO_GM,Dr Mamun Mahmud,1,1,0,0.8,1,1,1,5.8,82.85714286,80.47619048,80.48
,Dr Abid Hasan Khan,1,1,0,0.8,1,0.5,1,5.3,75.71428571,,
,Dr Rayhan Islam,1,1,0,0.8,1,1,1,5.8,82.85714286,,
E02_P04_AF_VFL_GM,Dr Mamun Mahmud,1,1,1,1,1,1,1,7,100,100,100
,Dr Abid Hasan Khan,1,1,1,1,1,1,1,7,100,,
,Dr Rayhan Islam,1,1,1,1,1,1,1,7,100,,
E02_P04_AL_VFL_GM,Dr Mamun Mahmud,1,1,0,0.8,1,1,1,5.8,82.85714286,82.85714286,82.86
,Dr Abid Hasan Khan,1,1,0,0.8,1,1,1,5.8,82.85714286,,
,Dr Rayhan Islam,1,1,0,0.8,1,1,1,5.8,82.85714286,,
E02_P04_AR_VFL_GM,Dr Mamun Mahmud,1,1,0,0.8,1,1,1,5.8,82.85714286,82.85714286,82.86
,Dr Abid Hasan Khan,1,1,0,0.8,1,1,1,5.8,82.85714286,,
,Dr Rayhan Islam,1,1,0,0.8,1,1,1,5.8,82.85714286,,
E02_P04_AF_VHJ_GM,Dr Mamun Mahmud,1,1,1,1,1,0.5,1,6.5,92.85714286,95.23809524,95.24
,Dr Abid Hasan Khan,1,1,1,1,1,0.5,1,6.5,92.85714286,,
,Dr Rayhan Islam,1,1,1,1,1,1,1,7,100,,
E02_P04_AL_VHJ_GM,Dr Mamun Mahmud,1,1,1,1,1,0.5,1,6.5,92.85714286,95.23809524,95.24
,Dr Abid Hasan Khan,1,1,1,1,1,0.5,1,6.5,92.85714286,,
,Dr Rayhan Islam,1,1,1,1,1,1,1,7,100,,
E02_P04_AR_VHJ_GM,Dr Mamun Mahmud,1,1,1,1,1,0.5,1,6.5,92.85714286,95.23809524,95.24
,Dr Abid Hasan Khan,1,1,1,1,1,0.5,1,6.5,92.85714286,,
,Dr Rayhan Islam,1,1,1,1,1,1,1,7,100,,
E02_P04_AF_VLJ_GM,Dr Mamun Mahmud,1,1,1,1,0.5,1,1,6.5,92.85714286,92.85714286,92.86
,Dr Abid Hasan Khan,1,1,1,1,1,0.5,1,6.5,92.85714286,,
,Dr Rayhan Islam,1,1,1,1,0.5,1,1,6.5,92.85714286,,
E02_P04_AL_VLJ_GM,Dr Mamun Mahmud,1,1,1,1,0.5,1,1,6.5,92.85714286,92.85714286,92.86
,Dr Abid Hasan Khan,1,1,1,1,1,0.5,1,6.5,92.85714286,,
,Dr Rayhan Islam,1,1,1,1,0.5,1,1,6.5,92.85714286,,
E02_P04_AR_VLJ_GM,Dr Mamun Mahmud,1,1,0,0.9,0.5,1,1,5.4,77.14285714,77.14285714,77.14
,Dr Abid Hasan Khan,1,1,0,0.9,1,0.5,1,5.4,77.14285714,,
,Dr Rayhan Islam,1,1,0,0.9,0.5,1,1,5.4,77.14285714,,
E02_P04_AF_VLL_GM,Dr Mamun Mahmud,1,1,1,1,1,1,1,7,100,97.61904762,97.62
,Dr Abid Hasan Khan,1,1,1,1,1,0.5,1,6.5,92.85714286,,
,Dr Rayhan Islam,1,1,1,1,1,1,1,7,100,,
E02_P04_AL_VLL_GM,Dr Mamun Mahmud,1,1,1,1,1,1,1,7,100,97.61904762,97.62
,Dr Abid Hasan Khan,1,1,1,1,1,0.5,1,6.5,92.85714286,,
,Dr Rayhan Islam,1,1,1,1,1,1,1,7,100,,
E02_P04_AR_VLL_GM,Dr Mamun Mahmud,1,1,0,0.9,1,1,1,5.9,84.28571429,81.9047619,81.9
,Dr Abid Hasan Khan,1,1,0,0.9,1,0.5,1,5.4,77.14285714,,
,Dr Rayhan Islam,1,1,0,0.9,1,1,1,5.9,84.28571429,,
E02_P04_AF_VML_GM,Dr Mamun Mahmud,1,1,1,1,1,0.5,1,6.5,92.85714286,92.85714286,92.86
,Dr Abid Hasan Khan,1,1,1,1,1,0.5,1,6.5,92.85714286,,
,Dr Rayhan Islam,1,1,1,1,0.5,1,1,6.5,92.85714286,,
E02_P04_AL_VML_GM,Dr Mamun Mahmud,1,1,1,1,1,0.5,1,6.5,92.85714286,92.85714286,92.86
,Dr Abid Hasan Khan,1,1,1,1,1,0.5,1,6.5,92.85714286,,
,Dr Rayhan Islam,1,1,1,1,0.5,1,1,6.5,92.85714286,,
E02_P04_AR_VML_GM,Dr Mamun Mahmud,1,1,1,1,1,0.5,1,6.5,92.85714286,92.85714286,92.86
,Dr Abid Hasan Khan,1,1,1,1,1,0.5,1,6.5,92.85714286,,
,Dr Rayhan Islam,1,1,1,1,0.5,1,1,6.5,92.85714286,,
E02_P04_AF_VO_GM,Dr Mamun Mahmud,1,1,1,1,1,1,1,7,100,97.61904762,97.62
,Dr Abid Hasan Khan,1,1,1,1,1,0.5,1,6.5,92.85714286,,
,Dr Rayhan Islam,1,1,1,1,1,1,1,7,100,,
E02_P04_AL_VO_GM,Dr Mamun Mahmud,1,1,0,0.7,1,1,1,5.7,81.42857143,79.04761905,79.05
,Dr Abid Hasan Khan,1,1,0,0.7,1,0.5,1,5.2,74.28571429,,
,Dr Rayhan Islam,1,1,0,0.7,1,1,1,5.7,81.42857143,,
E02_P04_AR_VO_GM,Dr Mamun Mahmud,1,1,0,0.6,1,1,1,5.6,80,77.61904762,77.62
,Dr Abid Hasan Khan,1,1,0,0.6,1,0.5,1,5.1,72.85714286,,
,Dr Rayhan Islam,1,1,0,0.6,1,1,1,5.6,80,,
E02_P05_AF_VFL_GM,Dr Mamun Mahmud,1,1,1,1,0.5,1,1,6.5,92.85714286,90.47619048,90.48
,Dr Abid Hasan Khan,1,1,1,1,0.5,0.5,1,6,85.71428571,,
,Dr Rayhan Islam,1,1,1,1,0.5,1,1,6.5,92.85714286,,
E02_P05_AL_VFL_GM,Dr Mamun Mahmud,1,1,1,1,0.5,1,1,6.5,92.85714286,90.47619048,90.48
,Dr Abid Hasan Khan,1,1,1,1,0.5,0.5,1,6,85.71428571,,
,Dr Rayhan Islam,1,1,1,1,0.5,1,1,6.5,92.85714286,,
E02_P05_AR_VFL_GM,Dr Mamun Mahmud,1,1,1,1,0.5,1,1,6.5,92.85714286,90.47619048,90.48
,Dr Abid Hasan Khan,1,1,1,1,0.5,0.5,1,6,85.71428571,,
,Dr Rayhan Islam,1,1,1,1,0.5,1,1,6.5,92.85714286,,
E02_P05_AF_VHJ_GM,Dr Mamun Mahmud,1,1,1,1,0.5,0.5,1,6,85.71428571,88.0952381,88.1
,Dr Abid Hasan Khan,1,1,1,1,0.5,0.5,1,6,85.71428571,,
,Dr Rayhan Islam,1,1,1,1,0.5,1,1,6.5,92.85714286,,
E02_P05_AL_VHJ_GM,Dr Mamun Mahmud,1,1,0,0.9,0.5,0.5,1,4.9,70,72.38095238,72.38
,Dr Abid Hasan Khan,1,1,0,0.9,0.5,0.5,1,4.9,70,,
,Dr Rayhan Islam,1,1,0,0.9,0.5,1,1,5.4,77.14285714,,
E02_P05_AR_VHJ_GM,Dr Mamun Mahmud,1,1,1,1,0.5,0.5,1,6,85.71428571,88.0952381,88.1
,Dr Abid Hasan Khan,1,1,1,1,0.5,0.5,1,6,85.71428571,,
,Dr Rayhan Islam,1,1,1,1,0.5,1,1,6.5,92.85714286,,
E02_P05_AF_VLJ_GM,Dr Mamun Mahmud,1,1,1,1,0.5,0.5,1,6,85.71428571,85.71428571,85.71
,Dr Abid Hasan Khan,1,1,1,1,0.5,0.5,1,6,85.71428571,,
,Dr Rayhan Islam,1,1,1,1,0.5,0.5,1,6,85.71428571,,
E02_P05_AL_VLJ_GM,Dr Mamun Mahmud,1,1,1,1,0.5,0.5,1,6,85.71428571,85.71428571,85.71
,Dr Abid Hasan Khan,1,1,1,1,0.5,0.5,1,6,85.71428571,,
,Dr Rayhan Islam,1,1,1,1,0.5,0.5,1,6,85.71428571,,
E02_P05_AR_VLJ_GM,Dr Mamun Mahmud,1,1,1,1,0.5,0.5,1,6,85.71428571,85.71428571,85.71
,Dr Abid Hasan Khan,1,1,1,1,0.5,0.5,1,6,85.71428571,,
,Dr Rayhan Islam,1,1,1,1,0.5,0.5,1,6,85.71428571,,
E02_P05_AF_VLL_GM,Dr Mamun Mahmud,1,1,1,1,1,0.5,1,6.5,92.85714286,90.47619048,90.48
,Dr Abid Hasan Khan,1,1,1,1,0.5,0.5,1,6,85.71428571,,
,Dr Rayhan Islam,1,1,1,1,0.5,1,1,6.5,92.85714286,,
E02_P05_AL_VLL_GM,Dr Mamun Mahmud,1,1,1,1,1,0.5,1,6.5,92.85714286,90.47619048,90.48
,Dr Abid Hasan Khan,1,1,1,1,0.5,0.5,1,6,85.71428571,,
,Dr Rayhan Islam,1,1,1,1,0.5,1,1,6.5,92.85714286,,
E02_P05_AR_VLL_GM,Dr Mamun Mahmud,1,1,0,0.9,1,0.5,1,5.4,77.14285714,74.76190476,74.76
,Dr Abid Hasan Khan,1,1,0,0.9,0.5,0.5,1,4.9,70,,
,Dr Rayhan Islam,1,1,0,0.9,0.5,1,1,5.4,77.14285714,,
E02_P05_AF_VML_GM,Dr Mamun Mahmud,1,1,1,1,1,0.5,1,6.5,92.85714286,90.47619048,90.48
,Dr Abid Hasan Khan,1,1,1,1,0.5,0.5,1,6,85.71428571,,
,Dr Rayhan Islam,1,1,1,1,0.5,1,1,6.5,92.85714286,,
E02_P05_AL_VML_GM,Dr Mamun Mahmud,1,1,1,1,1,0.5,1,6.5,92.85714286,90.47619048,90.48
,Dr Abid Hasan Khan,1,1,1,1,0.5,0.5,1,6,85.71428571,,
,Dr Rayhan Islam,1,1,1,1,0.5,1,1,6.5,92.85714286,,
E02_P05_AR_VML_GM,Dr Mamun Mahmud,1,1,0,0.9,1,0.5,1,5.4,77.14285714,74.76190476,74.76
,Dr Abid Hasan Khan,1,1,0,0.9,0.5,0.5,1,4.9,70,,
,Dr Rayhan Islam,1,1,0,0.9,0.5,1,1,5.4,77.14285714,,
E02_P05_AF_VO_GM,Dr Mamun Mahmud,1,1,1,1,1,0.5,1,6.5,92.85714286,92.85714286,92.86
,Dr Abid Hasan Khan,1,1,1,1,0.5,0.5,1,6,85.71428571,,
,Dr Rayhan Islam,1,1,1,1,1,1,1,7,100,,
E02_P05_AL_VO_GM,Dr Mamun Mahmud,1,1,1,1,1,0.5,1,6.5,92.85714286,92.85714286,92.86
,Dr Abid Hasan Khan,1,1,1,1,0.5,0.5,1,6,85.71428571,,
,Dr Rayhan Islam,1,1,1,1,1,1,1,7,100,,
E02_P05_AR_VO_GM,Dr Mamun Mahmud,1,1,1,1,1,0.5,1,6.5,92.85714286,92.85714286,92.86
,Dr Abid Hasan Khan,1,1,1,1,0.5,0.5,1,6,85.71428571,,
,Dr Rayhan Islam,1,1,1,1,1,1,1,7,100,,
E02_P06_AF_VFL_GM,Dr Mamun Mahmud,1,1,1,1,1,1,1,7,100,100,100
,Dr Abid Hasan Khan,1,1,1,1,1,1,1,7,100,,
,Dr Rayhan Islam,1,1,1,1,1,1,1,7,100,,
E02_P06_AL_VFL_GM,Dr Mamun Mahmud,1,1,0,0.9,1,1,1,5.9,84.28571429,84.28571429,84.29
,Dr Abid Hasan Khan,1,1,0,0.9,1,1,1,5.9,84.28571429,,
,Dr Rayhan Islam,1,1,0,0.9,1,1,1,5.9,84.28571429,,
E02_P06_AR_VFL_GM,Dr Mamun Mahmud,1,1,0,0.8,1,1,1,5.8,82.85714286,82.85714286,82.86
,Dr Abid Hasan Khan,1,1,0,0.8,1,1,1,5.8,82.85714286,,
,Dr Rayhan Islam,1,1,0,0.8,1,1,1,5.8,82.85714286,,
E02_P06_AF_VHJ_GM,Dr Mamun Mahmud,1,1,0,0.4,1,1,1,5.4,77.14285714,77.14285714,77.14
,Dr Abid Hasan Khan,1,1,0,0.4,1,1,1,5.4,77.14285714,,
,Dr Rayhan Islam,1,1,0,0.4,1,1,1,5.4,77.14285714,,
E02_P06_AL_VHJ_GM,Dr Mamun Mahmud,1,1,0,0.4,1,1,1,5.4,77.14285714,77.14285714,77.14
,Dr Abid Hasan Khan,1,1,0,0.4,1,1,1,5.4,77.14285714,,
,Dr Rayhan Islam,1,1,0,0.4,1,1,1,5.4,77.14285714,,
E02_P06_AR_VHJ_GM,Dr Mamun Mahmud,1,1,0,0.2,1,1,1,5.2,74.28571429,74.28571429,74.29
,Dr Abid Hasan Khan,1,1,0,0.2,1,1,1,5.2,74.28571429,,
,Dr Rayhan Islam,1,1,0,0.2,1,1,1,5.2,74.28571429,,
E02_P06_AF_VLJ_GM,Dr Mamun Mahmud,1,1,1,1,1,1,1,7,100,100,100
,Dr Abid Hasan Khan,1,1,1,1,1,1,1,7,100,,
,Dr Rayhan Islam,1,1,1,1,1,1,1,7,100,,
E02_P06_AL_VLJ_GM,Dr Mamun Mahmud,1,1,1,1,1,1,1,7,100,100,100
,Dr Abid Hasan Khan,1,1,1,1,1,1,1,7,100,,
,Dr Rayhan Islam,1,1,1,1,1,1,1,7,100,,
E02_P06_AR_VLJ_GM,Dr Mamun Mahmud,1,1,0,0.8,1,1,1,5.8,82.85714286,82.85714286,82.86
,Dr Abid Hasan Khan,1,1,0,0.8,1,1,1,5.8,82.85714286,,
,Dr Rayhan Islam,1,1,0,0.8,1,1,1,5.8,82.85714286,,
E02_P06_AF_VLL_GM,Dr Mamun Mahmud,1,1,0,0.9,1,1,1,5.9,84.28571429,84.28571429,84.29
,Dr Abid Hasan Khan,1,1,0,0.9,1,1,1,5.9,84.28571429,,
,Dr Rayhan Islam,1,1,0,0.9,1,1,1,5.9,84.28571429,,
E02_P06_AL_VLL_GM,Dr Mamun Mahmud,1,1,0,0.9,1,1,1,5.9,84.28571429,84.28571429,84.29
,Dr Abid Hasan Khan,1,1,0,0.9,1,1,1,5.9,84.28571429,,
,Dr Rayhan Islam,1,1,0,0.9,1,1,1,5.9,84.28571429,,
E02_P06_AR_VLL_GM,Dr Mamun Mahmud,1,1,0,0.8,1,1,1,5.8,82.85714286,82.85714286,82.86
,Dr Abid Hasan Khan,1,1,0,0.8,1,1,1,5.8,82.85714286,,
,Dr Rayhan Islam,1,1,0,0.8,1,1,1,5.8,82.85714286,,
E02_P06_AF_VML_GM,Dr Mamun Mahmud,1,1,1,1,1,0.5,1,6.5,92.85714286,97.61904762,97.62
,Dr Abid Hasan Khan,1,1,1,1,1,1,1,7,100,,
,Dr Rayhan Islam,1,1,1,1,1,1,1,7,100,,
E02_P06_AL_VML_GM,Dr Mamun Mahmud,1,1,1,1,1,0.5,1,6.5,92.85714286,97.61904762,97.62
,Dr Abid Hasan Khan,1,1,1,1,1,1,1,7,100,,
,Dr Rayhan Islam,1,1,1,1,1,1,1,7,100,,
E02_P06_AR_VML_GM,Dr Mamun Mahmud,1,1,0,0.8,1,0.5,1,5.3,75.71428571,80.47619048,80.48
,Dr Abid Hasan Khan,1,1,0,0.8,1,1,1,5.8,82.85714286,,
,Dr Rayhan Islam,1,1,0,0.8,1,1,1,5.8,82.85714286,,
E02_P06_AF_VO_GM,Dr Mamun Mahmud,1,1,0,0.2,1,1,1,5.2,74.28571429,74.28571429,74.29
,Dr Abid Hasan Khan,1,1,0,0.2,1,1,1,5.2,74.28571429,,
,Dr Rayhan Islam,1,1,0,0.2,1,1,1,5.2,74.28571429,,
E02_P06_AL_VO_GM,Dr Mamun Mahmud,1,1,0,0.2,1,1,1,5.2,74.28571429,74.28571429,74.29
,Dr Abid Hasan Khan,1,1,0,0.2,1,1,1,5.2,74.28571429,,
,Dr Rayhan Islam,1,1,0,0.2,1,1,1,5.2,74.28571429,,
E02_P06_AR_VO_GM,Dr Mamun Mahmud,1,1,0,0.1,1,1,1,5.1,72.85714286,72.85714286,72.86
,Dr Abid Hasan Khan,1,1,0,0.1,1,1,1,5.1,72.85714286,,
,Dr Rayhan Islam,1,1,0,0.1,1,1,1,5.1,72.85714286,,
E02_P07_AF_VFL_GM,Dr Mamun Mahmud,0,1,0,0,1,0.5,1,3.5,50,50,50
,Dr Abid Hasan Khan,0,1,0,0,1,0.5,1,3.5,50,,
,Dr Rayhan Islam,0,1,0,0,1,0.5,1,3.5,50,,
E02_P07_AL_VFL_GM,Dr Mamun Mahmud,0,1,0,0,1,0.5,1,3.5,50,50,50
,Dr Abid Hasan Khan,0,1,0,0,1,0.5,1,3.5,50,,
,Dr Rayhan Islam,0,1,0,0,1,0.5,1,3.5,50,,
E02_P07_AR_VFL_GM,Dr Mamun Mahmud,0,1,0,0,1,0.5,1,3.5,50,50,50
,Dr Abid Hasan Khan,0,1,0,0,1,0.5,1,3.5,50,,
,Dr Rayhan Islam,0,1,0,0,1,0.5,1,3.5,50,,
E02_P07_AF_VHJ_GM,Dr Mamun Mahmud,0,1,0,0,1,1,1,4,57.14285714,47.61904762,47.62
,Dr Abid Hasan Khan,0,1,0,0,1,0,1,3,42.85714286,,
,Dr Rayhan Islam,0,1,0,0,1,0,1,3,42.85714286,,
E02_P07_AL_VHJ_GM,Dr Mamun Mahmud,0,1,0,0,1,1,1,4,57.14285714,47.61904762,47.62
,Dr Abid Hasan Khan,0,1,0,0,1,0,1,3,42.85714286,,
,Dr Rayhan Islam,0,1,0,0,1,0,1,3,42.85714286,,
E02_P07_AR_VHJ_GM,Dr Mamun Mahmud,0,1,0,0,1,1,1,4,57.14285714,47.61904762,47.62
,Dr Abid Hasan Khan,0,1,0,0,1,0,1,3,42.85714286,,
,Dr Rayhan Islam,0,1,0,0,1,0,1,3,42.85714286,,
E02_P07_AF_VLJ_GM,Dr Mamun Mahmud,0,1,0,0,1,0.5,1,3.5,50,47.61904762,47.62
,Dr Abid Hasan Khan,0,1,0,0,1,0,1,3,42.85714286,,
,Dr Rayhan Islam,0,1,0,0,1,0.5,1,3.5,50,,
E02_P07_AL_VLJ_GM,Dr Mamun Mahmud,0,1,0,0,1,0.5,1,3.5,50,47.61904762,47.62
,Dr Abid Hasan Khan,0,1,0,0,1,0,1,3,42.85714286,,
,Dr Rayhan Islam,0,1,0,0,1,0.5,1,3.5,50,,
E02_P07_AR_VLJ_GM,Dr Mamun Mahmud,0,1,0,0,1,0.5,1,3.5,50,47.61904762,47.62
,Dr Abid Hasan Khan,0,1,0,0,1,0,1,3,42.85714286,,
,Dr Rayhan Islam,0,1,0,0,1,0.5,1,3.5,50,,
E02_P07_AF_VLL_GM,Dr Mamun Mahmud,0,1,0,0,1,0.5,1,3.5,50,47.61904762,47.62
,Dr Abid Hasan Khan,0,1,0,0,1,0,1,3,42.85714286,,
,Dr Rayhan Islam,0,1,0,0,1,0.5,1,3.5,50,,
E02_P07_AL_VLL_GM,Dr Mamun Mahmud,0,1,0,0,1,0.5,1,3.5,50,47.61904762,47.62
,Dr Abid Hasan Khan,0,1,0,0,1,0,1,3,42.85714286,,
,Dr Rayhan Islam,0,1,0,0,1,0.5,1,3.5,50,,
E02_P07_AR_VLL_GM,Dr Mamun Mahmud,0,1,0,0,1,0.5,1,3.5,50,47.61904762,47.62
,Dr Abid Hasan Khan,0,1,0,0,1,0,1,3,42.85714286,,
,Dr Rayhan Islam,0,1,0,0,1,0.5,1,3.5,50,,
E02_P07_AF_VML_GM,Dr Mamun Mahmud,0,1,0,0,1,0.5,1,3.5,50,47.61904762,47.62
,Dr Abid Hasan Khan,0,1,0,0,1,0,1,3,42.85714286,,
,Dr Rayhan Islam,0,1,0,0,1,0.5,1,3.5,50,,
E02_P07_AL_VML_GM,Dr Mamun Mahmud,0,1,0,0,1,0.5,1,3.5,50,47.61904762,47.62
,Dr Abid Hasan Khan,0,1,0,0,1,0,1,3,42.85714286,,
,Dr Rayhan Islam,0,1,0,0,1,0.5,1,3.5,50,,
E02_P07_AR_VML_GM,Dr Mamun Mahmud,0,1,0,0,1,0.5,1,3.5,50,47.61904762,47.62
,Dr Abid Hasan Khan,0,1,0,0,1,0,1,3,42.85714286,,
,Dr Rayhan Islam,0,1,0,0,1,0.5,1,3.5,50,,
E02_P07_AF_VO_GM,Dr Mamun Mahmud,0,1,0,0,1,0.5,1,3.5,50,47.61904762,47.62
,Dr Abid Hasan Khan,0,1,0,0,1,0,1,3,42.85714286,,
,Dr Rayhan Islam,0,1,0,0,1,0.5,1,3.5,50,,
E02_P07_AL_VO_GM,Dr Mamun Mahmud,0,1,0,0,1,0.5,1,3.5,50,47.61904762,47.62
,Dr Abid Hasan Khan,0,1,0,0,1,0,1,3,42.85714286,,
,Dr Rayhan Islam,0,1,0,0,1,0.5,1,3.5,50,,
E02_P07_AR_VO_GM,Dr Mamun Mahmud,0,1,0,0,1,0.5,1,3.5,50,47.61904762,47.62
,Dr Abid Hasan Khan,0,1,0,0,1,0,1,3,42.85714286,,
,Dr Rayhan Islam,0,1,0,0,1,0.5,1,3.5,50,,
E02_P08_AF_VFL_GM,Dr Mamun Mahmud,1,1,1,1,1,0.5,1,6.5,92.85714286,90.47619048,90.48
,Dr Abid Hasan Khan,1,1,1,1,1,0,1,6,85.71428571,,
,Dr Rayhan Islam,1,1,1,1,0.5,1,1,6.5,92.85714286,,
E02_P08_AL_VFL_GM,Dr Mamun Mahmud,1,1,1,1,1,0.5,1,6.5,92.85714286,90.47619048,90.48
,Dr Abid Hasan Khan,1,1,1,1,1,0,1,6,85.71428571,,
,Dr Rayhan Islam,1,1,1,1,0.5,1,1,6.5,92.85714286,,
E02_P08_AR_VFL_GM,Dr Mamun Mahmud,1,1,1,1,1,0.5,1,6.5,92.85714286,90.47619048,90.48
,Dr Abid Hasan Khan,1,1,1,1,1,0,1,6,85.71428571,,
,Dr Rayhan Islam,1,1,1,1,0.5,1,1,6.5,92.85714286,,
E02_P08_AF_VHJ_GM,Dr Mamun Mahmud,1,1,0,0.9,0.5,1,1,5.4,77.14285714,74.76190476,74.76
,Dr Abid Hasan Khan,1,1,0,0.9,1,0,1,4.9,70,,
,Dr Rayhan Islam,1,1,0,0.9,0.5,1,1,5.4,77.14285714,,
E02_P08_AL_VHJ_GM,Dr Mamun Mahmud,1,1,0,0.9,0.5,1,1,5.4,77.14285714,74.76190476,74.76
,Dr Abid Hasan Khan,1,1,0,0.9,1,0,1,4.9,70,,
,Dr Rayhan Islam,1,1,0,0.9,0.5,1,1,5.4,77.14285714,,
E02_P08_AR_VHJ_GM,Dr Mamun Mahmud,1,1,1,1,0.5,1,1,6.5,92.85714286,90.47619048,90.48
,Dr Abid Hasan Khan,1,1,1,1,1,0,1,6,85.71428571,,
,Dr Rayhan Islam,1,1,1,1,0.5,1,1,6.5,92.85714286,,
E02_P08_AF_VLJ_GM,Dr Mamun Mahmud,1,1,1,1,0.5,1,1,6.5,92.85714286,92.85714286,92.86
,Dr Abid Hasan Khan,1,1,1,1,1,0,1,6,85.71428571,,
,Dr Rayhan Islam,1,1,1,1,1,1,1,7,100,,
E02_P08_AL_VLJ_GM,Dr Mamun Mahmud,1,1,1,1,0.5,1,1,6.5,92.85714286,92.85714286,92.86
,Dr Abid Hasan Khan,1,1,1,1,1,0,1,6,85.71428571,,
,Dr Rayhan Islam,1,1,1,1,1,1,1,7,100,,
E02_P08_AR_VLJ_GM,Dr Mamun Mahmud,1,1,1,1,0.5,1,1,6.5,92.85714286,92.85714286,92.86
,Dr Abid Hasan Khan,1,1,1,1,1,0,1,6,85.71428571,,
,Dr Rayhan Islam,1,1,1,1,1,1,1,7,100,,
E02_P08_AF_VLL_GM,Dr Mamun Mahmud,1,1,0,0.9,0.5,1,1,5.4,77.14285714,77.14285714,77.14
,Dr Abid Hasan Khan,1,1,0,0.9,1,0,1,4.9,70,,
,Dr Rayhan Islam,1,1,0,0.9,1,1,1,5.9,84.28571429,,
E02_P08_AL_VLL_GM,Dr Mamun Mahmud,1,1,0,0.8,0.5,1,1,5.3,75.71428571,75.71428571,75.71
,Dr Abid Hasan Khan,1,1,0,0.8,1,0,1,4.8,68.57142857,,
,Dr Rayhan Islam,1,1,0,0.8,1,1,1,5.8,82.85714286,,
E02_P08_AR_VLL_GM,Dr Mamun Mahmud,1,1,0,0.9,0.5,1,1,5.4,77.14285714,77.14285714,77.14
,Dr Abid Hasan Khan,1,1,0,0.9,1,0,1,4.9,70,,
,Dr Rayhan Islam,1,1,0,0.9,1,1,1,5.9,84.28571429,,
E02_P08_AF_VML_GM,Dr Mamun Mahmud,1,1,1,1,0.5,1,1,6.5,92.85714286,92.85714286,92.86
,Dr Abid Hasan Khan,1,1,1,1,1,0,1,6,85.71428571,,
,Dr Rayhan Islam,1,1,1,1,1,1,1,7,100,,
E02_P08_AL_VML_GM,Dr Mamun Mahmud,1,1,1,1,0.5,1,1,6.5,92.85714286,92.85714286,92.86
,Dr Abid Hasan Khan,1,1,1,1,1,0,1,6,85.71428571,,
,Dr Rayhan Islam,1,1,1,1,1,1,1,7,100,,
E02_P08_AR_VML_GM,Dr Mamun Mahmud,1,1,0,0.9,0.5,1,1,5.4,77.14285714,77.14285714,77.14
,Dr Abid Hasan Khan,1,1,0,0.9,1,0,1,4.9,70,,
,Dr Rayhan Islam,1,1,0,0.9,1,1,1,5.9,84.28571429,,
E02_P08_AF_VO_GM,Dr Mamun Mahmud,1,1,0,0.9,0.5,1,1,5.4,77.14285714,77.14285714,77.14
,Dr Abid Hasan Khan,1,1,0,0.9,1,0,1,4.9,70,,
,Dr Rayhan Islam,1,1,0,0.9,1,1,1,5.9,84.28571429,,
E02_P08_AL_VO_GM,Dr Mamun Mahmud,1,1,0,0.8,0.5,1,1,5.3,75.71428571,75.71428571,75.71
,Dr Abid Hasan Khan,1,1,0,0.8,1,0,1,4.8,68.57142857,,
,Dr Rayhan Islam,1,1,0,0.8,1,1,1,5.8,82.85714286,,
E02_P08_AR_VO_GM,Dr Mamun Mahmud,1,1,0,0.9,0.5,1,1,5.4,77.14285714,77.14285714,77.14
,Dr Abid Hasan Khan,1,1,0,0.9,1,0,1,4.9,70,,
,Dr Rayhan Islam,1,1,0,0.9,1,1,1,5.9,84.28571429,,
E02_P09_AF_VFL_GF,Dr Mamun Mahmud,1,1,0,0.9,0.5,1,1,5.4,77.14285714,77.14285714,77.14
,Dr Abid Hasan Khan,1,1,0,0.9,0.5,1,1,5.4,77.14285714,,
,Dr Rayhan Islam,1,1,0,0.9,0.5,1,1,5.4,77.14285714,,
E02_P09_AL_VFL_GF,Dr Mamun Mahmud,1,1,0,0.8,0.5,1,1,5.3,75.71428571,75.71428571,75.71
,Dr Abid Hasan Khan,1,1,0,0.8,0.5,1,1,5.3,75.71428571,,
,Dr Rayhan Islam,1,1,0,0.8,0.5,1,1,5.3,75.71428571,,
E02_P09_AR_VFL_GF,Dr Mamun Mahmud,1,1,0,0.8,0.5,1,1,5.3,75.71428571,75.71428571,75.71
,Dr Abid Hasan Khan,1,1,0,0.8,0.5,1,1,5.3,75.71428571,,
,Dr Rayhan Islam,1,1,0,0.8,0.5,1,1,5.3,75.71428571,,
E02_P09_AF_VLL_GF,Dr Mamun Mahmud,1,1,1,1,1,1,1,7,100,100,100
,Dr Abid Hasan Khan,1,1,1,1,1,1,1,7,100,,
,Dr Rayhan Islam,1,1,1,1,1,1,1,7,100,,
E02_P09_AL_VLL_GF,Dr Mamun Mahmud,1,1,0,0.9,1,1,1,5.9,84.28571429,84.28571429,84.29
,Dr Abid Hasan Khan,1,1,0,0.9,1,1,1,5.9,84.28571429,,
,Dr Rayhan Islam,1,1,0,0.9,1,1,1,5.9,84.28571429,,
E02_P09_AR_VLL_GF,Dr Mamun Mahmud,1,1,0,0.9,1,1,1,5.9,84.28571429,84.28571429,84.29
,Dr Abid Hasan Khan,1,1,0,0.9,1,1,1,5.9,84.28571429,,
,Dr Rayhan Islam,1,1,0,0.9,1,1,1,5.9,84.28571429,,
E02_P09_AF_VML_GF,Dr Mamun Mahmud,1,1,1,1,1,1,1,7,100,95.23809524,95.24
,Dr Abid Hasan Khan,1,1,1,1,0.5,1,1,6.5,92.85714286,,
,Dr Rayhan Islam,1,1,1,1,0.5,1,1,6.5,92.85714286,,
E02_P09_AL_VML_GF,Dr Mamun Mahmud,1,1,1,1,1,1,1,7,100,95.23809524,95.24
,Dr Abid Hasan Khan,1,1,1,1,0.5,1,1,6.5,92.85714286,,
,Dr Rayhan Islam,1,1,1,1,0.5,1,1,6.5,92.85714286,,
E02_P09_AR_VML_GF,Dr Mamun Mahmud,1,1,1,1,1,1,1,7,100,95.23809524,95.24
,Dr Abid Hasan Khan,1,1,1,1,0.5,1,1,6.5,92.85714286,,
,Dr Rayhan Islam,1,1,1,1,0.5,1,1,6.5,92.85714286,,
E02_P09_AF_VO_GF,Dr Mamun Mahmud,1,0,1,1,1,1,1,6,85.71428571,80.95238095,80.95
,Dr Abid Hasan Khan,1,0,1,1,0.5,1,1,5.5,78.57142857,,
,Dr Rayhan Islam,1,0,1,1,0.5,1,1,5.5,78.57142857,,
E02_P09_AL_VO_GF,Dr Mamun Mahmud,1,0,0,0.8,1,1,1,4.8,68.57142857,63.80952381,63.81
,Dr Abid Hasan Khan,1,0,0,0.8,0.5,1,1,4.3,61.42857143,,
,Dr Rayhan Islam,1,0,0,0.8,0.5,1,1,4.3,61.42857143,,
E02_P09_AR_VO_GF,Dr Mamun Mahmud,1,0,0,0.8,1,1,1,4.8,68.57142857,63.80952381,63.81
,Dr Abid Hasan Khan,1,0,0,0.8,0.5,1,1,4.3,61.42857143,,
,Dr Rayhan Islam,1,0,0,0.8,0.5,1,1,4.3,61.42857143,,
E02_P10_AF_VFL_GF,Dr Mamun Mahmud,0,1,0,0,1,1,1,4,57.14285714,54.76190476,54.76
,Dr Abid Hasan Khan,0,1,0,0,1,1,1,4,57.14285714,,
,Dr Rayhan Islam,0,1,0,0,1,0.5,1,3.5,50,,
E02_P10_AL_VFL_GF,Dr Mamun Mahmud,0,1,0,0,1,1,1,4,57.14285714,54.76190476,54.76
,Dr Abid Hasan Khan,0,1,0,0,1,1,1,4,57.14285714,,
,Dr Rayhan Islam,0,1,0,0,1,0.5,1,3.5,50,,
E02_P10_AR_VFL_GF,Dr Mamun Mahmud,0,1,0,0,1,1,1,4,57.14285714,54.76190476,54.76
,Dr Abid Hasan Khan,0,1,0,0,1,1,1,4,57.14285714,,
,Dr Rayhan Islam,0,1,0,0,1,0.5,1,3.5,50,,
E02_P10_AF_VLL_GF,Dr Mamun Mahmud,0,1,0,0,1,0.5,1,3.5,50,50,50
,Dr Abid Hasan Khan,0,1,0,0,1,1,1,4,57.14285714,,
,Dr Rayhan Islam,0,1,0,0,0.5,0.5,1,3,42.85714286,,
E02_P10_AL_VLL_GF,Dr Mamun Mahmud,0,1,0,0,1,0.5,1,3.5,50,50,50
,Dr Abid Hasan Khan,0,1,0,0,1,1,1,4,57.14285714,,
,Dr Rayhan Islam,0,1,0,0,0.5,0.5,1,3,42.85714286,,
E02_P10_AR_VLL_GF,Dr Mamun Mahmud,0,1,0,0,1,0.5,1,3.5,50,50,50
,Dr Abid Hasan Khan,0,1,0,0,1,1,1,4,57.14285714,,
,Dr Rayhan Islam,0,1,0,0,0.5,0.5,1,3,42.85714286,,
E02_P10_AF_VML_GF,Dr Mamun Mahmud,0,1,0,0,1,0.5,1,3.5,50,52.38095238,52.38
,Dr Abid Hasan Khan,0,1,0,0,1,1,1,4,57.14285714,,
,Dr Rayhan Islam,0,1,0,0,1,0.5,1,3.5,50,,
E02_P10_AL_VML_GF,Dr Mamun Mahmud,0,1,0,0,1,0.5,1,3.5,50,52.38095238,52.38
,Dr Abid Hasan Khan,0,1,0,0,1,1,1,4,57.14285714,,
,Dr Rayhan Islam,0,1,0,0,1,0.5,1,3.5,50,,
E02_P10_AR_VML_GF,Dr Mamun Mahmud,0,1,0,0,1,0.5,1,3.5,50,52.38095238,52.38
,Dr Abid Hasan Khan,0,1,0,0,1,1,1,4,57.14285714,,
,Dr Rayhan Islam,0,1,0,0,1,0.5,1,3.5,50,,
E02_P10_AF_VO_GF,Dr Mamun Mahmud,0,1,0,0,0.5,1,1,3.5,50,52.38095238,52.38
,Dr Abid Hasan Khan,0,1,0,0,1,1,1,4,57.14285714,,
,Dr Rayhan Islam,0,1,0,0,1,0.5,1,3.5,50,,
E02_P10_AL_VO_GF,Dr Mamun Mahmud,0,1,0,0,0.5,1,1,3.5,50,52.38095238,52.38
,Dr Abid Hasan Khan,0,1,0,0,1,1,1,4,57.14285714,,
,Dr Rayhan Islam,0,1,0,0,1,0.5,1,3.5,50,,
E02_P10_AR_VO_GF,Dr Mamun Mahmud,0,1,0,0,0.5,1,1,3.5,50,52.38095238,52.38
,Dr Abid Hasan Khan,0,1,0,0,1,1,1,4,57.14285714,,
,Dr Rayhan Islam,0,1,0,0,1,0.5,1,3.5,50,,
E02_P11_AF_VFL_GF,Dr Mamun Mahmud,1,1,0,0.1,1,0.5,1,4.6,65.71428571,68.0952381,68.1
,Dr Abid Hasan Khan,1,1,0,0.1,1,0.5,1,4.6,65.71428571,,
,Dr Rayhan Islam,1,1,0,0.1,1,1,1,5.1,72.85714286,,
E02_P11_AL_VFL_GF,Dr Mamun Mahmud,1,1,0,0.4,1,0.5,1,4.9,70,72.38095238,72.38
,Dr Abid Hasan Khan,1,1,0,0.4,1,0.5,1,4.9,70,,
,Dr Rayhan Islam,1,1,0,0.4,1,1,1,5.4,77.14285714,,
E02_P11_AR_VFL_GF,Dr Mamun Mahmud,1,1,0,0.2,1,0.5,1,4.7,67.14285714,69.52380952,69.52
,Dr Abid Hasan Khan,1,1,0,0.2,1,0.5,1,4.7,67.14285714,,
,Dr Rayhan Islam,1,1,0,0.2,1,1,1,5.2,74.28571429,,
E02_P11_AF_VLL_GF,Dr Mamun Mahmud,1,1,0,0.9,1,1,1,5.9,84.28571429,77.14285714,77.14
,Dr Abid Hasan Khan,1,1,0,0.9,1,0,1,4.9,70,,
,Dr Rayhan Islam,1,1,0,0.9,1,0.5,1,5.4,77.14285714,,
E02_P11_AL_VLL_GF,Dr Mamun Mahmud,1,1,0,0.9,1,1,1,5.9,84.28571429,77.14285714,77.14
,Dr Abid Hasan Khan,1,1,0,0.9,1,0,1,4.9,70,,
,Dr Rayhan Islam,1,1,0,0.9,1,0.5,1,5.4,77.14285714,,
E02_P11_AR_VLL_GF,Dr Mamun Mahmud,1,1,0,0.9,1,1,1,5.9,84.28571429,77.14285714,77.14
,Dr Abid Hasan Khan,1,1,0,0.9,1,0,1,4.9,70,,
,Dr Rayhan Islam,1,1,0,0.9,1,0.5,1,5.4,77.14285714,,
E02_P11_AF_VML_GF,Dr Mamun Mahmud,1,1,1,1,1,1,1,7,100,92.85714286,92.86
,Dr Abid Hasan Khan,1,1,1,1,1,0,1,6,85.71428571,,
,Dr Rayhan Islam,1,1,1,1,1,0.5,1,6.5,92.85714286,,
E02_P11_AL_VML_GF,Dr Mamun Mahmud,1,1,1,1,1,1,1,7,100,92.85714286,92.86
,Dr Abid Hasan Khan,1,1,1,1,1,0,1,6,85.71428571,,
,Dr Rayhan Islam,1,1,1,1,1,0.5,1,6.5,92.85714286,,
E02_P11_AR_VML_GF,Dr Mamun Mahmud,1,1,0,0.8,1,1,1,5.8,82.85714286,75.71428571,75.71
,Dr Abid Hasan Khan,1,1,0,0.8,1,0,1,4.8,68.57142857,,
,Dr Rayhan Islam,1,1,0,0.8,1,0.5,1,5.3,75.71428571,,
E02_P11_AF_VO_GF,Dr Mamun Mahmud,1,1,0,0.9,1,1,1,5.9,84.28571429,79.52380952,79.52
,Dr Abid Hasan Khan,1,1,0,0.9,1,0.5,1,5.4,77.14285714,,
,Dr Rayhan Islam,1,1,0,0.9,1,0.5,1,5.4,77.14285714,,
E02_P11_AL_VO_GF,Dr Mamun Mahmud,1,1,0,0.9,1,1,1,5.9,84.28571429,79.52380952,79.52
,Dr Abid Hasan Khan,1,1,0,0.9,1,0.5,1,5.4,77.14285714,,
,Dr Rayhan Islam,1,1,0,0.9,1,0.5,1,5.4,77.14285714,,
E02_P11_AR_VO_GF,Dr Mamun Mahmud,1,1,1,1,1,1,1,7,100,95.23809524,95.24
,Dr Abid Hasan Khan,1,1,1,1,1,0.5,1,6.5,92.85714286,,
,Dr Rayhan Islam,1,1,1,1,1,0.5,1,6.5,92.85714286,,
E02_P12_AF_VFL_GF,Dr Mamun Mahmud,1,1,1,1,1,1,1,7,100,95.23809524,95.24
,Dr Abid Hasan Khan,1,1,1,1,1,0.5,1,6.5,92.85714286,,
,Dr Rayhan Islam,1,1,1,1,0.5,1,1,6.5,92.85714286,,
E02_P12_AL_VFL_GF,Dr Mamun Mahmud,1,1,0,0.8,1,1,1,5.8,82.85714286,78.0952381,78.1
,Dr Abid Hasan Khan,1,1,0,0.8,1,0.5,1,5.3,75.71428571,,
,Dr Rayhan Islam,1,1,0,0.8,0.5,1,1,5.3,75.71428571,,
E02_P12_AR_VFL_GF,Dr Mamun Mahmud,1,1,0,0.9,1,1,1,5.9,84.28571429,79.52380952,79.52
,Dr Abid Hasan Khan,1,1,0,0.9,1,0.5,1,5.4,77.14285714,,
,Dr Rayhan Islam,1,1,0,0.9,0.5,1,1,5.4,77.14285714,,
E02_P12_AF_VLL_GF,Dr Mamun Mahmud,1,1,0,0.5,0.5,1,1,5,71.42857143,71.42857143,71.43
,Dr Abid Hasan Khan,1,1,0,0.5,0.5,1,1,5,71.42857143,,
,Dr Rayhan Islam,1,1,0,0.5,0.5,1,1,5,71.42857143,,
E02_P12_AL_VLL_GF,Dr Mamun Mahmud,1,1,0,0.7,0.5,1,1,5.2,74.28571429,74.28571429,74.29
,Dr Abid Hasan Khan,1,1,0,0.7,0.5,1,1,5.2,74.28571429,,
,Dr Rayhan Islam,1,1,0,0.7,0.5,1,1,5.2,74.28571429,,
E02_P12_AR_VLL_GF,Dr Mamun Mahmud,1,1,0,0.9,0.5,1,1,5.4,77.14285714,77.14285714,77.14
,Dr Abid Hasan Khan,1,1,0,0.9,0.5,1,1,5.4,77.14285714,,
,Dr Rayhan Islam,1,1,0,0.9,0.5,1,1,5.4,77.14285714,,
E02_P12_AF_VML_GF,Dr Mamun Mahmud,1,1,1,1,1,1,1,7,100,97.61904762,97.62
,Dr Abid Hasan Khan,1,1,1,1,0.5,1,1,6.5,92.85714286,,
,Dr Rayhan Islam,1,1,1,1,1,1,1,7,100,,
E02_P12_AL_VML_GF,Dr Mamun Mahmud,1,1,0,0.9,1,1,1,5.9,84.28571429,81.9047619,81.9
,Dr Abid Hasan Khan,1,1,0,0.9,0.5,1,1,5.4,77.14285714,,
,Dr Rayhan Islam,1,1,0,0.9,1,1,1,5.9,84.28571429,,
E02_P12_AR_VML_GF,Dr Mamun Mahmud,1,1,0,0.9,1,1,1,5.9,84.28571429,81.9047619,81.9
,Dr Abid Hasan Khan,1,1,0,0.9,0.5,1,1,5.4,77.14285714,,
,Dr Rayhan Islam,1,1,0,0.9,1,1,1,5.9,84.28571429,,
E02_P12_AF_VO_GF,Dr Mamun Mahmud,1,1,1,1,1,1,1,7,100,100,100
,Dr Abid Hasan Khan,1,1,1,1,1,1,1,7,100,,
,Dr Rayhan Islam,1,1,1,1,1,1,1,7,100,,
E02_P12_AL_VO_GF,Dr Mamun Mahmud,1,1,1,1,1,1,1,7,100,100,100
,Dr Abid Hasan Khan,1,1,1,1,1,1,1,7,100,,
,Dr Rayhan Islam,1,1,1,1,1,1,1,7,100,,
E02_P12_AR_VO_GF,Dr Mamun Mahmud,1,1,1,1,1,1,1,7,100,100,100
,Dr Abid Hasan Khan,1,1,1,1,1,1,1,7,100,,
,Dr Rayhan Islam,1,1,1,1,1,1,1,7,100,,
E02_P13_AF_VFL_GF,Dr Mamun Mahmud,1,1,0,0.8,1,1,1,5.8,82.85714286,73.33333333,73.33
,Dr Abid Hasan Khan,1,1,0,0.8,0.5,0.5,0.5,4.3,61.42857143,,
,Dr Rayhan Islam,1,1,0,0.8,1,1,0.5,5.3,75.71428571,,
E02_P13_AL_VFL_GF,Dr Mamun Mahmud,1,1,0,0.8,1,1,1,5.8,82.85714286,73.33333333,73.33
,Dr Abid Hasan Khan,1,1,0,0.8,0.5,0.5,0.5,4.3,61.42857143,,
,Dr Rayhan Islam,1,1,0,0.8,1,1,0.5,5.3,75.71428571,,
E02_P13_AR_VFL_GF,Dr Mamun Mahmud,1,1,0,0.8,1,1,1,5.8,82.85714286,73.33333333,73.33
,Dr Abid Hasan Khan,1,1,0,0.8,0.5,0.5,0.5,4.3,61.42857143,,
,Dr Rayhan Islam,1,1,0,0.8,1,1,0.5,5.3,75.71428571,,
E02_P13_AF_VHJ_GF,Dr Mamun Mahmud,1,1,1,1,1,1,1,7,100,92.85714286,92.86
,Dr Abid Hasan Khan,1,1,1,1,0.5,0.5,0.5,5.5,78.57142857,,
,Dr Rayhan Islam,1,1,1,1,1,1,1,7,100,,
E02_P13_AL_VHJ_GF,Dr Mamun Mahmud,1,1,1,1,1,1,1,7,100,92.85714286,92.86
,Dr Abid Hasan Khan,1,1,1,1,0.5,0.5,0.5,5.5,78.57142857,,
,Dr Rayhan Islam,1,1,1,1,1,1,1,7,100,,
E02_P13_AR_VHJ_GF,Dr Mamun Mahmud,1,1,1,1,1,1,1,7,100,92.85714286,92.86
,Dr Abid Hasan Khan,1,1,1,1,0.5,0.5,0.5,5.5,78.57142857,,
,Dr Rayhan Islam,1,1,1,1,1,1,1,7,100,,
E02_P13_AF_VLJ_GF,Dr Mamun Mahmud,1,1,0,0.9,1,1,1,5.9,84.28571429,74.76190476,74.76
,Dr Abid Hasan Khan,1,1,0,0.9,0.5,0.5,0.5,4.4,62.85714286,,
,Dr Rayhan Islam,1,1,0,0.9,1,0.5,1,5.4,77.14285714,,
E02_P13_AL_VLJ_GF,Dr Mamun Mahmud,1,1,0,0.9,1,1,1,5.9,84.28571429,74.76190476,74.76
,Dr Abid Hasan Khan,1,1,0,0.9,0.5,0.5,0.5,4.4,62.85714286,,
,Dr Rayhan Islam,1,1,0,0.9,1,0.5,1,5.4,77.14285714,,
E02_P13_AR_VLJ_GF,Dr Mamun Mahmud,1,1,0,0.8,1,1,1,5.8,82.85714286,73.33333333,73.33
,Dr Abid Hasan Khan,1,1,0,0.8,0.5,0.5,0.5,4.3,61.42857143,,
,Dr Rayhan Islam,1,1,0,0.8,1,0.5,1,5.3,75.71428571,,
E02_P13_AF_VLL_GF,Dr Mamun Mahmud,1,1,0,0.5,1,0.5,1,5,71.42857143,66.66666667,66.67
,Dr Abid Hasan Khan,1,1,0,0.5,0.5,0.5,0.5,4,57.14285714,,
,Dr Rayhan Islam,1,1,0,0.5,1,0.5,1,5,71.42857143,,
E02_P13_AL_VLL_GF,Dr Mamun Mahmud,1,1,0,0.5,1,0.5,1,5,71.42857143,66.66666667,66.67
,Dr Abid Hasan Khan,1,1,0,0.5,0.5,0.5,0.5,4,57.14285714,,
,Dr Rayhan Islam,1,1,0,0.5,1,0.5,1,5,71.42857143,,
E02_P13_AR_VLL_GF,Dr Mamun Mahmud,1,1,0,0.4,1,0.5,1,4.9,70,65.23809524,65.24
,Dr Abid Hasan Khan,1,1,0,0.4,0.5,0.5,0.5,3.9,55.71428571,,
,Dr Rayhan Islam,1,1,0,0.4,1,0.5,1,4.9,70,,
E02_P13_AF_VML_GF,Dr Mamun Mahmud,1,1,1,1,1,0.5,1,6.5,92.85714286,90.47619048,90.48
,Dr Abid Hasan Khan,1,1,1,1,0.5,0.5,0.5,5.5,78.57142857,,
,Dr Rayhan Islam,1,1,1,1,1,1,1,7,100,,
E02_P13_AL_VML_GF,Dr Mamun Mahmud,1,1,1,1,1,0.5,1,6.5,92.85714286,90.47619048,90.48
,Dr Abid Hasan Khan,1,1,1,1,0.5,0.5,0.5,5.5,78.57142857,,
,Dr Rayhan Islam,1,1,1,1,1,1,1,7,100,,
E02_P13_AR_VML_GF,Dr Mamun Mahmud,1,1,0,0.8,1,0.5,1,5.3,75.71428571,73.33333333,73.33
,Dr Abid Hasan Khan,1,1,0,0.8,0.5,0.5,0.5,4.3,61.42857143,,
,Dr Rayhan Islam,1,1,0,0.8,1,1,1,5.8,82.85714286,,
E02_P13_AF_VO_GF,Dr Mamun Mahmud,1,1,1,1,1,1,1,7,100,97.61904762,97.62
,Dr Abid Hasan Khan,1,1,1,1,1,1,1,7,100,,
,Dr Rayhan Islam,1,1,1,1,1,0.5,1,6.5,92.85714286,,
E02_P13_AL_VO_GF,Dr Mamun Mahmud,1,1,0,0.7,1,1,1,5.7,81.42857143,79.04761905,79.05
,Dr Abid Hasan Khan,1,1,0,0.7,1,1,1,5.7,81.42857143,,
,Dr Rayhan Islam,1,1,0,0.7,1,0.5,1,5.2,74.28571429,,
E02_P13_AR_VO_GF,Dr Mamun Mahmud,1,1,0,0.9,1,1,1,5.9,84.28571429,81.9047619,81.9
,Dr Abid Hasan Khan,1,1,0,0.9,1,1,1,5.9,84.28571429,,
,Dr Rayhan Islam,1,1,0,0.9,1,0.5,1,5.4,77.14285714,,
E02_P14_AF_VFL_GF,Dr Mamun Mahmud,1,1,0,0.8,1,1,1,5.8,82.85714286,80.47619048,80.48
,Dr Abid Hasan Khan,1,1,0,0.8,1,0.5,1,5.3,75.71428571,,
,Dr Rayhan Islam,1,1,0,0.8,1,1,1,5.8,82.85714286,,
E02_P14_AL_VFL_GF,Dr Mamun Mahmud,1,1,0,0.8,1,1,1,5.8,82.85714286,80.47619048,80.48
,Dr Abid Hasan Khan,1,1,0,0.8,1,0.5,1,5.3,75.71428571,,
,Dr Rayhan Islam,1,1,0,0.8,1,1,1,5.8,82.85714286,,
E02_P14_AR_VFL_GF,Dr Mamun Mahmud,1,1,0,0.5,1,1,1,5.5,78.57142857,76.19047619,76.19
,Dr Abid Hasan Khan,1,1,0,0.5,1,0.5,1,5,71.42857143,,
,Dr Rayhan Islam,1,1,0,0.5,1,1,1,5.5,78.57142857,,
E02_P14_AF_VLJ_GF,Dr Mamun Mahmud,1,1,0,0.2,1,1,1,5.2,74.28571429,67.14285714,67.14
,Dr Abid Hasan Khan,1,1,0,0.2,1,0,1,4.2,60,,
,Dr Rayhan Islam,1,1,0,0.2,1,0.5,1,4.7,67.14285714,,
E02_P14_AL_VLJ_GF,Dr Mamun Mahmud,1,1,0,0.2,1,1,1,5.2,74.28571429,67.14285714,67.14
,Dr Abid Hasan Khan,1,1,0,0.2,1,0,1,4.2,60,,
,Dr Rayhan Islam,1,1,0,0.2,1,0.5,1,4.7,67.14285714,,
E02_P14_AR_VLJ_GF,Dr Mamun Mahmud,1,1,0,0,1,1,1,5,71.42857143,64.28571429,64.29
,Dr Abid Hasan Khan,1,1,0,0,1,0,1,4,57.14285714,,
,Dr Rayhan Islam,1,1,0,0,1,0.5,1,4.5,64.28571429,,
E02_P14_AF_VLL_GF,Dr Mamun Mahmud,1,1,0,0.6,1,0.5,1,5.1,72.85714286,70.47619048,70.48
,Dr Abid Hasan Khan,1,1,0,0.6,1,0,1,4.6,65.71428571,,
,Dr Rayhan Islam,1,1,0,0.6,1,0.5,1,5.1,72.85714286,,
E02_P14_AL_VLL_GF,Dr Mamun Mahmud,1,1,0,0.6,1,0.5,1,5.1,72.85714286,70.47619048,70.48
,Dr Abid Hasan Khan,1,1,0,0.6,1,0,1,4.6,65.71428571,,
,Dr Rayhan Islam,1,1,0,0.6,1,0.5,1,5.1,72.85714286,,
E02_P14_AR_VLL_GF,Dr Mamun Mahmud,1,1,0,0.4,1,0.5,1,4.9,70,67.61904762,67.62
,Dr Abid Hasan Khan,1,1,0,0.4,1,0,1,4.4,62.85714286,,
,Dr Rayhan Islam,1,1,0,0.4,1,0.5,1,4.9,70,,
E02_P14_AF_VML_GF,Dr Mamun Mahmud,1,1,0,0.2,1,1,1,5.2,74.28571429,67.14285714,67.14
,Dr Abid Hasan Khan,1,1,0,0.2,1,0,1,4.2,60,,
,Dr Rayhan Islam,1,1,0,0.2,1,0.5,1,4.7,67.14285714,,
E02_P14_AL_VML_GF,Dr Mamun Mahmud,1,1,0,0.1,1,1,1,5.1,72.85714286,65.71428571,65.71
,Dr Abid Hasan Khan,1,1,0,0.1,1,0,1,4.1,58.57142857,,
,Dr Rayhan Islam,1,1,0,0.1,1,0.5,1,4.6,65.71428571,,
E02_P14_AR_VML_GF,Dr Mamun Mahmud,1,1,0,0.1,1,1,1,5.1,72.85714286,65.71428571,65.71
,Dr Abid Hasan Khan,1,1,0,0.1,1,0,1,4.1,58.57142857,,
,Dr Rayhan Islam,1,1,0,0.1,1,0.5,1,4.6,65.71428571,,
E02_P15_AF_VFL_GF,Dr Mamun Mahmud,1,1,0,0.9,1,0,1,4.9,70,79.52380952,79.52
,Dr Abid Hasan Khan,1,1,0,0.9,1,1,1,5.9,84.28571429,,
,Dr Rayhan Islam,1,1,0,0.9,1,1,1,5.9,84.28571429,,
E02_P15_AL_VFL_GF,Dr Mamun Mahmud,1,1,0,0.9,1,0,1,4.9,70,79.52380952,79.52
,Dr Abid Hasan Khan,1,1,0,0.9,1,1,1,5.9,84.28571429,,
,Dr Rayhan Islam,1,1,0,0.9,1,1,1,5.9,84.28571429,,
E02_P15_AR_VFL_GF,Dr Mamun Mahmud,1,1,0,0.9,1,0,1,4.9,70,79.52380952,79.52
,Dr Abid Hasan Khan,1,1,0,0.9,1,1,1,5.9,84.28571429,,
,Dr Rayhan Islam,1,1,0,0.9,1,1,1,5.9,84.28571429,,
E02_P15_AF_VLJ_GF,Dr Mamun Mahmud,1,1,0,0.9,1,0,1,4.9,70,79.52380952,79.52
,Dr Abid Hasan Khan,1,1,0,0.9,1,1,1,5.9,84.28571429,,
,Dr Rayhan Islam,1,1,0,0.9,1,1,1,5.9,84.28571429,,
E02_P15_AL_VLJ_GF,Dr Mamun Mahmud,1,1,0,0.9,1,0,1,4.9,70,79.52380952,79.52
,Dr Abid Hasan Khan,1,1,0,0.9,1,1,1,5.9,84.28571429,,
,Dr Rayhan Islam,1,1,0,0.9,1,1,1,5.9,84.28571429,,
E02_P15_AR_VLJ_GF,Dr Mamun Mahmud,1,1,1,1,1,0,1,6,85.71428571,95.23809524,95.24
,Dr Abid Hasan Khan,1,1,1,1,1,1,1,7,100,,
,Dr Rayhan Islam,1,1,1,1,1,1,1,7,100,,
E02_P15_AF_VLL_GF,Dr Mamun Mahmud,1,1,1,1,1,0.5,1,6.5,92.85714286,97.61904762,97.62
,Dr Abid Hasan Khan,1,1,1,1,1,1,1,7,100,,
,Dr Rayhan Islam,1,1,1,1,1,1,1,7,100,,
E02_P15_AL_VLL_GF,Dr Mamun Mahmud,1,1,1,1,1,0.5,1,6.5,92.85714286,97.61904762,97.62
,Dr Abid Hasan Khan,1,1,1,1,1,1,1,7,100,,
,Dr Rayhan Islam,1,1,1,1,1,1,1,7,100,,
E02_P15_AR_VLL_GF,Dr Mamun Mahmud,1,1,0,0.9,1,0.5,1,5.4,77.14285714,81.9047619,81.9
,Dr Abid Hasan Khan,1,1,0,0.9,1,1,1,5.9,84.28571429,,
,Dr Rayhan Islam,1,1,0,0.9,1,1,1,5.9,84.28571429,,
E02_P15_AF_VML_GF,Dr Mamun Mahmud,1,1,0,0.9,1,0.5,1,5.4,77.14285714,81.9047619,81.9
,Dr Abid Hasan Khan,1,1,0,0.9,1,1,1,5.9,84.28571429,,
,Dr Rayhan Islam,1,1,0,0.9,1,1,1,5.9,84.28571429,,
E02_P15_AL_VML_GF,Dr Mamun Mahmud,1,1,0,0.9,1,0.5,1,5.4,77.14285714,81.9047619,81.9
,Dr Abid Hasan Khan,1,1,0,0.9,1,1,1,5.9,84.28571429,,
,Dr Rayhan Islam,1,1,0,0.9,1,1,1,5.9,84.28571429,,
E02_P15_AR_VML_GF,Dr Mamun Mahmud,1,1,0,0.8,1,0.5,1,5.3,75.71428571,80.47619048,80.48
,Dr Abid Hasan Khan,1,1,0,0.8,1,1,1,5.8,82.85714286,,
,Dr Rayhan Islam,1,1,0,0.8,1,1,1,5.8,82.85714286,,
E02_P16_AF_VFL_GF,Dr Mamun Mahmud,1,1,0,0,1,1,1,5,71.42857143,66.66666667,66.67
,Dr Abid Hasan Khan,1,1,0,0,1,1,0.5,4.5,64.28571429,,
,Dr Rayhan Islam,1,1,0,0,1,1,0.5,4.5,64.28571429,,
E02_P16_AL_VFL_GF,Dr Mamun Mahmud,1,1,0,0.3,1,1,1,5.3,75.71428571,70.95238095,70.95
,Dr Abid Hasan Khan,1,1,0,0.3,1,1,0.5,4.8,68.57142857,,
,Dr Rayhan Islam,1,1,0,0.3,1,1,0.5,4.8,68.57142857,,
E02_P16_AR_VFL_GF,Dr Mamun Mahmud,1,1,0,0.1,1,1,1,5.1,72.85714286,68.0952381,68.1
,Dr Abid Hasan Khan,1,1,0,0.1,1,1,0.5,4.6,65.71428571,,
,Dr Rayhan Islam,1,1,0,0.1,1,1,0.5,4.6,65.71428571,,
E02_P16_AF_VHJ_GF,Dr Mamun Mahmud,1,1,0,0,1,1,1,5,71.42857143,61.9047619,61.9
,Dr Abid Hasan Khan,1,1,0,0,1,0.5,0.5,4,57.14285714,,
,Dr Rayhan Islam,1,1,0,0,1,0.5,0.5,4,57.14285714,,
E02_P16_AL_VHJ_GF,Dr Mamun Mahmud,1,1,0,0,1,1,1,5,71.42857143,61.9047619,61.9
,Dr Abid Hasan Khan,1,1,0,0,1,0.5,0.5,4,57.14285714,,
,Dr Rayhan Islam,1,1,0,0,1,0.5,0.5,4,57.14285714,,
E02_P16_AR_VHJ_GF,Dr Mamun Mahmud,1,1,0,0,1,1,1,5,71.42857143,61.9047619,61.9
,Dr Abid Hasan Khan,1,1,0,0,1,0.5,0.5,4,57.14285714,,
,Dr Rayhan Islam,1,1,0,0,1,0.5,0.5,4,57.14285714,,
E02_P16_AF_VLJ_GF,Dr Mamun Mahmud,1,1,0,0.1,1,0.5,0.5,4.1,58.57142857,58.57142857,58.57
,Dr Abid Hasan Khan,1,1,0,0.1,1,0.5,0.5,4.1,58.57142857,,
,Dr Rayhan Islam,1,1,0,0.1,1,0.5,0.5,4.1,58.57142857,,
E02_P16_AL_VLJ_GF,Dr Mamun Mahmud,1,1,0,0.1,1,0.5,0.5,4.1,58.57142857,58.57142857,58.57
,Dr Abid Hasan Khan,1,1,0,0.1,1,0.5,0.5,4.1,58.57142857,,
,Dr Rayhan Islam,1,1,0,0.1,1,0.5,0.5,4.1,58.57142857,,
E02_P16_AR_VLJ_GF,Dr Mamun Mahmud,1,1,0,0.1,1,0.5,0.5,4.1,58.57142857,58.57142857,58.57
,Dr Abid Hasan Khan,1,1,0,0.1,1,0.5,0.5,4.1,58.57142857,,
,Dr Rayhan Islam,1,1,0,0.1,1,0.5,0.5,4.1,58.57142857,,
E02_P16_AF_VLL_GF,Dr Mamun Mahmud,1,1,0,0,1,0.5,0.5,4,57.14285714,57.14285714,57.14
,Dr Abid Hasan Khan,1,1,0,0,1,0.5,0.5,4,57.14285714,,
,Dr Rayhan Islam,1,1,0,0,1,0.5,0.5,4,57.14285714,,
E02_P16_AL_VLL_GF,Dr Mamun Mahmud,1,1,0,0,1,0.5,0.5,4,57.14285714,57.14285714,57.14
,Dr Abid Hasan Khan,1,1,0,0,1,0.5,0.5,4,57.14285714,,
,Dr Rayhan Islam,1,1,0,0,1,0.5,0.5,4,57.14285714,,
E02_P16_AR_VLL_GF,Dr Mamun Mahmud,1,1,0,0,1,0.5,0.5,4,57.14285714,57.14285714,57.14
,Dr Abid Hasan Khan,1,1,0,0,1,0.5,0.5,4,57.14285714,,
,Dr Rayhan Islam,1,1,0,0,1,0.5,0.5,4,57.14285714,,
E02_P16_AF_VML_GF,Dr Mamun Mahmud,1,1,0,0.1,1,0.5,0,3.6,51.42857143,60.95238095,60.95
,Dr Abid Hasan Khan,1,1,0,0.1,1,0.5,0.5,4.1,58.57142857,,
,Dr Rayhan Islam,1,1,0,0.1,1,1,1,5.1,72.85714286,,
E02_P16_AL_VML_GF,Dr Mamun Mahmud,1,1,0,0.2,1,0.5,0,3.7,52.85714286,62.38095238,62.38
,Dr Abid Hasan Khan,1,1,0,0.2,1,0.5,0.5,4.2,60,,
,Dr Rayhan Islam,1,1,0,0.2,1,1,1,5.2,74.28571429,,
E02_P16_AR_VML_GF,Dr Mamun Mahmud,1,1,0,0,1,0.5,0,3.5,50,59.52380952,59.52
,Dr Abid Hasan Khan,1,1,0,0,1,0.5,0.5,4,57.14285714,,
,Dr Rayhan Islam,1,1,0,0,1,1,1,5,71.42857143,,
E02_P16_AF_VO_GF,Dr Mamun Mahmud,1,1,0,0.1,0.5,1,1,4.6,65.71428571,63.33333333,63.33
,Dr Abid Hasan Khan,1,1,0,0.1,1,0.5,0.5,4.1,58.57142857,,
,Dr Rayhan Islam,1,1,0,0.1,0.5,1,1,4.6,65.71428571,,
E02_P16_AL_VO_GF,Dr Mamun Mahmud,1,1,0,0.4,0.5,1,1,4.9,70,67.61904762,67.62
,Dr Abid Hasan Khan,1,1,0,0.4,1,0.5,0.5,4.4,62.85714286,,
,Dr Rayhan Islam,1,1,0,0.4,0.5,1,1,4.9,70,,
E02_P16_AR_VO_GF,Dr Mamun Mahmud,1,1,0,0,0.5,1,1,4.5,64.28571429,61.9047619,61.9
,Dr Abid Hasan Khan,1,1,0,0,1,0.5,0.5,4,57.14285714,,
,Dr Rayhan Islam,1,1,0,0,0.5,1,1,4.5,64.28571429,,
E02_P17_AF_VFL_GM,Dr Mamun Mahmud,1,1,0,0,0.5,0,1,3.5,50,57.14285714,57.14
,Dr Abid Hasan Khan,1,1,0,0,1,0.5,1,4.5,64.28571429,,
,Dr Rayhan Islam,1,1,0,0,0.5,0.5,1,4,57.14285714,,
E02_P17_AL_VFL_GM,Dr Mamun Mahmud,1,1,0,0,0.5,0,1,3.5,50,57.14285714,57.14
,Dr Abid Hasan Khan,1,1,0,0,1,0.5,1,4.5,64.28571429,,
,Dr Rayhan Islam,1,1,0,0,0.5,0.5,1,4,57.14285714,,
E02_P17_AR_VFL_GM,Dr Mamun Mahmud,1,1,0,0,0.5,0,1,3.5,50,57.14285714,57.14
,Dr Abid Hasan Khan,1,1,0,0,1,0.5,1,4.5,64.28571429,,
,Dr Rayhan Islam,1,1,0,0,0.5,0.5,1,4,57.14285714,,
E02_P17_AF_VHJ_GM,Dr Mamun Mahmud,1,1,0,0,0.5,0,1,3.5,50,59.52380952,59.52
,Dr Abid Hasan Khan,1,1,0,0,1,1,1,5,71.42857143,,
,Dr Rayhan Islam,1,1,0,0,0.5,0.5,1,4,57.14285714,,
E02_P17_AL_VHJ_GM,Dr Mamun Mahmud,1,1,0,0,0.5,0,1,3.5,50,59.52380952,59.52
,Dr Abid Hasan Khan,1,1,0,0,1,1,1,5,71.42857143,,
,Dr Rayhan Islam,1,1,0,0,0.5,0.5,1,4,57.14285714,,
E02_P17_AR_VHJ_GM,Dr Mamun Mahmud,1,1,0,0,0.5,0,1,3.5,50,59.52380952,59.52
,Dr Abid Hasan Khan,1,1,0,0,1,1,1,5,71.42857143,,
,Dr Rayhan Islam,1,1,0,0,0.5,0.5,1,4,57.14285714,,
E02_P17_AF_VLJ_GM,Dr Mamun Mahmud,1,1,0,0,0.5,0.5,1,4,57.14285714,57.14285714,57.14
,Dr Abid Hasan Khan,1,1,0,0,0.5,0.5,1,4,57.14285714,,
,Dr Rayhan Islam,1,1,0,0,0.5,0.5,1,4,57.14285714,,
E02_P17_AL_VLJ_GM,Dr Mamun Mahmud,1,1,0,0,0.5,0.5,1,4,57.14285714,57.14285714,57.14
,Dr Abid Hasan Khan,1,1,0,0,0.5,0.5,1,4,57.14285714,,
,Dr Rayhan Islam,1,1,0,0,0.5,0.5,1,4,57.14285714,,
E02_P17_AR_VLJ_GM,Dr Mamun Mahmud,1,1,0,0,0.5,0.5,1,4,57.14285714,57.14285714,57.14
,Dr Abid Hasan Khan,1,1,0,0,0.5,0.5,1,4,57.14285714,,
,Dr Rayhan Islam,1,1,0,0,0.5,0.5,1,4,57.14285714,,
E02_P17_AF_VLL_GM,Dr Mamun Mahmud,1,1,0,0,0.5,0.5,1,4,57.14285714,57.14285714,57.14
,Dr Abid Hasan Khan,1,1,0,0,0.5,0.5,1,4,57.14285714,,
,Dr Rayhan Islam,1,1,0,0,0.5,0.5,1,4,57.14285714,,
E02_P17_AL_VLL_GM,Dr Mamun Mahmud,1,1,0,0,0.5,0.5,1,4,57.14285714,57.14285714,57.14
,Dr Abid Hasan Khan,1,1,0,0,0.5,0.5,1,4,57.14285714,,
,Dr Rayhan Islam,1,1,0,0,0.5,0.5,1,4,57.14285714,,
E02_P17_AR_VLL_GM,Dr Mamun Mahmud,1,1,0,0,0.5,0.5,1,4,57.14285714,57.14285714,57.14
,Dr Abid Hasan Khan,1,1,0,0,0.5,0.5,1,4,57.14285714,,
,Dr Rayhan Islam,1,1,0,0,0.5,0.5,1,4,57.14285714,,
E02_P17_AF_VML_GM,Dr Mamun Mahmud,1,1,0,0,0.5,0,1,3.5,50,59.52380952,59.52
,Dr Abid Hasan Khan,1,1,0,0,1,0.5,1,4.5,64.28571429,,
,Dr Rayhan Islam,1,1,0,0,0.5,1,1,4.5,64.28571429,,
E02_P17_AL_VML_GM,Dr Mamun Mahmud,1,1,0,0,0.5,0,1,3.5,50,59.52380952,59.52
,Dr Abid Hasan Khan,1,1,0,0,1,0.5,1,4.5,64.28571429,,
,Dr Rayhan Islam,1,1,0,0,0.5,1,1,4.5,64.28571429,,
E02_P17_AR_VML_GM,Dr Mamun Mahmud,1,1,0,0,0.5,0,1,3.5,50,59.52380952,59.52
,Dr Abid Hasan Khan,1,1,0,0,1,0.5,1,4.5,64.28571429,,
,Dr Rayhan Islam,1,1,0,0,0.5,1,1,4.5,64.28571429,,
E02_P17_AF_VO_GM,Dr Mamun Mahmud,1,1,0,0,0.5,0,1,3.5,50,59.52380952,59.52
,Dr Abid Hasan Khan,1,1,0,0,1,0.5,1,4.5,64.28571429,,
,Dr Rayhan Islam,1,1,0,0,1,0.5,1,4.5,64.28571429,,
E02_P17_AL_VO_GM,Dr Mamun Mahmud,1,1,0,0,0.5,0,1,3.5,50,59.52380952,59.52
,Dr Abid Hasan Khan,1,1,0,0,1,0.5,1,4.5,64.28571429,,
,Dr Rayhan Islam,1,1,0,0,1,0.5,1,4.5,64.28571429,,
E02_P17_AR_VO_GM,Dr Mamun Mahmud,1,1,0,0,0.5,0,1,3.5,50,59.52380952,59.52
,Dr Abid Hasan Khan,1,1,0,0,1,0.5,1,4.5,64.28571429,,
,Dr Rayhan Islam,1,1,0,0,1,0.5,1,4.5,64.28571429,,
E02_P18_AF_VFL_GM,Dr Mamun Mahmud,1,1,0,0.2,1,1,1,5.2,74.28571429,74.28571429,74.29
,Dr Abid Hasan Khan,1,1,0,0.2,1,1,1,5.2,74.28571429,,
,Dr Rayhan Islam,1,1,0,0.2,1,1,1,5.2,74.28571429,,
E02_P18_AL_VFL_GM,Dr Mamun Mahmud,1,1,0,0,1,1,1,5,71.42857143,71.42857143,71.43
,Dr Abid Hasan Khan,1,1,0,0,1,1,1,5,71.42857143,,
,Dr Rayhan Islam,1,1,0,0,1,1,1,5,71.42857143,,
E02_P18_AR_VFL_GM,Dr Mamun Mahmud,1,1,0,0.7,1,1,1,5.7,81.42857143,81.42857143,81.43
,Dr Abid Hasan Khan,1,1,0,0.7,1,1,1,5.7,81.42857143,,
,Dr Rayhan Islam,1,1,0,0.7,1,1,1,5.7,81.42857143,,
E02_P18_AF_VHJ_GM,Dr Mamun Mahmud,1,0,0,0.3,0.5,1,1,3.8,54.28571429,56.66666667,56.67
,Dr Abid Hasan Khan,1,0,0,0.3,1,0.5,1,3.8,54.28571429,,
,Dr Rayhan Islam,1,0,0,0.3,1,1,1,4.3,61.42857143,,
E02_P18_AL_VHJ_GM,Dr Mamun Mahmud,1,0,0,0.2,0.5,1,1,3.7,52.85714286,55.23809524,55.24
,Dr Abid Hasan Khan,1,0,0,0.2,1,0.5,1,3.7,52.85714286,,
,Dr Rayhan Islam,1,0,0,0.2,1,1,1,4.2,60,,
E02_P18_AR_VHJ_GM,Dr Mamun Mahmud,1,0,0,0.5,0.5,1,1,4,57.14285714,59.52380952,59.52
,Dr Abid Hasan Khan,1,0,0,0.5,1,0.5,1,4,57.14285714,,
,Dr Rayhan Islam,1,0,0,0.5,1,1,1,4.5,64.28571429,,
E02_P18_AF_VLJ_GM,Dr Mamun Mahmud,1,1,1,1,1,1,1,7,100,100,100
,Dr Abid Hasan Khan,1,1,1,1,1,1,1,7,100,,
,Dr Rayhan Islam,1,1,1,1,1,1,1,7,100,,
E02_P18_AL_VLJ_GM,Dr Mamun Mahmud,1,1,0,0.3,1,1,1,5.3,75.71428571,75.71428571,75.71
,Dr Abid Hasan Khan,1,1,0,0.3,1,1,1,5.3,75.71428571,,
,Dr Rayhan Islam,1,1,0,0.3,1,1,1,5.3,75.71428571,,
E02_P18_AR_VLJ_GM,Dr Mamun Mahmud,1,1,0,0.8,1,1,1,5.8,82.85714286,82.85714286,82.86
,Dr Abid Hasan Khan,1,1,0,0.8,1,1,1,5.8,82.85714286,,
,Dr Rayhan Islam,1,1,0,0.8,1,1,1,5.8,82.85714286,,
E02_P18_AF_VLL_GM,Dr Mamun Mahmud,1,1,1,1,1,1,1,7,100,97.61904762,97.62
,Dr Abid Hasan Khan,1,1,1,1,1,1,1,7,100,,
,Dr Rayhan Islam,1,1,1,1,0.5,1,1,6.5,92.85714286,,
E02_P18_AL_VLL_GM,Dr Mamun Mahmud,1,1,0,0.3,1,1,1,5.3,75.71428571,73.33333333,73.33
,Dr Abid Hasan Khan,1,1,0,0.3,1,1,1,5.3,75.71428571,,
,Dr Rayhan Islam,1,1,0,0.3,0.5,1,1,4.8,68.57142857,,
E02_P18_AR_VLL_GM,Dr Mamun Mahmud,1,1,1,1,1,1,1,7,100,97.61904762,97.62
,Dr Abid Hasan Khan,1,1,1,1,1,1,1,7,100,,
,Dr Rayhan Islam,1,1,1,1,0.5,1,1,6.5,92.85714286,,
E02_P18_AF_VML_GM,Dr Mamun Mahmud,1,1,0,0.5,1,0.5,1,5,71.42857143,71.42857143,71.43
,Dr Abid Hasan Khan,1,1,0,0.5,0.5,1,1,5,71.42857143,,
,Dr Rayhan Islam,1,1,0,0.5,0.5,1,1,5,71.42857143,,
E02_P18_AL_VML_GM,Dr Mamun Mahmud,1,1,0,0,1,0.5,1,4.5,64.28571429,64.28571429,64.29
,Dr Abid Hasan Khan,1,1,0,0,0.5,1,1,4.5,64.28571429,,
,Dr Rayhan Islam,1,1,0,0,0.5,1,1,4.5,64.28571429,,
E02_P18_AR_VML_GM,Dr Mamun Mahmud,1,1,0,0.4,1,0.5,1,4.9,70,70,70
,Dr Abid Hasan Khan,1,1,0,0.4,0.5,1,1,4.9,70,,
,Dr Rayhan Islam,1,1,0,0.4,0.5,1,1,4.9,70,,
E02_P18_AF_VO_GM,Dr Mamun Mahmud,1,1,0,0.2,0.5,1,1,4.7,67.14285714,69.52380952,69.52
,Dr Abid Hasan Khan,1,1,0,0.2,1,0.5,1,4.7,67.14285714,,
,Dr Rayhan Islam,1,1,0,0.2,1,1,1,5.2,74.28571429,,
E02_P18_AL_VO_GM,Dr Mamun Mahmud,1,1,0,0.1,0.5,1,1,4.6,65.71428571,68.0952381,68.1
,Dr Abid Hasan Khan,1,1,0,0.1,1,0.5,1,4.6,65.71428571,,
,Dr Rayhan Islam,1,1,0,0.1,1,1,1,5.1,72.85714286,,
E02_P18_AR_VO_GM,Dr Mamun Mahmud,1,1,0,0.3,0.5,1,1,4.8,68.57142857,70.95238095,70.95
,Dr Abid Hasan Khan,1,1,0,0.3,1,0.5,1,4.8,68.57142857,,
,Dr Rayhan Islam,1,1,0,0.3,1,1,1,5.3,75.71428571,,
E02_P19_AF_VFL_GM,Dr Mamun Mahmud,1,1,0,0,1,0.5,1,4.5,64.28571429,59.52380952,59.52
,Dr Abid Hasan Khan,1,1,0,0,0.5,0,1,3.5,50,,
,Dr Rayhan Islam,1,1,0,0,1,0.5,1,4.5,64.28571429,,
E02_P19_AL_VFL_GM,Dr Mamun Mahmud,1,1,0,0,1,0.5,1,4.5,64.28571429,59.52380952,59.52
,Dr Abid Hasan Khan,1,1,0,0,0.5,0,1,3.5,50,,
,Dr Rayhan Islam,1,1,0,0,1,0.5,1,4.5,64.28571429,,
E02_P19_AR_VFL_GM,Dr Mamun Mahmud,1,1,0,0,1,0.5,1,4.5,64.28571429,59.52380952,59.52
,Dr Abid Hasan Khan,1,1,0,0,0.5,0,1,3.5,50,,
,Dr Rayhan Islam,1,1,0,0,1,0.5,1,4.5,64.28571429,,
E02_P19_AF_VHJ_GM,Dr Mamun Mahmud,1,1,0,0,1,1,1,5,71.42857143,64.28571429,64.29
,Dr Abid Hasan Khan,1,1,0,0,0.5,0,1,3.5,50,,
,Dr Rayhan Islam,1,1,0,0,1,1,1,5,71.42857143,,
E02_P19_AL_VHJ_GM,Dr Mamun Mahmud,1,1,0,0,1,1,1,5,71.42857143,64.28571429,64.29
,Dr Abid Hasan Khan,1,1,0,0,0.5,0,1,3.5,50,,
,Dr Rayhan Islam,1,1,0,0,1,1,1,5,71.42857143,,
E02_P19_AR_VHJ_GM,Dr Mamun Mahmud,1,1,0,0,1,1,1,5,71.42857143,64.28571429,64.29
,Dr Abid Hasan Khan,1,1,0,0,0.5,0,1,3.5,50,,
,Dr Rayhan Islam,1,1,0,0,1,1,1,5,71.42857143,,
E02_P19_AF_VLJ_GM,Dr Mamun Mahmud,1,1,0,0,0.5,0.5,1,4,57.14285714,61.9047619,61.9
,Dr Abid Hasan Khan,1,1,0,0,0.5,0.5,1,4,57.14285714,,
,Dr Rayhan Islam,1,1,0,0,1,1,1,5,71.42857143,,
E02_P19_AL_VLJ_GM,Dr Mamun Mahmud,1,1,0,0,0.5,0.5,1,4,57.14285714,61.9047619,61.9
,Dr Abid Hasan Khan,1,1,0,0,0.5,0.5,1,4,57.14285714,,
,Dr Rayhan Islam,1,1,0,0,1,1,1,5,71.42857143,,
E02_P19_AR_VLJ_GM,Dr Mamun Mahmud,1,1,0,0,0.5,0.5,1,4,57.14285714,61.9047619,61.9
,Dr Abid Hasan Khan,1,1,0,0,0.5,0.5,1,4,57.14285714,,
,Dr Rayhan Islam,1,1,0,0,1,1,1,5,71.42857143,,
E02_P19_AF_VLL_GM,Dr Mamun Mahmud,1,1,0,0,1,0.5,1,4.5,64.28571429,61.9047619,61.9
,Dr Abid Hasan Khan,1,1,0,0,0.5,0.5,1,4,57.14285714,,
,Dr Rayhan Islam,1,1,0,0,1,0.5,1,4.5,64.28571429,,
E02_P19_AL_VLL_GM,Dr Mamun Mahmud,1,1,0,0,1,0.5,1,4.5,64.28571429,61.9047619,61.9
,Dr Abid Hasan Khan,1,1,0,0,0.5,0.5,1,4,57.14285714,,
,Dr Rayhan Islam,1,1,0,0,1,0.5,1,4.5,64.28571429,,
E02_P19_AR_VLL_GM,Dr Mamun Mahmud,1,1,0,0,1,0.5,1,4.5,64.28571429,61.9047619,61.9
,Dr Abid Hasan Khan,1,1,0,0,0.5,0.5,1,4,57.14285714,,
,Dr Rayhan Islam,1,1,0,0,1,0.5,1,4.5,64.28571429,,
E02_P19_AF_VML_GM,Dr Mamun Mahmud,1,1,0,0,0.5,1,1,4.5,64.28571429,61.9047619,61.9
,Dr Abid Hasan Khan,1,1,0,0,0.5,0.5,1,4,57.14285714,,
,Dr Rayhan Islam,1,1,0,0,1,0.5,1,4.5,64.28571429,,
E02_P19_AL_VML_GM,Dr Mamun Mahmud,1,1,0,0,0.5,1,1,4.5,64.28571429,61.9047619,61.9
,Dr Abid Hasan Khan,1,1,0,0,0.5,0.5,1,4,57.14285714,,
,Dr Rayhan Islam,1,1,0,0,1,0.5,1,4.5,64.28571429,,
E02_P19_AR_VML_GM,Dr Mamun Mahmud,1,1,0,0,0.5,1,1,4.5,64.28571429,61.9047619,61.9
,Dr Abid Hasan Khan,1,1,0,0,0.5,0.5,1,4,57.14285714,,
,Dr Rayhan Islam,1,1,0,0,1,0.5,1,4.5,64.28571429,,
E02_P19_AF_VO_GM,Dr Mamun Mahmud,1,1,0,0,0,1,1,4,57.14285714,64.28571429,64.29
,Dr Abid Hasan Khan,1,1,0,0,1,1,1,5,71.42857143,,
,Dr Rayhan Islam,1,1,0,0,0.5,1,1,4.5,64.28571429,,
E02_P19_AL_VO_GM,Dr Mamun Mahmud,1,1,0,0,0,1,1,4,57.14285714,64.28571429,64.29
,Dr Abid Hasan Khan,1,1,0,0,1,1,1,5,71.42857143,,
,Dr Rayhan Islam,1,1,0,0,0.5,1,1,4.5,64.28571429,,
E02_P19_AR_VO_GM,Dr Mamun Mahmud,1,1,0,0,0,1,1,4,57.14285714,64.28571429,64.29
,Dr Abid Hasan Khan,1,1,0,0,1,1,1,5,71.42857143,,
,Dr Rayhan Islam,1,1,0,0,0.5,1,1,4.5,64.28571429,,
E02_P20_AF_VFL_GM,Dr Mamun Mahmud,0,0,0,0,0,0,1,1,14.28571429,23.80952381,23.81
,Dr Abid Hasan Khan,0,0,0,0,0.5,0,1,1.5,21.42857143,,
,Dr Rayhan Islam,0,0,0,0,1,0.5,1,2.5,35.71428571,,
E02_P20_AL_VFL_GM,Dr Mamun Mahmud,0,0,0,0,0,0,1,1,14.28571429,23.80952381,23.81
,Dr Abid Hasan Khan,0,0,0,0,0.5,0,1,1.5,21.42857143,,
,Dr Rayhan Islam,0,0,0,0,1,0.5,1,2.5,35.71428571,,
E02_P20_AR_VFL_GM,Dr Mamun Mahmud,0,0,0,0,0,0,1,1,14.28571429,23.80952381,23.81
,Dr Abid Hasan Khan,0,0,0,0,0.5,0,1,1.5,21.42857143,,
,Dr Rayhan Islam,0,0,0,0,1,0.5,1,2.5,35.71428571,,
E02_P20_AF_VHJ_GM,Dr Mamun Mahmud,0,1,0,0,0,0.5,1,2.5,35.71428571,42.85714286,42.86
,Dr Abid Hasan Khan,0,1,0,0,0.5,0.5,1,3,42.85714286,,
,Dr Rayhan Islam,0,1,0,0,1,0.5,1,3.5,50,,
E02_P20_AL_VHJ_GM,Dr Mamun Mahmud,0,1,0,0,0,0.5,1,2.5,35.71428571,42.85714286,42.86
,Dr Abid Hasan Khan,0,1,0,0,0.5,0.5,1,3,42.85714286,,
,Dr Rayhan Islam,0,1,0,0,1,0.5,1,3.5,50,,
E02_P20_AR_VHJ_GM,Dr Mamun Mahmud,0,1,0,0,0,0.5,1,2.5,35.71428571,42.85714286,42.86
,Dr Abid Hasan Khan,0,1,0,0,0.5,0.5,1,3,42.85714286,,
,Dr Rayhan Islam,0,1,0,0,1,0.5,1,3.5,50,,
E02_P20_AF_VLJ_GM,Dr Mamun Mahmud,1,1,0,0,0.5,0.5,1,4,57.14285714,64.28571429,64.29
,Dr Abid Hasan Khan,1,1,0,0,0.5,1,1,4.5,64.28571429,,
,Dr Rayhan Islam,1,1,0,0,1,1,1,5,71.42857143,,
E02_P20_AL_VLJ_GM,Dr Mamun Mahmud,1,1,0,0,0.5,0.5,1,4,57.14285714,64.28571429,64.29
,Dr Abid Hasan Khan,1,1,0,0,0.5,1,1,4.5,64.28571429,,
,Dr Rayhan Islam,1,1,0,0,1,1,1,5,71.42857143,,
E02_P20_AR_VLJ_GM,Dr Mamun Mahmud,1,1,0,0,0.5,0.5,1,4,57.14285714,64.28571429,64.29
,Dr Abid Hasan Khan,1,1,0,0,0.5,1,1,4.5,64.28571429,,
,Dr Rayhan Islam,1,1,0,0,1,1,1,5,71.42857143,,
E02_P20_AF_VLL_GM,Dr Mamun Mahmud,1,1,0,0.7,1,1,1,5.7,81.42857143,81.42857143,81.43
,Dr Abid Hasan Khan,1,1,0,0.7,1,1,1,5.7,81.42857143,,
,Dr Rayhan Islam,1,1,0,0.7,1,1,1,5.7,81.42857143,,
E02_P20_AL_VLL_GM,Dr Mamun Mahmud,1,1,1,1,1,1,1,7,100,100,100
,Dr Abid Hasan Khan,1,1,1,1,1,1,1,7,100,,
,Dr Rayhan Islam,1,1,1,1,1,1,1,7,100,,
E02_P20_AR_VLL_GM,Dr Mamun Mahmud,1,1,1,1,1,1,1,7,100,100,100
,Dr Abid Hasan Khan,1,1,1,1,1,1,1,7,100,,
,Dr Rayhan Islam,1,1,1,1,1,1,1,7,100,,
E02_P20_AF_VML_GM,Dr Mamun Mahmud,1,1,0,0.8,0.5,1,1,5.3,75.71428571,80.47619048,80.48
,Dr Abid Hasan Khan,1,1,0,0.8,1,1,1,5.8,82.85714286,,
,Dr Rayhan Islam,1,1,0,0.8,1,1,1,5.8,82.85714286,,
E02_P20_AL_VML_GM,Dr Mamun Mahmud,1,1,0,0.7,0.5,1,1,5.2,74.28571429,79.04761905,79.05
,Dr Abid Hasan Khan,1,1,0,0.7,1,1,1,5.7,81.42857143,,
,Dr Rayhan Islam,1,1,0,0.7,1,1,1,5.7,81.42857143,,
E02_P20_AR_VML_GM,Dr Mamun Mahmud,1,1,1,1,0.5,1,1,6.5,92.85714286,97.61904762,97.62
,Dr Abid Hasan Khan,1,1,1,1,1,1,1,7,100,,
,Dr Rayhan Islam,1,1,1,1,1,1,1,7,100,,
E02_P20_AF_VO_GM,Dr Mamun Mahmud,0,1,0,0,0.5,0,1,2.5,35.71428571,40.47619048,40.48
,Dr Abid Hasan Khan,0,1,0,0,0.5,0,1,2.5,35.71428571,,
,Dr Rayhan Islam,0,1,0,0,1,0.5,1,3.5,50,,
E02_P20_AL_VO_GM,Dr Mamun Mahmud,0,1,0,0,0.5,0,1,2.5,35.71428571,40.47619048,40.48
,Dr Abid Hasan Khan,0,1,0,0,0.5,0,1,2.5,35.71428571,,
,Dr Rayhan Islam,0,1,0,0,1,0.5,1,3.5,50,,
E02_P20_AR_VO_GM,Dr Mamun Mahmud,0,1,0,0,0.5,0,1,2.5,35.71428571,40.47619048,40.48
,Dr Abid Hasan Khan,0,1,0,0,0.5,0,1,2.5,35.71428571,,
,Dr Rayhan Islam,0,1,0,0,1,0.5,1,3.5,50,,
E02_P21_AF_VFL_GM,Dr Mamun Mahmud,1,1,0,0.9,1,1,1,5.9,84.28571429,84.28571429,84.29
,Dr Abid Hasan Khan,1,1,0,0.9,1,1,1,5.9,84.28571429,,
,Dr Rayhan Islam,1,1,0,0.9,1,1,1,5.9,84.28571429,,
E02_P21_AL_VFL_GM,Dr Mamun Mahmud,1,1,0,0.4,1,1,1,5.4,77.14285714,77.14285714,77.14
,Dr Abid Hasan Khan,1,1,0,0.4,1,1,1,5.4,77.14285714,,
,Dr Rayhan Islam,1,1,0,0.4,1,1,1,5.4,77.14285714,,
E02_P21_AR_VFL_GM,Dr Mamun Mahmud,1,1,0,0.9,1,1,1,5.9,84.28571429,84.28571429,84.29
,Dr Abid Hasan Khan,1,1,0,0.9,1,1,1,5.9,84.28571429,,
,Dr Rayhan Islam,1,1,0,0.9,1,1,1,5.9,84.28571429,,
E02_P21_AF_VHJ_GM,Dr Mamun Mahmud,0,1,0,0.8,0.5,1,1,4.3,61.42857143,59.04761905,59.05
,Dr Abid Hasan Khan,0,1,0,0.8,1,0.5,1,4.3,61.42857143,,
,Dr Rayhan Islam,0,1,0,0.8,1,0,1,3.8,54.28571429,,
E02_P21_AL_VHJ_GM,Dr Mamun Mahmud,0,1,1,1,0.5,1,1,5.5,78.57142857,76.19047619,76.19
,Dr Abid Hasan Khan,0,1,1,1,1,0.5,1,5.5,78.57142857,,
,Dr Rayhan Islam,0,1,1,1,1,0,1,5,71.42857143,,
E02_P21_AR_VHJ_GM,Dr Mamun Mahmud,0,1,0,0.7,0.5,1,1,4.2,60,57.61904762,57.62
,Dr Abid Hasan Khan,0,1,0,0.7,1,0.5,1,4.2,60,,
,Dr Rayhan Islam,0,1,0,0.7,1,0,1,3.7,52.85714286,,
E02_P21_AF_VLJ_GM,Dr Mamun Mahmud,1,1,1,1,0.5,1,1,6.5,92.85714286,92.85714286,92.86
,Dr Abid Hasan Khan,1,1,1,1,1,0.5,1,6.5,92.85714286,,
,Dr Rayhan Islam,1,1,1,1,1,0.5,1,6.5,92.85714286,,
E02_P21_AL_VLJ_GM,Dr Mamun Mahmud,1,1,1,1,0.5,1,1,6.5,92.85714286,92.85714286,92.86
,Dr Abid Hasan Khan,1,1,1,1,1,0.5,1,6.5,92.85714286,,
,Dr Rayhan Islam,1,1,1,1,1,0.5,1,6.5,92.85714286,,
E02_P21_AR_VLJ_GM,Dr Mamun Mahmud,1,1,0,0.9,0.5,1,1,5.4,77.14285714,77.14285714,77.14
,Dr Abid Hasan Khan,1,1,0,0.9,1,0.5,1,5.4,77.14285714,,
,Dr Rayhan Islam,1,1,0,0.9,1,0.5,1,5.4,77.14285714,,
E02_P21_AF_VLL_GM,Dr Mamun Mahmud,1,1,0,0.9,0.5,0.5,1,4.9,70,77.14285714,77.14
,Dr Abid Hasan Khan,1,1,0,0.9,1,0.5,1,5.4,77.14285714,,
,Dr Rayhan Islam,1,1,0,0.9,1,1,1,5.9,84.28571429,,
E02_P21_AL_VLL_GM,Dr Mamun Mahmud,1,1,0,0.8,0.5,0.5,1,4.8,68.57142857,75.71428571,75.71
,Dr Abid Hasan Khan,1,1,0,0.8,1,0.5,1,5.3,75.71428571,,
,Dr Rayhan Islam,1,1,0,0.8,1,1,1,5.8,82.85714286,,
E02_P21_AR_VLL_GM,Dr Mamun Mahmud,1,1,0,0.8,0.5,0.5,1,4.8,68.57142857,75.71428571,75.71
,Dr Abid Hasan Khan,1,1,0,0.8,1,0.5,1,5.3,75.71428571,,
,Dr Rayhan Islam,1,1,0,0.8,1,1,1,5.8,82.85714286,,
E02_P21_AF_VML_GM,Dr Mamun Mahmud,1,1,1,1,0.5,0.5,1,6,85.71428571,88.0952381,88.1
,Dr Abid Hasan Khan,1,1,1,1,0.5,0.5,1,6,85.71428571,,
,Dr Rayhan Islam,1,1,1,1,0.5,1,1,6.5,92.85714286,,
E02_P21_AL_VML_GM,Dr Mamun Mahmud,1,1,1,1,0.5,0.5,1,6,85.71428571,88.0952381,88.1
,Dr Abid Hasan Khan,1,1,1,1,0.5,0.5,1,6,85.71428571,,
,Dr Rayhan Islam,1,1,1,1,0.5,1,1,6.5,92.85714286,,
E02_P21_AR_VML_GM,Dr Mamun Mahmud,1,1,1,1,0.5,0.5,1,6,85.71428571,88.0952381,88.1
,Dr Abid Hasan Khan,1,1,1,1,0.5,0.5,1,6,85.71428571,,
,Dr Rayhan Islam,1,1,1,1,0.5,1,1,6.5,92.85714286,,
E02_P21_AF_VO_GM,Dr Mamun Mahmud,1,1,0,0.8,0,1,1,4.8,68.57142857,73.33333333,73.33
,Dr Abid Hasan Khan,1,1,0,0.8,0.5,1,1,5.3,75.71428571,,
,Dr Rayhan Islam,1,1,0,0.8,0.5,1,1,5.3,75.71428571,,
E02_P21_AL_VO_GM,Dr Mamun Mahmud,1,1,0,0.8,0,1,1,4.8,68.57142857,73.33333333,73.33
,Dr Abid Hasan Khan,1,1,0,0.8,0.5,1,1,5.3,75.71428571,,
,Dr Rayhan Islam,1,1,0,0.8,0.5,1,1,5.3,75.71428571,,
E02_P21_AR_VO_GM,Dr Mamun Mahmud,1,1,1,1,0,1,1,6,85.71428571,90.47619048,90.48
,Dr Abid Hasan Khan,1,1,1,1,0.5,1,1,6.5,92.85714286,,
,Dr Rayhan Islam,1,1,1,1,0.5,1,1,6.5,92.85714286,,
E02_P22_AF_VFL_GM,Dr Mamun Mahmud,1,1,0,0.9,1,1,1,5.9,84.28571429,84.28571429,84.29
,Dr Abid Hasan Khan,1,1,0,0.9,1,1,1,5.9,84.28571429,,
,Dr Rayhan Islam,1,1,0,0.9,1,1,1,5.9,84.28571429,,
E02_P22_AL_VFL_GM,Dr Mamun Mahmud,1,1,0,0.9,1,1,1,5.9,84.28571429,84.28571429,84.29
,Dr Abid Hasan Khan,1,1,0,0.9,1,1,1,5.9,84.28571429,,
,Dr Rayhan Islam,1,1,0,0.9,1,1,1,5.9,84.28571429,,
E02_P22_AR_VFL_GM,Dr Mamun Mahmud,1,1,0,0.8,1,1,1,5.8,82.85714286,82.85714286,82.86
,Dr Abid Hasan Khan,1,1,0,0.8,1,1,1,5.8,82.85714286,,
,Dr Rayhan Islam,1,1,0,0.8,1,1,1,5.8,82.85714286,,
E02_P22_AF_VHJ_GM,Dr Mamun Mahmud,1,1,1,1,0.5,1,1,6.5,92.85714286,92.85714286,92.86
,Dr Abid Hasan Khan,1,1,1,1,0.5,1,1,6.5,92.85714286,,
,Dr Rayhan Islam,1,1,1,1,0.5,1,1,6.5,92.85714286,,
E02_P22_AL_VHJ_GM,Dr Mamun Mahmud,1,1,1,1,0.5,1,1,6.5,92.85714286,92.85714286,92.86
,Dr Abid Hasan Khan,1,1,1,1,0.5,1,1,6.5,92.85714286,,
,Dr Rayhan Islam,1,1,1,1,0.5,1,1,6.5,92.85714286,,
E02_P22_AR_VHJ_GM,Dr Mamun Mahmud,1,1,0,0.9,0.5,1,1,5.4,77.14285714,77.14285714,77.14
,Dr Abid Hasan Khan,1,1,0,0.9,0.5,1,1,5.4,77.14285714,,
,Dr Rayhan Islam,1,1,0,0.9,0.5,1,1,5.4,77.14285714,,
E02_P22_AF_VLJ_GM,Dr Mamun Mahmud,1,1,0,0.8,1,1,1,5.8,82.85714286,82.85714286,82.86
,Dr Abid Hasan Khan,1,1,0,0.8,1,1,1,5.8,82.85714286,,
,Dr Rayhan Islam,1,1,0,0.8,1,1,1,5.8,82.85714286,,
E02_P22_AL_VLJ_GM,Dr Mamun Mahmud,1,1,0,0.6,1,1,1,5.6,80,80,80
,Dr Abid Hasan Khan,1,1,0,0.6,1,1,1,5.6,80,,
,Dr Rayhan Islam,1,1,0,0.6,1,1,1,5.6,80,,
E02_P22_AR_VLJ_GM,Dr Mamun Mahmud,1,1,0,0.7,1,1,1,5.7,81.42857143,81.42857143,81.43
,Dr Abid Hasan Khan,1,1,0,0.7,1,1,1,5.7,81.42857143,,
,Dr Rayhan Islam,1,1,0,0.7,1,1,1,5.7,81.42857143,,
E02_P22_AF_VLL_GM,Dr Mamun Mahmud,1,1,0,0.9,1,1,1,5.9,84.28571429,84.28571429,84.29
,Dr Abid Hasan Khan,1,1,0,0.9,1,1,1,5.9,84.28571429,,
,Dr Rayhan Islam,1,1,0,0.9,1,1,1,5.9,84.28571429,,
E02_P22_AL_VLL_GM,Dr Mamun Mahmud,1,1,1,1,1,1,1,7,100,100,100
,Dr Abid Hasan Khan,1,1,1,1,1,1,1,7,100,,
,Dr Rayhan Islam,1,1,1,1,1,1,1,7,100,,
E02_P22_AR_VLL_GM,Dr Mamun Mahmud,1,1,0,0.8,1,1,1,5.8,82.85714286,82.85714286,82.86
,Dr Abid Hasan Khan,1,1,0,0.8,1,1,1,5.8,82.85714286,,
,Dr Rayhan Islam,1,1,0,0.8,1,1,1,5.8,82.85714286,,
E02_P22_AF_VML_GM,Dr Mamun Mahmud,1,1,0,0.9,0.5,1,1,5.4,77.14285714,81.9047619,81.9
,Dr Abid Hasan Khan,1,1,0,0.9,1,1,1,5.9,84.28571429,,
,Dr Rayhan Islam,1,1,0,0.9,1,1,1,5.9,84.28571429,,
E02_P22_AL_VML_GM,Dr Mamun Mahmud,1,1,0,0.8,0.5,1,1,5.3,75.71428571,80.47619048,80.48
,Dr Abid Hasan Khan,1,1,0,0.8,1,1,1,5.8,82.85714286,,
,Dr Rayhan Islam,1,1,0,0.8,1,1,1,5.8,82.85714286,,
E02_P22_AR_VML_GM,Dr Mamun Mahmud,1,1,0,0.8,0.5,1,1,5.3,75.71428571,80.47619048,80.48
,Dr Abid Hasan Khan,1,1,0,0.8,1,1,1,5.8,82.85714286,,
,Dr Rayhan Islam,1,1,0,0.8,1,1,1,5.8,82.85714286,,
E02_P22_AF_VO_GM,Dr Mamun Mahmud,1,1,0,0.8,1,1,1,5.8,82.85714286,82.85714286,82.86
,Dr Abid Hasan Khan,1,1,0,0.8,1,1,1,5.8,82.85714286,,
,Dr Rayhan Islam,1,1,0,0.8,1,1,1,5.8,82.85714286,,
E02_P22_AL_VO_GM,Dr Mamun Mahmud,1,1,0,0.6,1,1,1,5.6,80,80,80
,Dr Abid Hasan Khan,1,1,0,0.6,1,1,1,5.6,80,,
,Dr Rayhan Islam,1,1,0,0.6,1,1,1,5.6,80,,
E02_P22_AR_VO_GM,Dr Mamun Mahmud,1,1,0,0.8,1,1,1,5.8,82.85714286,82.85714286,82.86
,Dr Abid Hasan Khan,1,1,0,0.8,1,1,1,5.8,82.85714286,,
,Dr Rayhan Islam,1,1,0,0.8,1,1,1,5.8,82.85714286,,
E02_P23_AF_VFL_GM,Dr Mamun Mahmud,0,0,0,0,0.5,0.5,1,2,28.57142857,35.71428571,35.71
,Dr Abid Hasan Khan,0,0,0,0,1,1,1,3,42.85714286,,
,Dr Rayhan Islam,0,0,0,0,1,0.5,1,2.5,35.71428571,,
E02_P23_AL_VFL_GM,Dr Mamun Mahmud,0,0,0,0,0.5,0.5,1,2,28.57142857,35.71428571,35.71
,Dr Abid Hasan Khan,0,0,0,0,1,1,1,3,42.85714286,,
,Dr Rayhan Islam,0,0,0,0,1,0.5,1,2.5,35.71428571,,
E02_P23_AR_VFL_GM,Dr Mamun Mahmud,0,0,0,0,0.5,0.5,1,2,28.57142857,35.71428571,35.71
,Dr Abid Hasan Khan,0,0,0,0,1,1,1,3,42.85714286,,
,Dr Rayhan Islam,0,0,0,0,1,0.5,1,2.5,35.71428571,,
E02_P23_AF_VHJ_GM,Dr Mamun Mahmud,1,1,0,0,1,0.5,1,4.5,64.28571429,66.66666667,66.67
,Dr Abid Hasan Khan,1,1,0,0,1,1,1,5,71.42857143,,
,Dr Rayhan Islam,1,1,0,0,1,0.5,1,4.5,64.28571429,,
E02_P23_AL_VHJ_GM,Dr Mamun Mahmud,1,1,0,0,1,0.5,1,4.5,64.28571429,66.66666667,66.67
,Dr Abid Hasan Khan,1,1,0,0,1,1,1,5,71.42857143,,
,Dr Rayhan Islam,1,1,0,0,1,0.5,1,4.5,64.28571429,,
E02_P23_AR_VHJ_GM,Dr Mamun Mahmud,1,1,0,0,1,0.5,1,4.5,64.28571429,66.66666667,66.67
,Dr Abid Hasan Khan,1,1,0,0,1,1,1,5,71.42857143,,
,Dr Rayhan Islam,1,1,0,0,1,0.5,1,4.5,64.28571429,,
E02_P23_AF_VLJ_GM,Dr Mamun Mahmud,1,1,0,0,0.5,0.5,1,4,57.14285714,66.66666667,66.67
,Dr Abid Hasan Khan,1,1,0,0,1,1,1,5,71.42857143,,
,Dr Rayhan Islam,1,1,0,0,1,1,1,5,71.42857143,,
E02_P23_AL_VLJ_GM,Dr Mamun Mahmud,1,1,0,0,0.5,0.5,1,4,57.14285714,66.66666667,66.67
,Dr Abid Hasan Khan,1,1,0,0,1,1,1,5,71.42857143,,
,Dr Rayhan Islam,1,1,0,0,1,1,1,5,71.42857143,,
E02_P23_AR_VLJ_GM,Dr Mamun Mahmud,1,1,0,0,0.5,0.5,1,4,57.14285714,66.66666667,66.67
,Dr Abid Hasan Khan,1,1,0,0,1,1,1,5,71.42857143,,
,Dr Rayhan Islam,1,1,0,0,1,1,1,5,71.42857143,,
E02_P23_AF_VLL_GM,Dr Mamun Mahmud,1,1,0,0,1,1,1,5,71.42857143,69.04761905,69.05
,Dr Abid Hasan Khan,1,1,0,0,1,1,1,5,71.42857143,,
,Dr Rayhan Islam,1,1,0,0,1,0.5,1,4.5,64.28571429,,
E02_P23_AL_VLL_GM,Dr Mamun Mahmud,1,1,0,0,1,1,1,5,71.42857143,69.04761905,69.05
,Dr Abid Hasan Khan,1,1,0,0,1,1,1,5,71.42857143,,
,Dr Rayhan Islam,1,1,0,0,1,0.5,1,4.5,64.28571429,,
E02_P23_AR_VLL_GM,Dr Mamun Mahmud,1,1,0,0,1,1,1,5,71.42857143,69.04761905,69.05
,Dr Abid Hasan Khan,1,1,0,0,1,1,1,5,71.42857143,,
,Dr Rayhan Islam,1,1,0,0,1,0.5,1,4.5,64.28571429,,
E02_P23_AF_VML_GM,Dr Mamun Mahmud,1,0,0,0.6,1,1,1,4.6,65.71428571,65.71428571,65.71
,Dr Abid Hasan Khan,1,0,0,0.6,1,1,1,4.6,65.71428571,,
,Dr Rayhan Islam,1,0,0,0.6,1,1,1,4.6,65.71428571,,
E02_P23_AL_VML_GM,Dr Mamun Mahmud,1,0,0,0.9,1,1,1,4.9,70,70,70
,Dr Abid Hasan Khan,1,0,0,0.9,1,1,1,4.9,70,,
,Dr Rayhan Islam,1,0,0,0.9,1,1,1,4.9,70,,
E02_P23_AR_VML_GM,Dr Mamun Mahmud,1,0,0,0.9,1,1,1,4.9,70,70,70
,Dr Abid Hasan Khan,1,0,0,0.9,1,1,1,4.9,70,,
,Dr Rayhan Islam,1,0,0,0.9,1,1,1,4.9,70,,
E02_P23_AF_VO_GM,Dr Mamun Mahmud,1,1,0,0,1,0.5,1,4.5,64.28571429,66.66666667,66.67
,Dr Abid Hasan Khan,1,1,0,0,1,1,1,5,71.42857143,,
,Dr Rayhan Islam,1,1,0,0,1,0.5,1,4.5,64.28571429,,
E02_P23_AL_VO_GM,Dr Mamun Mahmud,1,1,0,0,1,0.5,1,4.5,64.28571429,66.66666667,66.67
,Dr Abid Hasan Khan,1,1,0,0,1,1,1,5,71.42857143,,
,Dr Rayhan Islam,1,1,0,0,1,0.5,1,4.5,64.28571429,,
E02_P23_AR_VO_GM,Dr Mamun Mahmud,1,1,0,0,1,0.5,1,4.5,64.28571429,66.66666667,66.67
,Dr Abid Hasan Khan,1,1,0,0,1,1,1,5,71.42857143,,
,Dr Rayhan Islam,1,1,0,0,1,0.5,1,4.5,64.28571429,,
E02_P24_AF_VFL_GM,Dr Mamun Mahmud,1,1,1,1,1,1,1,7,100,100,100
,Dr Abid Hasan Khan,1,1,1,1,1,1,1,7,100,,
,Dr Rayhan Islam,1,1,1,1,1,1,1,7,100,,
E02_P24_AL_VFL_GM,Dr Mamun Mahmud,1,1,1,1,1,1,1,7,100,100,100
,Dr Abid Hasan Khan,1,1,1,1,1,1,1,7,100,,
,Dr Rayhan Islam,1,1,1,1,1,1,1,7,100,,
E02_P24_AF_VLL_GM,Dr Mamun Mahmud,1,1,1,1,0.5,1,1,6.5,92.85714286,95.23809524,95.24
,Dr Abid Hasan Khan,1,1,1,1,0.5,1,1,6.5,92.85714286,,
,Dr Rayhan Islam,1,1,1,1,1,1,1,7,100,,
E02_P24_AL_VLL_GM,Dr Mamun Mahmud,1,1,1,1,0.5,1,1,6.5,92.85714286,95.23809524,95.24
,Dr Abid Hasan Khan,1,1,1,1,0.5,1,1,6.5,92.85714286,,
,Dr Rayhan Islam,1,1,1,1,1,1,1,7,100,,
E02_P24_AF_VML_GM,Dr Mamun Mahmud,1,1,1,1,0.5,1,1,6.5,92.85714286,95.23809524,95.24
,Dr Abid Hasan Khan,1,1,1,1,0.5,1,1,6.5,92.85714286,,
,Dr Rayhan Islam,1,1,1,1,1,1,1,7,100,,
E02_P24_AL_VML_GM,Dr Mamun Mahmud,1,1,1,1,0.5,1,1,6.5,92.85714286,95.23809524,95.24
,Dr Abid Hasan Khan,1,1,1,1,0.5,1,1,6.5,92.85714286,,
,Dr Rayhan Islam,1,1,1,1,1,1,1,7,100,,
E03_P01_AF_VFL_GM,Dr Mamun Mahmud,1,1,0,0.9,1,1,1,5.9,84.28571429,84.28571429,84.29
,Dr Abid Hasan Khan,1,1,0,0.9,1,1,1,5.9,84.28571429,,
,Dr Rayhan Islam,1,1,0,0.9,1,1,1,5.9,84.28571429,,
E03_P01_AL_VFL_GM,Dr Mamun Mahmud,1,1,0,0.8,1,1,1,5.8,82.85714286,82.85714286,82.86
,Dr Abid Hasan Khan,1,1,0,0.8,1,1,1,5.8,82.85714286,,
,Dr Rayhan Islam,1,1,0,0.8,1,1,1,5.8,82.85714286,,
E03_P01_AR_VFL_GM,Dr Mamun Mahmud,1,1,0,0.8,1,1,1,5.8,82.85714286,82.85714286,82.86
,Dr Abid Hasan Khan,1,1,0,0.8,1,1,1,5.8,82.85714286,,
,Dr Rayhan Islam,1,1,0,0.8,1,1,1,5.8,82.85714286,,
E03_P01_AF_VHJ_GM,Dr Mamun Mahmud,1,1,0,0.9,1,1,1,5.9,84.28571429,84.28571429,84.29
,Dr Abid Hasan Khan,1,1,0,0.9,1,1,1,5.9,84.28571429,,
,Dr Rayhan Islam,1,1,0,0.9,1,1,1,5.9,84.28571429,,
E03_P01_AL_VHJ_GM,Dr Mamun Mahmud,1,1,0,0.8,1,1,1,5.8,82.85714286,82.85714286,82.86
,Dr Abid Hasan Khan,1,1,0,0.8,1,1,1,5.8,82.85714286,,
,Dr Rayhan Islam,1,1,0,0.8,1,1,1,5.8,82.85714286,,
E03_P01_AR_VHJ_GM,Dr Mamun Mahmud,1,1,0,0.8,1,1,1,5.8,82.85714286,82.85714286,82.86
,Dr Abid Hasan Khan,1,1,0,0.8,1,1,1,5.8,82.85714286,,
,Dr Rayhan Islam,1,1,0,0.8,1,1,1,5.8,82.85714286,,
E03_P01_AF_VLJ_GM,Dr Mamun Mahmud,1,1,0,0.8,1,1,1,5.8,82.85714286,82.85714286,82.86
,Dr Abid Hasan Khan,1,1,0,0.8,1,1,1,5.8,82.85714286,,
,Dr Rayhan Islam,1,1,0,0.8,1,1,1,5.8,82.85714286,,
E03_P01_AL_VLJ_GM,Dr Mamun Mahmud,1,1,0,0.6,1,1,1,5.6,80,80,80
,Dr Abid Hasan Khan,1,1,0,0.6,1,1,1,5.6,80,,
,Dr Rayhan Islam,1,1,0,0.6,1,1,1,5.6,80,,
E03_P01_AR_VLJ_GM,Dr Mamun Mahmud,1,1,0,0.5,1,1,1,5.5,78.57142857,78.57142857,78.57
,Dr Abid Hasan Khan,1,1,0,0.5,1,1,1,5.5,78.57142857,,
,Dr Rayhan Islam,1,1,0,0.5,1,1,1,5.5,78.57142857,,
E03_P01_AF_VLL_GM,Dr Mamun Mahmud,1,1,0,0.8,1,1,1,5.8,82.85714286,82.85714286,82.86
,Dr Abid Hasan Khan,1,1,0,0.8,1,1,1,5.8,82.85714286,,
,Dr Rayhan Islam,1,1,0,0.8,1,1,1,5.8,82.85714286,,
E03_P01_AL_VLL_GM,Dr Mamun Mahmud,1,1,0,0.8,1,1,1,5.8,82.85714286,82.85714286,82.86
,Dr Abid Hasan Khan,1,1,0,0.8,1,1,1,5.8,82.85714286,,
,Dr Rayhan Islam,1,1,0,0.8,1,1,1,5.8,82.85714286,,
E03_P01_AR_VLL_GM,Dr Mamun Mahmud,1,1,0,0.9,1,1,1,5.9,84.28571429,84.28571429,84.29
,Dr Abid Hasan Khan,1,1,0,0.9,1,1,1,5.9,84.28571429,,
,Dr Rayhan Islam,1,1,0,0.9,1,1,1,5.9,84.28571429,,
E03_P01_AF_VML_GM,Dr Mamun Mahmud,1,1,0,0.8,1,1,1,5.8,82.85714286,82.85714286,82.86
,Dr Abid Hasan Khan,1,1,0,0.8,1,1,1,5.8,82.85714286,,
,Dr Rayhan Islam,1,1,0,0.8,1,1,1,5.8,82.85714286,,
E03_P01_AL_VML_GM,Dr Mamun Mahmud,1,1,0,0.8,1,1,1,5.8,82.85714286,82.85714286,82.86
,Dr Abid Hasan Khan,1,1,0,0.8,1,1,1,5.8,82.85714286,,
,Dr Rayhan Islam,1,1,0,0.8,1,1,1,5.8,82.85714286,,
E03_P01_AR_VML_GM,Dr Mamun Mahmud,1,1,0,0.8,1,1,1,5.8,82.85714286,82.85714286,82.86
,Dr Abid Hasan Khan,1,1,0,0.8,1,1,1,5.8,82.85714286,,
,Dr Rayhan Islam,1,1,0,0.8,1,1,1,5.8,82.85714286,,
E03_P01_AF_VO_GM,Dr Mamun Mahmud,1,1,0,0.9,1,1,1,5.9,84.28571429,79.52380952,79.52
,Dr Abid Hasan Khan,1,1,0,0.9,1,0,1,4.9,70,,
,Dr Rayhan Islam,1,1,0,0.9,1,1,1,5.9,84.28571429,,
E03_P01_AL_VO_GM,Dr Mamun Mahmud,1,1,0,0.9,1,1,1,5.9,84.28571429,79.52380952,79.52
,Dr Abid Hasan Khan,1,1,0,0.9,1,0,1,4.9,70,,
,Dr Rayhan Islam,1,1,0,0.9,1,1,1,5.9,84.28571429,,
E03_P01_AR_VO_GM,Dr Mamun Mahmud,1,1,0,0.8,1,1,1,5.8,82.85714286,78.0952381,78.1
,Dr Abid Hasan Khan,1,1,0,0.8,1,0,1,4.8,68.57142857,,
,Dr Rayhan Islam,1,1,0,0.8,1,1,1,5.8,82.85714286,,
E03_P02_AF_VFL_GM,Dr Mamun Mahmud,0,0,0,0,0.5,1,1,2.5,35.71428571,26.19047619,26.19
,Dr Abid Hasan Khan,0,0,0,0,0.5,0,1,1.5,21.42857143,,
,Dr Rayhan Islam,0,0,0,0,0.5,0,1,1.5,21.42857143,,
E03_P02_AL_VFL_GM,Dr Mamun Mahmud,0,0,0,0,0.5,1,1,2.5,35.71428571,26.19047619,26.19
,Dr Abid Hasan Khan,0,0,0,0,0.5,0,1,1.5,21.42857143,,
,Dr Rayhan Islam,0,0,0,0,0.5,0,1,1.5,21.42857143,,
E03_P02_AR_VFL_GM,Dr Mamun Mahmud,0,0,0,0,0.5,1,1,2.5,35.71428571,26.19047619,26.19
,Dr Abid Hasan Khan,0,0,0,0,0.5,0,1,1.5,21.42857143,,
,Dr Rayhan Islam,0,0,0,0,0.5,0,1,1.5,21.42857143,,
E03_P02_AF_VHJ_GM,Dr Mamun Mahmud,0,0,0,0,1,0,1,2,28.57142857,26.19047619,26.19
,Dr Abid Hasan Khan,0,0,0,0,0.5,0,1,1.5,21.42857143,,
,Dr Rayhan Islam,0,0,0,0,1,0,1,2,28.57142857,,
E03_P02_AL_VHJ_GM,Dr Mamun Mahmud,0,0,0,0,1,0,1,2,28.57142857,26.19047619,26.19
,Dr Abid Hasan Khan,0,0,0,0,0.5,0,1,1.5,21.42857143,,
,Dr Rayhan Islam,0,0,0,0,1,0,1,2,28.57142857,,
E03_P02_AR_VHJ_GM,Dr Mamun Mahmud,0,0,0,0,1,0,1,2,28.57142857,26.19047619,26.19
,Dr Abid Hasan Khan,0,0,0,0,0.5,0,1,1.5,21.42857143,,
,Dr Rayhan Islam,0,0,0,0,1,0,1,2,28.57142857,,
E03_P02_AF_VLJ_GM,Dr Mamun Mahmud,0,0,0,0,1,0,1,2,28.57142857,28.57142857,28.57
,Dr Abid Hasan Khan,0,0,0,0,1,0,1,2,28.57142857,,
,Dr Rayhan Islam,0,0,0,0,1,0,1,2,28.57142857,,
E03_P02_AL_VLJ_GM,Dr Mamun Mahmud,0,0,0,0,1,0,1,2,28.57142857,28.57142857,28.57
,Dr Abid Hasan Khan,0,0,0,0,1,0,1,2,28.57142857,,
,Dr Rayhan Islam,0,0,0,0,1,0,1,2,28.57142857,,
E03_P02_AR_VLJ_GM,Dr Mamun Mahmud,0,0,0,0,1,0,1,2,28.57142857,28.57142857,28.57
,Dr Abid Hasan Khan,0,0,0,0,1,0,1,2,28.57142857,,
,Dr Rayhan Islam,0,0,0,0,1,0,1,2,28.57142857,,
E03_P02_AF_VLL_GM,Dr Mamun Mahmud,0,0,0,0,0.5,0,1,1.5,21.42857143,21.42857143,21.43
,Dr Abid Hasan Khan,0,0,0,0,0.5,0,1,1.5,21.42857143,,
,Dr Rayhan Islam,0,0,0,0,0.5,0,1,1.5,21.42857143,,
E03_P02_AL_VLL_GM,Dr Mamun Mahmud,0,0,0,0,0.5,0,1,1.5,21.42857143,21.42857143,21.43
,Dr Abid Hasan Khan,0,0,0,0,0.5,0,1,1.5,21.42857143,,
,Dr Rayhan Islam,0,0,0,0,0.5,0,1,1.5,21.42857143,,
E03_P02_AR_VLL_GM,Dr Mamun Mahmud,0,0,0,0,0.5,0,1,1.5,21.42857143,21.42857143,21.43
,Dr Abid Hasan Khan,0,0,0,0,0.5,0,1,1.5,21.42857143,,
,Dr Rayhan Islam,0,0,0,0,0.5,0,1,1.5,21.42857143,,
E03_P02_AF_VML_GM,Dr Mamun Mahmud,0,0,0,0,0.5,0,1,1.5,21.42857143,16.66666667,16.67
,Dr Abid Hasan Khan,0,0,0,0,0,0,1,1,14.28571429,,
,Dr Rayhan Islam,0,0,0,0,0,0,1,1,14.28571429,,
E03_P02_AL_VML_GM,Dr Mamun Mahmud,0,0,0,0,0.5,0,1,1.5,21.42857143,16.66666667,16.67
,Dr Abid Hasan Khan,0,0,0,0,0,0,1,1,14.28571429,,
,Dr Rayhan Islam,0,0,0,0,0,0,1,1,14.28571429,,
E03_P02_AR_VML_GM,Dr Mamun Mahmud,0,0,0,0,0.5,0,1,1.5,21.42857143,16.66666667,16.67
,Dr Abid Hasan Khan,0,0,0,0,0,0,1,1,14.28571429,,
,Dr Rayhan Islam,0,0,0,0,0,0,1,1,14.28571429,,
E03_P02_AF_VO_GM,Dr Mamun Mahmud,0,0,0,0,0.5,0,1,1.5,21.42857143,16.66666667,16.67
,Dr Abid Hasan Khan,0,0,0,0,0,0,1,1,14.28571429,,
,Dr Rayhan Islam,0,0,0,0,0,0,1,1,14.28571429,,
E03_P02_AL_VO_GM,Dr Mamun Mahmud,0,0,0,0,0.5,0,1,1.5,21.42857143,16.66666667,16.67
,Dr Abid Hasan Khan,0,0,0,0,0,0,1,1,14.28571429,,
,Dr Rayhan Islam,0,0,0,0,0,0,1,1,14.28571429,,
E03_P02_AR_VO_GM,Dr Mamun Mahmud,0,0,0,0,0.5,0,1,1.5,21.42857143,16.66666667,16.67
,Dr Abid Hasan Khan,0,0,0,0,0,0,1,1,14.28571429,,
,Dr Rayhan Islam,0,0,0,0,0,0,1,1,14.28571429,,
E03_P03_AF_VFL_GM,Dr Mamun Mahmud,1,1,0,0,1,0.5,1,4.5,64.28571429,64.28571429,64.29
,Dr Abid Hasan Khan,1,1,0,0,1,0.5,1,4.5,64.28571429,,
,Dr Rayhan Islam,1,1,0,0,1,0.5,1,4.5,64.28571429,,
E03_P03_AL_VFL_GM,Dr Mamun Mahmud,1,1,0,0,1,0.5,1,4.5,64.28571429,64.28571429,64.29
,Dr Abid Hasan Khan,1,1,0,0,1,0.5,1,4.5,64.28571429,,
,Dr Rayhan Islam,1,1,0,0,1,0.5,1,4.5,64.28571429,,
E03_P03_AR_VFL_GM,Dr Mamun Mahmud,1,1,0,0,1,0.5,1,4.5,64.28571429,64.28571429,64.29
,Dr Abid Hasan Khan,1,1,0,0,1,0.5,1,4.5,64.28571429,,
,Dr Rayhan Islam,1,1,0,0,1,0.5,1,4.5,64.28571429,,
E03_P03_AF_VHJ_GM,Dr Mamun Mahmud,1,1,0,0.9,0.5,1,1,5.4,77.14285714,77.14285714,77.14
,Dr Abid Hasan Khan,1,1,0,0.9,0.5,1,1,5.4,77.14285714,,
,Dr Rayhan Islam,1,1,0,0.9,0.5,1,1,5.4,77.14285714,,
E03_P03_AL_VHJ_GM,Dr Mamun Mahmud,1,1,1,1,0.5,1,1,6.5,92.85714286,92.85714286,92.86
,Dr Abid Hasan Khan,1,1,1,1,0.5,1,1,6.5,92.85714286,,
,Dr Rayhan Islam,1,1,1,1,0.5,1,1,6.5,92.85714286,,
E03_P03_AR_VHJ_GM,Dr Mamun Mahmud,1,1,1,1,0.5,1,1,6.5,92.85714286,92.85714286,92.86
,Dr Abid Hasan Khan,1,1,1,1,0.5,1,1,6.5,92.85714286,,
,Dr Rayhan Islam,1,1,1,1,0.5,1,1,6.5,92.85714286,,
E03_P03_AF_VLJ_GM,Dr Mamun Mahmud,1,1,1,1,0.5,1,1,6.5,92.85714286,97.61904762,97.62
,Dr Abid Hasan Khan,1,1,1,1,1,1,1,7,100,,
,Dr Rayhan Islam,1,1,1,1,1,1,1,7,100,,
E03_P03_AL_VLJ_GM,Dr Mamun Mahmud,1,1,0,0.9,0.5,1,1,5.4,77.14285714,81.9047619,81.9
,Dr Abid Hasan Khan,1,1,0,0.9,1,1,1,5.9,84.28571429,,
,Dr Rayhan Islam,1,1,0,0.9,1,1,1,5.9,84.28571429,,
E03_P03_AR_VLJ_GM,Dr Mamun Mahmud,1,1,0,0.9,0.5,1,1,5.4,77.14285714,81.9047619,81.9
,Dr Abid Hasan Khan,1,1,0,0.9,1,1,1,5.9,84.28571429,,
,Dr Rayhan Islam,1,1,0,0.9,1,1,1,5.9,84.28571429,,
E03_P03_AF_VLL_GM,Dr Mamun Mahmud,1,1,0,0.3,1,0.5,1,4.8,68.57142857,73.33333333,73.33
,Dr Abid Hasan Khan,1,1,0,0.3,1,1,1,5.3,75.71428571,,
,Dr Rayhan Islam,1,1,0,0.3,1,1,1,5.3,75.71428571,,
E03_P03_AL_VLL_GM,Dr Mamun Mahmud,1,1,0,0.9,1,0.5,1,5.4,77.14285714,81.9047619,81.9
,Dr Abid Hasan Khan,1,1,0,0.9,1,1,1,5.9,84.28571429,,
,Dr Rayhan Islam,1,1,0,0.9,1,1,1,5.9,84.28571429,,
E03_P03_AR_VLL_GM,Dr Mamun Mahmud,1,1,0,0.3,1,0.5,1,4.8,68.57142857,73.33333333,73.33
,Dr Abid Hasan Khan,1,1,0,0.3,1,1,1,5.3,75.71428571,,
,Dr Rayhan Islam,1,1,0,0.3,1,1,1,5.3,75.71428571,,
E03_P03_AF_VML_GM,Dr Mamun Mahmud,1,1,0,0.6,0.5,0.5,1,4.6,65.71428571,75.23809524,75.24
,Dr Abid Hasan Khan,1,1,0,0.6,1,1,1,5.6,80,,
,Dr Rayhan Islam,1,1,0,0.6,1,1,1,5.6,80,,
E03_P03_AL_VML_GM,Dr Mamun Mahmud,1,1,0,0.8,0.5,0.5,1,4.8,68.57142857,78.0952381,78.1
,Dr Abid Hasan Khan,1,1,0,0.8,1,1,1,5.8,82.85714286,,
,Dr Rayhan Islam,1,1,0,0.8,1,1,1,5.8,82.85714286,,
E03_P03_AR_VML_GM,Dr Mamun Mahmud,1,1,0,0.6,0.5,0.5,1,4.6,65.71428571,75.23809524,75.24
,Dr Abid Hasan Khan,1,1,0,0.6,1,1,1,5.6,80,,
,Dr Rayhan Islam,1,1,0,0.6,1,1,1,5.6,80,,
E03_P03_AF_VO_GM,Dr Mamun Mahmud,1,1,1,1,1,1,1,7,100,97.61904762,97.62
,Dr Abid Hasan Khan,1,1,1,1,1,1,1,7,100,,
,Dr Rayhan Islam,1,1,1,1,0.5,1,1,6.5,92.85714286,,
E03_P03_AL_VO_GM,Dr Mamun Mahmud,1,1,1,1,1,1,1,7,100,97.61904762,97.62
,Dr Abid Hasan Khan,1,1,1,1,1,1,1,7,100,,
,Dr Rayhan Islam,1,1,1,1,0.5,1,1,6.5,92.85714286,,
E03_P03_AR_VO_GM,Dr Mamun Mahmud,1,1,1,1,1,1,1,7,100,97.61904762,97.62
,Dr Abid Hasan Khan,1,1,1,1,1,1,1,7,100,,
,Dr Rayhan Islam,1,1,1,1,0.5,1,1,6.5,92.85714286,,
E03_P04_AF_VFL_GM,Dr Mamun Mahmud,1,1,0,0.9,0.5,1,1,5.4,77.14285714,81.9047619,81.9
,Dr Abid Hasan Khan,1,1,0,0.9,1,1,1,5.9,84.28571429,,
,Dr Rayhan Islam,1,1,0,0.9,1,1,1,5.9,84.28571429,,
E03_P04_AL_VFL_GM,Dr Mamun Mahmud,1,1,1,1,0.5,1,1,6.5,92.85714286,97.61904762,97.62
,Dr Abid Hasan Khan,1,1,1,1,1,1,1,7,100,,
,Dr Rayhan Islam,1,1,1,1,1,1,1,7,100,,
E03_P04_AR_VFL_GM,Dr Mamun Mahmud,1,1,1,1,0.5,1,1,6.5,92.85714286,97.61904762,97.62
,Dr Abid Hasan Khan,1,1,1,1,1,1,1,7,100,,
,Dr Rayhan Islam,1,1,1,1,1,1,1,7,100,,
E03_P04_AF_VHJ_GM,Dr Mamun Mahmud,1,1,0,0.9,0,0.5,1,4.4,62.85714286,77.14285714,77.14
,Dr Abid Hasan Khan,1,1,0,0.9,1,1,1,5.9,84.28571429,,
,Dr Rayhan Islam,1,1,0,0.9,1,1,1,5.9,84.28571429,,
E03_P04_AL_VHJ_GM,Dr Mamun Mahmud,1,1,0,0.9,0,0.5,1,4.4,62.85714286,77.14285714,77.14
,Dr Abid Hasan Khan,1,1,0,0.9,1,1,1,5.9,84.28571429,,
,Dr Rayhan Islam,1,1,0,0.9,1,1,1,5.9,84.28571429,,
E03_P04_AR_VHJ_GM,Dr Mamun Mahmud,1,1,0,0.9,0,0.5,1,4.4,62.85714286,77.14285714,77.14
,Dr Abid Hasan Khan,1,1,0,0.9,1,1,1,5.9,84.28571429,,
,Dr Rayhan Islam,1,1,0,0.9,1,1,1,5.9,84.28571429,,
E03_P04_AF_VLJ_GM,Dr Mamun Mahmud,1,1,1,1,0,0.5,1,5.5,78.57142857,92.85714286,92.86
,Dr Abid Hasan Khan,1,1,1,1,1,1,1,7,100,,
,Dr Rayhan Islam,1,1,1,1,1,1,1,7,100,,
E03_P04_AL_VLJ_GM,Dr Mamun Mahmud,1,1,0,0.9,0,0.5,1,4.4,62.85714286,77.14285714,77.14
,Dr Abid Hasan Khan,1,1,0,0.9,1,1,1,5.9,84.28571429,,
,Dr Rayhan Islam,1,1,0,0.9,1,1,1,5.9,84.28571429,,
E03_P04_AR_VLJ_GM,Dr Mamun Mahmud,1,1,0,0.9,0,0.5,1,4.4,62.85714286,77.14285714,77.14
,Dr Abid Hasan Khan,1,1,0,0.9,1,1,1,5.9,84.28571429,,
,Dr Rayhan Islam,1,1,0,0.9,1,1,1,5.9,84.28571429,,
E03_P04_AF_VLL_GM,Dr Mamun Mahmud,1,1,1,1,0.5,0.5,1,6,85.71428571,95.23809524,95.24
,Dr Abid Hasan Khan,1,1,1,1,1,1,1,7,100,,
,Dr Rayhan Islam,1,1,1,1,1,1,1,7,100,,
E03_P04_AL_VLL_GM,Dr Mamun Mahmud,1,1,0,0.9,0.5,0.5,1,4.9,70,79.52380952,79.52
,Dr Abid Hasan Khan,1,1,0,0.9,1,1,1,5.9,84.28571429,,
,Dr Rayhan Islam,1,1,0,0.9,1,1,1,5.9,84.28571429,,
E03_P04_AR_VLL_GM,Dr Mamun Mahmud,1,1,0,0.9,0.5,0.5,1,4.9,70,79.52380952,79.52
,Dr Abid Hasan Khan,1,1,0,0.9,1,1,1,5.9,84.28571429,,
,Dr Rayhan Islam,1,1,0,0.9,1,1,1,5.9,84.28571429,,
E03_P04_AF_VML_GM,Dr Mamun Mahmud,1,1,1,1,0.5,0.5,1,6,85.71428571,95.23809524,95.24
,Dr Abid Hasan Khan,1,1,1,1,1,1,1,7,100,,
,Dr Rayhan Islam,1,1,1,1,1,1,1,7,100,,
E03_P04_AL_VML_GM,Dr Mamun Mahmud,1,1,0,0.9,0.5,0.5,1,4.9,70,79.52380952,79.52
,Dr Abid Hasan Khan,1,1,0,0.9,1,1,1,5.9,84.28571429,,
,Dr Rayhan Islam,1,1,0,0.9,1,1,1,5.9,84.28571429,,
E03_P04_AR_VML_GM,Dr Mamun Mahmud,1,1,1,1,0.5,0.5,1,6,85.71428571,95.23809524,95.24
,Dr Abid Hasan Khan,1,1,1,1,1,1,1,7,100,,
,Dr Rayhan Islam,1,1,1,1,1,1,1,7,100,,
E03_P04_AF_VO_GM,Dr Mamun Mahmud,1,1,0,0.5,1,1,1,5.5,78.57142857,78.57142857,78.57
,Dr Abid Hasan Khan,1,1,0,0.5,1,1,1,5.5,78.57142857,,
,Dr Rayhan Islam,1,1,0,0.5,1,1,1,5.5,78.57142857,,
E03_P04_AL_VO_GM,Dr Mamun Mahmud,1,1,0,0.3,1,1,1,5.3,75.71428571,75.71428571,75.71
,Dr Abid Hasan Khan,1,1,0,0.3,1,1,1,5.3,75.71428571,,
,Dr Rayhan Islam,1,1,0,0.3,1,1,1,5.3,75.71428571,,
E03_P04_AR_VO_GM,Dr Mamun Mahmud,1,1,0,0.7,1,1,1,5.7,81.42857143,81.42857143,81.43
,Dr Abid Hasan Khan,1,1,0,0.7,1,1,1,5.7,81.42857143,,
,Dr Rayhan Islam,1,1,0,0.7,1,1,1,5.7,81.42857143,,
E03_P05_AF_VFL_GM,Dr Mamun Mahmud,1,1,0,0,1,0.5,1,4.5,64.28571429,69.04761905,69.05
,Dr Abid Hasan Khan,1,1,0,0,1,1,1,5,71.42857143,,
,Dr Rayhan Islam,1,1,0,0,1,1,1,5,71.42857143,,
E03_P05_AL_VFL_GM,Dr Mamun Mahmud,1,1,0,0,1,0.5,1,4.5,64.28571429,69.04761905,69.05
,Dr Abid Hasan Khan,1,1,0,0,1,1,1,5,71.42857143,,
,Dr Rayhan Islam,1,1,0,0,1,1,1,5,71.42857143,,
E03_P05_AR_VFL_GM,Dr Mamun Mahmud,1,1,0,0,1,0.5,1,4.5,64.28571429,69.04761905,69.05
,Dr Abid Hasan Khan,1,1,0,0,1,1,1,5,71.42857143,,
,Dr Rayhan Islam,1,1,0,0,1,1,1,5,71.42857143,,
E03_P05_AF_VHJ_GM,Dr Mamun Mahmud,1,1,0,0,1,0.5,1,4.5,64.28571429,69.04761905,69.05
,Dr Abid Hasan Khan,1,1,0,0,1,1,1,5,71.42857143,,
,Dr Rayhan Islam,1,1,0,0,1,1,1,5,71.42857143,,
E03_P05_AL_VHJ_GM,Dr Mamun Mahmud,1,1,0,0,1,0.5,1,4.5,64.28571429,69.04761905,69.05
,Dr Abid Hasan Khan,1,1,0,0,1,1,1,5,71.42857143,,
,Dr Rayhan Islam,1,1,0,0,1,1,1,5,71.42857143,,
E03_P05_AR_VHJ_GM,Dr Mamun Mahmud,1,1,0,0,1,0.5,1,4.5,64.28571429,69.04761905,69.05
,Dr Abid Hasan Khan,1,1,0,0,1,1,1,5,71.42857143,,
,Dr Rayhan Islam,1,1,0,0,1,1,1,5,71.42857143,,
E03_P05_AF_VLJ_GM,Dr Mamun Mahmud,1,1,0,0,1,0.5,1,4.5,64.28571429,69.04761905,69.05
,Dr Abid Hasan Khan,1,1,0,0,1,1,1,5,71.42857143,,
,Dr Rayhan Islam,1,1,0,0,1,1,1,5,71.42857143,,
E03_P05_AL_VLJ_GM,Dr Mamun Mahmud,1,1,0,0.4,1,0.5,1,4.9,70,74.76190476,74.76
,Dr Abid Hasan Khan,1,1,0,0.4,1,1,1,5.4,77.14285714,,
,Dr Rayhan Islam,1,1,0,0.4,1,1,1,5.4,77.14285714,,
E03_P05_AR_VLJ_GM,Dr Mamun Mahmud,1,1,0,0.4,1,0.5,1,4.9,70,74.76190476,74.76
,Dr Abid Hasan Khan,1,1,0,0.4,1,1,1,5.4,77.14285714,,
,Dr Rayhan Islam,1,1,0,0.4,1,1,1,5.4,77.14285714,,
E03_P05_AF_VLL_GM,Dr Mamun Mahmud,1,1,0,0.8,1,0.5,1,5.3,75.71428571,80.47619048,80.48
,Dr Abid Hasan Khan,1,1,0,0.8,1,1,1,5.8,82.85714286,,
,Dr Rayhan Islam,1,1,0,0.8,1,1,1,5.8,82.85714286,,
E03_P05_AL_VLL_GM,Dr Mamun Mahmud,1,1,0,0.2,1,0.5,1,4.7,67.14285714,71.9047619,71.9
,Dr Abid Hasan Khan,1,1,0,0.2,1,1,1,5.2,74.28571429,,
,Dr Rayhan Islam,1,1,0,0.2,1,1,1,5.2,74.28571429,,
E03_P05_AR_VLL_GM,Dr Mamun Mahmud,1,1,0,0.4,1,0.5,1,4.9,70,74.76190476,74.76
,Dr Abid Hasan Khan,1,1,0,0.4,1,1,1,5.4,77.14285714,,
,Dr Rayhan Islam,1,1,0,0.4,1,1,1,5.4,77.14285714,,
E03_P05_AF_VML_GM,Dr Mamun Mahmud,1,1,0,0,1,0.5,1,4.5,64.28571429,69.04761905,69.05
,Dr Abid Hasan Khan,1,1,0,0,1,1,1,5,71.42857143,,
,Dr Rayhan Islam,1,1,0,0,1,1,1,5,71.42857143,,
E03_P05_AL_VML_GM,Dr Mamun Mahmud,1,1,0,0,1,0.5,1,4.5,64.28571429,69.04761905,69.05
,Dr Abid Hasan Khan,1,1,0,0,1,1,1,5,71.42857143,,
,Dr Rayhan Islam,1,1,0,0,1,1,1,5,71.42857143,,
E03_P05_AR_VML_GM,Dr Mamun Mahmud,1,1,0,0,1,0.5,1,4.5,64.28571429,69.04761905,69.05
,Dr Abid Hasan Khan,1,1,0,0,1,1,1,5,71.42857143,,
,Dr Rayhan Islam,1,1,0,0,1,1,1,5,71.42857143,,
E03_P05_AF_VO_GM,Dr Mamun Mahmud,1,1,0,0,1,1,1,5,71.42857143,71.42857143,71.43
,Dr Abid Hasan Khan,1,1,0,0,1,1,1,5,71.42857143,,
,Dr Rayhan Islam,1,1,0,0,1,1,1,5,71.42857143,,
E03_P05_AL_VO_GM,Dr Mamun Mahmud,1,1,0,0,1,1,1,5,71.42857143,71.42857143,71.43
,Dr Abid Hasan Khan,1,1,0,0,1,1,1,5,71.42857143,,
,Dr Rayhan Islam,1,1,0,0,1,1,1,5,71.42857143,,
E03_P05_AR_VO_GM,Dr Mamun Mahmud,1,1,0,0,1,1,1,5,71.42857143,71.42857143,71.43
,Dr Abid Hasan Khan,1,1,0,0,1,1,1,5,71.42857143,,
,Dr Rayhan Islam,1,1,0,0,1,1,1,5,71.42857143,,
E03_P06_AF_VFL_GM,Dr Mamun Mahmud,1,1,0,0.7,1,1,1,5.7,81.42857143,81.42857143,81.43
,Dr Abid Hasan Khan,1,1,0,0.7,1,1,1,5.7,81.42857143,,
,Dr Rayhan Islam,1,1,0,0.7,1,1,1,5.7,81.42857143,,
E03_P06_AL_VFL_GM,Dr Mamun Mahmud,1,1,0,0.7,1,1,1,5.7,81.42857143,81.42857143,81.43
,Dr Abid Hasan Khan,1,1,0,0.7,1,1,1,5.7,81.42857143,,
,Dr Rayhan Islam,1,1,0,0.7,1,1,1,5.7,81.42857143,,
E03_P06_AR_VFL_GM,Dr Mamun Mahmud,1,1,0,0.9,1,1,1,5.9,84.28571429,84.28571429,84.29
,Dr Abid Hasan Khan,1,1,0,0.9,1,1,1,5.9,84.28571429,,
,Dr Rayhan Islam,1,1,0,0.9,1,1,1,5.9,84.28571429,,
E03_P06_AF_VHJ_GM,Dr Mamun Mahmud,1,1,0,0.9,1,1,1,5.9,84.28571429,84.28571429,84.29
,Dr Abid Hasan Khan,1,1,0,0.9,1,1,1,5.9,84.28571429,,
,Dr Rayhan Islam,1,1,0,0.9,1,1,1,5.9,84.28571429,,
E03_P06_AL_VHJ_GM,Dr Mamun Mahmud,1,1,0,0.9,1,1,1,5.9,84.28571429,84.28571429,84.29
,Dr Abid Hasan Khan,1,1,0,0.9,1,1,1,5.9,84.28571429,,
,Dr Rayhan Islam,1,1,0,0.9,1,1,1,5.9,84.28571429,,
E03_P06_AR_VHJ_GM,Dr Mamun Mahmud,1,1,0,0.9,1,1,1,5.9,84.28571429,84.28571429,84.29
,Dr Abid Hasan Khan,1,1,0,0.9,1,1,1,5.9,84.28571429,,
,Dr Rayhan Islam,1,1,0,0.9,1,1,1,5.9,84.28571429,,
E03_P06_AF_VLJ_GM,Dr Mamun Mahmud,1,1,0,0.8,1,1,1,5.8,82.85714286,82.85714286,82.86
,Dr Abid Hasan Khan,1,1,0,0.8,1,1,1,5.8,82.85714286,,
,Dr Rayhan Islam,1,1,0,0.8,1,1,1,5.8,82.85714286,,
E03_P06_AL_VLJ_GM,Dr Mamun Mahmud,1,1,0,0.9,1,1,1,5.9,84.28571429,84.28571429,84.29
,Dr Abid Hasan Khan,1,1,0,0.9,1,1,1,5.9,84.28571429,,
,Dr Rayhan Islam,1,1,0,0.9,1,1,1,5.9,84.28571429,,
E03_P06_AR_VLJ_GM,Dr Mamun Mahmud,1,1,1,1,1,1,1,7,100,100,100
,Dr Abid Hasan Khan,1,1,1,1,1,1,1,7,100,,
,Dr Rayhan Islam,1,1,1,1,1,1,1,7,100,,
E03_P06_AF_VLL_GM,Dr Mamun Mahmud,1,1,0,0.9,1,1,1,5.9,84.28571429,84.28571429,84.29
,Dr Abid Hasan Khan,1,1,0,0.9,1,1,1,5.9,84.28571429,,
,Dr Rayhan Islam,1,1,0,0.9,1,1,1,5.9,84.28571429,,
E03_P06_AL_VLL_GM,Dr Mamun Mahmud,1,1,0,0.9,1,1,1,5.9,84.28571429,84.28571429,84.29
,Dr Abid Hasan Khan,1,1,0,0.9,1,1,1,5.9,84.28571429,,
,Dr Rayhan Islam,1,1,0,0.9,1,1,1,5.9,84.28571429,,
E03_P06_AR_VLL_GM,Dr Mamun Mahmud,1,1,0,0.9,1,1,1,5.9,84.28571429,84.28571429,84.29
,Dr Abid Hasan Khan,1,1,0,0.9,1,1,1,5.9,84.28571429,,
,Dr Rayhan Islam,1,1,0,0.9,1,1,1,5.9,84.28571429,,
E03_P06_AF_VML_GM,Dr Mamun Mahmud,1,1,1,1,1,0.5,1,6.5,92.85714286,97.61904762,97.62
,Dr Abid Hasan Khan,1,1,1,1,1,1,1,7,100,,
,Dr Rayhan Islam,1,1,1,1,1,1,1,7,100,,
E03_P06_AL_VML_GM,Dr Mamun Mahmud,1,1,0,0.9,1,0.5,1,5.4,77.14285714,81.9047619,81.9
,Dr Abid Hasan Khan,1,1,0,0.9,1,1,1,5.9,84.28571429,,
,Dr Rayhan Islam,1,1,0,0.9,1,1,1,5.9,84.28571429,,
E03_P06_AR_VML_GM,Dr Mamun Mahmud,1,1,0,0.9,1,0.5,1,5.4,77.14285714,81.9047619,81.9
,Dr Abid Hasan Khan,1,1,0,0.9,1,1,1,5.9,84.28571429,,
,Dr Rayhan Islam,1,1,0,0.9,1,1,1,5.9,84.28571429,,
E03_P06_AF_VO_GM,Dr Mamun Mahmud,1,1,0,0.6,1,0.5,1,5.1,72.85714286,77.61904762,77.62
,Dr Abid Hasan Khan,1,1,0,0.6,1,1,1,5.6,80,,
,Dr Rayhan Islam,1,1,0,0.6,1,1,1,5.6,80,,
E03_P06_AL_VO_GM,Dr Mamun Mahmud,1,1,0,0.5,1,0.5,1,5,71.42857143,76.19047619,76.19
,Dr Abid Hasan Khan,1,1,0,0.5,1,1,1,5.5,78.57142857,,
,Dr Rayhan Islam,1,1,0,0.5,1,1,1,5.5,78.57142857,,
E03_P06_AR_VO_GM,Dr Mamun Mahmud,1,1,0,0.4,1,0.5,1,4.9,70,74.76190476,74.76
,Dr Abid Hasan Khan,1,1,0,0.4,1,1,1,5.4,77.14285714,,
,Dr Rayhan Islam,1,1,0,0.4,1,1,1,5.4,77.14285714,,
E03_P07_AF_VFL_GM,Dr Mamun Mahmud,1,1,0,0.5,1,0.5,1,5,71.42857143,76.19047619,76.19
,Dr Abid Hasan Khan,1,1,0,0.5,1,1,1,5.5,78.57142857,,
,Dr Rayhan Islam,1,1,0,0.5,1,1,1,5.5,78.57142857,,
E03_P07_AL_VFL_GM,Dr Mamun Mahmud,1,1,0,0.6,1,1,1,5.6,80,80,80
,Dr Abid Hasan Khan,1,1,0,0.6,1,1,1,5.6,80,,
,Dr Rayhan Islam,1,1,0,0.6,1,1,1,5.6,80,,
E03_P07_AR_VFL_GM,Dr Mamun Mahmud,1,1,0,0.6,1,1,1,5.6,80,80,80
,Dr Abid Hasan Khan,1,1,0,0.6,1,1,1,5.6,80,,
,Dr Rayhan Islam,1,1,0,0.6,1,1,1,5.6,80,,
E03_P07_AF_VHJ_GM,Dr Mamun Mahmud,1,1,0,0,1,1,1,5,71.42857143,71.42857143,71.43
,Dr Abid Hasan Khan,1,1,0,0,1,1,1,5,71.42857143,,
,Dr Rayhan Islam,1,1,0,0,1,1,1,5,71.42857143,,
E03_P07_AL_VHJ_GM,Dr Mamun Mahmud,1,1,0,0,1,1,1,5,71.42857143,71.42857143,71.43
,Dr Abid Hasan Khan,1,1,0,0,1,1,1,5,71.42857143,,
,Dr Rayhan Islam,1,1,0,0,1,1,1,5,71.42857143,,
E03_P07_AR_VHJ_GM,Dr Mamun Mahmud,1,1,0,0,1,1,1,5,71.42857143,71.42857143,71.43
,Dr Abid Hasan Khan,1,1,0,0,1,1,1,5,71.42857143,,
,Dr Rayhan Islam,1,1,0,0,1,1,1,5,71.42857143,,
E03_P07_AF_VLJ_GM,Dr Mamun Mahmud,1,1,0,0,0.5,0.5,1,4,57.14285714,66.66666667,66.67
,Dr Abid Hasan Khan,1,1,0,0,1,1,1,5,71.42857143,,
,Dr Rayhan Islam,1,1,0,0,1,1,1,5,71.42857143,,
E03_P07_AL_VLJ_GM,Dr Mamun Mahmud,1,1,0,0,0.5,0.5,1,4,57.14285714,66.66666667,66.67
,Dr Abid Hasan Khan,1,1,0,0,1,1,1,5,71.42857143,,
,Dr Rayhan Islam,1,1,0,0,1,1,1,5,71.42857143,,
E03_P07_AR_VLJ_GM,Dr Mamun Mahmud,1,1,0,0,0.5,0.5,1,4,57.14285714,66.66666667,66.67
,Dr Abid Hasan Khan,1,1,0,0,1,1,1,5,71.42857143,,
,Dr Rayhan Islam,1,1,0,0,1,1,1,5,71.42857143,,
E03_P07_AF_VLL_GM,Dr Mamun Mahmud,1,1,0,0.2,1,1,1,5.2,74.28571429,74.28571429,74.29
,Dr Abid Hasan Khan,1,1,0,0.2,1,1,1,5.2,74.28571429,,
,Dr Rayhan Islam,1,1,0,0.2,1,1,1,5.2,74.28571429,,
E03_P07_AL_VLL_GM,Dr Mamun Mahmud,1,1,0,0.2,1,1,1,5.2,74.28571429,74.28571429,74.29
,Dr Abid Hasan Khan,1,1,0,0.2,1,1,1,5.2,74.28571429,,
,Dr Rayhan Islam,1,1,0,0.2,1,1,1,5.2,74.28571429,,
E03_P07_AR_VLL_GM,Dr Mamun Mahmud,1,1,0,0.2,1,1,1,5.2,74.28571429,74.28571429,74.29
,Dr Abid Hasan Khan,1,1,0,0.2,1,1,1,5.2,74.28571429,,
,Dr Rayhan Islam,1,1,0,0.2,1,1,1,5.2,74.28571429,,
E03_P07_AF_VML_GM,Dr Mamun Mahmud,1,1,0,0,1,0.5,1,4.5,64.28571429,69.04761905,69.05
,Dr Abid Hasan Khan,1,1,0,0,1,1,1,5,71.42857143,,
,Dr Rayhan Islam,1,1,0,0,1,1,1,5,71.42857143,,
E03_P07_AL_VML_GM,Dr Mamun Mahmud,1,1,0,0,1,0.5,1,4.5,64.28571429,69.04761905,69.05
,Dr Abid Hasan Khan,1,1,0,0,1,1,1,5,71.42857143,,
,Dr Rayhan Islam,1,1,0,0,1,1,1,5,71.42857143,,
E03_P07_AR_VML_GM,Dr Mamun Mahmud,1,1,0,0,1,0.5,1,4.5,64.28571429,69.04761905,69.05
,Dr Abid Hasan Khan,1,1,0,0,1,1,1,5,71.42857143,,
,Dr Rayhan Islam,1,1,0,0,1,1,1,5,71.42857143,,
E03_P07_AF_VO_GM,Dr Mamun Mahmud,1,1,0,0,1,1,1,5,71.42857143,71.42857143,71.43
,Dr Abid Hasan Khan,1,1,0,0,1,1,1,5,71.42857143,,
,Dr Rayhan Islam,1,1,0,0,1,1,1,5,71.42857143,,
E03_P07_AL_VO_GM,Dr Mamun Mahmud,1,1,0,0,1,1,1,5,71.42857143,71.42857143,71.43
,Dr Abid Hasan Khan,1,1,0,0,1,1,1,5,71.42857143,,
,Dr Rayhan Islam,1,1,0,0,1,1,1,5,71.42857143,,
E03_P07_AR_VO_GM,Dr Mamun Mahmud,1,1,0,0,1,1,1,5,71.42857143,71.42857143,71.43
,Dr Abid Hasan Khan,1,1,0,0,1,1,1,5,71.42857143,,
,Dr Rayhan Islam,1,1,0,0,1,1,1,5,71.42857143,,
E03_P08_AF_VFL_GM,Dr Mamun Mahmud,1,1,1,1,1,1,1,7,100,100,100
,Dr Abid Hasan Khan,1,1,1,1,1,1,1,7,100,,
,Dr Rayhan Islam,1,1,1,1,1,1,1,7,100,,
E03_P08_AL_VFL_GM,Dr Mamun Mahmud,1,1,0,0.9,1,1,1,5.9,84.28571429,84.28571429,84.29
,Dr Abid Hasan Khan,1,1,0,0.9,1,1,1,5.9,84.28571429,,
,Dr Rayhan Islam,1,1,0,0.9,1,1,1,5.9,84.28571429,,
E03_P08_AR_VFL_GM,Dr Mamun Mahmud,1,1,1,1,1,1,1,7,100,100,100
,Dr Abid Hasan Khan,1,1,1,1,1,1,1,7,100,,
,Dr Rayhan Islam,1,1,1,1,1,1,1,7,100,,
E03_P08_AF_VHJ_GM,Dr Mamun Mahmud,1,1,0,0.9,1,0.5,1,5.4,77.14285714,81.9047619,81.9
,Dr Abid Hasan Khan,1,1,0,0.9,1,1,1,5.9,84.28571429,,
,Dr Rayhan Islam,1,1,0,0.9,1,1,1,5.9,84.28571429,,
E03_P08_AL_VHJ_GM,Dr Mamun Mahmud,1,1,0,0.9,1,0.5,1,5.4,77.14285714,81.9047619,81.9
,Dr Abid Hasan Khan,1,1,0,0.9,1,1,1,5.9,84.28571429,,
,Dr Rayhan Islam,1,1,0,0.9,1,1,1,5.9,84.28571429,,
E03_P08_AR_VHJ_GM,Dr Mamun Mahmud,1,1,0,0.9,1,0.5,1,5.4,77.14285714,81.9047619,81.9
,Dr Abid Hasan Khan,1,1,0,0.9,1,1,1,5.9,84.28571429,,
,Dr Rayhan Islam,1,1,0,0.9,1,1,1,5.9,84.28571429,,
E03_P08_AF_VLJ_GM,Dr Mamun Mahmud,1,1,0,0.8,1,1,1,5.8,82.85714286,82.85714286,82.86
,Dr Abid Hasan Khan,1,1,0,0.8,1,1,1,5.8,82.85714286,,
,Dr Rayhan Islam,1,1,0,0.8,1,1,1,5.8,82.85714286,,
E03_P08_AL_VLJ_GM,Dr Mamun Mahmud,1,1,0,0.9,1,1,1,5.9,84.28571429,84.28571429,84.29
,Dr Abid Hasan Khan,1,1,0,0.9,1,1,1,5.9,84.28571429,,
,Dr Rayhan Islam,1,1,0,0.9,1,1,1,5.9,84.28571429,,
E03_P08_AR_VLJ_GM,Dr Mamun Mahmud,1,1,0,0.9,1,1,1,5.9,84.28571429,84.28571429,84.29
,Dr Abid Hasan Khan,1,1,0,0.9,1,1,1,5.9,84.28571429,,
,Dr Rayhan Islam,1,1,0,0.9,1,1,1,5.9,84.28571429,,
E03_P08_AF_VLL_GM,Dr Mamun Mahmud,1,1,0,0.9,1,1,1,5.9,84.28571429,84.28571429,84.29
,Dr Abid Hasan Khan,1,1,0,0.9,1,1,1,5.9,84.28571429,,
,Dr Rayhan Islam,1,1,0,0.9,1,1,1,5.9,84.28571429,,
E03_P08_AL_VLL_GM,Dr Mamun Mahmud,1,1,0,0.9,1,1,1,5.9,84.28571429,84.28571429,84.29
,Dr Abid Hasan Khan,1,1,0,0.9,1,1,1,5.9,84.28571429,,
,Dr Rayhan Islam,1,1,0,0.9,1,1,1,5.9,84.28571429,,
E03_P08_AR_VLL_GM,Dr Mamun Mahmud,1,1,0,0.9,1,1,1,5.9,84.28571429,84.28571429,84.29
,Dr Abid Hasan Khan,1,1,0,0.9,1,1,1,5.9,84.28571429,,
,Dr Rayhan Islam,1,1,0,0.9,1,1,1,5.9,84.28571429,,
E03_P08_AF_VML_GM,Dr Mamun Mahmud,1,1,0,0.8,1,1,1,5.8,82.85714286,82.85714286,82.86
,Dr Abid Hasan Khan,1,1,0,0.8,1,1,1,5.8,82.85714286,,
,Dr Rayhan Islam,1,1,0,0.8,1,1,1,5.8,82.85714286,,
E03_P08_AL_VML_GM,Dr Mamun Mahmud,1,1,0,0.9,1,1,1,5.9,84.28571429,84.28571429,84.29
,Dr Abid Hasan Khan,1,1,0,0.9,1,1,1,5.9,84.28571429,,
,Dr Rayhan Islam,1,1,0,0.9,1,1,1,5.9,84.28571429,,
E03_P08_AR_VML_GM,Dr Mamun Mahmud,1,1,0,0.9,1,1,1,5.9,84.28571429,84.28571429,84.29
,Dr Abid Hasan Khan,1,1,0,0.9,1,1,1,5.9,84.28571429,,
,Dr Rayhan Islam,1,1,0,0.9,1,1,1,5.9,84.28571429,,
E03_P08_AF_VO_GM,Dr Mamun Mahmud,1,1,0,0.6,1,1,1,5.6,80,80,80
,Dr Abid Hasan Khan,1,1,0,0.6,1,1,1,5.6,80,,
,Dr Rayhan Islam,1,1,0,0.6,1,1,1,5.6,80,,
E03_P08_AL_VO_GM,Dr Mamun Mahmud,1,1,0,0.9,1,1,1,5.9,84.28571429,84.28571429,84.29
,Dr Abid Hasan Khan,1,1,0,0.9,1,1,1,5.9,84.28571429,,
,Dr Rayhan Islam,1,1,0,0.9,1,1,1,5.9,84.28571429,,
E03_P08_AR_VO_GM,Dr Mamun Mahmud,1,1,0,0.7,1,1,1,5.7,81.42857143,81.42857143,81.43
,Dr Abid Hasan Khan,1,1,0,0.7,1,1,1,5.7,81.42857143,,
,Dr Rayhan Islam,1,1,0,0.7,1,1,1,5.7,81.42857143,,
E03_P09_AF_VFL_GF,Dr Mamun Mahmud,1,1,0,0.2,1,1,1,5.2,74.28571429,69.52380952,69.52
,Dr Abid Hasan Khan,1,1,0,0.2,0.5,1,1,4.7,67.14285714,,
,Dr Rayhan Islam,1,1,0,0.2,0.5,1,1,4.7,67.14285714,,
E03_P09_AL_VFL_GF,Dr Mamun Mahmud,1,1,0,0,1,1,1,5,71.42857143,66.66666667,66.67
,Dr Abid Hasan Khan,1,1,0,0,0.5,1,1,4.5,64.28571429,,
,Dr Rayhan Islam,1,1,0,0,0.5,1,1,4.5,64.28571429,,
E03_P09_AR_VFL_GF,Dr Mamun Mahmud,1,1,0,0,1,1,1,5,71.42857143,66.66666667,66.67
,Dr Abid Hasan Khan,1,1,0,0,0.5,1,1,4.5,64.28571429,,
,Dr Rayhan Islam,1,1,0,0,0.5,1,1,4.5,64.28571429,,
E03_P09_AF_VLL_GF,Dr Mamun Mahmud,1,1,0,0.2,0.5,0.5,1,4.2,60,69.52380952,69.52
,Dr Abid Hasan Khan,1,1,0,0.2,1,1,1,5.2,74.28571429,,
,Dr Rayhan Islam,1,1,0,0.2,1,1,1,5.2,74.28571429,,
E03_P09_AL_VLL_GF,Dr Mamun Mahmud,1,1,0,0,0.5,0.5,1,4,57.14285714,66.66666667,66.67
,Dr Abid Hasan Khan,1,1,0,0,1,1,1,5,71.42857143,,
,Dr Rayhan Islam,1,1,0,0,1,1,1,5,71.42857143,,
E03_P09_AR_VLL_GF,Dr Mamun Mahmud,1,1,0,0.5,0.5,0.5,1,4.5,64.28571429,73.80952381,73.81
,Dr Abid Hasan Khan,1,1,0,0.5,1,1,1,5.5,78.57142857,,
,Dr Rayhan Islam,1,1,0,0.5,1,1,1,5.5,78.57142857,,
E03_P09_AF_VML_GF,Dr Mamun Mahmud,1,1,0,0,1,0.5,1,4.5,64.28571429,69.04761905,69.05
,Dr Abid Hasan Khan,1,1,0,0,1,1,1,5,71.42857143,,
,Dr Rayhan Islam,1,1,0,0,1,1,1,5,71.42857143,,
E03_P09_AL_VML_GF,Dr Mamun Mahmud,1,1,0,0.1,1,0.5,1,4.6,65.71428571,70.47619048,70.48
,Dr Abid Hasan Khan,1,1,0,0.1,1,1,1,5.1,72.85714286,,
,Dr Rayhan Islam,1,1,0,0.1,1,1,1,5.1,72.85714286,,
E03_P09_AR_VML_GF,Dr Mamun Mahmud,1,1,0,0.1,1,0.5,1,4.6,65.71428571,70.47619048,70.48
,Dr Abid Hasan Khan,1,1,0,0.1,1,1,1,5.1,72.85714286,,
,Dr Rayhan Islam,1,1,0,0.1,1,1,1,5.1,72.85714286,,
E03_P09_AF_VO_GF,Dr Mamun Mahmud,1,1,0,0.2,1,1,1,5.2,74.28571429,74.28571429,74.29
,Dr Abid Hasan Khan,1,1,0,0.2,1,1,1,5.2,74.28571429,,
,Dr Rayhan Islam,1,1,0,0.2,1,1,1,5.2,74.28571429,,
E03_P09_AL_VO_GF,Dr Mamun Mahmud,1,1,0,0,1,1,1,5,71.42857143,71.42857143,71.43
,Dr Abid Hasan Khan,1,1,0,0,1,1,1,5,71.42857143,,
,Dr Rayhan Islam,1,1,0,0,1,1,1,5,71.42857143,,
E03_P09_AR_VO_GF,Dr Mamun Mahmud,1,1,0,0.5,1,1,1,5.5,78.57142857,78.57142857,78.57
,Dr Abid Hasan Khan,1,1,0,0.5,1,1,1,5.5,78.57142857,,
,Dr Rayhan Islam,1,1,0,0.5,1,1,1,5.5,78.57142857,,
E03_P10_AF_VFL_GF,Dr Mamun Mahmud,1,1,0,0.7,1,1,1,5.7,81.42857143,81.42857143,81.43
,Dr Abid Hasan Khan,1,1,0,0.7,1,1,1,5.7,81.42857143,,
,Dr Rayhan Islam,1,1,0,0.7,1,1,1,5.7,81.42857143,,
E03_P10_AL_VFL_GF,Dr Mamun Mahmud,1,1,0,0.7,1,1,1,5.7,81.42857143,81.42857143,81.43
,Dr Abid Hasan Khan,1,1,0,0.7,1,1,1,5.7,81.42857143,,
,Dr Rayhan Islam,1,1,0,0.7,1,1,1,5.7,81.42857143,,
E03_P10_AR_VFL_GF,Dr Mamun Mahmud,1,1,0,0.8,1,1,1,5.8,82.85714286,82.85714286,82.86
,Dr Abid Hasan Khan,1,1,0,0.8,1,1,1,5.8,82.85714286,,
,Dr Rayhan Islam,1,1,0,0.8,1,1,1,5.8,82.85714286,,
E03_P10_AF_VLL_GF,Dr Mamun Mahmud,1,1,0,0.7,1,1,1,5.7,81.42857143,81.42857143,81.43
,Dr Abid Hasan Khan,1,1,0,0.7,1,1,1,5.7,81.42857143,,
,Dr Rayhan Islam,1,1,0,0.7,1,1,1,5.7,81.42857143,,
E03_P10_AL_VLL_GF,Dr Mamun Mahmud,1,1,0,0.9,1,1,1,5.9,84.28571429,84.28571429,84.29
,Dr Abid Hasan Khan,1,1,0,0.9,1,1,1,5.9,84.28571429,,
,Dr Rayhan Islam,1,1,0,0.9,1,1,1,5.9,84.28571429,,
E03_P10_AR_VLL_GF,Dr Mamun Mahmud,1,1,0,0.9,1,1,1,5.9,84.28571429,84.28571429,84.29
,Dr Abid Hasan Khan,1,1,0,0.9,1,1,1,5.9,84.28571429,,
,Dr Rayhan Islam,1,1,0,0.9,1,1,1,5.9,84.28571429,,
E03_P10_AF_VML_GF,Dr Mamun Mahmud,1,1,0,0.2,1,1,1,5.2,74.28571429,74.28571429,74.29
,Dr Abid Hasan Khan,1,1,0,0.2,1,1,1,5.2,74.28571429,,
,Dr Rayhan Islam,1,1,0,0.2,1,1,1,5.2,74.28571429,,
E03_P10_AL_VML_GF,Dr Mamun Mahmud,1,1,0,0.4,1,1,1,5.4,77.14285714,77.14285714,77.14
,Dr Abid Hasan Khan,1,1,0,0.4,1,1,1,5.4,77.14285714,,
,Dr Rayhan Islam,1,1,0,0.4,1,1,1,5.4,77.14285714,,
E03_P10_AR_VML_GF,Dr Mamun Mahmud,1,1,0,0,1,1,1,5,71.42857143,71.42857143,71.43
,Dr Abid Hasan Khan,1,1,0,0,1,1,1,5,71.42857143,,
,Dr Rayhan Islam,1,1,0,0,1,1,1,5,71.42857143,,
E03_P10_AF_VO_GF,Dr Mamun Mahmud,1,1,1,1,1,1,1,7,100,100,100
,Dr Abid Hasan Khan,1,1,1,1,1,1,1,7,100,,
,Dr Rayhan Islam,1,1,1,1,1,1,1,7,100,,
E03_P10_AL_VO_GF,Dr Mamun Mahmud,1,1,0,0.9,1,1,1,5.9,84.28571429,84.28571429,84.29
,Dr Abid Hasan Khan,1,1,0,0.9,1,1,1,5.9,84.28571429,,
,Dr Rayhan Islam,1,1,0,0.9,1,1,1,5.9,84.28571429,,
E03_P10_AR_VO_GF,Dr Mamun Mahmud,1,1,0,0.9,1,1,1,5.9,84.28571429,84.28571429,84.29
,Dr Abid Hasan Khan,1,1,0,0.9,1,1,1,5.9,84.28571429,,
,Dr Rayhan Islam,1,1,0,0.9,1,1,1,5.9,84.28571429,,
E03_P11_AF_VFL_GF,Dr Mamun Mahmud,1,1,0,0,1,0.5,1,4.5,64.28571429,69.04761905,69.05
,Dr Abid Hasan Khan,1,1,0,0,1,1,1,5,71.42857143,,
,Dr Rayhan Islam,1,1,0,0,1,1,1,5,71.42857143,,
E03_P11_AL_VFL_GF,Dr Mamun Mahmud,1,1,0,0,1,0.5,1,4.5,64.28571429,69.04761905,69.05
,Dr Abid Hasan Khan,1,1,0,0,1,1,1,5,71.42857143,,
,Dr Rayhan Islam,1,1,0,0,1,1,1,5,71.42857143,,
E03_P11_AR_VFL_GF,Dr Mamun Mahmud,1,1,0,0,1,0.5,1,4.5,64.28571429,69.04761905,69.05
,Dr Abid Hasan Khan,1,1,0,0,1,1,1,5,71.42857143,,
,Dr Rayhan Islam,1,1,0,0,1,1,1,5,71.42857143,,
E03_P11_AF_VLL_GF,Dr Mamun Mahmud,1,1,0,0,1,1,1,5,71.42857143,69.04761905,69.05
,Dr Abid Hasan Khan,1,1,0,0,1,1,1,5,71.42857143,,
,Dr Rayhan Islam,1,1,0,0,0.5,1,1,4.5,64.28571429,,
E03_P11_AL_VLL_GF,Dr Mamun Mahmud,1,1,0,0,1,1,1,5,71.42857143,69.04761905,69.05
,Dr Abid Hasan Khan,1,1,0,0,1,1,1,5,71.42857143,,
,Dr Rayhan Islam,1,1,0,0,0.5,1,1,4.5,64.28571429,,
E03_P11_AR_VLL_GF,Dr Mamun Mahmud,1,1,0,0,1,1,1,5,71.42857143,69.04761905,69.05
,Dr Abid Hasan Khan,1,1,0,0,1,1,1,5,71.42857143,,
,Dr Rayhan Islam,1,1,0,0,0.5,1,1,4.5,64.28571429,,
E03_P11_AF_VML_GF,Dr Mamun Mahmud,1,1,0,0,1,1,1,5,71.42857143,71.42857143,71.43
,Dr Abid Hasan Khan,1,1,0,0,1,1,1,5,71.42857143,,
,Dr Rayhan Islam,1,1,0,0,1,1,1,5,71.42857143,,
E03_P11_AL_VML_GF,Dr Mamun Mahmud,1,1,0,0,1,1,1,5,71.42857143,71.42857143,71.43
,Dr Abid Hasan Khan,1,1,0,0,1,1,1,5,71.42857143,,
,Dr Rayhan Islam,1,1,0,0,1,1,1,5,71.42857143,,
E03_P11_AR_VML_GF,Dr Mamun Mahmud,1,1,0,0,1,1,1,5,71.42857143,71.42857143,71.43
,Dr Abid Hasan Khan,1,1,0,0,1,1,1,5,71.42857143,,
,Dr Rayhan Islam,1,1,0,0,1,1,1,5,71.42857143,,
E03_P11_AF_VO_GF,Dr Mamun Mahmud,1,1,0,0,1,1,1,5,71.42857143,66.66666667,66.67
,Dr Abid Hasan Khan,1,1,0,0,1,1,1,5,71.42857143,,
,Dr Rayhan Islam,1,1,0,0,0.5,0.5,1,4,57.14285714,,
E03_P11_AL_VO_GF,Dr Mamun Mahmud,1,1,0,0,1,1,1,5,71.42857143,66.66666667,66.67
,Dr Abid Hasan Khan,1,1,0,0,1,1,1,5,71.42857143,,
,Dr Rayhan Islam,1,1,0,0,0.5,0.5,1,4,57.14285714,,
E03_P11_AR_VO_GF,Dr Mamun Mahmud,1,1,0,0,1,1,1,5,71.42857143,66.66666667,66.67
,Dr Abid Hasan Khan,1,1,0,0,1,1,1,5,71.42857143,,
,Dr Rayhan Islam,1,1,0,0,0.5,0.5,1,4,57.14285714,,
E03_P12_AF_VFL_GF,Dr Mamun Mahmud,1,1,0,0.2,1,1,1,5.2,74.28571429,71.9047619,71.9
,Dr Abid Hasan Khan,1,1,0,0.2,1,1,1,5.2,74.28571429,,
,Dr Rayhan Islam,1,1,0,0.2,1,0.5,1,4.7,67.14285714,,
E03_P12_AL_VFL_GF,Dr Mamun Mahmud,1,1,0,0.3,1,1,1,5.3,75.71428571,73.33333333,73.33
,Dr Abid Hasan Khan,1,1,0,0.3,1,1,1,5.3,75.71428571,,
,Dr Rayhan Islam,1,1,0,0.3,1,0.5,1,4.8,68.57142857,,
E03_P12_AR_VFL_GF,Dr Mamun Mahmud,1,1,0,0.3,1,1,1,5.3,75.71428571,73.33333333,73.33
,Dr Abid Hasan Khan,1,1,0,0.3,1,1,1,5.3,75.71428571,,
,Dr Rayhan Islam,1,1,0,0.3,1,0.5,1,4.8,68.57142857,,
E03_P12_AF_VLL_GF,Dr Mamun Mahmud,1,1,1,1,1,1,1,7,100,97.61904762,97.62
,Dr Abid Hasan Khan,1,1,1,1,1,1,1,7,100,,
,Dr Rayhan Islam,1,1,1,1,1,0.5,1,6.5,92.85714286,,
E03_P12_AL_VLL_GF,Dr Mamun Mahmud,1,1,1,1,1,1,1,7,100,97.61904762,97.62
,Dr Abid Hasan Khan,1,1,1,1,1,1,1,7,100,,
,Dr Rayhan Islam,1,1,1,1,1,0.5,1,6.5,92.85714286,,
E03_P12_AR_VLL_GF,Dr Mamun Mahmud,1,1,1,1,1,1,1,7,100,97.61904762,97.62
,Dr Abid Hasan Khan,1,1,1,1,1,1,1,7,100,,
,Dr Rayhan Islam,1,1,1,1,1,0.5,1,6.5,92.85714286,,
E03_P12_AF_VML_GF,Dr Mamun Mahmud,1,1,0,0.4,1,1,1,5.4,77.14285714,74.76190476,74.76
,Dr Abid Hasan Khan,1,1,0,0.4,1,1,1,5.4,77.14285714,,
,Dr Rayhan Islam,1,1,0,0.4,0.5,1,1,4.9,70,,
E03_P12_AL_VML_GF,Dr Mamun Mahmud,1,1,0,0.5,1,1,1,5.5,78.57142857,76.19047619,76.19
,Dr Abid Hasan Khan,1,1,0,0.5,1,1,1,5.5,78.57142857,,
,Dr Rayhan Islam,1,1,0,0.5,0.5,1,1,5,71.42857143,,
E03_P12_AR_VML_GF,Dr Mamun Mahmud,1,1,0,0.9,1,1,1,5.9,84.28571429,81.9047619,81.9
,Dr Abid Hasan Khan,1,1,0,0.9,1,1,1,5.9,84.28571429,,
,Dr Rayhan Islam,1,1,0,0.9,0.5,1,1,5.4,77.14285714,,
E03_P12_AF_VO_GF,Dr Mamun Mahmud,1,1,0,0.8,1,1,1,5.8,82.85714286,78.0952381,78.1
,Dr Abid Hasan Khan,1,1,0,0.8,1,1,1,5.8,82.85714286,,
,Dr Rayhan Islam,1,1,0,0.8,0.5,0.5,1,4.8,68.57142857,,
E03_P12_AL_VO_GF,Dr Mamun Mahmud,1,1,0,0.8,1,1,1,5.8,82.85714286,78.0952381,78.1
,Dr Abid Hasan Khan,1,1,0,0.8,1,1,1,5.8,82.85714286,,
,Dr Rayhan Islam,1,1,0,0.8,0.5,0.5,1,4.8,68.57142857,,
E03_P12_AR_VO_GF,Dr Mamun Mahmud,1,1,0,0.8,1,1,1,5.8,82.85714286,78.0952381,78.1
,Dr Abid Hasan Khan,1,1,0,0.8,1,1,1,5.8,82.85714286,,
,Dr Rayhan Islam,1,1,0,0.8,0.5,0.5,1,4.8,68.57142857,,
E03_P13_AF_VFL_GF,Dr Mamun Mahmud,1,1,0,0.9,1,1,1,5.9,84.28571429,81.9047619,81.9
,Dr Abid Hasan Khan,1,1,0,0.9,1,1,1,5.9,84.28571429,,
,Dr Rayhan Islam,1,1,0,0.9,0.5,1,1,5.4,77.14285714,,
E03_P13_AL_VFL_GF,Dr Mamun Mahmud,1,1,0,0.9,1,1,1,5.9,84.28571429,81.9047619,81.9
,Dr Abid Hasan Khan,1,1,0,0.9,1,1,1,5.9,84.28571429,,
,Dr Rayhan Islam,1,1,0,0.9,0.5,1,1,5.4,77.14285714,,
E03_P13_AR_VFL_GF,Dr Mamun Mahmud,1,1,0,0.9,1,1,1,5.9,84.28571429,81.9047619,81.9
,Dr Abid Hasan Khan,1,1,0,0.9,1,1,1,5.9,84.28571429,,
,Dr Rayhan Islam,1,1,0,0.9,0.5,1,1,5.4,77.14285714,,
E03_P13_AF_VHJ_GF,Dr Mamun Mahmud,1,1,0,0.3,1,1,1,5.3,75.71428571,70.95238095,70.95
,Dr Abid Hasan Khan,1,1,0,0.3,1,1,1,5.3,75.71428571,,
,Dr Rayhan Islam,1,1,0,0.3,0.5,0.5,1,4.3,61.42857143,,
E03_P13_AL_VHJ_GF,Dr Mamun Mahmud,1,1,0,0.6,1,1,1,5.6,80,75.23809524,75.24
,Dr Abid Hasan Khan,1,1,0,0.6,1,1,1,5.6,80,,
,Dr Rayhan Islam,1,1,0,0.6,0.5,0.5,1,4.6,65.71428571,,
E03_P13_AR_VHJ_GF,Dr Mamun Mahmud,1,1,0,0.6,1,1,1,5.6,80,75.23809524,75.24
,Dr Abid Hasan Khan,1,1,0,0.6,1,1,1,5.6,80,,
,Dr Rayhan Islam,1,1,0,0.6,0.5,0.5,1,4.6,65.71428571,,
E03_P13_AF_VLJ_GF,Dr Mamun Mahmud,1,1,0,0.9,1,1,1,5.9,84.28571429,79.52380952,79.52
,Dr Abid Hasan Khan,1,1,0,0.9,1,1,1,5.9,84.28571429,,
,Dr Rayhan Islam,1,1,0,0.9,0.5,0.5,1,4.9,70,,
E03_P13_AL_VLJ_GF,Dr Mamun Mahmud,1,1,0,0.9,1,1,1,5.9,84.28571429,79.52380952,79.52
,Dr Abid Hasan Khan,1,1,0,0.9,1,1,1,5.9,84.28571429,,
,Dr Rayhan Islam,1,1,0,0.9,0.5,0.5,1,4.9,70,,
E03_P13_AR_VLJ_GF,Dr Mamun Mahmud,1,1,1,1,1,1,1,7,100,95.23809524,95.24
,Dr Abid Hasan Khan,1,1,1,1,1,1,1,7,100,,
,Dr Rayhan Islam,1,1,1,1,0.5,0.5,1,6,85.71428571,,
E03_P13_AF_VLL_GF,Dr Mamun Mahmud,1,1,1,1,1,1,1,7,100,97.61904762,97.62
,Dr Abid Hasan Khan,1,1,1,1,1,1,1,7,100,,
,Dr Rayhan Islam,1,1,1,1,1,0.5,1,6.5,92.85714286,,
E03_P13_AL_VLL_GF,Dr Mamun Mahmud,1,1,0,0.9,1,1,1,5.9,84.28571429,81.9047619,81.9
,Dr Abid Hasan Khan,1,1,0,0.9,1,1,1,5.9,84.28571429,,
,Dr Rayhan Islam,1,1,0,0.9,1,0.5,1,5.4,77.14285714,,
E03_P13_AR_VLL_GF,Dr Mamun Mahmud,1,1,0,0.9,1,1,1,5.9,84.28571429,81.9047619,81.9
,Dr Abid Hasan Khan,1,1,0,0.9,1,1,1,5.9,84.28571429,,
,Dr Rayhan Islam,1,1,0,0.9,1,0.5,1,5.4,77.14285714,,
E03_P13_AF_VML_GF,Dr Mamun Mahmud,1,1,0,0.5,1,0.5,1,5,71.42857143,73.80952381,73.81
,Dr Abid Hasan Khan,1,1,0,0.5,1,1,1,5.5,78.57142857,,
,Dr Rayhan Islam,1,1,0,0.5,1,0.5,1,5,71.42857143,,
E03_P13_AL_VML_GF,Dr Mamun Mahmud,1,1,0,0.8,1,0.5,1,5.3,75.71428571,78.0952381,78.1
,Dr Abid Hasan Khan,1,1,0,0.8,1,1,1,5.8,82.85714286,,
,Dr Rayhan Islam,1,1,0,0.8,1,0.5,1,5.3,75.71428571,,
E03_P13_AR_VML_GF,Dr Mamun Mahmud,1,1,0,0.4,1,0.5,1,4.9,70,72.38095238,72.38
,Dr Abid Hasan Khan,1,1,0,0.4,1,1,1,5.4,77.14285714,,
,Dr Rayhan Islam,1,1,0,0.4,1,0.5,1,4.9,70,,
E03_P13_AF_VO_GF,Dr Mamun Mahmud,1,1,0,0.7,1,1,1,5.7,81.42857143,81.42857143,81.43
,Dr Abid Hasan Khan,1,1,0,0.7,1,1,1,5.7,81.42857143,,
,Dr Rayhan Islam,1,1,0,0.7,1,1,1,5.7,81.42857143,,
E03_P13_AL_VO_GF,Dr Mamun Mahmud,1,1,0,0.8,1,1,1,5.8,82.85714286,82.85714286,82.86
,Dr Abid Hasan Khan,1,1,0,0.8,1,1,1,5.8,82.85714286,,
,Dr Rayhan Islam,1,1,0,0.8,1,1,1,5.8,82.85714286,,
E03_P13_AR_VO_GF,Dr Mamun Mahmud,1,1,0,0.8,1,1,1,5.8,82.85714286,82.85714286,82.86
,Dr Abid Hasan Khan,1,1,0,0.8,1,1,1,5.8,82.85714286,,
,Dr Rayhan Islam,1,1,0,0.8,1,1,1,5.8,82.85714286,,
E03_P14_AF_VFL_GF,Dr Mamun Mahmud,1,1,0,0.3,1,0.5,1,4.8,68.57142857,68.57142857,68.57
,Dr Abid Hasan Khan,1,1,0,0.3,1,1,1,5.3,75.71428571,,
,Dr Rayhan Islam,1,1,0,0.3,0.5,0.5,1,4.3,61.42857143,,
E03_P14_AL_VFL_GF,Dr Mamun Mahmud,1,1,0,0.5,1,0.5,1,5,71.42857143,71.42857143,71.43
,Dr Abid Hasan Khan,1,1,0,0.5,1,1,1,5.5,78.57142857,,
,Dr Rayhan Islam,1,1,0,0.5,0.5,0.5,1,4.5,64.28571429,,
E03_P14_AR_VFL_GF,Dr Mamun Mahmud,1,1,0,0.3,1,0.5,1,4.8,68.57142857,68.57142857,68.57
,Dr Abid Hasan Khan,1,1,0,0.3,1,1,1,5.3,75.71428571,,
,Dr Rayhan Islam,1,1,0,0.3,0.5,0.5,1,4.3,61.42857143,,
E03_P14_AF_VLJ_GF,Dr Mamun Mahmud,1,1,0,0,1,1,1,5,71.42857143,71.42857143,71.43
,Dr Abid Hasan Khan,1,1,0,0,1,1,1,5,71.42857143,,
,Dr Rayhan Islam,1,1,0,0,1,1,1,5,71.42857143,,
E03_P14_AL_VLJ_GF,Dr Mamun Mahmud,1,1,0,0,1,1,1,5,71.42857143,71.42857143,71.43
,Dr Abid Hasan Khan,1,1,0,0,1,1,1,5,71.42857143,,
,Dr Rayhan Islam,1,1,0,0,1,1,1,5,71.42857143,,
E03_P14_AR_VLJ_GF,Dr Mamun Mahmud,1,1,0,0,1,1,1,5,71.42857143,71.42857143,71.43
,Dr Abid Hasan Khan,1,1,0,0,1,1,1,5,71.42857143,,
,Dr Rayhan Islam,1,1,0,0,1,1,1,5,71.42857143,,
E03_P14_AF_VLL_GF,Dr Mamun Mahmud,1,1,0,0,1,0.5,1,4.5,64.28571429,66.66666667,66.67
,Dr Abid Hasan Khan,1,1,0,0,1,1,1,5,71.42857143,,
,Dr Rayhan Islam,1,1,0,0,1,0.5,1,4.5,64.28571429,,
E03_P14_AL_VLL_GF,Dr Mamun Mahmud,1,1,0,0,1,0.5,1,4.5,64.28571429,66.66666667,66.67
,Dr Abid Hasan Khan,1,1,0,0,1,1,1,5,71.42857143,,
,Dr Rayhan Islam,1,1,0,0,1,0.5,1,4.5,64.28571429,,
E03_P14_AR_VLL_GF,Dr Mamun Mahmud,1,1,0,0,1,0.5,1,4.5,64.28571429,66.66666667,66.67
,Dr Abid Hasan Khan,1,1,0,0,1,1,1,5,71.42857143,,
,Dr Rayhan Islam,1,1,0,0,1,0.5,1,4.5,64.28571429,,
E03_P14_AF_VML_GF,Dr Mamun Mahmud,1,1,0,0,1,0.5,1,4.5,64.28571429,66.66666667,66.67
,Dr Abid Hasan Khan,1,1,0,0,0.5,1,1,4.5,64.28571429,,
,Dr Rayhan Islam,1,1,0,0,1,1,1,5,71.42857143,,
E03_P14_AL_VML_GF,Dr Mamun Mahmud,1,1,0,0,1,0.5,1,4.5,64.28571429,66.66666667,66.67
,Dr Abid Hasan Khan,1,1,0,0,0.5,1,1,4.5,64.28571429,,
,Dr Rayhan Islam,1,1,0,0,1,1,1,5,71.42857143,,
E03_P14_AR_VML_GF,Dr Mamun Mahmud,1,1,0,0,1,0.5,1,4.5,64.28571429,66.66666667,66.67
,Dr Abid Hasan Khan,1,1,0,0,0.5,1,1,4.5,64.28571429,,
,Dr Rayhan Islam,1,1,0,0,1,1,1,5,71.42857143,,
E03_P15_AF_VFL_GF,Dr Mamun Mahmud,1,1,1,1,1,1,1,7,100,97.61904762,97.62
,Dr Abid Hasan Khan,1,1,1,1,1,1,1,7,100,,
,Dr Rayhan Islam,1,1,1,1,1,0.5,1,6.5,92.85714286,,
E03_P15_AL_VFL_GF,Dr Mamun Mahmud,1,1,0,0.9,1,1,1,5.9,84.28571429,81.9047619,81.9
,Dr Abid Hasan Khan,1,1,0,0.9,1,1,1,5.9,84.28571429,,
,Dr Rayhan Islam,1,1,0,0.9,1,0.5,1,5.4,77.14285714,,
E03_P15_AR_VFL_GF,Dr Mamun Mahmud,1,1,0,0.9,1,1,1,5.9,84.28571429,81.9047619,81.9
,Dr Abid Hasan Khan,1,1,0,0.9,1,1,1,5.9,84.28571429,,
,Dr Rayhan Islam,1,1,0,0.9,1,0.5,1,5.4,77.14285714,,
E03_P15_AF_VLJ_GF,Dr Mamun Mahmud,1,1,0,0.9,1,1,1,5.9,84.28571429,84.28571429,84.29
,Dr Abid Hasan Khan,1,1,0,0.9,1,1,1,5.9,84.28571429,,
,Dr Rayhan Islam,1,1,0,0.9,1,1,1,5.9,84.28571429,,
E03_P15_AL_VLJ_GF,Dr Mamun Mahmud,1,1,0,0.9,1,1,1,5.9,84.28571429,84.28571429,84.29
,Dr Abid Hasan Khan,1,1,0,0.9,1,1,1,5.9,84.28571429,,
,Dr Rayhan Islam,1,1,0,0.9,1,1,1,5.9,84.28571429,,
E03_P15_AR_VLJ_GF,Dr Mamun Mahmud,1,1,0,0.9,1,1,1,5.9,84.28571429,84.28571429,84.29
,Dr Abid Hasan Khan,1,1,0,0.9,1,1,1,5.9,84.28571429,,
,Dr Rayhan Islam,1,1,0,0.9,1,1,1,5.9,84.28571429,,
E03_P15_AF_VLL_GF,Dr Mamun Mahmud,1,1,0,0.9,1,1,1,5.9,84.28571429,81.9047619,81.9
,Dr Abid Hasan Khan,1,1,0,0.9,1,1,1,5.9,84.28571429,,
,Dr Rayhan Islam,1,1,0,0.9,1,0.5,1,5.4,77.14285714,,
E03_P15_AL_VLL_GF,Dr Mamun Mahmud,1,1,0,0.9,1,1,1,5.9,84.28571429,81.9047619,81.9
,Dr Abid Hasan Khan,1,1,0,0.9,1,1,1,5.9,84.28571429,,
,Dr Rayhan Islam,1,1,0,0.9,1,0.5,1,5.4,77.14285714,,
E03_P15_AR_VLL_GF,Dr Mamun Mahmud,1,1,0,0.9,1,1,1,5.9,84.28571429,81.9047619,81.9
,Dr Abid Hasan Khan,1,1,0,0.9,1,1,1,5.9,84.28571429,,
,Dr Rayhan Islam,1,1,0,0.9,1,0.5,1,5.4,77.14285714,,
E03_P15_AF_VML_GF,Dr Mamun Mahmud,1,1,0,0.8,0.5,1,1,5.3,75.71428571,78.0952381,78.1
,Dr Abid Hasan Khan,1,1,0,0.8,1,1,1,5.8,82.85714286,,
,Dr Rayhan Islam,1,1,0,0.8,1,0.5,1,5.3,75.71428571,,
E03_P15_AL_VML_GF,Dr Mamun Mahmud,1,1,0,0.8,0.5,1,1,5.3,75.71428571,78.0952381,78.1
,Dr Abid Hasan Khan,1,1,0,0.8,1,1,1,5.8,82.85714286,,
,Dr Rayhan Islam,1,1,0,0.8,1,0.5,1,5.3,75.71428571,,
E03_P15_AR_VML_GF,Dr Mamun Mahmud,1,1,0,0.9,0.5,1,1,5.4,77.14285714,79.52380952,79.52
,Dr Abid Hasan Khan,1,1,0,0.9,1,1,1,5.9,84.28571429,,
,Dr Rayhan Islam,1,1,0,0.9,1,0.5,1,5.4,77.14285714,,
E03_P16_AF_VFL_GF,Dr Mamun Mahmud,1,1,0,0.6,1,1,1,5.6,80,75.23809524,75.24
,Dr Abid Hasan Khan,1,1,0,0.6,1,1,0.5,5.1,72.85714286,,
,Dr Rayhan Islam,1,1,0,0.6,1,0.5,1,5.1,72.85714286,,
E03_P16_AL_VFL_GF,Dr Mamun Mahmud,1,1,0,0.9,1,1,1,5.9,84.28571429,79.52380952,79.52
,Dr Abid Hasan Khan,1,1,0,0.9,1,1,0.5,5.4,77.14285714,,
,Dr Rayhan Islam,1,1,0,0.9,1,0.5,1,5.4,77.14285714,,
E03_P16_AR_VFL_GF,Dr Mamun Mahmud,1,1,0,0.7,1,1,1,5.7,81.42857143,76.66666667,76.67
,Dr Abid Hasan Khan,1,1,0,0.7,1,1,0.5,5.2,74.28571429,,
,Dr Rayhan Islam,1,1,0,0.7,1,0.5,1,5.2,74.28571429,,
E03_P16_AF_VHJ_GF,Dr Mamun Mahmud,1,1,1,1,1,1,1,7,100,95.23809524,95.24
,Dr Abid Hasan Khan,1,1,1,1,1,1,0.5,6.5,92.85714286,,
,Dr Rayhan Islam,1,1,1,1,1,0.5,1,6.5,92.85714286,,
E03_P16_AL_VHJ_GF,Dr Mamun Mahmud,1,1,0,0.9,1,1,1,5.9,84.28571429,79.52380952,79.52
,Dr Abid Hasan Khan,1,1,0,0.9,1,1,0.5,5.4,77.14285714,,
,Dr Rayhan Islam,1,1,0,0.9,1,0.5,1,5.4,77.14285714,,
E03_P16_AR_VHJ_GF,Dr Mamun Mahmud,1,1,0,0.9,1,1,1,5.9,84.28571429,79.52380952,79.52
,Dr Abid Hasan Khan,1,1,0,0.9,1,1,0.5,5.4,77.14285714,,
,Dr Rayhan Islam,1,1,0,0.9,1,0.5,1,5.4,77.14285714,,
E03_P16_AF_VLJ_GF,Dr Mamun Mahmud,1,1,0,0.9,1,1,1,5.9,84.28571429,79.52380952,79.52
,Dr Abid Hasan Khan,1,1,0,0.9,1,1,0.5,5.4,77.14285714,,
,Dr Rayhan Islam,1,1,0,0.9,1,0.5,1,5.4,77.14285714,,
E03_P16_AL_VLJ_GF,Dr Mamun Mahmud,1,1,0,0.9,1,1,1,5.9,84.28571429,79.52380952,79.52
,Dr Abid Hasan Khan,1,1,0,0.9,1,1,0.5,5.4,77.14285714,,
,Dr Rayhan Islam,1,1,0,0.9,1,0.5,1,5.4,77.14285714,,
E03_P16_AR_VLJ_GF,Dr Mamun Mahmud,1,1,0,0.9,1,1,1,5.9,84.28571429,79.52380952,79.52
,Dr Abid Hasan Khan,1,1,0,0.9,1,1,0.5,5.4,77.14285714,,
,Dr Rayhan Islam,1,1,0,0.9,1,0.5,1,5.4,77.14285714,,
E03_P16_AF_VLL_GF,Dr Mamun Mahmud,1,1,1,1,1,1,1,7,100,95.23809524,95.24
,Dr Abid Hasan Khan,1,1,1,1,1,1,0.5,6.5,92.85714286,,
,Dr Rayhan Islam,1,1,1,1,1,0.5,1,6.5,92.85714286,,
E03_P16_AL_VLL_GF,Dr Mamun Mahmud,1,1,0,0.8,1,1,1,5.8,82.85714286,78.0952381,78.1
,Dr Abid Hasan Khan,1,1,0,0.8,1,1,0.5,5.3,75.71428571,,
,Dr Rayhan Islam,1,1,0,0.8,1,0.5,1,5.3,75.71428571,,
E03_P16_AR_VLL_GF,Dr Mamun Mahmud,1,1,0,0.9,1,1,1,5.9,84.28571429,79.52380952,79.52
,Dr Abid Hasan Khan,1,1,0,0.9,1,1,0.5,5.4,77.14285714,,
,Dr Rayhan Islam,1,1,0,0.9,1,0.5,1,5.4,77.14285714,,
E03_P16_AF_VML_GF,Dr Mamun Mahmud,1,1,0,0.8,0.5,1,1,5.3,75.71428571,73.33333333,73.33
,Dr Abid Hasan Khan,1,1,0,0.8,0.5,1,0.5,4.8,68.57142857,,
,Dr Rayhan Islam,1,1,0,0.8,1,0.5,1,5.3,75.71428571,,
E03_P16_AL_VML_GF,Dr Mamun Mahmud,1,1,0,0.8,0.5,1,1,5.3,75.71428571,73.33333333,73.33
,Dr Abid Hasan Khan,1,1,0,0.8,0.5,1,0.5,4.8,68.57142857,,
,Dr Rayhan Islam,1,1,0,0.8,1,0.5,1,5.3,75.71428571,,
E03_P16_AR_VML_GF,Dr Mamun Mahmud,1,1,0,0.8,0.5,1,1,5.3,75.71428571,73.33333333,73.33
,Dr Abid Hasan Khan,1,1,0,0.8,0.5,1,0.5,4.8,68.57142857,,
,Dr Rayhan Islam,1,1,0,0.8,1,0.5,1,5.3,75.71428571,,
E03_P16_AF_VO_GF,Dr Mamun Mahmud,1,1,1,1,0.5,1,1,6.5,92.85714286,95.23809524,95.24
,Dr Abid Hasan Khan,1,1,1,1,1,1,1,7,100,,
,Dr Rayhan Islam,1,1,1,1,1,0.5,1,6.5,92.85714286,,
E03_P16_AL_VO_GF,Dr Mamun Mahmud,1,1,0,0.9,0.5,1,1,5.4,77.14285714,79.52380952,79.52
,Dr Abid Hasan Khan,1,1,0,0.9,1,1,1,5.9,84.28571429,,
,Dr Rayhan Islam,1,1,0,0.9,1,0.5,1,5.4,77.14285714,,
E03_P16_AR_VO_GF,Dr Mamun Mahmud,1,1,0,0.9,0.5,1,1,5.4,77.14285714,79.52380952,79.52
,Dr Abid Hasan Khan,1,1,0,0.9,1,1,1,5.9,84.28571429,,
,Dr Rayhan Islam,1,1,0,0.9,1,0.5,1,5.4,77.14285714,,
E03_P17_AF_VFL_GM,Dr Mamun Mahmud,1,1,0,0.5,1,0.5,1,5,71.42857143,69.04761905,69.05
,Dr Abid Hasan Khan,1,1,0,0.5,1,0.5,1,5,71.42857143,,
,Dr Rayhan Islam,1,1,0,0.5,1,0,1,4.5,64.28571429,,
E03_P17_AL_VFL_GM,Dr Mamun Mahmud,1,1,0,0.4,1,0.5,1,4.9,70,67.61904762,67.62
,Dr Abid Hasan Khan,1,1,0,0.4,1,0.5,1,4.9,70,,
,Dr Rayhan Islam,1,1,0,0.4,1,0,1,4.4,62.85714286,,
E03_P17_AR_VFL_GM,Dr Mamun Mahmud,1,1,0,0.3,1,0.5,1,4.8,68.57142857,66.19047619,66.19
,Dr Abid Hasan Khan,1,1,0,0.3,1,0.5,1,4.8,68.57142857,,
,Dr Rayhan Islam,1,1,0,0.3,1,0,1,4.3,61.42857143,,
E03_P17_AF_VHJ_GM,Dr Mamun Mahmud,1,1,1,1,1,0.5,1,6.5,92.85714286,95.23809524,95.24
,Dr Abid Hasan Khan,1,1,1,1,1,1,1,7,100,,
,Dr Rayhan Islam,1,1,1,1,1,0.5,1,6.5,92.85714286,,
E03_P17_AL_VHJ_GM,Dr Mamun Mahmud,1,1,0,0.9,1,0.5,1,5.4,77.14285714,79.52380952,79.52
,Dr Abid Hasan Khan,1,1,0,0.9,1,1,1,5.9,84.28571429,,
,Dr Rayhan Islam,1,1,0,0.9,1,0.5,1,5.4,77.14285714,,
E03_P17_AR_VHJ_GM,Dr Mamun Mahmud,1,1,1,1,1,0.5,1,6.5,92.85714286,95.23809524,95.24
,Dr Abid Hasan Khan,1,1,1,1,1,1,1,7,100,,
,Dr Rayhan Islam,1,1,1,1,1,0.5,1,6.5,92.85714286,,
E03_P17_AF_VLJ_GM,Dr Mamun Mahmud,1,1,0,0.4,1,1,1,5.4,77.14285714,74.76190476,74.76
,Dr Abid Hasan Khan,1,1,0,0.4,1,1,1,5.4,77.14285714,,
,Dr Rayhan Islam,1,1,0,0.4,1,0.5,1,4.9,70,,
E03_P17_AL_VLJ_GM,Dr Mamun Mahmud,1,1,0,0.4,1,1,1,5.4,77.14285714,74.76190476,74.76
,Dr Abid Hasan Khan,1,1,0,0.4,1,1,1,5.4,77.14285714,,
,Dr Rayhan Islam,1,1,0,0.4,1,0.5,1,4.9,70,,
E03_P17_AR_VLJ_GM,Dr Mamun Mahmud,1,1,0,0.4,1,1,1,5.4,77.14285714,74.76190476,74.76
,Dr Abid Hasan Khan,1,1,0,0.4,1,1,1,5.4,77.14285714,,
,Dr Rayhan Islam,1,1,0,0.4,1,0.5,1,4.9,70,,
E03_P17_AF_VLL_GM,Dr Mamun Mahmud,1,1,0,0.5,1,0.5,1,5,71.42857143,73.80952381,73.81
,Dr Abid Hasan Khan,1,1,0,0.5,1,1,1,5.5,78.57142857,,
,Dr Rayhan Islam,1,1,0,0.5,1,0.5,1,5,71.42857143,,
E03_P17_AL_VLL_GM,Dr Mamun Mahmud,1,1,0,0.8,1,0.5,1,5.3,75.71428571,78.0952381,78.1
,Dr Abid Hasan Khan,1,1,0,0.8,1,1,1,5.8,82.85714286,,
,Dr Rayhan Islam,1,1,0,0.8,1,0.5,1,5.3,75.71428571,,
E03_P17_AF_VML_GM,Dr Mamun Mahmud,1,1,0,0,1,1,1,5,71.42857143,69.04761905,69.05
,Dr Abid Hasan Khan,1,1,0,0,1,1,1,5,71.42857143,,
,Dr Rayhan Islam,1,1,0,0,1,0.5,1,4.5,64.28571429,,
E03_P17_AL_VML_GM,Dr Mamun Mahmud,1,1,0,0,1,1,1,5,71.42857143,69.04761905,69.05
,Dr Abid Hasan Khan,1,1,0,0,1,1,1,5,71.42857143,,
,Dr Rayhan Islam,1,1,0,0,1,0.5,1,4.5,64.28571429,,
E03_P17_AR_VML_GM,Dr Mamun Mahmud,1,1,0,0,1,1,1,5,71.42857143,69.04761905,69.05
,Dr Abid Hasan Khan,1,1,0,0,1,1,1,5,71.42857143,,
,Dr Rayhan Islam,1,1,0,0,1,0.5,1,4.5,64.28571429,,
E03_P17_AF_VO_GM,Dr Mamun Mahmud,1,1,0,0.4,1,1,1,5.4,77.14285714,74.76190476,74.76
,Dr Abid Hasan Khan,1,1,0,0.4,1,1,1,5.4,77.14285714,,
,Dr Rayhan Islam,1,1,0,0.4,1,0.5,1,4.9,70,,
E03_P17_AL_VO_GM,Dr Mamun Mahmud,1,1,0,0.4,1,1,1,5.4,77.14285714,74.76190476,74.76
,Dr Abid Hasan Khan,1,1,0,0.4,1,1,1,5.4,77.14285714,,
,Dr Rayhan Islam,1,1,0,0.4,1,0.5,1,4.9,70,,
E03_P17_AR_VO_GM,Dr Mamun Mahmud,1,1,0,0.4,1,1,1,5.4,77.14285714,74.76190476,74.76
,Dr Abid Hasan Khan,1,1,0,0.4,1,1,1,5.4,77.14285714,,
,Dr Rayhan Islam,1,1,0,0.4,1,0.5,1,4.9,70,,
E03_P18_AF_VFL_GM,Dr Mamun Mahmud,1,1,0,0.2,1,1,1,5.2,74.28571429,69.52380952,69.52
,Dr Abid Hasan Khan,1,1,0,0.2,1,0.5,1,4.7,67.14285714,,
,Dr Rayhan Islam,1,1,0,0.2,1,0.5,1,4.7,67.14285714,,
E03_P18_AL_VFL_GM,Dr Mamun Mahmud,1,1,0,0.2,1,1,1,5.2,74.28571429,69.52380952,69.52
,Dr Abid Hasan Khan,1,1,0,0.2,1,0.5,1,4.7,67.14285714,,
,Dr Rayhan Islam,1,1,0,0.2,1,0.5,1,4.7,67.14285714,,
E03_P18_AR_VFL_GM,Dr Mamun Mahmud,1,1,0,0.2,1,1,1,5.2,74.28571429,69.52380952,69.52
,Dr Abid Hasan Khan,1,1,0,0.2,1,0.5,1,4.7,67.14285714,,
,Dr Rayhan Islam,1,1,0,0.2,1,0.5,1,4.7,67.14285714,,
E03_P18_AF_VHJ_GM,Dr Mamun Mahmud,1,1,0,0,1,1,1,5,71.42857143,66.66666667,66.67
,Dr Abid Hasan Khan,1,1,0,0,1,0.5,1,4.5,64.28571429,,
,Dr Rayhan Islam,1,1,0,0,1,0.5,1,4.5,64.28571429,,
E03_P18_AL_VHJ_GM,Dr Mamun Mahmud,1,1,0,0,1,1,1,5,71.42857143,66.66666667,66.67
,Dr Abid Hasan Khan,1,1,0,0,1,0.5,1,4.5,64.28571429,,
,Dr Rayhan Islam,1,1,0,0,1,0.5,1,4.5,64.28571429,,
E03_P18_AR_VHJ_GM,Dr Mamun Mahmud,1,1,0,0.1,1,1,1,5.1,72.85714286,68.0952381,68.1
,Dr Abid Hasan Khan,1,1,0,0.1,1,0.5,1,4.6,65.71428571,,
,Dr Rayhan Islam,1,1,0,0.1,1,0.5,1,4.6,65.71428571,,
E03_P18_AF_VLJ_GM,Dr Mamun Mahmud,1,1,0,0,1,1,1,5,71.42857143,69.04761905,69.05
,Dr Abid Hasan Khan,1,1,0,0,1,1,1,5,71.42857143,,
,Dr Rayhan Islam,1,1,0,0,1,0.5,1,4.5,64.28571429,,
E03_P18_AL_VLJ_GM,Dr Mamun Mahmud,1,1,0,0,1,1,1,5,71.42857143,69.04761905,69.05
,Dr Abid Hasan Khan,1,1,0,0,1,1,1,5,71.42857143,,
,Dr Rayhan Islam,1,1,0,0,1,0.5,1,4.5,64.28571429,,
E03_P18_AR_VLJ_GM,Dr Mamun Mahmud,1,1,0,0.1,1,1,1,5.1,72.85714286,70.47619048,70.48
,Dr Abid Hasan Khan,1,1,0,0.1,1,1,1,5.1,72.85714286,,
,Dr Rayhan Islam,1,1,0,0.1,1,0.5,1,4.6,65.71428571,,
E03_P18_AF_VLL_GM,Dr Mamun Mahmud,1,1,0,0.2,1,1,1,5.2,74.28571429,71.9047619,71.9
,Dr Abid Hasan Khan,1,1,0,0.2,1,1,1,5.2,74.28571429,,
,Dr Rayhan Islam,1,1,0,0.2,1,0.5,1,4.7,67.14285714,,
E03_P18_AL_VLL_GM,Dr Mamun Mahmud,1,1,0,0.5,1,1,1,5.5,78.57142857,76.19047619,76.19
,Dr Abid Hasan Khan,1,1,0,0.5,1,1,1,5.5,78.57142857,,
,Dr Rayhan Islam,1,1,0,0.5,1,0.5,1,5,71.42857143,,
E03_P18_AR_VLL_GM,Dr Mamun Mahmud,1,1,0,0.4,1,1,1,5.4,77.14285714,74.76190476,74.76
,Dr Abid Hasan Khan,1,1,0,0.4,1,1,1,5.4,77.14285714,,
,Dr Rayhan Islam,1,1,0,0.4,1,0.5,1,4.9,70,,
E03_P18_AF_VML_GM,Dr Mamun Mahmud,1,1,0,0.7,0.5,0.5,1,4.7,67.14285714,74.28571429,74.29
,Dr Abid Hasan Khan,1,1,0,0.7,1,1,1,5.7,81.42857143,,
,Dr Rayhan Islam,1,1,0,0.7,1,0.5,1,5.2,74.28571429,,
E03_P18_AL_VML_GM,Dr Mamun Mahmud,1,1,0,0.7,0.5,0.5,1,4.7,67.14285714,74.28571429,74.29
,Dr Abid Hasan Khan,1,1,0,0.7,1,1,1,5.7,81.42857143,,
,Dr Rayhan Islam,1,1,0,0.7,1,0.5,1,5.2,74.28571429,,
E03_P18_AR_VML_GM,Dr Mamun Mahmud,1,1,0,0.5,0.5,0.5,1,4.5,64.28571429,71.42857143,71.43
,Dr Abid Hasan Khan,1,1,0,0.5,1,1,1,5.5,78.57142857,,
,Dr Rayhan Islam,1,1,0,0.5,1,0.5,1,5,71.42857143,,
E03_P18_AF_VO_GM,Dr Mamun Mahmud,1,1,0,0.3,1,1,1,5.3,75.71428571,70.95238095,70.95
,Dr Abid Hasan Khan,1,1,0,0.3,1,0.5,1,4.8,68.57142857,,
,Dr Rayhan Islam,1,1,0,0.3,1,0.5,1,4.8,68.57142857,,
E03_P18_AL_VO_GM,Dr Mamun Mahmud,1,1,0,0.5,1,1,1,5.5,78.57142857,73.80952381,73.81
,Dr Abid Hasan Khan,1,1,0,0.5,1,0.5,1,5,71.42857143,,
,Dr Rayhan Islam,1,1,0,0.5,1,0.5,1,5,71.42857143,,
E03_P18_AR_VO_GM,Dr Mamun Mahmud,1,1,0,0.5,1,1,1,5.5,78.57142857,73.80952381,73.81
,Dr Abid Hasan Khan,1,1,0,0.5,1,0.5,1,5,71.42857143,,
,Dr Rayhan Islam,1,1,0,0.5,1,0.5,1,5,71.42857143,,
E03_P19_AF_VFL_GM,Dr Mamun Mahmud,1,1,0,0,1,0.5,1,4.5,64.28571429,64.28571429,64.29
,Dr Abid Hasan Khan,1,1,0,0,1,1,1,5,71.42857143,,
,Dr Rayhan Islam,1,1,0,0,0.5,0.5,1,4,57.14285714,,
E03_P19_AL_VFL_GM,Dr Mamun Mahmud,1,1,0,0,1,0.5,1,4.5,64.28571429,64.28571429,64.29
,Dr Abid Hasan Khan,1,1,0,0,1,1,1,5,71.42857143,,
,Dr Rayhan Islam,1,1,0,0,0.5,0.5,1,4,57.14285714,,
E03_P19_AR_VFL_GM,Dr Mamun Mahmud,1,1,0,0,1,0.5,1,4.5,64.28571429,64.28571429,64.29
,Dr Abid Hasan Khan,1,1,0,0,1,1,1,5,71.42857143,,
,Dr Rayhan Islam,1,1,0,0,0.5,0.5,1,4,57.14285714,,
E03_P19_AF_VHJ_GM,Dr Mamun Mahmud,1,1,0,0.4,1,1,1,5.4,77.14285714,72.38095238,72.38
,Dr Abid Hasan Khan,1,1,0,0.4,1,1,1,5.4,77.14285714,,
,Dr Rayhan Islam,1,1,0,0.4,0.5,0.5,1,4.4,62.85714286,,
E03_P19_AL_VHJ_GM,Dr Mamun Mahmud,1,1,0,0.4,1,1,1,5.4,77.14285714,72.38095238,72.38
,Dr Abid Hasan Khan,1,1,0,0.4,1,1,1,5.4,77.14285714,,
,Dr Rayhan Islam,1,1,0,0.4,0.5,0.5,1,4.4,62.85714286,,
E03_P19_AR_VHJ_GM,Dr Mamun Mahmud,1,1,0,0.4,1,1,1,5.4,77.14285714,72.38095238,72.38
,Dr Abid Hasan Khan,1,1,0,0.4,1,1,1,5.4,77.14285714,,
,Dr Rayhan Islam,1,1,0,0.4,0.5,0.5,1,4.4,62.85714286,,
E03_P19_AF_VLJ_GM,Dr Mamun Mahmud,1,1,0,0.7,1,0.5,1,5.2,74.28571429,71.9047619,71.9
,Dr Abid Hasan Khan,1,1,0,0.7,1,0.5,1,5.2,74.28571429,,
,Dr Rayhan Islam,1,1,0,0.7,0.5,0.5,1,4.7,67.14285714,,
E03_P19_AL_VLJ_GM,Dr Mamun Mahmud,1,1,0,0.8,1,0.5,1,5.3,75.71428571,73.33333333,73.33
,Dr Abid Hasan Khan,1,1,0,0.8,1,0.5,1,5.3,75.71428571,,
,Dr Rayhan Islam,1,1,0,0.8,0.5,0.5,1,4.8,68.57142857,,
E03_P19_AR_VLJ_GM,Dr Mamun Mahmud,1,1,0,0.6,1,0.5,1,5.1,72.85714286,70.47619048,70.48
,Dr Abid Hasan Khan,1,1,0,0.6,1,0.5,1,5.1,72.85714286,,
,Dr Rayhan Islam,1,1,0,0.6,0.5,0.5,1,4.6,65.71428571,,
E03_P19_AF_VLL_GM,Dr Mamun Mahmud,1,1,0,0.6,1,1,1,5.6,80,75.23809524,75.24
,Dr Abid Hasan Khan,1,1,0,0.6,1,1,1,5.6,80,,
,Dr Rayhan Islam,1,1,0,0.6,0.5,0.5,1,4.6,65.71428571,,
E03_P19_AL_VLL_GM,Dr Mamun Mahmud,1,1,0,0.8,1,1,1,5.8,82.85714286,78.0952381,78.1
,Dr Abid Hasan Khan,1,1,0,0.8,1,1,1,5.8,82.85714286,,
,Dr Rayhan Islam,1,1,0,0.8,0.5,0.5,1,4.8,68.57142857,,
E03_P19_AR_VLL_GM,Dr Mamun Mahmud,1,1,0,0.6,1,1,1,5.6,80,75.23809524,75.24
,Dr Abid Hasan Khan,1,1,0,0.6,1,1,1,5.6,80,,
,Dr Rayhan Islam,1,1,0,0.6,0.5,0.5,1,4.6,65.71428571,,
E03_P19_AF_VML_GM,Dr Mamun Mahmud,1,1,0,0.1,1,1,1,5.1,72.85714286,68.0952381,68.1
,Dr Abid Hasan Khan,1,1,0,0.1,1,1,1,5.1,72.85714286,,
,Dr Rayhan Islam,1,1,0,0.1,0.5,0.5,1,4.1,58.57142857,,
E03_P19_AL_VML_GM,Dr Mamun Mahmud,1,1,0,0.4,1,1,1,5.4,77.14285714,72.38095238,72.38
,Dr Abid Hasan Khan,1,1,0,0.4,1,1,1,5.4,77.14285714,,
,Dr Rayhan Islam,1,1,0,0.4,0.5,0.5,1,4.4,62.85714286,,
E03_P19_AR_VML_GM,Dr Mamun Mahmud,1,1,0,0.4,1,1,1,5.4,77.14285714,72.38095238,72.38
,Dr Abid Hasan Khan,1,1,0,0.4,1,1,1,5.4,77.14285714,,
,Dr Rayhan Islam,1,1,0,0.4,0.5,0.5,1,4.4,62.85714286,,
E03_P19_AF_VO_GM,Dr Mamun Mahmud,1,1,1,1,1,0.5,1,6.5,92.85714286,97.61904762,97.62
,Dr Abid Hasan Khan,1,1,1,1,1,1,1,7,100,,
,Dr Rayhan Islam,1,1,1,1,1,1,1,7,100,,
E03_P19_AL_VO_GM,Dr Mamun Mahmud,1,1,1,1,1,0.5,1,6.5,92.85714286,97.61904762,97.62
,Dr Abid Hasan Khan,1,1,1,1,1,1,1,7,100,,
,Dr Rayhan Islam,1,1,1,1,1,1,1,7,100,,
E03_P19_AR_VO_GM,Dr Mamun Mahmud,1,1,1,1,1,0.5,1,6.5,92.85714286,97.61904762,97.62
,Dr Abid Hasan Khan,1,1,1,1,1,1,1,7,100,,
,Dr Rayhan Islam,1,1,1,1,1,1,1,7,100,,
E03_P20_AF_VFL_GM,Dr Mamun Mahmud,1,1,0,0.9,1,0.5,1,5.4,77.14285714,77.14285714,77.14
,Dr Abid Hasan Khan,1,1,0,0.9,1,0.5,1,5.4,77.14285714,,
,Dr Rayhan Islam,1,1,0,0.9,1,0.5,1,5.4,77.14285714,,
E03_P20_AL_VFL_GM,Dr Mamun Mahmud,1,1,0,0.9,1,0.5,1,5.4,77.14285714,77.14285714,77.14
,Dr Abid Hasan Khan,1,1,0,0.9,1,0.5,1,5.4,77.14285714,,
,Dr Rayhan Islam,1,1,0,0.9,1,0.5,1,5.4,77.14285714,,
E03_P20_AR_VFL_GM,Dr Mamun Mahmud,1,1,1,1,1,0.5,1,6.5,92.85714286,92.85714286,92.86
,Dr Abid Hasan Khan,1,1,1,1,1,0.5,1,6.5,92.85714286,,
,Dr Rayhan Islam,1,1,1,1,1,0.5,1,6.5,92.85714286,,
E03_P20_AF_VHJ_GM,Dr Mamun Mahmud,1,1,0,0.7,1,0.5,1,5.2,74.28571429,69.52380952,69.52
,Dr Abid Hasan Khan,1,1,0,0.7,1,0,1,4.7,67.14285714,,
,Dr Rayhan Islam,1,1,0,0.7,0.5,0.5,1,4.7,67.14285714,,
E03_P20_AL_VHJ_GM,Dr Mamun Mahmud,1,1,0,0.7,1,0.5,1,5.2,74.28571429,69.52380952,69.52
,Dr Abid Hasan Khan,1,1,0,0.7,1,0,1,4.7,67.14285714,,
,Dr Rayhan Islam,1,1,0,0.7,0.5,0.5,1,4.7,67.14285714,,
E03_P20_AR_VHJ_GM,Dr Mamun Mahmud,1,1,0,0.9,1,0.5,1,5.4,77.14285714,72.38095238,72.38
,Dr Abid Hasan Khan,1,1,0,0.9,1,0,1,4.9,70,,
,Dr Rayhan Islam,1,1,0,0.9,0.5,0.5,1,4.9,70,,
E03_P20_AF_VLJ_GM,Dr Mamun Mahmud,1,1,0,0.9,1,1,1,5.9,84.28571429,79.52380952,79.52
,Dr Abid Hasan Khan,1,1,0,0.9,1,0.5,1,5.4,77.14285714,,
,Dr Rayhan Islam,1,1,0,0.9,1,0.5,1,5.4,77.14285714,,
E03_P20_AL_VLJ_GM,Dr Mamun Mahmud,1,1,0,0.8,1,1,1,5.8,82.85714286,78.0952381,78.1
,Dr Abid Hasan Khan,1,1,0,0.8,1,0.5,1,5.3,75.71428571,,
,Dr Rayhan Islam,1,1,0,0.8,1,0.5,1,5.3,75.71428571,,
E03_P20_AR_VLJ_GM,Dr Mamun Mahmud,1,1,0,0.9,1,1,1,5.9,84.28571429,79.52380952,79.52
,Dr Abid Hasan Khan,1,1,0,0.9,1,0.5,1,5.4,77.14285714,,
,Dr Rayhan Islam,1,1,0,0.9,1,0.5,1,5.4,77.14285714,,
E03_P20_AF_VLL_GM,Dr Mamun Mahmud,1,1,0,0.6,0.5,1,1,5.1,72.85714286,72.85714286,72.86
,Dr Abid Hasan Khan,1,1,0,0.6,1,0.5,1,5.1,72.85714286,,
,Dr Rayhan Islam,1,1,0,0.6,1,0.5,1,5.1,72.85714286,,
E03_P20_AL_VLL_GM,Dr Mamun Mahmud,1,1,0,0.6,0.5,1,1,5.1,72.85714286,72.85714286,72.86
,Dr Abid Hasan Khan,1,1,0,0.6,1,0.5,1,5.1,72.85714286,,
,Dr Rayhan Islam,1,1,0,0.6,1,0.5,1,5.1,72.85714286,,
E03_P20_AR_VLL_GM,Dr Mamun Mahmud,1,1,0,0.9,0.5,1,1,5.4,77.14285714,77.14285714,77.14
,Dr Abid Hasan Khan,1,1,0,0.9,1,0.5,1,5.4,77.14285714,,
,Dr Rayhan Islam,1,1,0,0.9,1,0.5,1,5.4,77.14285714,,
E03_P20_AF_VML_GM,Dr Mamun Mahmud,1,1,0,0.7,1,1,1,5.7,81.42857143,76.66666667,76.67
,Dr Abid Hasan Khan,1,1,0,0.7,1,1,1,5.7,81.42857143,,
,Dr Rayhan Islam,1,1,0,0.7,0.5,0.5,1,4.7,67.14285714,,
E03_P20_AL_VML_GM,Dr Mamun Mahmud,1,1,0,0.8,1,1,1,5.8,82.85714286,78.0952381,78.1
,Dr Abid Hasan Khan,1,1,0,0.8,1,1,1,5.8,82.85714286,,
,Dr Rayhan Islam,1,1,0,0.8,0.5,0.5,1,4.8,68.57142857,,
E03_P20_AR_VML_GM,Dr Mamun Mahmud,1,1,0,0.4,1,1,1,5.4,77.14285714,72.38095238,72.38
,Dr Abid Hasan Khan,1,1,0,0.4,1,1,1,5.4,77.14285714,,
,Dr Rayhan Islam,1,1,0,0.4,0.5,0.5,1,4.4,62.85714286,,
E03_P20_AF_VO_GM,Dr Mamun Mahmud,1,1,1,1,0.5,1,1,6.5,92.85714286,92.85714286,92.86
,Dr Abid Hasan Khan,1,1,1,1,1,1,1,7,100,,
,Dr Rayhan Islam,1,1,1,1,0.5,0.5,1,6,85.71428571,,
E03_P20_AL_VO_GM,Dr Mamun Mahmud,1,1,0,0.8,0.5,1,1,5.3,75.71428571,75.71428571,75.71
,Dr Abid Hasan Khan,1,1,0,0.8,1,1,1,5.8,82.85714286,,
,Dr Rayhan Islam,1,1,0,0.8,0.5,0.5,1,4.8,68.57142857,,
E03_P20_AR_VO_GM,Dr Mamun Mahmud,1,1,0,0.7,0.5,1,1,5.2,74.28571429,74.28571429,74.29
,Dr Abid Hasan Khan,1,1,0,0.7,1,1,1,5.7,81.42857143,,
,Dr Rayhan Islam,1,1,0,0.7,0.5,0.5,1,4.7,67.14285714,,
E03_P21_AF_VFL_GM,Dr Mamun Mahmud,1,1,0,0.5,1,1,1,5.5,78.57142857,76.19047619,76.19
,Dr Abid Hasan Khan,1,1,0,0.5,1,0.5,1,5,71.42857143,,
,Dr Rayhan Islam,1,1,0,0.5,1,1,1,5.5,78.57142857,,
E03_P21_AL_VFL_GM,Dr Mamun Mahmud,1,1,0,0.5,1,1,1,5.5,78.57142857,76.19047619,76.19
,Dr Abid Hasan Khan,1,1,0,0.5,1,0.5,1,5,71.42857143,,
,Dr Rayhan Islam,1,1,0,0.5,1,1,1,5.5,78.57142857,,
E03_P21_AR_VFL_GM,Dr Mamun Mahmud,1,1,0,0.5,1,1,1,5.5,78.57142857,76.19047619,76.19
,Dr Abid Hasan Khan,1,1,0,0.5,1,0.5,1,5,71.42857143,,
,Dr Rayhan Islam,1,1,0,0.5,1,1,1,5.5,78.57142857,,
E03_P21_AF_VHJ_GM,Dr Mamun Mahmud,1,1,0,0.8,1,1,1,5.8,82.85714286,75.71428571,75.71
,Dr Abid Hasan Khan,1,1,0,0.8,1,0,1,4.8,68.57142857,,
,Dr Rayhan Islam,1,1,0,0.8,1,0.5,1,5.3,75.71428571,,
E03_P21_AL_VHJ_GM,Dr Mamun Mahmud,1,1,0,0.8,1,1,1,5.8,82.85714286,75.71428571,75.71
,Dr Abid Hasan Khan,1,1,0,0.8,1,0,1,4.8,68.57142857,,
,Dr Rayhan Islam,1,1,0,0.8,1,0.5,1,5.3,75.71428571,,
E03_P21_AR_VHJ_GM,Dr Mamun Mahmud,1,1,0,0.9,1,1,1,5.9,84.28571429,77.14285714,77.14
,Dr Abid Hasan Khan,1,1,0,0.9,1,0,1,4.9,70,,
,Dr Rayhan Islam,1,1,0,0.9,1,0.5,1,5.4,77.14285714,,
E03_P21_AF_VLJ_GM,Dr Mamun Mahmud,1,1,0,0.3,1,0.5,1,4.8,68.57142857,66.19047619,66.19
,Dr Abid Hasan Khan,1,1,0,0.3,1,0,1,4.3,61.42857143,,
,Dr Rayhan Islam,1,1,0,0.3,1,0.5,1,4.8,68.57142857,,
E03_P21_AL_VLJ_GM,Dr Mamun Mahmud,1,1,0,0.5,1,0.5,1,5,71.42857143,69.04761905,69.05
,Dr Abid Hasan Khan,1,1,0,0.5,1,0,1,4.5,64.28571429,,
,Dr Rayhan Islam,1,1,0,0.5,1,0.5,1,5,71.42857143,,
E03_P21_AR_VLJ_GM,Dr Mamun Mahmud,1,1,0,0.8,1,0.5,1,5.3,75.71428571,73.33333333,73.33
,Dr Abid Hasan Khan,1,1,0,0.8,1,0,1,4.8,68.57142857,,
,Dr Rayhan Islam,1,1,0,0.8,1,0.5,1,5.3,75.71428571,,
E03_P21_AF_VLL_GM,Dr Mamun Mahmud,1,1,0,0.8,1,0.5,1,5.3,75.71428571,73.33333333,73.33
,Dr Abid Hasan Khan,1,1,0,0.8,1,0,1,4.8,68.57142857,,
,Dr Rayhan Islam,1,1,0,0.8,1,0.5,1,5.3,75.71428571,,
E03_P21_AL_VLL_GM,Dr Mamun Mahmud,1,1,0,0.8,1,0.5,1,5.3,75.71428571,73.33333333,73.33
,Dr Abid Hasan Khan,1,1,0,0.8,1,0,1,4.8,68.57142857,,
,Dr Rayhan Islam,1,1,0,0.8,1,0.5,1,5.3,75.71428571,,
E03_P21_AR_VLL_GM,Dr Mamun Mahmud,1,1,0,0.9,1,0.5,1,5.4,77.14285714,74.76190476,74.76
,Dr Abid Hasan Khan,1,1,0,0.9,1,0,1,4.9,70,,
,Dr Rayhan Islam,1,1,0,0.9,1,0.5,1,5.4,77.14285714,,
E03_P21_AF_VML_GM,Dr Mamun Mahmud,1,1,0,0.3,1,1,1,5.3,75.71428571,70.95238095,70.95
,Dr Abid Hasan Khan,1,1,0,0.3,1,0.5,1,4.8,68.57142857,,
,Dr Rayhan Islam,1,1,0,0.3,1,0.5,1,4.8,68.57142857,,
E03_P21_AL_VML_GM,Dr Mamun Mahmud,1,1,0,0.6,1,1,1,5.6,80,75.23809524,75.24
,Dr Abid Hasan Khan,1,1,0,0.6,1,0.5,1,5.1,72.85714286,,
,Dr Rayhan Islam,1,1,0,0.6,1,0.5,1,5.1,72.85714286,,
E03_P21_AR_VML_GM,Dr Mamun Mahmud,1,1,0,0.8,1,1,1,5.8,82.85714286,78.0952381,78.1
,Dr Abid Hasan Khan,1,1,0,0.8,1,0.5,1,5.3,75.71428571,,
,Dr Rayhan Islam,1,1,0,0.8,1,0.5,1,5.3,75.71428571,,
E03_P21_AF_VO_GM,Dr Mamun Mahmud,1,1,0,0,1,1,1,5,71.42857143,71.42857143,71.43
,Dr Abid Hasan Khan,1,1,0,0,1,1,1,5,71.42857143,,
,Dr Rayhan Islam,1,1,0,0,1,1,1,5,71.42857143,,
E03_P21_AL_VO_GM,Dr Mamun Mahmud,1,1,0,0,1,1,1,5,71.42857143,71.42857143,71.43
,Dr Abid Hasan Khan,1,1,0,0,1,1,1,5,71.42857143,,
,Dr Rayhan Islam,1,1,0,0,1,1,1,5,71.42857143,,
E03_P21_AR_VO_GM,Dr Mamun Mahmud,1,1,0,0,1,1,1,5,71.42857143,71.42857143,71.43
,Dr Abid Hasan Khan,1,1,0,0,1,1,1,5,71.42857143,,
,Dr Rayhan Islam,1,1,0,0,1,1,1,5,71.42857143,,
E03_P22_AF_VFL_GM,Dr Mamun Mahmud,1,1,1,1,1,1,1,7,100,100,100
,Dr Abid Hasan Khan,1,1,1,1,1,1,1,7,100,,
,Dr Rayhan Islam,1,1,1,1,1,1,1,7,100,,
E03_P22_AL_VFL_GM,Dr Mamun Mahmud,1,1,0,0.9,1,1,1,5.9,84.28571429,84.28571429,84.29
,Dr Abid Hasan Khan,1,1,0,0.9,1,1,1,5.9,84.28571429,,
,Dr Rayhan Islam,1,1,0,0.9,1,1,1,5.9,84.28571429,,
E03_P22_AR_VFL_GM,Dr Mamun Mahmud,1,1,0,0.9,1,1,1,5.9,84.28571429,84.28571429,84.29
,Dr Abid Hasan Khan,1,1,0,0.9,1,1,1,5.9,84.28571429,,
,Dr Rayhan Islam,1,1,0,0.9,1,1,1,5.9,84.28571429,,
E03_P22_AF_VHJ_GM,Dr Mamun Mahmud,1,1,0,0.9,0.5,1,1,5.4,77.14285714,74.76190476,74.76
,Dr Abid Hasan Khan,1,1,0,0.9,0.5,1,1,5.4,77.14285714,,
,Dr Rayhan Islam,1,1,0,0.9,0.5,0.5,1,4.9,70,,
E03_P22_AL_VHJ_GM,Dr Mamun Mahmud,1,1,0,0.9,0.5,1,1,5.4,77.14285714,74.76190476,74.76
,Dr Abid Hasan Khan,1,1,0,0.9,0.5,1,1,5.4,77.14285714,,
,Dr Rayhan Islam,1,1,0,0.9,0.5,0.5,1,4.9,70,,
E03_P22_AR_VHJ_GM,Dr Mamun Mahmud,1,1,0,0.9,0.5,1,1,5.4,77.14285714,74.76190476,74.76
,Dr Abid Hasan Khan,1,1,0,0.9,0.5,1,1,5.4,77.14285714,,
,Dr Rayhan Islam,1,1,0,0.9,0.5,0.5,1,4.9,70,,
E03_P22_AF_VLJ_GM,Dr Mamun Mahmud,1,1,0,0.8,1,1,1,5.8,82.85714286,82.85714286,82.86
,Dr Abid Hasan Khan,1,1,0,0.8,1,1,1,5.8,82.85714286,,
,Dr Rayhan Islam,1,1,0,0.8,1,1,1,5.8,82.85714286,,
E03_P22_AL_VLJ_GM,Dr Mamun Mahmud,1,1,0,0.6,1,1,1,5.6,80,80,80
,Dr Abid Hasan Khan,1,1,0,0.6,1,1,1,5.6,80,,
,Dr Rayhan Islam,1,1,0,0.6,1,1,1,5.6,80,,
E03_P22_AR_VLJ_GM,Dr Mamun Mahmud,1,1,0,0.8,1,1,1,5.8,82.85714286,82.85714286,82.86
,Dr Abid Hasan Khan,1,1,0,0.8,1,1,1,5.8,82.85714286,,
,Dr Rayhan Islam,1,1,0,0.8,1,1,1,5.8,82.85714286,,
E03_P22_AF_VLL_GM,Dr Mamun Mahmud,1,1,0,0.9,1,1,1,5.9,84.28571429,81.9047619,81.9
,Dr Abid Hasan Khan,1,1,0,0.9,1,0.5,1,5.4,77.14285714,,
,Dr Rayhan Islam,1,1,0,0.9,1,1,1,5.9,84.28571429,,
E03_P22_AL_VLL_GM,Dr Mamun Mahmud,1,1,1,1,1,1,1,7,100,97.61904762,97.62
,Dr Abid Hasan Khan,1,1,1,1,1,0.5,1,6.5,92.85714286,,
,Dr Rayhan Islam,1,1,1,1,1,1,1,7,100,,
E03_P22_AR_VLL_GM,Dr Mamun Mahmud,1,1,0,0.9,1,1,1,5.9,84.28571429,81.9047619,81.9
,Dr Abid Hasan Khan,1,1,0,0.9,1,0.5,1,5.4,77.14285714,,
,Dr Rayhan Islam,1,1,0,0.9,1,1,1,5.9,84.28571429,,
E03_P22_AF_VML_GM,Dr Mamun Mahmud,1,1,0,0.9,1,1,1,5.9,84.28571429,84.28571429,84.29
,Dr Abid Hasan Khan,1,1,0,0.9,1,1,1,5.9,84.28571429,,
,Dr Rayhan Islam,1,1,0,0.9,1,1,1,5.9,84.28571429,,
E03_P22_AL_VML_GM,Dr Mamun Mahmud,1,1,0,0.9,1,1,1,5.9,84.28571429,84.28571429,84.29
,Dr Abid Hasan Khan,1,1,0,0.9,1,1,1,5.9,84.28571429,,
,Dr Rayhan Islam,1,1,0,0.9,1,1,1,5.9,84.28571429,,
E03_P22_AR_VML_GM,Dr Mamun Mahmud,1,1,0,0.9,1,1,1,5.9,84.28571429,84.28571429,84.29
,Dr Abid Hasan Khan,1,1,0,0.9,1,1,1,5.9,84.28571429,,
,Dr Rayhan Islam,1,1,0,0.9,1,1,1,5.9,84.28571429,,
E03_P22_AF_VO_GM,Dr Mamun Mahmud,1,1,0,0.7,1,1,1,5.7,81.42857143,79.04761905,79.05
,Dr Abid Hasan Khan,1,1,0,0.7,1,1,1,5.7,81.42857143,,
,Dr Rayhan Islam,1,1,0,0.7,1,0.5,1,5.2,74.28571429,,
E03_P22_AL_VO_GM,Dr Mamun Mahmud,1,1,0,0.8,1,1,1,5.8,82.85714286,80.47619048,80.48
,Dr Abid Hasan Khan,1,1,0,0.8,1,1,1,5.8,82.85714286,,
,Dr Rayhan Islam,1,1,0,0.8,1,0.5,1,5.3,75.71428571,,
E03_P22_AR_VO_GM,Dr Mamun Mahmud,1,1,0,0.9,1,1,1,5.9,84.28571429,81.9047619,81.9
,Dr Abid Hasan Khan,1,1,0,0.9,1,1,1,5.9,84.28571429,,
,Dr Rayhan Islam,1,1,0,0.9,1,0.5,1,5.4,77.14285714,,
E03_P23_AF_VFL_GM,Dr Mamun Mahmud,1,1,0,0.4,1,1,1,5.4,77.14285714,77.14285714,77.14
,Dr Abid Hasan Khan,1,1,0,0.4,1,1,1,5.4,77.14285714,,
,Dr Rayhan Islam,1,1,0,0.4,1,1,1,5.4,77.14285714,,
E03_P23_AL_VFL_GM,Dr Mamun Mahmud,1,1,0,0.2,1,1,1,5.2,74.28571429,74.28571429,74.29
,Dr Abid Hasan Khan,1,1,0,0.2,1,1,1,5.2,74.28571429,,
,Dr Rayhan Islam,1,1,0,0.2,1,1,1,5.2,74.28571429,,
E03_P23_AR_VFL_GM,Dr Mamun Mahmud,1,1,0,0.2,1,1,1,5.2,74.28571429,74.28571429,74.29
,Dr Abid Hasan Khan,1,1,0,0.2,1,1,1,5.2,74.28571429,,
,Dr Rayhan Islam,1,1,0,0.2,1,1,1,5.2,74.28571429,,
E03_P23_AF_VHJ_GM,Dr Mamun Mahmud,1,1,0,0.9,1,1,1,5.9,84.28571429,84.28571429,84.29
,Dr Abid Hasan Khan,1,1,0,0.9,1,1,1,5.9,84.28571429,,
,Dr Rayhan Islam,1,1,0,0.9,1,1,1,5.9,84.28571429,,
E03_P23_AL_VHJ_GM,Dr Mamun Mahmud,1,1,0,0.9,1,1,1,5.9,84.28571429,84.28571429,84.29
,Dr Abid Hasan Khan,1,1,0,0.9,1,1,1,5.9,84.28571429,,
,Dr Rayhan Islam,1,1,0,0.9,1,1,1,5.9,84.28571429,,
E03_P23_AR_VHJ_GM,Dr Mamun Mahmud,1,1,0,0.9,1,1,1,5.9,84.28571429,84.28571429,84.29
,Dr Abid Hasan Khan,1,1,0,0.9,1,1,1,5.9,84.28571429,,
,Dr Rayhan Islam,1,1,0,0.9,1,1,1,5.9,84.28571429,,
E03_P23_AF_VLJ_GM,Dr Mamun Mahmud,1,1,1,1,1,1,1,7,100,100,100
,Dr Abid Hasan Khan,1,1,1,1,1,1,1,7,100,,
,Dr Rayhan Islam,1,1,1,1,1,1,1,7,100,,
E03_P23_AL_VLJ_GM,Dr Mamun Mahmud,1,1,0,0.9,1,1,1,5.9,84.28571429,84.28571429,84.29
,Dr Abid Hasan Khan,1,1,0,0.9,1,1,1,5.9,84.28571429,,
,Dr Rayhan Islam,1,1,0,0.9,1,1,1,5.9,84.28571429,,
E03_P23_AR_VLJ_GM,Dr Mamun Mahmud,1,1,0,0.9,1,1,1,5.9,84.28571429,84.28571429,84.29
,Dr Abid Hasan Khan,1,1,0,0.9,1,1,1,5.9,84.28571429,,
,Dr Rayhan Islam,1,1,0,0.9,1,1,1,5.9,84.28571429,,
E03_P23_AF_VLL_GM,Dr Mamun Mahmud,1,1,0,0.9,1,1,1,5.9,84.28571429,84.28571429,84.29
,Dr Abid Hasan Khan,1,1,0,0.9,1,1,1,5.9,84.28571429,,
,Dr Rayhan Islam,1,1,0,0.9,1,1,1,5.9,84.28571429,,
E03_P23_AL_VLL_GM,Dr Mamun Mahmud,1,1,0,0.9,1,1,1,5.9,84.28571429,84.28571429,84.29
,Dr Abid Hasan Khan,1,1,0,0.9,1,1,1,5.9,84.28571429,,
,Dr Rayhan Islam,1,1,0,0.9,1,1,1,5.9,84.28571429,,
E03_P23_AR_VLL_GM,Dr Mamun Mahmud,1,1,0,0.9,1,1,1,5.9,84.28571429,84.28571429,84.29
,Dr Abid Hasan Khan,1,1,0,0.9,1,1,1,5.9,84.28571429,,
,Dr Rayhan Islam,1,1,0,0.9,1,1,1,5.9,84.28571429,,
E03_P23_AF_VML_GM,Dr Mamun Mahmud,1,1,0,0.4,0.5,0.5,1,4.4,62.85714286,72.38095238,72.38
,Dr Abid Hasan Khan,1,1,0,0.4,1,1,1,5.4,77.14285714,,
,Dr Rayhan Islam,1,1,0,0.4,1,1,1,5.4,77.14285714,,
E03_P23_AL_VML_GM,Dr Mamun Mahmud,1,1,0,0.4,0.5,0.5,1,4.4,62.85714286,72.38095238,72.38
,Dr Abid Hasan Khan,1,1,0,0.4,1,1,1,5.4,77.14285714,,
,Dr Rayhan Islam,1,1,0,0.4,1,1,1,5.4,77.14285714,,
E03_P23_AR_VML_GM,Dr Mamun Mahmud,1,1,0,0.4,0.5,0.5,1,4.4,62.85714286,72.38095238,72.38
,Dr Abid Hasan Khan,1,1,0,0.4,1,1,1,5.4,77.14285714,,
,Dr Rayhan Islam,1,1,0,0.4,1,1,1,5.4,77.14285714,,
E03_P23_AF_VO_GM,Dr Mamun Mahmud,1,1,1,1,1,1,1,7,100,100,100
,Dr Abid Hasan Khan,1,1,1,1,1,1,1,7,100,,
,Dr Rayhan Islam,1,1,1,1,1,1,1,7,100,,
E03_P23_AL_VO_GM,Dr Mamun Mahmud,1,1,0,0.9,1,1,1,5.9,84.28571429,84.28571429,84.29
,Dr Abid Hasan Khan,1,1,0,0.9,1,1,1,5.9,84.28571429,,
,Dr Rayhan Islam,1,1,0,0.9,1,1,1,5.9,84.28571429,,
E03_P23_AR_VO_GM,Dr Mamun Mahmud,1,1,0,0.9,1,1,1,5.9,84.28571429,84.28571429,84.29
,Dr Abid Hasan Khan,1,1,0,0.9,1,1,1,5.9,84.28571429,,
,Dr Rayhan Islam,1,1,0,0.9,1,1,1,5.9,84.28571429,,
E03_P24_AF_VFL_GM,Dr Mamun Mahmud,1,1,0,0,1,1,1,5,71.42857143,71.42857143,71.43
,Dr Abid Hasan Khan,1,1,0,0,1,1,1,5,71.42857143,,
,Dr Rayhan Islam,1,1,0,0,1,1,1,5,71.42857143,,
E03_P24_AL_VFL_GM,Dr Mamun Mahmud,1,1,0,0,1,1,1,5,71.42857143,71.42857143,71.43
,Dr Abid Hasan Khan,1,1,0,0,1,1,1,5,71.42857143,,
,Dr Rayhan Islam,1,1,0,0,1,1,1,5,71.42857143,,
E03_P24_AF_VLL_GM,Dr Mamun Mahmud,1,1,0,0.1,0.5,1,1,4.6,65.71428571,70.47619048,70.48
,Dr Abid Hasan Khan,1,1,0,0.1,1,1,1,5.1,72.85714286,,
,Dr Rayhan Islam,1,1,0,0.1,1,1,1,5.1,72.85714286,,
E03_P24_AR_VLL_GM,Dr Mamun Mahmud,1,1,0,0.3,0.5,1,1,4.8,68.57142857,73.33333333,73.33
,Dr Abid Hasan Khan,1,1,0,0.3,1,1,1,5.3,75.71428571,,
,Dr Rayhan Islam,1,1,0,0.3,1,1,1,5.3,75.71428571,,
E03_P24_AF_VML_GM,Dr Mamun Mahmud,1,1,0,0,0.5,0.5,0.5,3.5,50,64.28571429,64.29
,Dr Abid Hasan Khan,1,1,0,0,1,1,1,5,71.42857143,,
,Dr Rayhan Islam,1,1,0,0,1,1,1,5,71.42857143,,
E03_P24_AL_VML_GM,Dr Mamun Mahmud,1,1,0,0,0.5,0.5,0.5,3.5,50,64.28571429,64.29
,Dr Abid Hasan Khan,1,1,0,0,1,1,1,5,71.42857143,,
,Dr Rayhan Islam,1,1,0,0,1,1,1,5,71.42857143,,
E04_P01_AF_VFL_GM,Dr Mamun Mahmud,1,1,0,0.8,1,0.5,1,5.3,75.71428571,78.0952381,78.1
,Dr Abid Hasan Khan,1,1,0,0.8,1,1,1,5.8,82.85714286,,
,Dr Rayhan Islam,1,1,0,0.8,1,0.5,1,5.3,75.71428571,,
E04_P01_AL_VFL_GM,Dr Mamun Mahmud,1,1,0,0.5,1,0.5,1,5,71.42857143,73.80952381,73.81
,Dr Abid Hasan Khan,1,1,0,0.5,1,1,1,5.5,78.57142857,,
,Dr Rayhan Islam,1,1,0,0.5,1,0.5,1,5,71.42857143,,
E04_P01_AR_VFL_GM,Dr Mamun Mahmud,1,1,0,0.7,1,0.5,1,5.2,74.28571429,76.66666667,76.67
,Dr Abid Hasan Khan,1,1,0,0.7,1,1,1,5.7,81.42857143,,
,Dr Rayhan Islam,1,1,0,0.7,1,0.5,1,5.2,74.28571429,,
E04_P01_AF_VHJ_GM,Dr Mamun Mahmud,1,1,0,0.8,1,1,1,5.8,82.85714286,80.47619048,80.48
,Dr Abid Hasan Khan,1,1,0,0.8,1,1,1,5.8,82.85714286,,
,Dr Rayhan Islam,1,1,0,0.8,1,0.5,1,5.3,75.71428571,,
E04_P01_AL_VHJ_GM,Dr Mamun Mahmud,1,1,0,0.6,1,1,1,5.6,80,77.61904762,77.62
,Dr Abid Hasan Khan,1,1,0,0.6,1,1,1,5.6,80,,
,Dr Rayhan Islam,1,1,0,0.6,1,0.5,1,5.1,72.85714286,,
E04_P01_AR_VHJ_GM,Dr Mamun Mahmud,1,1,0,0.9,1,1,1,5.9,84.28571429,81.9047619,81.9
,Dr Abid Hasan Khan,1,1,0,0.9,1,1,1,5.9,84.28571429,,
,Dr Rayhan Islam,1,1,0,0.9,1,0.5,1,5.4,77.14285714,,
E04_P01_AF_VLJ_GM,Dr Mamun Mahmud,1,1,0,0.6,1,1,1,5.6,80,77.61904762,77.62
,Dr Abid Hasan Khan,1,1,0,0.6,1,1,1,5.6,80,,
,Dr Rayhan Islam,1,1,0,0.6,1,0.5,1,5.1,72.85714286,,
E04_P01_AL_VLJ_GM,Dr Mamun Mahmud,1,1,0,0.4,1,1,1,5.4,77.14285714,74.76190476,74.76
,Dr Abid Hasan Khan,1,1,0,0.4,1,1,1,5.4,77.14285714,,
,Dr Rayhan Islam,1,1,0,0.4,1,0.5,1,4.9,70,,
E04_P01_AR_VLJ_GM,Dr Mamun Mahmud,1,1,0,0.6,1,1,1,5.6,80,77.61904762,77.62
,Dr Abid Hasan Khan,1,1,0,0.6,1,1,1,5.6,80,,
,Dr Rayhan Islam,1,1,0,0.6,1,0.5,1,5.1,72.85714286,,
E04_P01_AF_VLL_GM,Dr Mamun Mahmud,1,1,0,0.6,1,1,1,5.6,80,77.61904762,77.62
,Dr Abid Hasan Khan,1,1,0,0.6,1,1,1,5.6,80,,
,Dr Rayhan Islam,1,1,0,0.6,1,0.5,1,5.1,72.85714286,,
E04_P01_AL_VLL_GM,Dr Mamun Mahmud,1,1,0,0.6,1,1,1,5.6,80,77.61904762,77.62
,Dr Abid Hasan Khan,1,1,0,0.6,1,1,1,5.6,80,,
,Dr Rayhan Islam,1,1,0,0.6,1,0.5,1,5.1,72.85714286,,
E04_P01_AR_VLL_GM,Dr Mamun Mahmud,1,1,0,0.6,1,1,1,5.6,80,77.61904762,77.62
,Dr Abid Hasan Khan,1,1,0,0.6,1,1,1,5.6,80,,
,Dr Rayhan Islam,1,1,0,0.6,1,0.5,1,5.1,72.85714286,,
E04_P01_AF_VML_GM,Dr Mamun Mahmud,1,1,0,0.9,1,1,1,5.9,84.28571429,81.9047619,81.9
,Dr Abid Hasan Khan,1,1,0,0.9,1,1,1,5.9,84.28571429,,
,Dr Rayhan Islam,1,1,0,0.9,1,0.5,1,5.4,77.14285714,,
E04_P01_AL_VML_GM,Dr Mamun Mahmud,1,1,0,0.9,1,1,1,5.9,84.28571429,81.9047619,81.9
,Dr Abid Hasan Khan,1,1,0,0.9,1,1,1,5.9,84.28571429,,
,Dr Rayhan Islam,1,1,0,0.9,1,0.5,1,5.4,77.14285714,,
E04_P01_AR_VML_GM,Dr Mamun Mahmud,1,1,0,0.9,1,1,1,5.9,84.28571429,81.9047619,81.9
,Dr Abid Hasan Khan,1,1,0,0.9,1,1,1,5.9,84.28571429,,
,Dr Rayhan Islam,1,1,0,0.9,1,0.5,1,5.4,77.14285714,,
E04_P01_AF_VO_GM,Dr Mamun Mahmud,1,1,0,0.8,1,1,1,5.8,82.85714286,80.47619048,80.48
,Dr Abid Hasan Khan,1,1,0,0.8,1,1,1,5.8,82.85714286,,
,Dr Rayhan Islam,1,1,0,0.8,1,0.5,1,5.3,75.71428571,,
E04_P01_AL_VO_GM,Dr Mamun Mahmud,1,1,0,0.8,1,1,1,5.8,82.85714286,80.47619048,80.48
,Dr Abid Hasan Khan,1,1,0,0.8,1,1,1,5.8,82.85714286,,
,Dr Rayhan Islam,1,1,0,0.8,1,0.5,1,5.3,75.71428571,,
E04_P01_AR_VO_GM,Dr Mamun Mahmud,1,1,0,0.5,1,1,1,5.5,78.57142857,76.19047619,76.19
,Dr Abid Hasan Khan,1,1,0,0.5,1,1,1,5.5,78.57142857,,
,Dr Rayhan Islam,1,1,0,0.5,1,0.5,1,5,71.42857143,,
E04_P02_AF_VFL_GM,Dr Mamun Mahmud,1,1,0,0,1,0.5,1,4.5,64.28571429,66.66666667,66.67
,Dr Abid Hasan Khan,1,1,0,0,1,1,1,5,71.42857143,,
,Dr Rayhan Islam,1,1,0,0,1,0.5,1,4.5,64.28571429,,
E04_P02_AL_VFL_GM,Dr Mamun Mahmud,1,1,0,0,1,0.5,1,4.5,64.28571429,66.66666667,66.67
,Dr Abid Hasan Khan,1,1,0,0,1,1,1,5,71.42857143,,
,Dr Rayhan Islam,1,1,0,0,1,0.5,1,4.5,64.28571429,,
E04_P02_AR_VFL_GM,Dr Mamun Mahmud,1,1,0,0,1,0.5,1,4.5,64.28571429,66.66666667,66.67
,Dr Abid Hasan Khan,1,1,0,0,1,1,1,5,71.42857143,,
,Dr Rayhan Islam,1,1,0,0,1,0.5,1,4.5,64.28571429,,
E04_P02_AF_VHJ_GM,Dr Mamun Mahmud,1,1,0,0,1,0.5,1,4.5,64.28571429,66.66666667,66.67
,Dr Abid Hasan Khan,1,1,0,0,1,1,1,5,71.42857143,,
,Dr Rayhan Islam,1,1,0,0,1,0.5,1,4.5,64.28571429,,
E04_P02_AL_VHJ_GM,Dr Mamun Mahmud,1,1,0,0,1,0.5,1,4.5,64.28571429,66.66666667,66.67
,Dr Abid Hasan Khan,1,1,0,0,1,1,1,5,71.42857143,,
,Dr Rayhan Islam,1,1,0,0,1,0.5,1,4.5,64.28571429,,
E04_P02_AR_VHJ_GM,Dr Mamun Mahmud,1,1,0,0,1,0.5,1,4.5,64.28571429,66.66666667,66.67
,Dr Abid Hasan Khan,1,1,0,0,1,1,1,5,71.42857143,,
,Dr Rayhan Islam,1,1,0,0,1,0.5,1,4.5,64.28571429,,
E04_P02_AF_VLJ_GM,Dr Mamun Mahmud,1,1,0,0,1,0.5,1,4.5,64.28571429,66.66666667,66.67
,Dr Abid Hasan Khan,1,1,0,0,1,1,1,5,71.42857143,,
,Dr Rayhan Islam,1,1,0,0,1,0.5,1,4.5,64.28571429,,
E04_P02_AL_VLJ_GM,Dr Mamun Mahmud,1,1,0,0,1,0.5,1,4.5,64.28571429,66.66666667,66.67
,Dr Abid Hasan Khan,1,1,0,0,1,1,1,5,71.42857143,,
,Dr Rayhan Islam,1,1,0,0,1,0.5,1,4.5,64.28571429,,
E04_P02_AR_VLJ_GM,Dr Mamun Mahmud,1,1,0,0,1,0.5,1,4.5,64.28571429,66.66666667,66.67
,Dr Abid Hasan Khan,1,1,0,0,1,1,1,5,71.42857143,,
,Dr Rayhan Islam,1,1,0,0,1,0.5,1,4.5,64.28571429,,
E04_P02_AF_VLL_GM,Dr Mamun Mahmud,1,1,0,0,1,0.5,1,4.5,64.28571429,64.28571429,64.29
,Dr Abid Hasan Khan,1,1,0,0,0.5,1,1,4.5,64.28571429,,
,Dr Rayhan Islam,1,1,0,0,1,0.5,1,4.5,64.28571429,,
E04_P02_AL_VLL_GM,Dr Mamun Mahmud,1,1,0,0,1,0.5,1,4.5,64.28571429,64.28571429,64.29
,Dr Abid Hasan Khan,1,1,0,0,0.5,1,1,4.5,64.28571429,,
,Dr Rayhan Islam,1,1,0,0,1,0.5,1,4.5,64.28571429,,
E04_P02_AR_VLL_GM,Dr Mamun Mahmud,1,1,0,0,1,0.5,1,4.5,64.28571429,64.28571429,64.29
,Dr Abid Hasan Khan,1,1,0,0,0.5,1,1,4.5,64.28571429,,
,Dr Rayhan Islam,1,1,0,0,1,0.5,1,4.5,64.28571429,,
E04_P02_AF_VML_GM,Dr Mamun Mahmud,1,1,0,0,1,1,1,5,71.42857143,66.66666667,66.67
,Dr Abid Hasan Khan,1,1,0,0,0.5,1,1,4.5,64.28571429,,
,Dr Rayhan Islam,1,1,0,0,1,0.5,1,4.5,64.28571429,,
E04_P02_AL_VML_GM,Dr Mamun Mahmud,1,1,0,0,1,1,1,5,71.42857143,66.66666667,66.67
,Dr Abid Hasan Khan,1,1,0,0,0.5,1,1,4.5,64.28571429,,
,Dr Rayhan Islam,1,1,0,0,1,0.5,1,4.5,64.28571429,,
E04_P02_AR_VML_GM,Dr Mamun Mahmud,1,1,0,0,1,1,1,5,71.42857143,66.66666667,66.67
,Dr Abid Hasan Khan,1,1,0,0,0.5,1,1,4.5,64.28571429,,
,Dr Rayhan Islam,1,1,0,0,1,0.5,1,4.5,64.28571429,,
E04_P02_AF_VO_GM,Dr Mamun Mahmud,1,1,0,0.6,1,1,1,5.6,80,77.61904762,77.62
,Dr Abid Hasan Khan,1,1,0,0.6,1,1,1,5.6,80,,
,Dr Rayhan Islam,1,1,0,0.6,1,0.5,1,5.1,72.85714286,,
E04_P02_AL_VO_GM,Dr Mamun Mahmud,1,1,0,0.3,1,1,1,5.3,75.71428571,73.33333333,73.33
,Dr Abid Hasan Khan,1,1,0,0.3,1,1,1,5.3,75.71428571,,
,Dr Rayhan Islam,1,1,0,0.3,1,0.5,1,4.8,68.57142857,,
E04_P02_AR_VO_GM,Dr Mamun Mahmud,1,1,0,0.3,1,1,1,5.3,75.71428571,73.33333333,73.33
,Dr Abid Hasan Khan,1,1,0,0.3,1,1,1,5.3,75.71428571,,
,Dr Rayhan Islam,1,1,0,0.3,1,0.5,1,4.8,68.57142857,,
E04_P03_AF_VFL_GM,Dr Mamun Mahmud,1,1,0,0.9,1,1,1,5.9,84.28571429,81.9047619,81.9
,Dr Abid Hasan Khan,1,1,0,0.9,0.5,1,1,5.4,77.14285714,,
,Dr Rayhan Islam,1,1,0,0.9,1,1,1,5.9,84.28571429,,
E04_P03_AL_VFL_GM,Dr Mamun Mahmud,1,1,0,0.9,1,1,1,5.9,84.28571429,81.9047619,81.9
,Dr Abid Hasan Khan,1,1,0,0.9,0.5,1,1,5.4,77.14285714,,
,Dr Rayhan Islam,1,1,0,0.9,1,1,1,5.9,84.28571429,,
E04_P03_AR_VFL_GM,Dr Mamun Mahmud,1,1,0,0.9,1,1,1,5.9,84.28571429,81.9047619,81.9
,Dr Abid Hasan Khan,1,1,0,0.9,0.5,1,1,5.4,77.14285714,,
,Dr Rayhan Islam,1,1,0,0.9,1,1,1,5.9,84.28571429,,
E04_P03_AF_VHJ_GM,Dr Mamun Mahmud,1,1,0,0.2,1,0.5,1,4.7,67.14285714,67.14285714,67.14
,Dr Abid Hasan Khan,1,1,0,0.2,1,1,1,5.2,74.28571429,,
,Dr Rayhan Islam,1,1,0,0.2,1,0,1,4.2,60,,
E04_P03_AL_VHJ_GM,Dr Mamun Mahmud,1,1,0,0.9,1,0.5,1,5.4,77.14285714,77.14285714,77.14
,Dr Abid Hasan Khan,1,1,0,0.9,1,1,1,5.9,84.28571429,,
,Dr Rayhan Islam,1,1,0,0.9,1,0,1,4.9,70,,
E04_P03_AR_VHJ_GM,Dr Mamun Mahmud,1,1,0,0.7,1,0.5,1,5.2,74.28571429,74.28571429,74.29
,Dr Abid Hasan Khan,1,1,0,0.7,1,1,1,5.7,81.42857143,,
,Dr Rayhan Islam,1,1,0,0.7,1,0,1,4.7,67.14285714,,
E04_P03_AF_VLJ_GM,Dr Mamun Mahmud,1,1,0,0.6,1,1,1,5.6,80,75.23809524,75.24
,Dr Abid Hasan Khan,1,1,0,0.6,1,1,1,5.6,80,,
,Dr Rayhan Islam,1,1,0,0.6,1,0,1,4.6,65.71428571,,
E04_P03_AL_VLJ_GM,Dr Mamun Mahmud,1,1,0,0.8,1,1,1,5.8,82.85714286,78.0952381,78.1
,Dr Abid Hasan Khan,1,1,0,0.8,1,1,1,5.8,82.85714286,,
,Dr Rayhan Islam,1,1,0,0.8,1,0,1,4.8,68.57142857,,
E04_P03_AR_VLJ_GM,Dr Mamun Mahmud,1,1,0,0.9,1,1,1,5.9,84.28571429,79.52380952,79.52
,Dr Abid Hasan Khan,1,1,0,0.9,1,1,1,5.9,84.28571429,,
,Dr Rayhan Islam,1,1,0,0.9,1,0,1,4.9,70,,
E04_P03_AF_VLL_GM,Dr Mamun Mahmud,1,1,0,0.9,1,1,1,5.9,84.28571429,81.9047619,81.9
,Dr Abid Hasan Khan,1,1,0,0.9,1,1,1,5.9,84.28571429,,
,Dr Rayhan Islam,1,1,0,0.9,1,0.5,1,5.4,77.14285714,,
E04_P03_AL_VLL_GM,Dr Mamun Mahmud,1,1,0,0.9,1,1,1,5.9,84.28571429,81.9047619,81.9
,Dr Abid Hasan Khan,1,1,0,0.9,1,1,1,5.9,84.28571429,,
,Dr Rayhan Islam,1,1,0,0.9,1,0.5,1,5.4,77.14285714,,
E04_P03_AR_VLL_GM,Dr Mamun Mahmud,1,1,0,0.2,1,1,1,5.2,74.28571429,71.9047619,71.9
,Dr Abid Hasan Khan,1,1,0,0.2,1,1,1,5.2,74.28571429,,
,Dr Rayhan Islam,1,1,0,0.2,1,0.5,1,4.7,67.14285714,,
E04_P03_AF_VML_GM,Dr Mamun Mahmud,1,1,0,0.8,1,1,1,5.8,82.85714286,78.0952381,78.1
,Dr Abid Hasan Khan,1,1,0,0.8,0.5,1,1,5.3,75.71428571,,
,Dr Rayhan Islam,1,1,0,0.8,1,0.5,1,5.3,75.71428571,,
E04_P03_AL_VML_GM,Dr Mamun Mahmud,1,1,0,0.9,1,1,1,5.9,84.28571429,79.52380952,79.52
,Dr Abid Hasan Khan,1,1,0,0.9,0.5,1,1,5.4,77.14285714,,
,Dr Rayhan Islam,1,1,0,0.9,1,0.5,1,5.4,77.14285714,,
E04_P03_AR_VML_GM,Dr Mamun Mahmud,1,1,0,0.8,1,1,1,5.8,82.85714286,78.0952381,78.1
,Dr Abid Hasan Khan,1,1,0,0.8,0.5,1,1,5.3,75.71428571,,
,Dr Rayhan Islam,1,1,0,0.8,1,0.5,1,5.3,75.71428571,,
E04_P03_AF_VO_GM,Dr Mamun Mahmud,1,1,0,0.9,1,1,1,5.9,84.28571429,81.9047619,81.9
,Dr Abid Hasan Khan,1,1,0,0.9,1,1,1,5.9,84.28571429,,
,Dr Rayhan Islam,1,1,0,0.9,1,0.5,1,5.4,77.14285714,,
E04_P03_AL_VO_GM,Dr Mamun Mahmud,1,1,0,0.9,1,1,1,5.9,84.28571429,81.9047619,81.9
,Dr Abid Hasan Khan,1,1,0,0.9,1,1,1,5.9,84.28571429,,
,Dr Rayhan Islam,1,1,0,0.9,1,0.5,1,5.4,77.14285714,,
E04_P03_AR_VO_GM,Dr Mamun Mahmud,1,1,0,0.9,1,1,1,5.9,84.28571429,81.9047619,81.9
,Dr Abid Hasan Khan,1,1,0,0.9,1,1,1,5.9,84.28571429,,
,Dr Rayhan Islam,1,1,0,0.9,1,0.5,1,5.4,77.14285714,,
E04_P04_AF_VFL_GM,Dr Mamun Mahmud,1,1,0,0,1,0,1,4,57.14285714,57.14285714,57.14
,Dr Abid Hasan Khan,1,1,0,0,0.5,0.5,1,4,57.14285714,,
,Dr Rayhan Islam,1,1,0,0,0.5,0.5,1,4,57.14285714,,
E04_P04_AL_VFL_GM,Dr Mamun Mahmud,1,1,0,0,1,0,1,4,57.14285714,57.14285714,57.14
,Dr Abid Hasan Khan,1,1,0,0,0.5,0.5,1,4,57.14285714,,
,Dr Rayhan Islam,1,1,0,0,0.5,0.5,1,4,57.14285714,,
E04_P04_AR_VFL_GM,Dr Mamun Mahmud,1,1,0,0,1,0,1,4,57.14285714,57.14285714,57.14
,Dr Abid Hasan Khan,1,1,0,0,0.5,0.5,1,4,57.14285714,,
,Dr Rayhan Islam,1,1,0,0,0.5,0.5,1,4,57.14285714,,
E04_P04_AF_VHJ_GM,Dr Mamun Mahmud,1,1,0,0,1,0.5,1,4.5,64.28571429,66.66666667,66.67
,Dr Abid Hasan Khan,1,1,0,0,1,1,1,5,71.42857143,,
,Dr Rayhan Islam,1,1,0,0,1,0.5,1,4.5,64.28571429,,
E04_P04_AL_VHJ_GM,Dr Mamun Mahmud,1,1,0,0,1,0.5,1,4.5,64.28571429,66.66666667,66.67
,Dr Abid Hasan Khan,1,1,0,0,1,1,1,5,71.42857143,,
,Dr Rayhan Islam,1,1,0,0,1,0.5,1,4.5,64.28571429,,
E04_P04_AR_VHJ_GM,Dr Mamun Mahmud,1,1,0,0,1,0.5,1,4.5,64.28571429,66.66666667,66.67
,Dr Abid Hasan Khan,1,1,0,0,1,1,1,5,71.42857143,,
,Dr Rayhan Islam,1,1,0,0,1,0.5,1,4.5,64.28571429,,
E04_P04_AF_VLJ_GM,Dr Mamun Mahmud,1,1,0,0,1,0.5,1,4.5,64.28571429,66.66666667,66.67
,Dr Abid Hasan Khan,1,1,0,0,1,0.5,1,4.5,64.28571429,,
,Dr Rayhan Islam,1,1,0,0,1,1,1,5,71.42857143,,
E04_P04_AL_VLJ_GM,Dr Mamun Mahmud,1,1,0,0,1,0.5,1,4.5,64.28571429,66.66666667,66.67
,Dr Abid Hasan Khan,1,1,0,0,1,0.5,1,4.5,64.28571429,,
,Dr Rayhan Islam,1,1,0,0,1,1,1,5,71.42857143,,
E04_P04_AR_VLJ_GM,Dr Mamun Mahmud,1,1,0,0,1,0.5,1,4.5,64.28571429,66.66666667,66.67
,Dr Abid Hasan Khan,1,1,0,0,1,0.5,1,4.5,64.28571429,,
,Dr Rayhan Islam,1,1,0,0,1,1,1,5,71.42857143,,
E04_P04_AF_VLL_GM,Dr Mamun Mahmud,1,1,0,0,1,0.5,1,4.5,64.28571429,64.28571429,64.29
,Dr Abid Hasan Khan,1,1,0,0,1,0.5,1,4.5,64.28571429,,
,Dr Rayhan Islam,1,1,0,0,1,0.5,1,4.5,64.28571429,,
E04_P04_AL_VLL_GM,Dr Mamun Mahmud,1,1,0,0,1,0.5,1,4.5,64.28571429,64.28571429,64.29
,Dr Abid Hasan Khan,1,1,0,0,1,0.5,1,4.5,64.28571429,,
,Dr Rayhan Islam,1,1,0,0,1,0.5,1,4.5,64.28571429,,
E04_P04_AR_VLL_GM,Dr Mamun Mahmud,1,1,0,0,1,0.5,1,4.5,64.28571429,64.28571429,64.29
,Dr Abid Hasan Khan,1,1,0,0,1,0.5,1,4.5,64.28571429,,
,Dr Rayhan Islam,1,1,0,0,1,0.5,1,4.5,64.28571429,,
E04_P04_AF_VML_GM,Dr Mamun Mahmud,1,1,0,0,1,0.5,1,4.5,64.28571429,64.28571429,64.29
,Dr Abid Hasan Khan,1,1,0,0,1,0.5,1,4.5,64.28571429,,
,Dr Rayhan Islam,1,1,0,0,1,0.5,1,4.5,64.28571429,,
E04_P04_AL_VML_GM,Dr Mamun Mahmud,1,1,0,0,1,0.5,1,4.5,64.28571429,64.28571429,64.29
,Dr Abid Hasan Khan,1,1,0,0,1,0.5,1,4.5,64.28571429,,
,Dr Rayhan Islam,1,1,0,0,1,0.5,1,4.5,64.28571429,,
E04_P04_AR_VML_GM,Dr Mamun Mahmud,1,1,0,0,1,0.5,1,4.5,64.28571429,64.28571429,64.29
,Dr Abid Hasan Khan,1,1,0,0,1,0.5,1,4.5,64.28571429,,
,Dr Rayhan Islam,1,1,0,0,1,0.5,1,4.5,64.28571429,,
E04_P04_AF_VO_GM,Dr Mamun Mahmud,1,1,0,0,1,1,1,5,71.42857143,61.9047619,61.9
,Dr Abid Hasan Khan,1,1,0,0,1,0,1,4,57.14285714,,
,Dr Rayhan Islam,1,1,0,0,0.5,0.5,1,4,57.14285714,,
E04_P04_AL_VO_GM,Dr Mamun Mahmud,1,1,0,0,1,1,1,5,71.42857143,61.9047619,61.9
,Dr Abid Hasan Khan,1,1,0,0,1,0,1,4,57.14285714,,
,Dr Rayhan Islam,1,1,0,0,0.5,0.5,1,4,57.14285714,,
E04_P04_AR_VO_GM,Dr Mamun Mahmud,1,1,0,0,1,1,1,5,71.42857143,61.9047619,61.9
,Dr Abid Hasan Khan,1,1,0,0,1,0,1,4,57.14285714,,
,Dr Rayhan Islam,1,1,0,0,0.5,0.5,1,4,57.14285714,,
E04_P05_AF_VFL_GM,Dr Mamun Mahmud,1,1,1,1,1,0.5,1,6.5,92.85714286,92.85714286,92.86
,Dr Abid Hasan Khan,1,1,1,1,1,1,1,7,100,,
,Dr Rayhan Islam,1,1,1,1,0.5,0.5,1,6,85.71428571,,
E04_P05_AL_VFL_GM,Dr Mamun Mahmud,1,1,1,1,1,0.5,1,6.5,92.85714286,92.85714286,92.86
,Dr Abid Hasan Khan,1,1,1,1,1,1,1,7,100,,
,Dr Rayhan Islam,1,1,1,1,0.5,0.5,1,6,85.71428571,,
E04_P05_AR_VFL_GM,Dr Mamun Mahmud,1,1,1,1,1,0.5,1,6.5,92.85714286,92.85714286,92.86
,Dr Abid Hasan Khan,1,1,1,1,1,1,1,7,100,,
,Dr Rayhan Islam,1,1,1,1,0.5,0.5,1,6,85.71428571,,
E04_P05_AF_VHJ_GM,Dr Mamun Mahmud,1,1,1,1,1,0.5,1,6.5,92.85714286,90.47619048,90.48
,Dr Abid Hasan Khan,1,1,1,1,0.5,1,1,6.5,92.85714286,,
,Dr Rayhan Islam,1,1,1,1,0.5,0.5,1,6,85.71428571,,
E04_P05_AL_VHJ_GM,Dr Mamun Mahmud,1,1,1,1,1,0.5,1,6.5,92.85714286,90.47619048,90.48
,Dr Abid Hasan Khan,1,1,1,1,0.5,1,1,6.5,92.85714286,,
,Dr Rayhan Islam,1,1,1,1,0.5,0.5,1,6,85.71428571,,
E04_P05_AR_VHJ_GM,Dr Mamun Mahmud,1,1,0,0.6,1,0.5,1,5.1,72.85714286,70.47619048,70.48
,Dr Abid Hasan Khan,1,1,0,0.6,0.5,1,1,5.1,72.85714286,,
,Dr Rayhan Islam,1,1,0,0.6,0.5,0.5,1,4.6,65.71428571,,
E04_P05_AF_VLJ_GM,Dr Mamun Mahmud,1,1,1,1,1,1,1,7,100,95.23809524,95.24
,Dr Abid Hasan Khan,1,1,1,1,1,1,1,7,100,,
,Dr Rayhan Islam,1,1,1,1,0.5,0.5,1,6,85.71428571,,
E04_P05_AL_VLJ_GM,Dr Mamun Mahmud,1,1,1,1,1,1,1,7,100,95.23809524,95.24
,Dr Abid Hasan Khan,1,1,1,1,1,1,1,7,100,,
,Dr Rayhan Islam,1,1,1,1,0.5,0.5,1,6,85.71428571,,
E04_P05_AR_VLJ_GM,Dr Mamun Mahmud,1,1,1,1,1,1,1,7,100,95.23809524,95.24
,Dr Abid Hasan Khan,1,1,1,1,1,1,1,7,100,,
,Dr Rayhan Islam,1,1,1,1,0.5,0.5,1,6,85.71428571,,
E04_P05_AF_VLL_GM,Dr Mamun Mahmud,1,1,0,0.9,1,1,1,5.9,84.28571429,79.52380952,79.52
,Dr Abid Hasan Khan,1,1,0,0.9,1,1,1,5.9,84.28571429,,
,Dr Rayhan Islam,1,1,0,0.9,0.5,0.5,1,4.9,70,,
E04_P05_AL_VLL_GM,Dr Mamun Mahmud,1,1,0,0.8,1,1,1,5.8,82.85714286,78.0952381,78.1
,Dr Abid Hasan Khan,1,1,0,0.8,1,1,1,5.8,82.85714286,,
,Dr Rayhan Islam,1,1,0,0.8,0.5,0.5,1,4.8,68.57142857,,
E04_P05_AR_VLL_GM,Dr Mamun Mahmud,1,1,0,0.9,1,1,1,5.9,84.28571429,79.52380952,79.52
,Dr Abid Hasan Khan,1,1,0,0.9,1,1,1,5.9,84.28571429,,
,Dr Rayhan Islam,1,1,0,0.9,0.5,0.5,1,4.9,70,,
E04_P05_AF_VML_GM,Dr Mamun Mahmud,1,1,0,0.8,1,1,1,5.8,82.85714286,78.0952381,78.1
,Dr Abid Hasan Khan,1,1,0,0.8,1,1,1,5.8,82.85714286,,
,Dr Rayhan Islam,1,1,0,0.8,0.5,0.5,1,4.8,68.57142857,,
E04_P05_AL_VML_GM,Dr Mamun Mahmud,1,1,0,0.9,1,1,1,5.9,84.28571429,79.52380952,79.52
,Dr Abid Hasan Khan,1,1,0,0.9,1,1,1,5.9,84.28571429,,
,Dr Rayhan Islam,1,1,0,0.9,0.5,0.5,1,4.9,70,,
E04_P05_AR_VML_GM,Dr Mamun Mahmud,1,1,0,0.8,1,1,1,5.8,82.85714286,78.0952381,78.1
,Dr Abid Hasan Khan,1,1,0,0.8,1,1,1,5.8,82.85714286,,
,Dr Rayhan Islam,1,1,0,0.8,0.5,0.5,1,4.8,68.57142857,,
E04_P05_AF_VO_GM,Dr Mamun Mahmud,1,1,0,0.6,1,1,1,5.6,80,80,80
,Dr Abid Hasan Khan,1,1,0,0.6,1,1,1,5.6,80,,
,Dr Rayhan Islam,1,1,0,0.6,1,1,1,5.6,80,,
E04_P05_AL_VO_GM,Dr Mamun Mahmud,1,1,0,0.8,1,1,1,5.8,82.85714286,82.85714286,82.86
,Dr Abid Hasan Khan,1,1,0,0.8,1,1,1,5.8,82.85714286,,
,Dr Rayhan Islam,1,1,0,0.8,1,1,1,5.8,82.85714286,,
E04_P05_AR_VO_GM,Dr Mamun Mahmud,1,1,0,0.6,1,1,1,5.6,80,80,80
,Dr Abid Hasan Khan,1,1,0,0.6,1,1,1,5.6,80,,
,Dr Rayhan Islam,1,1,0,0.6,1,1,1,5.6,80,,
E04_P06_AF_VFL_GM,Dr Mamun Mahmud,1,1,1,1,1,1,1,7,100,100,100
,Dr Abid Hasan Khan,1,1,1,1,1,1,1,7,100,,
,Dr Rayhan Islam,1,1,1,1,1,1,1,7,100,,
E04_P06_AL_VFL_GM,Dr Mamun Mahmud,1,1,0,0.9,1,1,1,5.9,84.28571429,84.28571429,84.29
,Dr Abid Hasan Khan,1,1,0,0.9,1,1,1,5.9,84.28571429,,
,Dr Rayhan Islam,1,1,0,0.9,1,1,1,5.9,84.28571429,,
E04_P06_AR_VFL_GM,Dr Mamun Mahmud,1,1,0,0.9,1,1,1,5.9,84.28571429,84.28571429,84.29
,Dr Abid Hasan Khan,1,1,0,0.9,1,1,1,5.9,84.28571429,,
,Dr Rayhan Islam,1,1,0,0.9,1,1,1,5.9,84.28571429,,
E04_P06_AF_VHJ_GM,Dr Mamun Mahmud,1,1,0,0.9,1,1,1,5.9,84.28571429,84.28571429,84.29
,Dr Abid Hasan Khan,1,1,0,0.9,1,1,1,5.9,84.28571429,,
,Dr Rayhan Islam,1,1,0,0.9,1,1,1,5.9,84.28571429,,
E04_P06_AL_VHJ_GM,Dr Mamun Mahmud,1,1,0,0.8,1,1,1,5.8,82.85714286,82.85714286,82.86
,Dr Abid Hasan Khan,1,1,0,0.8,1,1,1,5.8,82.85714286,,
,Dr Rayhan Islam,1,1,0,0.8,1,1,1,5.8,82.85714286,,
E04_P06_AR_VHJ_GM,Dr Mamun Mahmud,1,1,0,0.9,1,1,1,5.9,84.28571429,84.28571429,84.29
,Dr Abid Hasan Khan,1,1,0,0.9,1,1,1,5.9,84.28571429,,
,Dr Rayhan Islam,1,1,0,0.9,1,1,1,5.9,84.28571429,,
E04_P06_AF_VLJ_GM,Dr Mamun Mahmud,1,1,1,1,1,1,1,7,100,100,100
,Dr Abid Hasan Khan,1,1,1,1,1,1,1,7,100,,
,Dr Rayhan Islam,1,1,1,1,1,1,1,7,100,,
E04_P06_AL_VLJ_GM,Dr Mamun Mahmud,1,1,0,0.7,1,1,1,5.7,81.42857143,81.42857143,81.43
,Dr Abid Hasan Khan,1,1,0,0.7,1,1,1,5.7,81.42857143,,
,Dr Rayhan Islam,1,1,0,0.7,1,1,1,5.7,81.42857143,,
E04_P06_AR_VLJ_GM,Dr Mamun Mahmud,1,1,0,0.6,1,1,1,5.6,80,80,80
,Dr Abid Hasan Khan,1,1,0,0.6,1,1,1,5.6,80,,
,Dr Rayhan Islam,1,1,0,0.6,1,1,1,5.6,80,,
E04_P06_AF_VLL_GM,Dr Mamun Mahmud,1,1,0,0.9,1,1,1,5.9,84.28571429,84.28571429,84.29
,Dr Abid Hasan Khan,1,1,0,0.9,1,1,1,5.9,84.28571429,,
,Dr Rayhan Islam,1,1,0,0.9,1,1,1,5.9,84.28571429,,
E04_P06_AL_VLL_GM,Dr Mamun Mahmud,1,1,0,0.8,1,1,1,5.8,82.85714286,82.85714286,82.86
,Dr Abid Hasan Khan,1,1,0,0.8,1,1,1,5.8,82.85714286,,
,Dr Rayhan Islam,1,1,0,0.8,1,1,1,5.8,82.85714286,,
E04_P06_AR_VLL_GM,Dr Mamun Mahmud,1,1,0,0.6,1,1,1,5.6,80,80,80
,Dr Abid Hasan Khan,1,1,0,0.6,1,1,1,5.6,80,,
,Dr Rayhan Islam,1,1,0,0.6,1,1,1,5.6,80,,
E04_P06_AF_VML_GM,Dr Mamun Mahmud,1,1,0,0.9,1,1,1,5.9,84.28571429,84.28571429,84.29
,Dr Abid Hasan Khan,1,1,0,0.9,1,1,1,5.9,84.28571429,,
,Dr Rayhan Islam,1,1,0,0.9,1,1,1,5.9,84.28571429,,
E04_P06_AL_VML_GM,Dr Mamun Mahmud,1,1,0,0.9,1,1,1,5.9,84.28571429,84.28571429,84.29
,Dr Abid Hasan Khan,1,1,0,0.9,1,1,1,5.9,84.28571429,,
,Dr Rayhan Islam,1,1,0,0.9,1,1,1,5.9,84.28571429,,
E04_P06_AR_VML_GM,Dr Mamun Mahmud,1,1,0,0.7,1,1,1,5.7,81.42857143,81.42857143,81.43
,Dr Abid Hasan Khan,1,1,0,0.7,1,1,1,5.7,81.42857143,,
,Dr Rayhan Islam,1,1,0,0.7,1,1,1,5.7,81.42857143,,
E04_P06_AF_VO_GM,Dr Mamun Mahmud,1,1,0,0.9,1,1,1,5.9,84.28571429,84.28571429,84.29
,Dr Abid Hasan Khan,1,1,0,0.9,1,1,1,5.9,84.28571429,,
,Dr Rayhan Islam,1,1,0,0.9,1,1,1,5.9,84.28571429,,
E04_P06_AL_VO_GM,Dr Mamun Mahmud,1,1,0,0.8,1,1,1,5.8,82.85714286,82.85714286,82.86
,Dr Abid Hasan Khan,1,1,0,0.8,1,1,1,5.8,82.85714286,,
,Dr Rayhan Islam,1,1,0,0.8,1,1,1,5.8,82.85714286,,
E04_P06_AR_VO_GM,Dr Mamun Mahmud,1,1,0,0.2,1,1,1,5.2,74.28571429,74.28571429,74.29
,Dr Abid Hasan Khan,1,1,0,0.2,1,1,1,5.2,74.28571429,,
,Dr Rayhan Islam,1,1,0,0.2,1,1,1,5.2,74.28571429,,
E04_P07_AF_VFL_GM,Dr Mamun Mahmud,1,1,0,0.1,1,0.5,1,4.6,65.71428571,65.71428571,65.71
,Dr Abid Hasan Khan,1,1,0,0.1,0.5,0.5,1,4.1,58.57142857,,
,Dr Rayhan Islam,1,1,0,0.1,1,1,1,5.1,72.85714286,,
E04_P07_AL_VFL_GM,Dr Mamun Mahmud,1,1,0,0.2,1,0.5,1,4.7,67.14285714,67.14285714,67.14
,Dr Abid Hasan Khan,1,1,0,0.2,0.5,0.5,1,4.2,60,,
,Dr Rayhan Islam,1,1,0,0.2,1,1,1,5.2,74.28571429,,
E04_P07_AR_VFL_GM,Dr Mamun Mahmud,1,1,0,0.1,1,0.5,1,4.6,65.71428571,65.71428571,65.71
,Dr Abid Hasan Khan,1,1,0,0.1,0.5,0.5,1,4.1,58.57142857,,
,Dr Rayhan Islam,1,1,0,0.1,1,1,1,5.1,72.85714286,,
E04_P07_AF_VHJ_GM,Dr Mamun Mahmud,1,1,0,0,0.5,0.5,1,4,57.14285714,57.14285714,57.14
,Dr Abid Hasan Khan,1,1,0,0,0.5,0.5,1,4,57.14285714,,
,Dr Rayhan Islam,1,1,0,0,0.5,0.5,1,4,57.14285714,,
E04_P07_AL_VHJ_GM,Dr Mamun Mahmud,1,1,0,0,0.5,0.5,1,4,57.14285714,57.14285714,57.14
,Dr Abid Hasan Khan,1,1,0,0,0.5,0.5,1,4,57.14285714,,
,Dr Rayhan Islam,1,1,0,0,0.5,0.5,1,4,57.14285714,,
E04_P07_AR_VHJ_GM,Dr Mamun Mahmud,1,1,0,0,0.5,0.5,1,4,57.14285714,57.14285714,57.14
,Dr Abid Hasan Khan,1,1,0,0,0.5,0.5,1,4,57.14285714,,
,Dr Rayhan Islam,1,1,0,0,0.5,0.5,1,4,57.14285714,,
E04_P07_AF_VLJ_GM,Dr Mamun Mahmud,1,1,0,0,0.5,0.5,1,4,57.14285714,66.66666667,66.67
,Dr Abid Hasan Khan,1,1,0,0,1,1,1,5,71.42857143,,
,Dr Rayhan Islam,1,1,0,0,1,1,1,5,71.42857143,,
E04_P07_AL_VLJ_GM,Dr Mamun Mahmud,1,1,0,0,0.5,0.5,1,4,57.14285714,66.66666667,66.67
,Dr Abid Hasan Khan,1,1,0,0,1,1,1,5,71.42857143,,
,Dr Rayhan Islam,1,1,0,0,1,1,1,5,71.42857143,,
E04_P07_AR_VLJ_GM,Dr Mamun Mahmud,1,1,0,0,0.5,0.5,1,4,57.14285714,66.66666667,66.67
,Dr Abid Hasan Khan,1,1,0,0,1,1,1,5,71.42857143,,
,Dr Rayhan Islam,1,1,0,0,1,1,1,5,71.42857143,,
E04_P07_AF_VLL_GM,Dr Mamun Mahmud,1,1,0,0.4,1,1,1,5.4,77.14285714,77.14285714,77.14
,Dr Abid Hasan Khan,1,1,0,0.4,1,1,1,5.4,77.14285714,,
,Dr Rayhan Islam,1,1,0,0.4,1,1,1,5.4,77.14285714,,
E04_P07_AL_VLL_GM,Dr Mamun Mahmud,1,1,0,0.1,1,1,1,5.1,72.85714286,72.85714286,72.86
,Dr Abid Hasan Khan,1,1,0,0.1,1,1,1,5.1,72.85714286,,
,Dr Rayhan Islam,1,1,0,0.1,1,1,1,5.1,72.85714286,,
E04_P07_AR_VLL_GM,Dr Mamun Mahmud,1,1,0,0.1,1,1,1,5.1,72.85714286,72.85714286,72.86
,Dr Abid Hasan Khan,1,1,0,0.1,1,1,1,5.1,72.85714286,,
,Dr Rayhan Islam,1,1,0,0.1,1,1,1,5.1,72.85714286,,
E04_P07_AF_VML_GM,Dr Mamun Mahmud,1,1,0,0.3,1,0.5,1,4.8,68.57142857,70.95238095,70.95
,Dr Abid Hasan Khan,1,1,0,0.3,1,1,1,5.3,75.71428571,,
,Dr Rayhan Islam,1,1,0,0.3,1,0.5,1,4.8,68.57142857,,
E04_P07_AL_VML_GM,Dr Mamun Mahmud,1,1,0,0.1,1,0.5,1,4.6,65.71428571,68.0952381,68.1
,Dr Abid Hasan Khan,1,1,0,0.1,1,1,1,5.1,72.85714286,,
,Dr Rayhan Islam,1,1,0,0.1,1,0.5,1,4.6,65.71428571,,
E04_P07_AR_VML_GM,Dr Mamun Mahmud,1,1,0,0.1,1,0.5,1,4.6,65.71428571,68.0952381,68.1
,Dr Abid Hasan Khan,1,1,0,0.1,1,1,1,5.1,72.85714286,,
,Dr Rayhan Islam,1,1,0,0.1,1,0.5,1,4.6,65.71428571,,
E04_P07_AF_VO_GM,Dr Mamun Mahmud,1,1,0,0.1,1,0.5,1,4.6,65.71428571,70.47619048,70.48
,Dr Abid Hasan Khan,1,1,0,0.1,1,1,1,5.1,72.85714286,,
,Dr Rayhan Islam,1,1,0,0.1,1,1,1,5.1,72.85714286,,
E04_P07_AL_VO_GM,Dr Mamun Mahmud,1,1,0,0,1,0.5,1,4.5,64.28571429,69.04761905,69.05
,Dr Abid Hasan Khan,1,1,0,0,1,1,1,5,71.42857143,,
,Dr Rayhan Islam,1,1,0,0,1,1,1,5,71.42857143,,
E04_P07_AR_VO_GM,Dr Mamun Mahmud,1,1,0,0,1,0.5,1,4.5,64.28571429,69.04761905,69.05
,Dr Abid Hasan Khan,1,1,0,0,1,1,1,5,71.42857143,,
,Dr Rayhan Islam,1,1,0,0,1,1,1,5,71.42857143,,
E04_P08_AF_VFL_GM,Dr Mamun Mahmud,1,1,0,0.5,1,1,1,5.5,78.57142857,78.57142857,78.57
,Dr Abid Hasan Khan,1,1,0,0.5,1,1,1,5.5,78.57142857,,
,Dr Rayhan Islam,1,1,0,0.5,1,1,1,5.5,78.57142857,,
E04_P08_AL_VFL_GM,Dr Mamun Mahmud,1,1,0,0.9,1,1,1,5.9,84.28571429,84.28571429,84.29
,Dr Abid Hasan Khan,1,1,0,0.9,1,1,1,5.9,84.28571429,,
,Dr Rayhan Islam,1,1,0,0.9,1,1,1,5.9,84.28571429,,
E04_P08_AR_VFL_GM,Dr Mamun Mahmud,1,1,0,0.9,1,1,1,5.9,84.28571429,84.28571429,84.29
,Dr Abid Hasan Khan,1,1,0,0.9,1,1,1,5.9,84.28571429,,
,Dr Rayhan Islam,1,1,0,0.9,1,1,1,5.9,84.28571429,,
E04_P08_AF_VHJ_GM,Dr Mamun Mahmud,1,1,0,0.3,1,1,1,5.3,75.71428571,73.33333333,73.33
,Dr Abid Hasan Khan,1,1,0,0.3,1,1,1,5.3,75.71428571,,
,Dr Rayhan Islam,1,1,0,0.3,1,0.5,1,4.8,68.57142857,,
E04_P08_AL_VHJ_GM,Dr Mamun Mahmud,1,1,0,0.5,1,1,1,5.5,78.57142857,76.19047619,76.19
,Dr Abid Hasan Khan,1,1,0,0.5,1,1,1,5.5,78.57142857,,
,Dr Rayhan Islam,1,1,0,0.5,1,0.5,1,5,71.42857143,,
E04_P08_AR_VHJ_GM,Dr Mamun Mahmud,1,1,0,0.2,1,1,1,5.2,74.28571429,71.9047619,71.9
,Dr Abid Hasan Khan,1,1,0,0.2,1,1,1,5.2,74.28571429,,
,Dr Rayhan Islam,1,1,0,0.2,1,0.5,1,4.7,67.14285714,,
E04_P08_AF_VLJ_GM,Dr Mamun Mahmud,1,1,0,0.2,1,1,1,5.2,74.28571429,74.28571429,74.29
,Dr Abid Hasan Khan,1,1,0,0.2,1,1,1,5.2,74.28571429,,
,Dr Rayhan Islam,1,1,0,0.2,1,1,1,5.2,74.28571429,,
E04_P08_AL_VLJ_GM,Dr Mamun Mahmud,1,1,0,0.3,1,1,1,5.3,75.71428571,75.71428571,75.71
,Dr Abid Hasan Khan,1,1,0,0.3,1,1,1,5.3,75.71428571,,
,Dr Rayhan Islam,1,1,0,0.3,1,1,1,5.3,75.71428571,,
E04_P08_AR_VLJ_GM,Dr Mamun Mahmud,1,1,0,0.2,1,1,1,5.2,74.28571429,74.28571429,74.29
,Dr Abid Hasan Khan,1,1,0,0.2,1,1,1,5.2,74.28571429,,
,Dr Rayhan Islam,1,1,0,0.2,1,1,1,5.2,74.28571429,,
E04_P08_AF_VLL_GM,Dr Mamun Mahmud,1,1,0,0.2,1,1,1,5.2,74.28571429,74.28571429,74.29
,Dr Abid Hasan Khan,1,1,0,0.2,1,1,1,5.2,74.28571429,,
,Dr Rayhan Islam,1,1,0,0.2,1,1,1,5.2,74.28571429,,
E04_P08_AL_VLL_GM,Dr Mamun Mahmud,1,1,0,0.4,1,1,1,5.4,77.14285714,77.14285714,77.14
,Dr Abid Hasan Khan,1,1,0,0.4,1,1,1,5.4,77.14285714,,
,Dr Rayhan Islam,1,1,0,0.4,1,1,1,5.4,77.14285714,,
E04_P08_AR_VLL_GM,Dr Mamun Mahmud,1,1,0,0.4,1,1,1,5.4,77.14285714,77.14285714,77.14
,Dr Abid Hasan Khan,1,1,0,0.4,1,1,1,5.4,77.14285714,,
,Dr Rayhan Islam,1,1,0,0.4,1,1,1,5.4,77.14285714,,
E04_P08_AF_VML_GM,Dr Mamun Mahmud,1,1,0,0.8,1,1,1,5.8,82.85714286,82.85714286,82.86
,Dr Abid Hasan Khan,1,1,0,0.8,1,1,1,5.8,82.85714286,,
,Dr Rayhan Islam,1,1,0,0.8,1,1,1,5.8,82.85714286,,
E04_P08_AL_VML_GM,Dr Mamun Mahmud,1,1,0,0.9,1,1,1,5.9,84.28571429,84.28571429,84.29
,Dr Abid Hasan Khan,1,1,0,0.9,1,1,1,5.9,84.28571429,,
,Dr Rayhan Islam,1,1,0,0.9,1,1,1,5.9,84.28571429,,
E04_P08_AR_VML_GM,Dr Mamun Mahmud,1,1,0,0.8,1,1,1,5.8,82.85714286,82.85714286,82.86
,Dr Abid Hasan Khan,1,1,0,0.8,1,1,1,5.8,82.85714286,,
,Dr Rayhan Islam,1,1,0,0.8,1,1,1,5.8,82.85714286,,
E04_P08_AF_VO_GM,Dr Mamun Mahmud,1,1,0,0.1,1,1,1,5.1,72.85714286,72.85714286,72.86
,Dr Abid Hasan Khan,1,1,0,0.1,1,1,1,5.1,72.85714286,,
,Dr Rayhan Islam,1,1,0,0.1,1,1,1,5.1,72.85714286,,
E04_P08_AL_VO_GM,Dr Mamun Mahmud,1,1,0,0.1,1,1,1,5.1,72.85714286,72.85714286,72.86
,Dr Abid Hasan Khan,1,1,0,0.1,1,1,1,5.1,72.85714286,,
,Dr Rayhan Islam,1,1,0,0.1,1,1,1,5.1,72.85714286,,
E04_P08_AR_VO_GM,Dr Mamun Mahmud,1,1,0,0,1,1,1,5,71.42857143,71.42857143,71.43
,Dr Abid Hasan Khan,1,1,0,0,1,1,1,5,71.42857143,,
,Dr Rayhan Islam,1,1,0,0,1,1,1,5,71.42857143,,
E04_P09_AF_VFL_GF,Dr Mamun Mahmud,1,1,0,0.8,0.5,1,1,5.3,75.71428571,75.71428571,75.71
,Dr Abid Hasan Khan,1,1,0,0.8,0.5,1,1,5.3,75.71428571,,
,Dr Rayhan Islam,1,1,0,0.8,1,0.5,1,5.3,75.71428571,,
E04_P09_AL_VFL_GF,Dr Mamun Mahmud,1,1,0,0.9,0.5,1,1,5.4,77.14285714,77.14285714,77.14
,Dr Abid Hasan Khan,1,1,0,0.9,0.5,1,1,5.4,77.14285714,,
,Dr Rayhan Islam,1,1,0,0.9,1,0.5,1,5.4,77.14285714,,
E04_P09_AR_VFL_GF,Dr Mamun Mahmud,1,1,0,0.9,0.5,1,1,5.4,77.14285714,77.14285714,77.14
,Dr Abid Hasan Khan,1,1,0,0.9,0.5,1,1,5.4,77.14285714,,
,Dr Rayhan Islam,1,1,0,0.9,1,0.5,1,5.4,77.14285714,,
E04_P09_AF_VLL_GF,Dr Mamun Mahmud,1,1,0,0.9,1,1,1,5.9,84.28571429,84.28571429,84.29
,Dr Abid Hasan Khan,1,1,0,0.9,1,1,1,5.9,84.28571429,,
,Dr Rayhan Islam,1,1,0,0.9,1,1,1,5.9,84.28571429,,
E04_P09_AL_VLL_GF,Dr Mamun Mahmud,1,1,0,0.9,1,1,1,5.9,84.28571429,84.28571429,84.29
,Dr Abid Hasan Khan,1,1,0,0.9,1,1,1,5.9,84.28571429,,
,Dr Rayhan Islam,1,1,0,0.9,1,1,1,5.9,84.28571429,,
E04_P09_AR_VLL_GF,Dr Mamun Mahmud,1,1,0,0.9,1,1,1,5.9,84.28571429,84.28571429,84.29
,Dr Abid Hasan Khan,1,1,0,0.9,1,1,1,5.9,84.28571429,,
,Dr Rayhan Islam,1,1,0,0.9,1,1,1,5.9,84.28571429,,
E04_P09_AF_VML_GF,Dr Mamun Mahmud,1,1,0,0.9,1,1,1,5.9,84.28571429,84.28571429,84.29
,Dr Abid Hasan Khan,1,1,0,0.9,1,1,1,5.9,84.28571429,,
,Dr Rayhan Islam,1,1,0,0.9,1,1,1,5.9,84.28571429,,
E04_P09_AL_VML_GF,Dr Mamun Mahmud,1,1,0,0.7,1,1,1,5.7,81.42857143,81.42857143,81.43
,Dr Abid Hasan Khan,1,1,0,0.7,1,1,1,5.7,81.42857143,,
,Dr Rayhan Islam,1,1,0,0.7,1,1,1,5.7,81.42857143,,
E04_P09_AR_VML_GF,Dr Mamun Mahmud,1,1,0,0.9,1,1,1,5.9,84.28571429,84.28571429,84.29
,Dr Abid Hasan Khan,1,1,0,0.9,1,1,1,5.9,84.28571429,,
,Dr Rayhan Islam,1,1,0,0.9,1,1,1,5.9,84.28571429,,
E04_P09_AF_VO_GF,Dr Mamun Mahmud,1,1,1,1,1,1,1,7,100,97.61904762,97.62
,Dr Abid Hasan Khan,1,1,1,1,1,1,1,7,100,,
,Dr Rayhan Islam,1,1,1,1,0.5,1,1,6.5,92.85714286,,
E04_P09_AL_VO_GF,Dr Mamun Mahmud,1,1,1,1,1,1,1,7,100,97.61904762,97.62
,Dr Abid Hasan Khan,1,1,1,1,1,1,1,7,100,,
,Dr Rayhan Islam,1,1,1,1,0.5,1,1,6.5,92.85714286,,
E04_P09_AR_VO_GF,Dr Mamun Mahmud,1,1,1,1,1,1,1,7,100,97.61904762,97.62
,Dr Abid Hasan Khan,1,1,1,1,1,1,1,7,100,,
,Dr Rayhan Islam,1,1,1,1,0.5,1,1,6.5,92.85714286,,
E04_P10_AF_VFL_GF,Dr Mamun Mahmud,1,1,0,0.9,1,1,1,5.9,84.28571429,81.9047619,81.9
,Dr Abid Hasan Khan,1,1,0,0.9,1,1,1,5.9,84.28571429,,
,Dr Rayhan Islam,1,1,0,0.9,1,0.5,1,5.4,77.14285714,,
E04_P10_AL_VFL_GF,Dr Mamun Mahmud,1,1,0,0.9,1,1,1,5.9,84.28571429,81.9047619,81.9
,Dr Abid Hasan Khan,1,1,0,0.9,1,1,1,5.9,84.28571429,,
,Dr Rayhan Islam,1,1,0,0.9,1,0.5,1,5.4,77.14285714,,
E04_P10_AR_VFL_GF,Dr Mamun Mahmud,1,1,1,1,1,1,1,7,100,97.61904762,97.62
,Dr Abid Hasan Khan,1,1,1,1,1,1,1,7,100,,
,Dr Rayhan Islam,1,1,1,1,1,0.5,1,6.5,92.85714286,,
E04_P10_AF_VLL_GF,Dr Mamun Mahmud,1,1,0,0.7,1,1,1,5.7,81.42857143,79.04761905,79.05
,Dr Abid Hasan Khan,1,1,0,0.7,1,0.5,1,5.2,74.28571429,,
,Dr Rayhan Islam,1,1,0,0.7,1,1,1,5.7,81.42857143,,
E04_P10_AL_VLL_GF,Dr Mamun Mahmud,1,1,0,0.7,1,1,1,5.7,81.42857143,79.04761905,79.05
,Dr Abid Hasan Khan,1,1,0,0.7,1,0.5,1,5.2,74.28571429,,
,Dr Rayhan Islam,1,1,0,0.7,1,1,1,5.7,81.42857143,,
E04_P10_AR_VLL_GF,Dr Mamun Mahmud,1,1,0,0.7,1,1,1,5.7,81.42857143,79.04761905,79.05
,Dr Abid Hasan Khan,1,1,0,0.7,1,0.5,1,5.2,74.28571429,,
,Dr Rayhan Islam,1,1,0,0.7,1,1,1,5.7,81.42857143,,
E04_P10_AF_VML_GF,Dr Mamun Mahmud,1,1,0,0.9,1,1,1,5.9,84.28571429,81.9047619,81.9
,Dr Abid Hasan Khan,1,1,0,0.9,1,0.5,1,5.4,77.14285714,,
,Dr Rayhan Islam,1,1,0,0.9,1,1,1,5.9,84.28571429,,
E04_P10_AL_VML_GF,Dr Mamun Mahmud,1,1,0,0,1,1,1,5,71.42857143,69.04761905,69.05
,Dr Abid Hasan Khan,1,1,0,0,1,0.5,1,4.5,64.28571429,,
,Dr Rayhan Islam,1,1,0,0,1,1,1,5,71.42857143,,
E04_P10_AR_VML_GF,Dr Mamun Mahmud,1,1,0,0,1,1,1,5,71.42857143,69.04761905,69.05
,Dr Abid Hasan Khan,1,1,0,0,1,0.5,1,4.5,64.28571429,,
,Dr Rayhan Islam,1,1,0,0,1,1,1,5,71.42857143,,
E04_P10_AF_VO_GF,Dr Mamun Mahmud,1,1,0,0.9,1,1,1,5.9,84.28571429,77.61904762,77.62
,Dr Abid Hasan Khan,1,1,0,0.9,1,0.5,1,5.4,77.14285714,,
,Dr Rayhan Islam,1,1,0,0,1,1,1,5,71.42857143,,
E04_P10_AL_VO_GF,Dr Mamun Mahmud,1,1,0,0,1,1,1,5,71.42857143,69.04761905,69.05
,Dr Abid Hasan Khan,1,1,0,0,1,0.5,1,4.5,64.28571429,,
,Dr Rayhan Islam,1,1,0,0,1,1,1,5,71.42857143,,
E04_P10_AR_VO_GF,Dr Mamun Mahmud,1,1,0,0,1,1,1,5,71.42857143,69.04761905,69.05
,Dr Abid Hasan Khan,1,1,0,0,1,0.5,1,4.5,64.28571429,,
,Dr Rayhan Islam,1,1,0,0,1,1,1,5,71.42857143,,
E04_P11_AF_VFL_GF,Dr Mamun Mahmud,1,1,0,0,1,0.5,1,4.5,64.28571429,69.04761905,69.05
,Dr Abid Hasan Khan,1,1,0,0,1,1,1,5,71.42857143,,
,Dr Rayhan Islam,1,1,0,0,1,1,1,5,71.42857143,,
E04_P11_AL_VFL_GF,Dr Mamun Mahmud,1,1,0,0,1,0.5,1,4.5,64.28571429,69.04761905,69.05
,Dr Abid Hasan Khan,1,1,0,0,1,1,1,5,71.42857143,,
,Dr Rayhan Islam,1,1,0,0,1,1,1,5,71.42857143,,
E04_P11_AR_VFL_GF,Dr Mamun Mahmud,1,1,0,0,1,0.5,1,4.5,64.28571429,69.04761905,69.05
,Dr Abid Hasan Khan,1,1,0,0,1,1,1,5,71.42857143,,
,Dr Rayhan Islam,1,1,0,0,1,1,1,5,71.42857143,,
E04_P11_AF_VLL_GF,Dr Mamun Mahmud,1,1,0,0.4,1,0.5,1,4.9,70,74.76190476,74.76
,Dr Abid Hasan Khan,1,1,0,0.4,1,1,1,5.4,77.14285714,,
,Dr Rayhan Islam,1,1,0,0.4,1,1,1,5.4,77.14285714,,
E04_P11_AL_VLL_GF,Dr Mamun Mahmud,1,1,0,0.8,1,0.5,1,5.3,75.71428571,80.47619048,80.48
,Dr Abid Hasan Khan,1,1,0,0.8,1,1,1,5.8,82.85714286,,
,Dr Rayhan Islam,1,1,0,0.8,1,1,1,5.8,82.85714286,,
E04_P11_AR_VLL_GF,Dr Mamun Mahmud,1,1,0,0.8,1,0.5,1,5.3,75.71428571,80.47619048,80.48
,Dr Abid Hasan Khan,1,1,0,0.8,1,1,1,5.8,82.85714286,,
,Dr Rayhan Islam,1,1,0,0.8,1,1,1,5.8,82.85714286,,
E04_P11_AF_VML_GF,Dr Mamun Mahmud,1,1,0,0,1,1,1,5,71.42857143,71.42857143,71.43
,Dr Abid Hasan Khan,1,1,0,0,1,1,1,5,71.42857143,,
,Dr Rayhan Islam,1,1,0,0,1,1,1,5,71.42857143,,
E04_P11_AL_VML_GF,Dr Mamun Mahmud,1,1,0,0,1,1,1,5,71.42857143,71.42857143,71.43
,Dr Abid Hasan Khan,1,1,0,0,1,1,1,5,71.42857143,,
,Dr Rayhan Islam,1,1,0,0,1,1,1,5,71.42857143,,
E04_P11_AR_VML_GF,Dr Mamun Mahmud,1,1,0,0,1,1,1,5,71.42857143,71.42857143,71.43
,Dr Abid Hasan Khan,1,1,0,0,1,1,1,5,71.42857143,,
,Dr Rayhan Islam,1,1,0,0,1,1,1,5,71.42857143,,
E04_P11_AF_VO_GF,Dr Mamun Mahmud,1,1,0,0,1,0.5,1,4.5,64.28571429,69.04761905,69.05
,Dr Abid Hasan Khan,1,1,0,0,1,1,1,5,71.42857143,,
,Dr Rayhan Islam,1,1,0,0,1,1,1,5,71.42857143,,
E04_P11_AL_VO_GF,Dr Mamun Mahmud,1,1,0,0,1,0.5,1,4.5,64.28571429,69.04761905,69.05
,Dr Abid Hasan Khan,1,1,0,0,1,1,1,5,71.42857143,,
,Dr Rayhan Islam,1,1,0,0,1,1,1,5,71.42857143,,
E04_P11_AR_VO_GF,Dr Mamun Mahmud,1,1,0,0,1,0.5,1,4.5,64.28571429,69.04761905,69.05
,Dr Abid Hasan Khan,1,1,0,0,1,1,1,5,71.42857143,,
,Dr Rayhan Islam,1,1,0,0,1,1,1,5,71.42857143,,
E04_P12_AF_VFL_GF,Dr Mamun Mahmud,1,1,1,1,1,1,1,7,100,100,100
,Dr Abid Hasan Khan,1,1,1,1,1,1,1,7,100,,
,Dr Rayhan Islam,1,1,1,1,1,1,1,7,100,,
E04_P12_AL_VFL_GF,Dr Mamun Mahmud,1,1,0,0.9,1,1,1,5.9,84.28571429,84.28571429,84.29
,Dr Abid Hasan Khan,1,1,0,0.9,1,1,1,5.9,84.28571429,,
,Dr Rayhan Islam,1,1,0,0.9,1,1,1,5.9,84.28571429,,
E04_P12_AR_VFL_GF,Dr Mamun Mahmud,1,1,0,0.9,1,1,1,5.9,84.28571429,84.28571429,84.29
,Dr Abid Hasan Khan,1,1,0,0.9,1,1,1,5.9,84.28571429,,
,Dr Rayhan Islam,1,1,0,0.9,1,1,1,5.9,84.28571429,,
E04_P12_AF_VLL_GF,Dr Mamun Mahmud,1,1,0,0.5,1,1,1,5.5,78.57142857,78.57142857,78.57
,Dr Abid Hasan Khan,1,1,0,0.5,1,1,1,5.5,78.57142857,,
,Dr Rayhan Islam,1,1,0,0.5,1,1,1,5.5,78.57142857,,
E04_P12_AL_VLL_GF,Dr Mamun Mahmud,1,1,0,0.9,1,1,1,5.9,84.28571429,84.28571429,84.29
,Dr Abid Hasan Khan,1,1,0,0.9,1,1,1,5.9,84.28571429,,
,Dr Rayhan Islam,1,1,0,0.9,1,1,1,5.9,84.28571429,,
E04_P12_AR_VLL_GF,Dr Mamun Mahmud,1,1,0,0.9,1,1,1,5.9,84.28571429,84.28571429,84.29
,Dr Abid Hasan Khan,1,1,0,0.9,1,1,1,5.9,84.28571429,,
,Dr Rayhan Islam,1,1,0,0.9,1,1,1,5.9,84.28571429,,
E04_P12_AF_VML_GF,Dr Mamun Mahmud,1,1,0,0.8,1,1,1,5.8,82.85714286,82.85714286,82.86
,Dr Abid Hasan Khan,1,1,0,0.8,1,1,1,5.8,82.85714286,,
,Dr Rayhan Islam,1,1,0,0.8,1,1,1,5.8,82.85714286,,
E04_P12_AL_VML_GF,Dr Mamun Mahmud,1,1,1,1,1,1,1,7,100,100,100
,Dr Abid Hasan Khan,1,1,1,1,1,1,1,7,100,,
,Dr Rayhan Islam,1,1,1,1,1,1,1,7,100,,
E04_P12_AR_VML_GF,Dr Mamun Mahmud,1,1,0,0.9,1,1,1,5.9,84.28571429,84.28571429,84.29
,Dr Abid Hasan Khan,1,1,0,0.9,1,1,1,5.9,84.28571429,,
,Dr Rayhan Islam,1,1,0,0.9,1,1,1,5.9,84.28571429,,
E04_P12_AF_VO_GF,Dr Mamun Mahmud,1,1,1,1,1,1,1,7,100,100,100
,Dr Abid Hasan Khan,1,1,1,1,1,1,1,7,100,,
,Dr Rayhan Islam,1,1,1,1,1,1,1,7,100,,
E04_P12_AL_VO_GF,Dr Mamun Mahmud,1,1,1,1,1,1,1,7,100,100,100
,Dr Abid Hasan Khan,1,1,1,1,1,1,1,7,100,,
,Dr Rayhan Islam,1,1,1,1,1,1,1,7,100,,
E04_P12_AR_VO_GF,Dr Mamun Mahmud,1,1,1,1,1,1,1,7,100,100,100
,Dr Abid Hasan Khan,1,1,1,1,1,1,1,7,100,,
,Dr Rayhan Islam,1,1,1,1,1,1,1,7,100,,
E04_P13_AF_VFL_GF,Dr Mamun Mahmud,1,1,0,0.9,1,1,1,5.9,84.28571429,84.28571429,84.29
,Dr Abid Hasan Khan,1,1,0,0.9,1,1,1,5.9,84.28571429,,
,Dr Rayhan Islam,1,1,0,0.9,1,1,1,5.9,84.28571429,,
E04_P13_AL_VFL_GF,Dr Mamun Mahmud,1,1,0,0.9,1,1,1,5.9,84.28571429,84.28571429,84.29
,Dr Abid Hasan Khan,1,1,0,0.9,1,1,1,5.9,84.28571429,,
,Dr Rayhan Islam,1,1,0,0.9,1,1,1,5.9,84.28571429,,
E04_P13_AR_VFL_GF,Dr Mamun Mahmud,1,1,0,0.4,1,1,1,5.4,77.14285714,77.14285714,77.14
,Dr Abid Hasan Khan,1,1,0,0.4,1,1,1,5.4,77.14285714,,
,Dr Rayhan Islam,1,1,0,0.4,1,1,1,5.4,77.14285714,,
E04_P13_AF_VHJ_GF,Dr Mamun Mahmud,1,1,0,0.2,1,1,1,5.2,74.28571429,74.28571429,74.29
,Dr Abid Hasan Khan,1,1,0,0.2,1,1,1,5.2,74.28571429,,
,Dr Rayhan Islam,1,1,0,0.2,1,1,1,5.2,74.28571429,,
E04_P13_AL_VHJ_GF,Dr Mamun Mahmud,1,1,0,0.2,1,1,1,5.2,74.28571429,74.28571429,74.29
,Dr Abid Hasan Khan,1,1,0,0.2,1,1,1,5.2,74.28571429,,
,Dr Rayhan Islam,1,1,0,0.2,1,1,1,5.2,74.28571429,,
E04_P13_AR_VHJ_GF,Dr Mamun Mahmud,1,1,0,0.2,1,1,1,5.2,74.28571429,74.28571429,74.29
,Dr Abid Hasan Khan,1,1,0,0.2,1,1,1,5.2,74.28571429,,
,Dr Rayhan Islam,1,1,0,0.2,1,1,1,5.2,74.28571429,,
E04_P13_AF_VLJ_GF,Dr Mamun Mahmud,1,1,0,0.8,1,0.5,1,5.3,75.71428571,80.47619048,80.48
,Dr Abid Hasan Khan,1,1,0,0.8,1,1,1,5.8,82.85714286,,
,Dr Rayhan Islam,1,1,0,0.8,1,1,1,5.8,82.85714286,,
E04_P13_AL_VLJ_GF,Dr Mamun Mahmud,1,1,0,0.8,1,0.5,1,5.3,75.71428571,80.47619048,80.48
,Dr Abid Hasan Khan,1,1,0,0.8,1,1,1,5.8,82.85714286,,
,Dr Rayhan Islam,1,1,0,0.8,1,1,1,5.8,82.85714286,,
E04_P13_AR_VLJ_GF,Dr Mamun Mahmud,1,1,0,0.2,1,0.5,1,4.7,67.14285714,71.9047619,71.9
,Dr Abid Hasan Khan,1,1,0,0.2,1,1,1,5.2,74.28571429,,
,Dr Rayhan Islam,1,1,0,0.2,1,1,1,5.2,74.28571429,,
E04_P13_AF_VLL_GF,Dr Mamun Mahmud,1,1,0,0.7,1,1,1,5.7,81.42857143,81.42857143,81.43
,Dr Abid Hasan Khan,1,1,0,0.7,1,1,1,5.7,81.42857143,,
,Dr Rayhan Islam,1,1,0,0.7,1,1,1,5.7,81.42857143,,
E04_P13_AL_VLL_GF,Dr Mamun Mahmud,1,1,0,0.8,1,1,1,5.8,82.85714286,82.85714286,82.86
,Dr Abid Hasan Khan,1,1,0,0.8,1,1,1,5.8,82.85714286,,
,Dr Rayhan Islam,1,1,0,0.8,1,1,1,5.8,82.85714286,,
E04_P13_AR_VLL_GF,Dr Mamun Mahmud,1,1,0,0.8,1,1,1,5.8,82.85714286,82.85714286,82.86
,Dr Abid Hasan Khan,1,1,0,0.8,1,1,1,5.8,82.85714286,,
,Dr Rayhan Islam,1,1,0,0.8,1,1,1,5.8,82.85714286,,
E04_P13_AF_VML_GF,Dr Mamun Mahmud,1,1,0,0.2,1,1,1,5.2,74.28571429,74.28571429,74.29
,Dr Abid Hasan Khan,1,1,0,0.2,1,1,1,5.2,74.28571429,,
,Dr Rayhan Islam,1,1,0,0.2,1,1,1,5.2,74.28571429,,
E04_P13_AL_VML_GF,Dr Mamun Mahmud,1,1,0,0.8,1,1,1,5.8,82.85714286,82.85714286,82.86
,Dr Abid Hasan Khan,1,1,0,0.8,1,1,1,5.8,82.85714286,,
,Dr Rayhan Islam,1,1,0,0.8,1,1,1,5.8,82.85714286,,
E04_P13_AR_VML_GF,Dr Mamun Mahmud,1,1,0,0.5,1,1,1,5.5,78.57142857,78.57142857,78.57
,Dr Abid Hasan Khan,1,1,0,0.5,1,1,1,5.5,78.57142857,,
,Dr Rayhan Islam,1,1,0,0.5,1,1,1,5.5,78.57142857,,
E04_P13_AF_VO_GF,Dr Mamun Mahmud,1,1,0,0.2,1,1,1,5.2,74.28571429,74.28571429,74.29
,Dr Abid Hasan Khan,1,1,0,0.2,1,1,1,5.2,74.28571429,,
,Dr Rayhan Islam,1,1,0,0.2,1,1,1,5.2,74.28571429,,
E04_P13_AL_VO_GF,Dr Mamun Mahmud,1,1,0,0,1,1,1,5,71.42857143,71.42857143,71.43
,Dr Abid Hasan Khan,1,1,0,0,1,1,1,5,71.42857143,,
,Dr Rayhan Islam,1,1,0,0,1,1,1,5,71.42857143,,
E04_P13_AR_VO_GF,Dr Mamun Mahmud,1,1,0,0,1,1,1,5,71.42857143,71.42857143,71.43
,Dr Abid Hasan Khan,1,1,0,0,1,1,1,5,71.42857143,,
,Dr Rayhan Islam,1,1,0,0,1,1,1,5,71.42857143,,
E04_P14_AF_VFL_GF,Dr Mamun Mahmud,1,1,0,0,1,0.5,1,4.5,64.28571429,66.66666667,66.67
,Dr Abid Hasan Khan,1,1,0,0,1,1,1,5,71.42857143,,
,Dr Rayhan Islam,1,1,0,0,1,0.5,1,4.5,64.28571429,,
E04_P14_AL_VFL_GF,Dr Mamun Mahmud,1,1,0,0,1,0.5,1,4.5,64.28571429,66.66666667,66.67
,Dr Abid Hasan Khan,1,1,0,0,1,1,1,5,71.42857143,,
,Dr Rayhan Islam,1,1,0,0,1,0.5,1,4.5,64.28571429,,
E04_P14_AR_VFL_GF,Dr Mamun Mahmud,1,1,0,0,1,0.5,1,4.5,64.28571429,66.66666667,66.67
,Dr Abid Hasan Khan,1,1,0,0,1,1,1,5,71.42857143,,
,Dr Rayhan Islam,1,1,0,0,1,0.5,1,4.5,64.28571429,,
E04_P14_AF_VLJ_GF,Dr Mamun Mahmud,1,1,0,0,1,0.5,1,4.5,64.28571429,66.66666667,66.67
,Dr Abid Hasan Khan,1,1,0,0,1,1,1,5,71.42857143,,
,Dr Rayhan Islam,1,1,0,0,1,0.5,1,4.5,64.28571429,,
E04_P14_AL_VLJ_GF,Dr Mamun Mahmud,1,1,0,0,1,0.5,1,4.5,64.28571429,66.66666667,66.67
,Dr Abid Hasan Khan,1,1,0,0,1,1,1,5,71.42857143,,
,Dr Rayhan Islam,1,1,0,0,1,0.5,1,4.5,64.28571429,,
E04_P14_AR_VLJ_GF,Dr Mamun Mahmud,1,1,0,0,1,0.5,1,4.5,64.28571429,66.66666667,66.67
,Dr Abid Hasan Khan,1,1,0,0,1,1,1,5,71.42857143,,
,Dr Rayhan Islam,1,1,0,0,1,0.5,1,4.5,64.28571429,,
E04_P14_AF_VLL_GF,Dr Mamun Mahmud,1,1,0,0,1,0.5,1,4.5,64.28571429,69.04761905,69.05
,Dr Abid Hasan Khan,1,1,0,0,1,1,1,5,71.42857143,,
,Dr Rayhan Islam,1,1,0,0,1,1,1,5,71.42857143,,
E04_P14_AL_VLL_GF,Dr Mamun Mahmud,1,1,0,0,1,0.5,1,4.5,64.28571429,69.04761905,69.05
,Dr Abid Hasan Khan,1,1,0,0,1,1,1,5,71.42857143,,
,Dr Rayhan Islam,1,1,0,0,1,1,1,5,71.42857143,,
E04_P14_AR_VLL_GF,Dr Mamun Mahmud,1,1,0,0,1,0.5,1,4.5,64.28571429,69.04761905,69.05
,Dr Abid Hasan Khan,1,1,0,0,1,1,1,5,71.42857143,,
,Dr Rayhan Islam,1,1,0,0,1,1,1,5,71.42857143,,
E04_P14_AF_VML_GF,Dr Mamun Mahmud,1,1,0,0,1,0.5,1,4.5,64.28571429,69.04761905,69.05
,Dr Abid Hasan Khan,1,1,0,0,1,1,1,5,71.42857143,,
,Dr Rayhan Islam,1,1,0,0,1,1,1,5,71.42857143,,
E04_P14_AL_VML_GF,Dr Mamun Mahmud,1,1,0,0,1,0.5,1,4.5,64.28571429,69.04761905,69.05
,Dr Abid Hasan Khan,1,1,0,0,1,1,1,5,71.42857143,,
,Dr Rayhan Islam,1,1,0,0,1,1,1,5,71.42857143,,
E04_P14_AR_VML_GF,Dr Mamun Mahmud,1,1,0,0,1,0.5,1,4.5,64.28571429,69.04761905,69.05
,Dr Abid Hasan Khan,1,1,0,0,1,1,1,5,71.42857143,,
,Dr Rayhan Islam,1,1,0,0,1,1,1,5,71.42857143,,
E04_P15_AF_VFL_GF,Dr Mamun Mahmud,1,1,0,0.4,1,1,1,5.4,77.14285714,77.14285714,77.14
,Dr Abid Hasan Khan,1,1,0,0.4,1,1,1,5.4,77.14285714,,
,Dr Rayhan Islam,1,1,0,0.4,1,1,1,5.4,77.14285714,,
E04_P15_AL_VFL_GF,Dr Mamun Mahmud,1,1,0,0.2,1,1,1,5.2,74.28571429,74.28571429,74.29
,Dr Abid Hasan Khan,1,1,0,0.2,1,1,1,5.2,74.28571429,,
,Dr Rayhan Islam,1,1,0,0.2,1,1,1,5.2,74.28571429,,
E04_P15_AR_VFL_GF,Dr Mamun Mahmud,1,1,0,0.1,1,1,1,5.1,72.85714286,72.85714286,72.86
,Dr Abid Hasan Khan,1,1,0,0.1,1,1,1,5.1,72.85714286,,
,Dr Rayhan Islam,1,1,0,0.1,1,1,1,5.1,72.85714286,,
E04_P15_AF_VLJ_GF,Dr Mamun Mahmud,1,1,0,0.1,1,1,1,5.1,72.85714286,72.85714286,72.86
,Dr Abid Hasan Khan,1,1,0,0.1,1,1,1,5.1,72.85714286,,
,Dr Rayhan Islam,1,1,0,0.1,1,1,1,5.1,72.85714286,,
E04_P15_AL_VLJ_GF,Dr Mamun Mahmud,1,1,0,0.1,1,1,1,5.1,72.85714286,72.85714286,72.86
,Dr Abid Hasan Khan,1,1,0,0.1,1,1,1,5.1,72.85714286,,
,Dr Rayhan Islam,1,1,0,0.1,1,1,1,5.1,72.85714286,,
E04_P15_AR_VLJ_GF,Dr Mamun Mahmud,1,1,0,0,1,1,1,5,71.42857143,71.42857143,71.43
,Dr Abid Hasan Khan,1,1,0,0,1,1,1,5,71.42857143,,
,Dr Rayhan Islam,1,1,0,0,1,1,1,5,71.42857143,,
E04_P15_AF_VLL_GF,Dr Mamun Mahmud,1,1,0,0,1,1,1,5,71.42857143,69.04761905,69.05
,Dr Abid Hasan Khan,1,1,0,0,1,1,1,5,71.42857143,,
,Dr Rayhan Islam,1,1,0,0,1,0.5,1,4.5,64.28571429,,
E04_P15_AL_VLL_GF,Dr Mamun Mahmud,1,1,0,0,1,1,1,5,71.42857143,69.04761905,69.05
,Dr Abid Hasan Khan,1,1,0,0,1,1,1,5,71.42857143,,
,Dr Rayhan Islam,1,1,0,0,1,0.5,1,4.5,64.28571429,,
E04_P15_AR_VLL_GF,Dr Mamun Mahmud,1,1,0,0,1,1,1,5,71.42857143,69.04761905,69.05
,Dr Abid Hasan Khan,1,1,0,0,1,1,1,5,71.42857143,,
,Dr Rayhan Islam,1,1,0,0,1,0.5,1,4.5,64.28571429,,
E04_P15_AF_VML_GF,Dr Mamun Mahmud,1,1,0,0.1,1,1,1,5.1,72.85714286,72.85714286,72.86
,Dr Abid Hasan Khan,1,1,0,0.1,1,1,1,5.1,72.85714286,,
,Dr Rayhan Islam,1,1,0,0.1,1,1,1,5.1,72.85714286,,
E04_P15_AL_VML_GF,Dr Mamun Mahmud,1,1,0,0,1,1,1,5,71.42857143,71.42857143,71.43
,Dr Abid Hasan Khan,1,1,0,0,1,1,1,5,71.42857143,,
,Dr Rayhan Islam,1,1,0,0,1,1,1,5,71.42857143,,
E04_P15_AR_VML_GF,Dr Mamun Mahmud,1,1,0,0.1,1,1,1,5.1,72.85714286,72.85714286,72.86
,Dr Abid Hasan Khan,1,1,0,0.1,1,1,1,5.1,72.85714286,,
,Dr Rayhan Islam,1,1,0,0.1,1,1,1,5.1,72.85714286,,
E04_P16_AF_VFL_GF,Dr Mamun Mahmud,1,1,0,0.2,1,1,1,5.2,74.28571429,71.9047619,71.9
,Dr Abid Hasan Khan,1,1,0,0.2,1,1,0.5,4.7,67.14285714,,
,Dr Rayhan Islam,1,1,0,0.2,1,1,1,5.2,74.28571429,,
E04_P16_AL_VFL_GF,Dr Mamun Mahmud,1,1,0,0.3,1,1,1,5.3,75.71428571,73.33333333,73.33
,Dr Abid Hasan Khan,1,1,0,0.3,1,1,0.5,4.8,68.57142857,,
,Dr Rayhan Islam,1,1,0,0.3,1,1,1,5.3,75.71428571,,
E04_P16_AR_VFL_GF,Dr Mamun Mahmud,1,1,0,0.1,1,1,1,5.1,72.85714286,70.47619048,70.48
,Dr Abid Hasan Khan,1,1,0,0.1,1,1,0.5,4.6,65.71428571,,
,Dr Rayhan Islam,1,1,0,0.1,1,1,1,5.1,72.85714286,,
E04_P16_AF_VHJ_GF,Dr Mamun Mahmud,1,1,0,0.1,1,1,1,5.1,72.85714286,68.0952381,68.1
,Dr Abid Hasan Khan,1,1,0,0.1,1,1,0.5,4.6,65.71428571,,
,Dr Rayhan Islam,1,1,0,0.1,1,0.5,1,4.6,65.71428571,,
E04_P16_AL_VHJ_GF,Dr Mamun Mahmud,1,1,0,0,1,1,1,5,71.42857143,66.66666667,66.67
,Dr Abid Hasan Khan,1,1,0,0,1,1,0.5,4.5,64.28571429,,
,Dr Rayhan Islam,1,1,0,0,1,0.5,1,4.5,64.28571429,,
E04_P16_AR_VHJ_GF,Dr Mamun Mahmud,1,1,0,0,1,1,1,5,71.42857143,66.66666667,66.67
,Dr Abid Hasan Khan,1,1,0,0,1,1,0.5,4.5,64.28571429,,
,Dr Rayhan Islam,1,1,0,0,1,0.5,1,4.5,64.28571429,,
E04_P16_AF_VLJ_GF,Dr Mamun Mahmud,1,1,0,0.2,1,0.5,1,4.7,67.14285714,69.52380952,69.52
,Dr Abid Hasan Khan,1,1,0,0.2,1,1,0.5,4.7,67.14285714,,
,Dr Rayhan Islam,1,1,0,0.2,1,1,1,5.2,74.28571429,,
E04_P16_AL_VLJ_GF,Dr Mamun Mahmud,1,1,0,0.2,1,0.5,1,4.7,67.14285714,69.52380952,69.52
,Dr Abid Hasan Khan,1,1,0,0.2,1,1,0.5,4.7,67.14285714,,
,Dr Rayhan Islam,1,1,0,0.2,1,1,1,5.2,74.28571429,,
E04_P16_AR_VLJ_GF,Dr Mamun Mahmud,1,1,0,0.1,1,0.5,1,4.6,65.71428571,68.0952381,68.1
,Dr Abid Hasan Khan,1,1,0,0.1,1,1,0.5,4.6,65.71428571,,
,Dr Rayhan Islam,1,1,0,0.1,1,1,1,5.1,72.85714286,,
E04_P16_AF_VLL_GF,Dr Mamun Mahmud,1,1,0,0.7,1,1,1,5.7,81.42857143,76.66666667,76.67
,Dr Abid Hasan Khan,1,1,0,0.7,1,0.5,0.5,4.7,67.14285714,,
,Dr Rayhan Islam,1,1,0,0.7,1,1,1,5.7,81.42857143,,
E04_P16_AL_VLL_GF,Dr Mamun Mahmud,1,1,0,0.5,1,1,1,5.5,78.57142857,73.80952381,73.81
,Dr Abid Hasan Khan,1,1,0,0.5,1,0.5,0.5,4.5,64.28571429,,
,Dr Rayhan Islam,1,1,0,0.5,1,1,1,5.5,78.57142857,,
E04_P16_AR_VLL_GF,Dr Mamun Mahmud,1,1,0,0.9,1,1,1,5.9,84.28571429,79.52380952,79.52
,Dr Abid Hasan Khan,1,1,0,0.9,1,0.5,0.5,4.9,70,,
,Dr Rayhan Islam,1,1,0,0.9,1,1,1,5.9,84.28571429,,
E04_P16_AF_VML_GF,Dr Mamun Mahmud,1,1,0,0.4,1,1,1,5.4,77.14285714,74.76190476,74.76
,Dr Abid Hasan Khan,1,1,0,0.4,1,1,0.5,4.9,70,,
,Dr Rayhan Islam,1,1,0,0.4,1,1,1,5.4,77.14285714,,
E04_P16_AL_VML_GF,Dr Mamun Mahmud,1,1,0,0,1,1,1,5,71.42857143,69.04761905,69.05
,Dr Abid Hasan Khan,1,1,0,0,1,1,0.5,4.5,64.28571429,,
,Dr Rayhan Islam,1,1,0,0,1,1,1,5,71.42857143,,
E04_P16_AR_VML_GF,Dr Mamun Mahmud,1,1,0,0.4,1,1,1,5.4,77.14285714,74.76190476,74.76
,Dr Abid Hasan Khan,1,1,0,0.4,1,1,0.5,4.9,70,,
,Dr Rayhan Islam,1,1,0,0.4,1,1,1,5.4,77.14285714,,
E04_P16_AF_VO_GF,Dr Mamun Mahmud,1,1,0,0.5,1,1,1,5.5,78.57142857,76.19047619,76.19
,Dr Abid Hasan Khan,1,1,0,0.5,1,1,0.5,5,71.42857143,,
,Dr Rayhan Islam,1,1,0,0.5,1,1,1,5.5,78.57142857,,
E04_P16_AL_VO_GF,Dr Mamun Mahmud,1,1,0,0.5,1,1,1,5.5,78.57142857,76.19047619,76.19
,Dr Abid Hasan Khan,1,1,0,0.5,1,1,0.5,5,71.42857143,,
,Dr Rayhan Islam,1,1,0,0.5,1,1,1,5.5,78.57142857,,
E04_P16_AR_VO_GF,Dr Mamun Mahmud,1,1,0,0.4,1,1,1,5.4,77.14285714,74.76190476,74.76
,Dr Abid Hasan Khan,1,1,0,0.4,1,1,0.5,4.9,70,,
,Dr Rayhan Islam,1,1,0,0.4,1,1,1,5.4,77.14285714,,
E04_P17_AF_VFL_GM,Dr Mamun Mahmud,1,1,0,0,1,1,1,5,71.42857143,71.42857143,71.43
,Dr Abid Hasan Khan,1,1,0,0,1,1,1,5,71.42857143,,
,Dr Rayhan Islam,1,1,0,0,1,1,1,5,71.42857143,,
E04_P17_AL_VFL_GM,Dr Mamun Mahmud,1,1,0,0,1,1,1,5,71.42857143,71.42857143,71.43
,Dr Abid Hasan Khan,1,1,0,0,1,1,1,5,71.42857143,,
,Dr Rayhan Islam,1,1,0,0,1,1,1,5,71.42857143,,
E04_P17_AR_VFL_GM,Dr Mamun Mahmud,1,1,0,0,1,1,1,5,71.42857143,71.42857143,71.43
,Dr Abid Hasan Khan,1,1,0,0,1,1,1,5,71.42857143,,
,Dr Rayhan Islam,1,1,0,0,1,1,1,5,71.42857143,,
E04_P17_AF_VHJ_GM,Dr Mamun Mahmud,1,1,1,1,1,1,1,7,100,95.23809524,95.24
,Dr Abid Hasan Khan,1,1,1,1,1,1,1,7,100,,
,Dr Rayhan Islam,1,1,1,1,1,0.5,0.5,6,85.71428571,,
E04_P17_AL_VHJ_GM,Dr Mamun Mahmud,1,1,1,1,1,1,1,7,100,95.23809524,95.24
,Dr Abid Hasan Khan,1,1,1,1,1,1,1,7,100,,
,Dr Rayhan Islam,1,1,1,1,1,0.5,0.5,6,85.71428571,,
E04_P17_AR_VHJ_GM,Dr Mamun Mahmud,1,1,1,1,1,1,1,7,100,95.23809524,95.24
,Dr Abid Hasan Khan,1,1,1,1,1,1,1,7,100,,
,Dr Rayhan Islam,1,1,1,1,1,0.5,0.5,6,85.71428571,,
E04_P17_AF_VLJ_GM,Dr Mamun Mahmud,1,1,0,0.9,1,1,1,5.9,84.28571429,79.52380952,79.52
,Dr Abid Hasan Khan,1,1,0,0.9,1,1,1,5.9,84.28571429,,
,Dr Rayhan Islam,1,1,0,0.9,1,0.5,0.5,4.9,70,,
E04_P17_AL_VLJ_GM,Dr Mamun Mahmud,1,1,0,0.8,1,1,1,5.8,82.85714286,78.0952381,78.1
,Dr Abid Hasan Khan,1,1,0,0.8,1,1,1,5.8,82.85714286,,
,Dr Rayhan Islam,1,1,0,0.8,1,0.5,0.5,4.8,68.57142857,,
E04_P17_AR_VLJ_GM,Dr Mamun Mahmud,1,1,0,0.9,1,1,1,5.9,84.28571429,79.52380952,79.52
,Dr Abid Hasan Khan,1,1,0,0.9,1,1,1,5.9,84.28571429,,
,Dr Rayhan Islam,1,1,0,0.9,1,0.5,0.5,4.9,70,,
E04_P17_AF_VLL_GM,Dr Mamun Mahmud,1,1,0,0.9,1,1,1,5.9,84.28571429,84.28571429,84.29
,Dr Abid Hasan Khan,1,1,0,0.9,1,1,1,5.9,84.28571429,,
,Dr Rayhan Islam,1,1,0,0.9,1,1,1,5.9,84.28571429,,
E04_P17_AL_VLL_GM,Dr Mamun Mahmud,1,1,0,0.9,1,1,1,5.9,84.28571429,84.28571429,84.29
,Dr Abid Hasan Khan,1,1,0,0.9,1,1,1,5.9,84.28571429,,
,Dr Rayhan Islam,1,1,0,0.9,1,1,1,5.9,84.28571429,,
E04_P17_AF_VML_GM,Dr Mamun Mahmud,1,1,0,0.8,1,1,1,5.8,82.85714286,78.0952381,78.1
,Dr Abid Hasan Khan,1,1,0,0.8,1,1,1,5.8,82.85714286,,
,Dr Rayhan Islam,1,1,0,0.8,1,0.5,0.5,4.8,68.57142857,,
E04_P17_AL_VML_GM,Dr Mamun Mahmud,1,1,0,0.9,1,1,1,5.9,84.28571429,79.52380952,79.52
,Dr Abid Hasan Khan,1,1,0,0.9,1,1,1,5.9,84.28571429,,
,Dr Rayhan Islam,1,1,0,0.9,1,0.5,0.5,4.9,70,,
E04_P17_AR_VML_GM,Dr Mamun Mahmud,1,1,0,0.8,1,1,1,5.8,82.85714286,78.0952381,78.1
,Dr Abid Hasan Khan,1,1,0,0.8,1,1,1,5.8,82.85714286,,
,Dr Rayhan Islam,1,1,0,0.8,1,0.5,0.5,4.8,68.57142857,,
E04_P17_AF_VO_GM,Dr Mamun Mahmud,1,1,0,0.9,1,1,1,5.9,84.28571429,81.9047619,81.9
,Dr Abid Hasan Khan,1,1,0,0.9,0.5,1,1,5.4,77.14285714,,
,Dr Rayhan Islam,1,1,0,0.9,1,1,1,5.9,84.28571429,,
E04_P17_AL_VO_GM,Dr Mamun Mahmud,1,1,0,0.9,1,1,1,5.9,84.28571429,81.9047619,81.9
,Dr Abid Hasan Khan,1,1,0,0.9,0.5,1,1,5.4,77.14285714,,
,Dr Rayhan Islam,1,1,0,0.9,1,1,1,5.9,84.28571429,,
E04_P17_AR_VO_GM,Dr Mamun Mahmud,1,1,0,0.9,1,1,1,5.9,84.28571429,81.9047619,81.9
,Dr Abid Hasan Khan,1,1,0,0.9,0.5,1,1,5.4,77.14285714,,
,Dr Rayhan Islam,1,1,0,0.9,1,1,1,5.9,84.28571429,,
E04_P18_AF_VFL_GM,Dr Mamun Mahmud,1,1,0,0.3,1,1,1,5.3,75.71428571,75.71428571,75.71
,Dr Abid Hasan Khan,1,1,0,0.3,1,1,1,5.3,75.71428571,,
,Dr Rayhan Islam,1,1,0,0.3,1,1,1,5.3,75.71428571,,
E04_P18_AL_VFL_GM,Dr Mamun Mahmud,1,1,0,0.3,1,1,1,5.3,75.71428571,75.71428571,75.71
,Dr Abid Hasan Khan,1,1,0,0.3,1,1,1,5.3,75.71428571,,
,Dr Rayhan Islam,1,1,0,0.3,1,1,1,5.3,75.71428571,,
E04_P18_AR_VFL_GM,Dr Mamun Mahmud,1,1,0,0.3,1,1,1,5.3,75.71428571,75.71428571,75.71
,Dr Abid Hasan Khan,1,1,0,0.3,1,1,1,5.3,75.71428571,,
,Dr Rayhan Islam,1,1,0,0.3,1,1,1,5.3,75.71428571,,
E04_P18_AF_VHJ_GM,Dr Mamun Mahmud,1,1,0,0,1,1,1,5,71.42857143,69.04761905,69.05
,Dr Abid Hasan Khan,1,1,0,0,1,0.5,1,4.5,64.28571429,,
,Dr Rayhan Islam,1,1,0,0,1,1,1,5,71.42857143,,
E04_P18_AL_VHJ_GM,Dr Mamun Mahmud,1,1,0,0.2,1,1,1,5.2,74.28571429,71.9047619,71.9
,Dr Abid Hasan Khan,1,1,0,0.2,1,0.5,1,4.7,67.14285714,,
,Dr Rayhan Islam,1,1,0,0.2,1,1,1,5.2,74.28571429,,
E04_P18_AR_VHJ_GM,Dr Mamun Mahmud,1,1,0,0.2,1,1,1,5.2,74.28571429,71.9047619,71.9
,Dr Abid Hasan Khan,1,1,0,0.2,1,0.5,1,4.7,67.14285714,,
,Dr Rayhan Islam,1,1,0,0.2,1,1,1,5.2,74.28571429,,
E04_P18_AF_VLJ_GM,Dr Mamun Mahmud,1,1,0,0.5,1,1,1,5.5,78.57142857,76.19047619,76.19
,Dr Abid Hasan Khan,1,1,0,0.5,1,0.5,1,5,71.42857143,,
,Dr Rayhan Islam,1,1,0,0.5,1,1,1,5.5,78.57142857,,
E04_P18_AL_VLJ_GM,Dr Mamun Mahmud,1,1,0,0.1,1,1,1,5.1,72.85714286,70.47619048,70.48
,Dr Abid Hasan Khan,1,1,0,0.1,1,0.5,1,4.6,65.71428571,,
,Dr Rayhan Islam,1,1,0,0.1,1,1,1,5.1,72.85714286,,
E04_P18_AR_VLJ_GM,Dr Mamun Mahmud,1,1,0,0.2,1,1,1,5.2,74.28571429,71.9047619,71.9
,Dr Abid Hasan Khan,1,1,0,0.2,1,0.5,1,4.7,67.14285714,,
,Dr Rayhan Islam,1,1,0,0.2,1,1,1,5.2,74.28571429,,
E04_P18_AF_VLL_GM,Dr Mamun Mahmud,1,1,0,0.4,1,1,1,5.4,77.14285714,77.14285714,77.14
,Dr Abid Hasan Khan,1,1,0,0.4,1,1,1,5.4,77.14285714,,
,Dr Rayhan Islam,1,1,0,0.4,1,1,1,5.4,77.14285714,,
E04_P18_AL_VLL_GM,Dr Mamun Mahmud,1,1,0,0.3,1,1,1,5.3,75.71428571,75.71428571,75.71
,Dr Abid Hasan Khan,1,1,0,0.3,1,1,1,5.3,75.71428571,,
,Dr Rayhan Islam,1,1,0,0.3,1,1,1,5.3,75.71428571,,
E04_P18_AR_VLL_GM,Dr Mamun Mahmud,1,1,0,0.5,1,1,1,5.5,78.57142857,78.57142857,78.57
,Dr Abid Hasan Khan,1,1,0,0.5,1,1,1,5.5,78.57142857,,
,Dr Rayhan Islam,1,1,0,0.5,1,1,1,5.5,78.57142857,,
E04_P18_AF_VML_GM,Dr Mamun Mahmud,1,1,0,0.4,1,0.5,1,4.9,70,67.61904762,67.62
,Dr Abid Hasan Khan,1,1,0,0.4,1,0.5,1,4.9,70,,
,Dr Rayhan Islam,1,1,0,0.4,1,0.5,0.5,4.4,62.85714286,,
E04_P18_AL_VML_GM,Dr Mamun Mahmud,1,1,0,0.4,1,0.5,1,4.9,70,67.61904762,67.62
,Dr Abid Hasan Khan,1,1,0,0.4,1,0.5,1,4.9,70,,
,Dr Rayhan Islam,1,1,0,0.4,1,0.5,0.5,4.4,62.85714286,,
E04_P18_AR_VML_GM,Dr Mamun Mahmud,1,1,0,0.4,1,0.5,1,4.9,70,67.61904762,67.62
,Dr Abid Hasan Khan,1,1,0,0.4,1,0.5,1,4.9,70,,
,Dr Rayhan Islam,1,1,0,0.4,1,0.5,0.5,4.4,62.85714286,,
E04_P18_AF_VO_GM,Dr Mamun Mahmud,1,1,0,0.2,1,1,1,5.2,74.28571429,67.14285714,67.14
,Dr Abid Hasan Khan,1,1,0,0.2,1,0.5,1,4.7,67.14285714,,
,Dr Rayhan Islam,1,1,0,0.2,1,0.5,0.5,4.2,60,,
E04_P18_AL_VO_GM,Dr Mamun Mahmud,1,1,0,0.1,1,1,1,5.1,72.85714286,65.71428571,65.71
,Dr Abid Hasan Khan,1,1,0,0.1,1,0.5,1,4.6,65.71428571,,
,Dr Rayhan Islam,1,1,0,0.1,1,0.5,0.5,4.1,58.57142857,,
E04_P18_AR_VO_GM,Dr Mamun Mahmud,1,1,0,0.1,1,1,1,5.1,72.85714286,65.71428571,65.71
,Dr Abid Hasan Khan,1,1,0,0.1,1,0.5,1,4.6,65.71428571,,
,Dr Rayhan Islam,1,1,0,0.1,1,0.5,0.5,4.1,58.57142857,,
E04_P19_AF_VFL_GM,Dr Mamun Mahmud,1,1,0,0.7,1,1,1,5.7,81.42857143,79.04761905,79.05
,Dr Abid Hasan Khan,1,1,0,0.7,1,1,1,5.7,81.42857143,,
,Dr Rayhan Islam,1,1,0,0.7,1,0.5,1,5.2,74.28571429,,
E04_P19_AL_VFL_GM,Dr Mamun Mahmud,1,1,0,0.5,1,1,1,5.5,78.57142857,76.19047619,76.19
,Dr Abid Hasan Khan,1,1,0,0.5,1,1,1,5.5,78.57142857,,
,Dr Rayhan Islam,1,1,0,0.5,1,0.5,1,5,71.42857143,,
E04_P19_AR_VFL_GM,Dr Mamun Mahmud,1,1,0,0.4,1,1,1,5.4,77.14285714,74.76190476,74.76
,Dr Abid Hasan Khan,1,1,0,0.4,1,1,1,5.4,77.14285714,,
,Dr Rayhan Islam,1,1,0,0.4,1,0.5,1,4.9,70,,
E04_P19_AF_VHJ_GM,Dr Mamun Mahmud,1,1,0,0.5,1,1,1,5.5,78.57142857,78.57142857,78.57
,Dr Abid Hasan Khan,1,1,0,0.5,1,1,1,5.5,78.57142857,,
,Dr Rayhan Islam,1,1,0,0.5,1,1,1,5.5,78.57142857,,
E04_P19_AL_VHJ_GM,Dr Mamun Mahmud,1,1,0,0.5,1,1,1,5.5,78.57142857,78.57142857,78.57
,Dr Abid Hasan Khan,1,1,0,0.5,1,1,1,5.5,78.57142857,,
,Dr Rayhan Islam,1,1,0,0.5,1,1,1,5.5,78.57142857,,
E04_P19_AR_VHJ_GM,Dr Mamun Mahmud,1,1,0,0.5,1,1,1,5.5,78.57142857,78.57142857,78.57
,Dr Abid Hasan Khan,1,1,0,0.5,1,1,1,5.5,78.57142857,,
,Dr Rayhan Islam,1,1,0,0.5,1,1,1,5.5,78.57142857,,
E04_P19_AF_VLJ_GM,Dr Mamun Mahmud,1,1,0,0.3,1,1,1,5.3,75.71428571,75.71428571,75.71
,Dr Abid Hasan Khan,1,1,0,0.3,1,1,1,5.3,75.71428571,,
,Dr Rayhan Islam,1,1,0,0.3,1,1,1,5.3,75.71428571,,
E04_P19_AL_VLJ_GM,Dr Mamun Mahmud,1,1,0,0.6,1,1,1,5.6,80,80,80
,Dr Abid Hasan Khan,1,1,0,0.6,1,1,1,5.6,80,,
,Dr Rayhan Islam,1,1,0,0.6,1,1,1,5.6,80,,
E04_P19_AR_VLJ_GM,Dr Mamun Mahmud,1,1,0,0.4,1,1,1,5.4,77.14285714,77.14285714,77.14
,Dr Abid Hasan Khan,1,1,0,0.4,1,1,1,5.4,77.14285714,,
,Dr Rayhan Islam,1,1,0,0.4,1,1,1,5.4,77.14285714,,
E04_P19_AF_VLL_GM,Dr Mamun Mahmud,1,1,1,1,1,1,1,7,100,100,100
,Dr Abid Hasan Khan,1,1,1,1,1,1,1,7,100,,
,Dr Rayhan Islam,1,1,1,1,1,1,1,7,100,,
E04_P19_AL_VLL_GM,Dr Mamun Mahmud,1,1,1,1,1,1,1,7,100,100,100
,Dr Abid Hasan Khan,1,1,1,1,1,1,1,7,100,,
,Dr Rayhan Islam,1,1,1,1,1,1,1,7,100,,
E04_P19_AR_VLL_GM,Dr Mamun Mahmud,1,1,1,1,1,1,1,7,100,100,100
,Dr Abid Hasan Khan,1,1,1,1,1,1,1,7,100,,
,Dr Rayhan Islam,1,1,1,1,1,1,1,7,100,,
E04_P19_AF_VML_GM,Dr Mamun Mahmud,1,1,1,1,1,1,1,7,100,97.61904762,97.62
,Dr Abid Hasan Khan,1,1,1,1,1,1,1,7,100,,
,Dr Rayhan Islam,1,1,1,1,1,0.5,1,6.5,92.85714286,,
E04_P19_AL_VML_GM,Dr Mamun Mahmud,1,1,1,1,1,1,1,7,100,97.61904762,97.62
,Dr Abid Hasan Khan,1,1,1,1,1,1,1,7,100,,
,Dr Rayhan Islam,1,1,1,1,1,0.5,1,6.5,92.85714286,,
E04_P19_AR_VML_GM,Dr Mamun Mahmud,1,1,1,1,1,1,1,7,100,97.61904762,97.62
,Dr Abid Hasan Khan,1,1,1,1,1,1,1,7,100,,
,Dr Rayhan Islam,1,1,1,1,1,0.5,1,6.5,92.85714286,,
E04_P19_AF_VO_GM,Dr Mamun Mahmud,1,1,0,0,0.5,1,1,4.5,64.28571429,69.04761905,69.05
,Dr Abid Hasan Khan,1,1,0,0,1,1,1,5,71.42857143,,
,Dr Rayhan Islam,1,1,0,0,1,1,1,5,71.42857143,,
E04_P19_AL_VO_GM,Dr Mamun Mahmud,1,1,0,0.2,0.5,1,1,4.7,67.14285714,71.9047619,71.9
,Dr Abid Hasan Khan,1,1,0,0.2,1,1,1,5.2,74.28571429,,
,Dr Rayhan Islam,1,1,0,0.2,1,1,1,5.2,74.28571429,,
E04_P19_AR_VO_GM,Dr Mamun Mahmud,1,1,0,0.1,0.5,1,1,4.6,65.71428571,70.47619048,70.48
,Dr Abid Hasan Khan,1,1,0,0.1,1,1,1,5.1,72.85714286,,
,Dr Rayhan Islam,1,1,0,0.1,1,1,1,5.1,72.85714286,,
E04_P20_AF_VFL_GM,Dr Mamun Mahmud,1,1,0,0.2,1,1,1,5.2,74.28571429,71.9047619,71.9
,Dr Abid Hasan Khan,1,1,0,0.2,1,0.5,1,4.7,67.14285714,,
,Dr Rayhan Islam,1,1,0,0.2,1,1,1,5.2,74.28571429,,
E04_P20_AL_VFL_GM,Dr Mamun Mahmud,1,1,0,0.1,1,1,1,5.1,72.85714286,70.47619048,70.48
,Dr Abid Hasan Khan,1,1,0,0.1,1,0.5,1,4.6,65.71428571,,
,Dr Rayhan Islam,1,1,0,0.1,1,1,1,5.1,72.85714286,,
E04_P20_AR_VFL_GM,Dr Mamun Mahmud,1,1,0,0.1,1,1,1,5.1,72.85714286,70.47619048,70.48
,Dr Abid Hasan Khan,1,1,0,0.1,1,0.5,1,4.6,65.71428571,,
,Dr Rayhan Islam,1,1,0,0.1,1,1,1,5.1,72.85714286,,
E04_P20_AF_VHJ_GM,Dr Mamun Mahmud,1,1,0,0.2,0.5,1,1,4.7,67.14285714,67.14285714,67.14
,Dr Abid Hasan Khan,1,1,0,0.2,1,0.5,1,4.7,67.14285714,,
,Dr Rayhan Islam,1,1,0,0.2,0.5,1,1,4.7,67.14285714,,
E04_P20_AL_VHJ_GM,Dr Mamun Mahmud,1,1,0,0.2,0.5,1,1,4.7,67.14285714,67.14285714,67.14
,Dr Abid Hasan Khan,1,1,0,0.2,1,0.5,1,4.7,67.14285714,,
,Dr Rayhan Islam,1,1,0,0.2,0.5,1,1,4.7,67.14285714,,
E04_P20_AR_VHJ_GM,Dr Mamun Mahmud,1,1,0,0.1,0.5,1,1,4.6,65.71428571,65.71428571,65.71
,Dr Abid Hasan Khan,1,1,0,0.1,1,0.5,1,4.6,65.71428571,,
,Dr Rayhan Islam,1,1,0,0.1,0.5,1,1,4.6,65.71428571,,
E04_P20_AF_VLJ_GM,Dr Mamun Mahmud,1,1,0,0.3,1,1,1,5.3,75.71428571,73.33333333,73.33
,Dr Abid Hasan Khan,1,1,0,0.3,1,0.5,1,4.8,68.57142857,,
,Dr Rayhan Islam,1,1,0,0.3,1,1,1,5.3,75.71428571,,
E04_P20_AL_VLJ_GM,Dr Mamun Mahmud,1,1,0,0.3,1,1,1,5.3,75.71428571,73.33333333,73.33
,Dr Abid Hasan Khan,1,1,0,0.3,1,0.5,1,4.8,68.57142857,,
,Dr Rayhan Islam,1,1,0,0.3,1,1,1,5.3,75.71428571,,
E04_P20_AR_VLJ_GM,Dr Mamun Mahmud,1,1,0,0.1,1,1,1,5.1,72.85714286,70.47619048,70.48
,Dr Abid Hasan Khan,1,1,0,0.1,1,0.5,1,4.6,65.71428571,,
,Dr Rayhan Islam,1,1,0,0.1,1,1,1,5.1,72.85714286,,
E04_P20_AF_VLL_GM,Dr Mamun Mahmud,1,1,0,0.2,1,0.5,1,4.7,67.14285714,69.52380952,69.52
,Dr Abid Hasan Khan,1,1,0,0.2,1,0.5,1,4.7,67.14285714,,
,Dr Rayhan Islam,1,1,0,0.2,1,1,1,5.2,74.28571429,,
E04_P20_AL_VLL_GM,Dr Mamun Mahmud,1,1,0,0.1,1,0.5,1,4.6,65.71428571,68.0952381,68.1
,Dr Abid Hasan Khan,1,1,0,0.1,1,0.5,1,4.6,65.71428571,,
,Dr Rayhan Islam,1,1,0,0.1,1,1,1,5.1,72.85714286,,
E04_P20_AR_VLL_GM,Dr Mamun Mahmud,1,1,0,0.1,1,0.5,1,4.6,65.71428571,67.61904762,67.62
,Dr Abid Hasan Khan,1,1,0,0.1,1,0.5,1,4.6,65.71428571,,
,Dr Rayhan Islam,1,1,0,0,1,1,1,5,71.42857143,,
E04_P20_AF_VML_GM,Dr Mamun Mahmud,1,1,0,0,0.5,1,1,4.5,64.28571429,64.28571429,64.29
,Dr Abid Hasan Khan,1,1,0,0,1,0.5,1,4.5,64.28571429,,
,Dr Rayhan Islam,1,1,0,0,0.5,1,1,4.5,64.28571429,,
E04_P20_AL_VML_GM,Dr Mamun Mahmud,1,1,0,0,0.5,1,1,4.5,64.28571429,64.28571429,64.29
,Dr Abid Hasan Khan,1,1,0,0,1,0.5,1,4.5,64.28571429,,
,Dr Rayhan Islam,1,1,0,0,0.5,1,1,4.5,64.28571429,,
E04_P20_AR_VML_GM,Dr Mamun Mahmud,1,1,0,0,0.5,1,1,4.5,64.28571429,64.28571429,64.29
,Dr Abid Hasan Khan,1,1,0,0,1,0.5,1,4.5,64.28571429,,
,Dr Rayhan Islam,1,1,0,0,0.5,1,1,4.5,64.28571429,,
E04_P20_AF_VO_GM,Dr Mamun Mahmud,1,1,0,0,1,1,1,5,71.42857143,69.04761905,69.05
,Dr Abid Hasan Khan,1,1,0,0,1,0.5,1,4.5,64.28571429,,
,Dr Rayhan Islam,1,1,0,0,1,1,1,5,71.42857143,,
E04_P20_AL_VO_GM,Dr Mamun Mahmud,1,1,0,0,1,1,1,5,71.42857143,69.04761905,69.05
,Dr Abid Hasan Khan,1,1,0,0,1,0.5,1,4.5,64.28571429,,
,Dr Rayhan Islam,1,1,0,0,1,1,1,5,71.42857143,,
E04_P20_AR_VO_GM,Dr Mamun Mahmud,1,1,0,0,1,1,1,5,71.42857143,69.04761905,69.05
,Dr Abid Hasan Khan,1,1,0,0,1,0.5,1,4.5,64.28571429,,
,Dr Rayhan Islam,1,1,0,0,1,1,1,5,71.42857143,,
E04_P21_AF_VFL_GM,Dr Mamun Mahmud,1,1,0,0.6,1,1,1,5.6,80,80,80
,Dr Abid Hasan Khan,1,1,0,0.6,1,1,1,5.6,80,,
,Dr Rayhan Islam,1,1,0,0.6,1,1,1,5.6,80,,
E04_P21_AL_VFL_GM,Dr Mamun Mahmud,1,1,0,0.1,1,1,1,5.1,72.85714286,72.85714286,72.86
,Dr Abid Hasan Khan,1,1,0,0.1,1,1,1,5.1,72.85714286,,
,Dr Rayhan Islam,1,1,0,0.1,1,1,1,5.1,72.85714286,,
E04_P21_AR_VFL_GM,Dr Mamun Mahmud,1,1,0,0,1,1,1,5,71.42857143,71.42857143,71.43
,Dr Abid Hasan Khan,1,1,0,0,1,1,1,5,71.42857143,,
,Dr Rayhan Islam,1,1,0,0,1,1,1,5,71.42857143,,
E04_P21_AF_VHJ_GM,Dr Mamun Mahmud,1,1,0,0.5,0.5,1,1,5,71.42857143,71.42857143,71.43
,Dr Abid Hasan Khan,1,1,0,0.5,1,0,1,4.5,64.28571429,,
,Dr Rayhan Islam,1,1,0,0.5,1,1,1,5.5,78.57142857,,
E04_P21_AL_VHJ_GM,Dr Mamun Mahmud,1,1,0,0.5,0.5,1,1,5,71.42857143,71.42857143,71.43
,Dr Abid Hasan Khan,1,1,0,0.5,1,0,1,4.5,64.28571429,,
,Dr Rayhan Islam,1,1,0,0.5,1,1,1,5.5,78.57142857,,
E04_P21_AR_VHJ_GM,Dr Mamun Mahmud,1,1,0,0.5,0.5,1,1,5,71.42857143,71.42857143,71.43
,Dr Abid Hasan Khan,1,1,0,0.5,1,0,1,4.5,64.28571429,,
,Dr Rayhan Islam,1,1,0,0.5,1,1,1,5.5,78.57142857,,
E04_P21_AF_VLJ_GM,Dr Mamun Mahmud,1,1,0,0.4,1,1,1,5.4,77.14285714,77.14285714,77.14
,Dr Abid Hasan Khan,1,1,0,0.4,1,1,1,5.4,77.14285714,,
,Dr Rayhan Islam,1,1,0,0.4,1,1,1,5.4,77.14285714,,
E04_P21_AL_VLJ_GM,Dr Mamun Mahmud,1,1,0,0.2,1,1,1,5.2,74.28571429,74.28571429,74.29
,Dr Abid Hasan Khan,1,1,0,0.2,1,1,1,5.2,74.28571429,,
,Dr Rayhan Islam,1,1,0,0.2,1,1,1,5.2,74.28571429,,
E04_P21_AR_VLJ_GM,Dr Mamun Mahmud,1,1,0,0.2,1,1,1,5.2,74.28571429,74.28571429,74.29
,Dr Abid Hasan Khan,1,1,0,0.2,1,1,1,5.2,74.28571429,,
,Dr Rayhan Islam,1,1,0,0.2,1,1,1,5.2,74.28571429,,
E04_P21_AF_VLL_GM,Dr Mamun Mahmud,1,1,0,0.6,1,1,1,5.6,80,80,80
,Dr Abid Hasan Khan,1,1,0,0.6,1,1,1,5.6,80,,
,Dr Rayhan Islam,1,1,0,0.6,1,1,1,5.6,80,,
E04_P21_AL_VLL_GM,Dr Mamun Mahmud,1,1,0,0.5,1,1,1,5.5,78.57142857,78.57142857,78.57
,Dr Abid Hasan Khan,1,1,0,0.5,1,1,1,5.5,78.57142857,,
,Dr Rayhan Islam,1,1,0,0.5,1,1,1,5.5,78.57142857,,
E04_P21_AR_VLL_GM,Dr Mamun Mahmud,1,1,0,0.1,1,1,1,5.1,72.85714286,72.85714286,72.86
,Dr Abid Hasan Khan,1,1,0,0.1,1,1,1,5.1,72.85714286,,
,Dr Rayhan Islam,1,1,0,0.1,1,1,1,5.1,72.85714286,,
E04_P21_AF_VML_GM,Dr Mamun Mahmud,1,1,0,0.5,1,1,1,5.5,78.57142857,76.19047619,76.19
,Dr Abid Hasan Khan,1,1,0,0.5,1,0.5,1,5,71.42857143,,
,Dr Rayhan Islam,1,1,0,0.5,1,1,1,5.5,78.57142857,,
E04_P21_AL_VML_GM,Dr Mamun Mahmud,1,1,0,0.8,1,1,1,5.8,82.85714286,80.47619048,80.48
,Dr Abid Hasan Khan,1,1,0,0.8,1,0.5,1,5.3,75.71428571,,
,Dr Rayhan Islam,1,1,0,0.8,1,1,1,5.8,82.85714286,,
E04_P21_AR_VML_GM,Dr Mamun Mahmud,1,1,0,0.4,1,1,1,5.4,77.14285714,74.76190476,74.76
,Dr Abid Hasan Khan,1,1,0,0.4,1,0.5,1,4.9,70,,
,Dr Rayhan Islam,1,1,0,0.4,1,1,1,5.4,77.14285714,,
E04_P21_AF_VO_GM,Dr Mamun Mahmud,1,1,0,0.4,1,1,1,5.4,77.14285714,72.38095238,72.38
,Dr Abid Hasan Khan,1,1,0,0.4,1,0.5,1,4.9,70,,
,Dr Rayhan Islam,1,1,0,0.4,1,1,0.5,4.9,70,,
E04_P21_AL_VO_GM,Dr Mamun Mahmud,1,1,0,0.6,1,1,1,5.6,80,75.23809524,75.24
,Dr Abid Hasan Khan,1,1,0,0.6,1,0.5,1,5.1,72.85714286,,
,Dr Rayhan Islam,1,1,0,0.6,1,1,0.5,5.1,72.85714286,,
E04_P21_AR_VO_GM,Dr Mamun Mahmud,1,1,0,0.2,1,1,1,5.2,74.28571429,69.52380952,69.52
,Dr Abid Hasan Khan,1,1,0,0.2,1,0.5,1,4.7,67.14285714,,
,Dr Rayhan Islam,1,1,0,0.2,1,1,0.5,4.7,67.14285714,,
E04_P22_AF_VFL_GM,Dr Mamun Mahmud,1,1,0,0,0.5,0.5,1,4,57.14285714,66.66666667,66.67
,Dr Abid Hasan Khan,1,1,0,0,1,1,1,5,71.42857143,,
,Dr Rayhan Islam,1,1,0,0,1,1,1,5,71.42857143,,
E04_P22_AL_VFL_GM,Dr Mamun Mahmud,1,1,0,0,0.5,0.5,1,4,57.14285714,66.66666667,66.67
,Dr Abid Hasan Khan,1,1,0,0,1,1,1,5,71.42857143,,
,Dr Rayhan Islam,1,1,0,0,1,1,1,5,71.42857143,,
E04_P22_AR_VFL_GM,Dr Mamun Mahmud,1,1,0,0,0.5,0.5,1,4,57.14285714,69.52380952,69.52
,Dr Abid Hasan Khan,1,1,0,0,1,1,1,5,71.42857143,,
,Dr Rayhan Islam,1,1,0,0.6,1,1,1,5.6,80,,
E04_P22_AF_VHJ_GM,Dr Mamun Mahmud,1,1,0,0.6,1,0.5,1,5.1,72.85714286,75.23809524,75.24
,Dr Abid Hasan Khan,1,1,0,0.6,1,0.5,1,5.1,72.85714286,,
,Dr Rayhan Islam,1,1,0,0.6,1,1,1,5.6,80,,
E04_P22_AL_VHJ_GM,Dr Mamun Mahmud,1,1,0,0.6,1,0.5,1,5.1,72.85714286,75.23809524,75.24
,Dr Abid Hasan Khan,1,1,0,0.6,1,0.5,1,5.1,72.85714286,,
,Dr Rayhan Islam,1,1,0,0.6,1,1,1,5.6,80,,
E04_P22_AR_VHJ_GM,Dr Mamun Mahmud,1,1,0,0.6,1,0.5,1,5.1,72.85714286,75.23809524,75.24
,Dr Abid Hasan Khan,1,1,0,0.6,1,0.5,1,5.1,72.85714286,,
,Dr Rayhan Islam,1,1,0,0.6,1,1,1,5.6,80,,
E04_P22_AF_VLJ_GM,Dr Mamun Mahmud,1,1,0,0,1,1,1,5,71.42857143,69.04761905,69.05
,Dr Abid Hasan Khan,1,1,0,0,1,0.5,1,4.5,64.28571429,,
,Dr Rayhan Islam,1,1,0,0,1,1,1,5,71.42857143,,
E04_P22_AL_VLJ_GM,Dr Mamun Mahmud,1,1,0,0,1,1,1,5,71.42857143,69.04761905,69.05
,Dr Abid Hasan Khan,1,1,0,0,1,0.5,1,4.5,64.28571429,,
,Dr Rayhan Islam,1,1,0,0,1,1,1,5,71.42857143,,
E04_P22_AR_VLJ_GM,Dr Mamun Mahmud,1,1,0,0,1,1,1,5,71.42857143,69.04761905,69.05
,Dr Abid Hasan Khan,1,1,0,0,1,0.5,1,4.5,64.28571429,,
,Dr Rayhan Islam,1,1,0,0,1,1,1,5,71.42857143,,
E04_P22_AF_VLL_GM,Dr Mamun Mahmud,1,1,0,0,1,1,1,5,71.42857143,66.66666667,66.67
,Dr Abid Hasan Khan,1,1,0,0,1,0.5,1,4.5,64.28571429,,
,Dr Rayhan Islam,1,1,0,0,1,0.5,1,4.5,64.28571429,,
E04_P22_AL_VLL_GM,Dr Mamun Mahmud,1,1,0,0,1,1,1,5,71.42857143,66.66666667,66.67
,Dr Abid Hasan Khan,1,1,0,0,1,0.5,1,4.5,64.28571429,,
,Dr Rayhan Islam,1,1,0,0,1,0.5,1,4.5,64.28571429,,
E04_P22_AR_VLL_GM,Dr Mamun Mahmud,1,1,0,0,1,1,1,5,71.42857143,66.66666667,66.67
,Dr Abid Hasan Khan,1,1,0,0,1,0.5,1,4.5,64.28571429,,
,Dr Rayhan Islam,1,1,0,0,1,0.5,1,4.5,64.28571429,,
E04_P22_AF_VML_GM,Dr Mamun Mahmud,1,1,0,0.8,1,1,1,5.8,82.85714286,82.85714286,82.86
,Dr Abid Hasan Khan,1,1,0,0.8,1,1,1,5.8,82.85714286,,
,Dr Rayhan Islam,1,1,0,0.8,1,1,1,5.8,82.85714286,,
E04_P22_AL_VML_GM,Dr Mamun Mahmud,1,1,0,0.4,1,1,1,5.4,77.14285714,77.14285714,77.14
,Dr Abid Hasan Khan,1,1,0,0.4,1,1,1,5.4,77.14285714,,
,Dr Rayhan Islam,1,1,0,0.4,1,1,1,5.4,77.14285714,,
E04_P22_AR_VML_GM,Dr Mamun Mahmud,1,1,0,0.6,1,1,1,5.6,80,80,80
,Dr Abid Hasan Khan,1,1,0,0.6,1,1,1,5.6,80,,
,Dr Rayhan Islam,1,1,0,0.6,1,1,1,5.6,80,,
E04_P22_AF_VO_GM,Dr Mamun Mahmud,1,1,0,0,0.5,1,1,4.5,64.28571429,66.66666667,66.67
,Dr Abid Hasan Khan,1,1,0,0,0.5,1,1,4.5,64.28571429,,
,Dr Rayhan Islam,1,1,0,0,1,1,1,5,71.42857143,,
E04_P22_AL_VO_GM,Dr Mamun Mahmud,1,1,0,0,0.5,1,1,4.5,64.28571429,66.66666667,66.67
,Dr Abid Hasan Khan,1,1,0,0,0.5,1,1,4.5,64.28571429,,
,Dr Rayhan Islam,1,1,0,0,1,1,1,5,71.42857143,,
E04_P22_AR_VO_GM,Dr Mamun Mahmud,1,1,0,0,0.5,1,1,4.5,64.28571429,66.66666667,66.67
,Dr Abid Hasan Khan,1,1,0,0,0.5,1,1,4.5,64.28571429,,
,Dr Rayhan Islam,1,1,0,0,1,1,1,5,71.42857143,,
E04_P23_AF_VFL_GM,Dr Mamun Mahmud,1,1,0,0.3,1,1,1,5.3,75.71428571,75.71428571,75.71
,Dr Abid Hasan Khan,1,1,0,0.3,1,1,1,5.3,75.71428571,,
,Dr Rayhan Islam,1,1,0,0.3,1,1,1,5.3,75.71428571,,
E04_P23_AL_VFL_GM,Dr Mamun Mahmud,1,1,0,0.7,1,1,1,5.7,81.42857143,81.42857143,81.43
,Dr Abid Hasan Khan,1,1,0,0.7,1,1,1,5.7,81.42857143,,
,Dr Rayhan Islam,1,1,0,0.7,1,1,1,5.7,81.42857143,,
E04_P23_AR_VFL_GM,Dr Mamun Mahmud,1,1,0,0.7,1,1,1,5.7,81.42857143,81.42857143,81.43
,Dr Abid Hasan Khan,1,1,0,0.7,1,1,1,5.7,81.42857143,,
,Dr Rayhan Islam,1,1,0,0.7,1,1,1,5.7,81.42857143,,
E04_P23_AF_VHJ_GM,Dr Mamun Mahmud,1,1,1,1,1,1,1,7,100,100,100
,Dr Abid Hasan Khan,1,1,1,1,1,1,1,7,100,,
,Dr Rayhan Islam,1,1,1,1,1,1,1,7,100,,
E04_P23_AL_VHJ_GM,Dr Mamun Mahmud,1,1,0,0.9,1,1,1,5.9,84.28571429,84.28571429,84.29
,Dr Abid Hasan Khan,1,1,0,0.9,1,1,1,5.9,84.28571429,,
,Dr Rayhan Islam,1,1,0,0.9,1,1,1,5.9,84.28571429,,
E04_P23_AR_VHJ_GM,Dr Mamun Mahmud,1,1,0,0.9,1,1,1,5.9,84.28571429,84.28571429,84.29
,Dr Abid Hasan Khan,1,1,0,0.9,1,1,1,5.9,84.28571429,,
,Dr Rayhan Islam,1,1,0,0.9,1,1,1,5.9,84.28571429,,
E04_P23_AF_VLJ_GM,Dr Mamun Mahmud,1,1,0,0.3,0.5,1,1,4.8,68.57142857,70.95238095,70.95
,Dr Abid Hasan Khan,1,1,0,0.3,1,1,1,5.3,75.71428571,,
,Dr Rayhan Islam,1,1,0,0.3,0.5,1,1,4.8,68.57142857,,
E04_P23_AL_VLJ_GM,Dr Mamun Mahmud,1,1,0,0.3,0.5,1,1,4.8,68.57142857,70.95238095,70.95
,Dr Abid Hasan Khan,1,1,0,0.3,1,1,1,5.3,75.71428571,,
,Dr Rayhan Islam,1,1,0,0.3,0.5,1,1,4.8,68.57142857,,
E04_P23_AR_VLJ_GM,Dr Mamun Mahmud,1,1,0,0.3,0.5,1,1,4.8,68.57142857,70.95238095,70.95
,Dr Abid Hasan Khan,1,1,0,0.3,1,1,1,5.3,75.71428571,,
,Dr Rayhan Islam,1,1,0,0.3,0.5,1,1,4.8,68.57142857,,
E04_P23_AF_VLL_GM,Dr Mamun Mahmud,1,1,0,0.8,1,1,1,5.8,82.85714286,82.85714286,82.86
,Dr Abid Hasan Khan,1,1,0,0.8,1,1,1,5.8,82.85714286,,
,Dr Rayhan Islam,1,1,0,0.8,1,1,1,5.8,82.85714286,,
E04_P23_AL_VLL_GM,Dr Mamun Mahmud,1,1,0,0.8,1,1,1,5.8,82.85714286,82.85714286,82.86
,Dr Abid Hasan Khan,1,1,0,0.8,1,1,1,5.8,82.85714286,,
,Dr Rayhan Islam,1,1,0,0.8,1,1,1,5.8,82.85714286,,
E04_P23_AR_VLL_GM,Dr Mamun Mahmud,1,1,0,0.8,1,1,1,5.8,82.85714286,82.85714286,82.86
,Dr Abid Hasan Khan,1,1,0,0.8,1,1,1,5.8,82.85714286,,
,Dr Rayhan Islam,1,1,0,0.8,1,1,1,5.8,82.85714286,,
E04_P23_AF_VML_GM,Dr Mamun Mahmud,1,1,0,0.3,1,1,1,5.3,75.71428571,75.71428571,75.71
,Dr Abid Hasan Khan,1,1,0,0.3,1,1,1,5.3,75.71428571,,
,Dr Rayhan Islam,1,1,0,0.3,1,1,1,5.3,75.71428571,,
E04_P23_AL_VML_GM,Dr Mamun Mahmud,1,1,0,0.2,1,1,1,5.2,74.28571429,74.28571429,74.29
,Dr Abid Hasan Khan,1,1,0,0.2,1,1,1,5.2,74.28571429,,
,Dr Rayhan Islam,1,1,0,0.2,1,1,1,5.2,74.28571429,,
E04_P23_AR_VML_GM,Dr Mamun Mahmud,1,1,0,0.2,1,1,1,5.2,74.28571429,74.28571429,74.29
,Dr Abid Hasan Khan,1,1,0,0.2,1,1,1,5.2,74.28571429,,
,Dr Rayhan Islam,1,1,0,0.2,1,1,1,5.2,74.28571429,,
E04_P23_AF_VO_GM,Dr Mamun Mahmud,1,1,0,0.4,1,1,1,5.4,77.14285714,77.14285714,77.14
,Dr Abid Hasan Khan,1,1,0,0.4,1,1,1,5.4,77.14285714,,
,Dr Rayhan Islam,1,1,0,0.4,1,1,1,5.4,77.14285714,,
E04_P23_AL_VO_GM,Dr Mamun Mahmud,1,1,0,0.4,1,1,1,5.4,77.14285714,77.14285714,77.14
,Dr Abid Hasan Khan,1,1,0,0.4,1,1,1,5.4,77.14285714,,
,Dr Rayhan Islam,1,1,0,0.4,1,1,1,5.4,77.14285714,,
E04_P23_AR_VO_GM,Dr Mamun Mahmud,1,1,0,0.5,1,1,1,5.5,78.57142857,78.57142857,78.57
,Dr Abid Hasan Khan,1,1,0,0.5,1,1,1,5.5,78.57142857,,
,Dr Rayhan Islam,1,1,0,0.5,1,1,1,5.5,78.57142857,,
E04_P24_AF_VFL_GM,Dr Mamun Mahmud,1,1,0,0.8,0.5,1,1,5.3,75.71428571,80.47619048,80.48
,Dr Abid Hasan Khan,1,1,0,0.8,1,1,1,5.8,82.85714286,,
,Dr Rayhan Islam,1,1,0,0.8,1,1,1,5.8,82.85714286,,
E04_P24_AR_VFL_GM,Dr Mamun Mahmud,1,1,0,0.9,0.5,1,1,5.4,77.14285714,81.9047619,81.9
,Dr Abid Hasan Khan,1,1,0,0.9,1,1,1,5.9,84.28571429,,
,Dr Rayhan Islam,1,1,0,0.9,1,1,1,5.9,84.28571429,,
E04_P24_AF_VLL_GM,Dr Mamun Mahmud,1,1,0,0.3,1,1,1,5.3,75.71428571,75.71428571,75.71
,Dr Abid Hasan Khan,1,1,0,0.3,1,1,1,5.3,75.71428571,,
,Dr Rayhan Islam,1,1,0,0.3,1,1,1,5.3,75.71428571,,
E04_P24_AR_VLL_GM,Dr Mamun Mahmud,1,1,0,0.4,1,1,1,5.4,77.14285714,77.14285714,77.14
,Dr Abid Hasan Khan,1,1,0,0.4,1,1,1,5.4,77.14285714,,
,Dr Rayhan Islam,1,1,0,0.4,1,1,1,5.4,77.14285714,,
E04_P24_AF_VML_GM,Dr Mamun Mahmud,1,1,0,0.1,0.5,1,1,4.6,65.71428571,70.47619048,70.48
,Dr Abid Hasan Khan,1,1,0,0.1,1,1,1,5.1,72.85714286,,
,Dr Rayhan Islam,1,1,0,0.1,1,1,1,5.1,72.85714286,,
E04_P24_AR_VML_GM,Dr Mamun Mahmud,1,1,0,0.3,0.5,1,1,4.8,68.57142857,73.33333333,73.33
,Dr Abid Hasan Khan,1,1,0,0.3,1,1,1,5.3,75.71428571,,
,Dr Rayhan Islam,1,1,0,0.3,1,1,1,5.3,75.71428571,,
E05_P01_AF_VFL_GM,Dr Mamun Mahmud,1,1,0,0.5,1,1,1,5.5,78.57142857,78.57142857,78.57
,Dr Abid Hasan Khan,1,1,0,0.5,1,1,1,5.5,78.57142857,,
,Dr Rayhan Islam,1,1,0,0.5,1,1,1,5.5,78.57142857,,
E05_P01_AL_VFL_GM,Dr Mamun Mahmud,1,1,0,0.5,1,1,1,5.5,78.57142857,78.57142857,78.57
,Dr Abid Hasan Khan,1,1,0,0.5,1,1,1,5.5,78.57142857,,
,Dr Rayhan Islam,1,1,0,0.5,1,1,1,5.5,78.57142857,,
E05_P01_AR_VFL_GM,Dr Mamun Mahmud,1,1,0,0.3,1,1,1,5.3,75.71428571,75.71428571,75.71
,Dr Abid Hasan Khan,1,1,0,0.3,1,1,1,5.3,75.71428571,,
,Dr Rayhan Islam,1,1,0,0.3,1,1,1,5.3,75.71428571,,
E05_P01_AF_VHJ_GM,Dr Mamun Mahmud,1,1,0,0.9,1,1,1,5.9,84.28571429,84.28571429,84.29
,Dr Abid Hasan Khan,1,1,0,0.9,1,1,1,5.9,84.28571429,,
,Dr Rayhan Islam,1,1,0,0.9,1,1,1,5.9,84.28571429,,
E05_P01_AL_VHJ_GM,Dr Mamun Mahmud,1,1,0,0.8,1,1,1,5.8,82.85714286,82.85714286,82.86
,Dr Abid Hasan Khan,1,1,0,0.8,1,1,1,5.8,82.85714286,,
,Dr Rayhan Islam,1,1,0,0.8,1,1,1,5.8,82.85714286,,
E05_P01_AR_VHJ_GM,Dr Mamun Mahmud,1,1,0,0.9,1,1,1,5.9,84.28571429,84.28571429,84.29
,Dr Abid Hasan Khan,1,1,0,0.9,1,1,1,5.9,84.28571429,,
,Dr Rayhan Islam,1,1,0,0.9,1,1,1,5.9,84.28571429,,
E05_P01_AF_VLJ_GM,Dr Mamun Mahmud,1,1,0,0.6,1,1,1,5.6,80,80,80
,Dr Abid Hasan Khan,1,1,0,0.6,1,1,1,5.6,80,,
,Dr Rayhan Islam,1,1,0,0.6,1,1,1,5.6,80,,
E05_P01_AL_VLJ_GM,Dr Mamun Mahmud,1,1,0,0.6,1,1,1,5.6,80,80,80
,Dr Abid Hasan Khan,1,1,0,0.6,1,1,1,5.6,80,,
,Dr Rayhan Islam,1,1,0,0.6,1,1,1,5.6,80,,
E05_P01_AR_VLJ_GM,Dr Mamun Mahmud,1,1,0,0.4,1,1,1,5.4,77.14285714,77.14285714,77.14
,Dr Abid Hasan Khan,1,1,0,0.4,1,1,1,5.4,77.14285714,,
,Dr Rayhan Islam,1,1,0,0.4,1,1,1,5.4,77.14285714,,
E05_P01_AF_VLL_GM,Dr Mamun Mahmud,1,1,0,0.9,1,1,1,5.9,84.28571429,84.28571429,84.29
,Dr Abid Hasan Khan,1,1,0,0.9,1,1,1,5.9,84.28571429,,
,Dr Rayhan Islam,1,1,0,0.9,1,1,1,5.9,84.28571429,,
E05_P01_AL_VLL_GM,Dr Mamun Mahmud,1,1,0,0.9,1,1,1,5.9,84.28571429,84.28571429,84.29
,Dr Abid Hasan Khan,1,1,0,0.9,1,1,1,5.9,84.28571429,,
,Dr Rayhan Islam,1,1,0,0.9,1,1,1,5.9,84.28571429,,
E05_P01_AR_VLL_GM,Dr Mamun Mahmud,1,1,0,0.7,1,1,1,5.7,81.42857143,81.42857143,81.43
,Dr Abid Hasan Khan,1,1,0,0.7,1,1,1,5.7,81.42857143,,
,Dr Rayhan Islam,1,1,0,0.7,1,1,1,5.7,81.42857143,,
E05_P01_AF_VML_GM,Dr Mamun Mahmud,1,1,0,0.2,1,1,1,5.2,74.28571429,74.28571429,74.29
,Dr Abid Hasan Khan,1,1,0,0.2,1,1,1,5.2,74.28571429,,
,Dr Rayhan Islam,1,1,0,0.2,1,1,1,5.2,74.28571429,,
E05_P01_AL_VML_GM,Dr Mamun Mahmud,1,1,0,0.6,1,1,1,5.6,80,80,80
,Dr Abid Hasan Khan,1,1,0,0.6,1,1,1,5.6,80,,
,Dr Rayhan Islam,1,1,0,0.6,1,1,1,5.6,80,,
E05_P01_AR_VML_GM,Dr Mamun Mahmud,1,1,0,0.3,1,1,1,5.3,75.71428571,75.71428571,75.71
,Dr Abid Hasan Khan,1,1,0,0.3,1,1,1,5.3,75.71428571,,
,Dr Rayhan Islam,1,1,0,0.3,1,1,1,5.3,75.71428571,,
E05_P01_AF_VO_GM,Dr Mamun Mahmud,1,1,0,0.7,1,1,1,5.7,81.42857143,81.42857143,81.43
,Dr Abid Hasan Khan,1,1,0,0.7,1,1,1,5.7,81.42857143,,
,Dr Rayhan Islam,1,1,0,0.7,1,1,1,5.7,81.42857143,,
E05_P01_AL_VO_GM,Dr Mamun Mahmud,1,1,0,0.9,1,1,1,5.9,84.28571429,84.28571429,84.29
,Dr Abid Hasan Khan,1,1,0,0.9,1,1,1,5.9,84.28571429,,
,Dr Rayhan Islam,1,1,0,0.9,1,1,1,5.9,84.28571429,,
E05_P01_AR_VO_GM,Dr Mamun Mahmud,1,1,0,0.9,1,1,1,5.9,84.28571429,84.28571429,84.29
,Dr Abid Hasan Khan,1,1,0,0.9,1,1,1,5.9,84.28571429,,
,Dr Rayhan Islam,1,1,0,0.9,1,1,1,5.9,84.28571429,,
E05_P02_AF_VFL_GM,Dr Mamun Mahmud,1,1,1,1,1,1,1,7,100,100,100
,Dr Abid Hasan Khan,1,1,1,1,1,1,1,7,100,,
,Dr Rayhan Islam,1,1,1,1,1,1,1,7,100,,
E05_P02_AL_VFL_GM,Dr Mamun Mahmud,1,1,1,1,1,1,1,7,100,100,100
,Dr Abid Hasan Khan,1,1,1,1,1,1,1,7,100,,
,Dr Rayhan Islam,1,1,1,1,1,1,1,7,100,,
E05_P02_AR_VFL_GM,Dr Mamun Mahmud,1,1,1,1,1,1,1,7,100,100,100
,Dr Abid Hasan Khan,1,1,1,1,1,1,1,7,100,,
,Dr Rayhan Islam,1,1,1,1,1,1,1,7,100,,
E05_P02_AF_VHJ_GM,Dr Mamun Mahmud,1,1,0,0.1,0.5,1,1,4.6,65.71428571,70.47619048,70.48
,Dr Abid Hasan Khan,1,1,0,0.1,1,1,1,5.1,72.85714286,,
,Dr Rayhan Islam,1,1,0,0.1,1,1,1,5.1,72.85714286,,
E05_P02_AL_VHJ_GM,Dr Mamun Mahmud,1,1,0,0.2,0.5,1,1,4.7,67.14285714,71.9047619,71.9
,Dr Abid Hasan Khan,1,1,0,0.2,1,1,1,5.2,74.28571429,,
,Dr Rayhan Islam,1,1,0,0.2,1,1,1,5.2,74.28571429,,
E05_P02_AR_VHJ_GM,Dr Mamun Mahmud,1,1,0,0.5,0.5,1,1,5,71.42857143,76.19047619,76.19
,Dr Abid Hasan Khan,1,1,0,0.5,1,1,1,5.5,78.57142857,,
,Dr Rayhan Islam,1,1,0,0.5,1,1,1,5.5,78.57142857,,
E05_P02_AF_VLJ_GM,Dr Mamun Mahmud,1,1,1,1,0.5,0.5,1,6,85.71428571,92.85714286,92.86
,Dr Abid Hasan Khan,1,1,1,1,1,1,1,7,100,,
,Dr Rayhan Islam,1,1,1,1,1,0.5,1,6.5,92.85714286,,
E05_P02_AL_VLJ_GM,Dr Mamun Mahmud,1,1,1,1,0.5,0.5,1,6,85.71428571,92.85714286,92.86
,Dr Abid Hasan Khan,1,1,1,1,1,1,1,7,100,,
,Dr Rayhan Islam,1,1,1,1,1,0.5,1,6.5,92.85714286,,
E05_P02_AR_VLJ_GM,Dr Mamun Mahmud,1,1,1,1,0.5,0.5,1,6,85.71428571,92.85714286,92.86
,Dr Abid Hasan Khan,1,1,1,1,1,1,1,7,100,,
,Dr Rayhan Islam,1,1,1,1,1,0.5,1,6.5,92.85714286,,
E05_P02_AF_VLL_GM,Dr Mamun Mahmud,1,1,0,0.2,1,1,1,5.2,74.28571429,74.28571429,74.29
,Dr Abid Hasan Khan,1,1,0,0.2,1,1,1,5.2,74.28571429,,
,Dr Rayhan Islam,1,1,0,0.2,1,1,1,5.2,74.28571429,,
E05_P02_AL_VLL_GM,Dr Mamun Mahmud,1,1,0,0.7,1,1,1,5.7,81.42857143,81.42857143,81.43
,Dr Abid Hasan Khan,1,1,0,0.7,1,1,1,5.7,81.42857143,,
,Dr Rayhan Islam,1,1,0,0.7,1,1,1,5.7,81.42857143,,
E05_P02_AR_VLL_GM,Dr Mamun Mahmud,1,1,0,0.5,1,1,1,5.5,78.57142857,78.57142857,78.57
,Dr Abid Hasan Khan,1,1,0,0.5,1,1,1,5.5,78.57142857,,
,Dr Rayhan Islam,1,1,0,0.5,1,1,1,5.5,78.57142857,,
E05_P02_AF_VML_GM,Dr Mamun Mahmud,1,1,0,0.3,1,1,1,5.3,75.71428571,75.71428571,75.71
,Dr Abid Hasan Khan,1,1,0,0.3,1,1,1,5.3,75.71428571,,
,Dr Rayhan Islam,1,1,0,0.3,1,1,1,5.3,75.71428571,,
E05_P02_AL_VML_GM,Dr Mamun Mahmud,1,1,0,0.7,1,1,1,5.7,81.42857143,81.42857143,81.43
,Dr Abid Hasan Khan,1,1,0,0.7,1,1,1,5.7,81.42857143,,
,Dr Rayhan Islam,1,1,0,0.7,1,1,1,5.7,81.42857143,,
E05_P02_AR_VML_GM,Dr Mamun Mahmud,1,1,1,1,1,1,1,7,100,100,100
,Dr Abid Hasan Khan,1,1,1,1,1,1,1,7,100,,
,Dr Rayhan Islam,1,1,1,1,1,1,1,7,100,,
E05_P02_AF_VO_GM,Dr Mamun Mahmud,1,1,0,0.2,1,1,1,5.2,74.28571429,74.28571429,74.29
,Dr Abid Hasan Khan,1,1,0,0.2,1,1,1,5.2,74.28571429,,
,Dr Rayhan Islam,1,1,0,0.2,1,1,1,5.2,74.28571429,,
E05_P02_AL_VO_GM,Dr Mamun Mahmud,1,1,0,0.1,1,1,1,5.1,72.85714286,72.85714286,72.86
,Dr Abid Hasan Khan,1,1,0,0.1,1,1,1,5.1,72.85714286,,
,Dr Rayhan Islam,1,1,0,0.1,1,1,1,5.1,72.85714286,,
E05_P02_AR_VO_GM,Dr Mamun Mahmud,1,1,0,0.2,1,1,1,5.2,74.28571429,74.28571429,74.29
,Dr Abid Hasan Khan,1,1,0,0.2,1,1,1,5.2,74.28571429,,
,Dr Rayhan Islam,1,1,0,0.2,1,1,1,5.2,74.28571429,,
E05_P03_AF_VFL_GM,Dr Mamun Mahmud,1,1,0,0.6,0.5,1,1,5.1,72.85714286,75.23809524,75.24
,Dr Abid Hasan Khan,1,1,0,0.6,1,1,1,5.6,80,,
,Dr Rayhan Islam,1,1,0,0.6,0.5,1,1,5.1,72.85714286,,
E05_P03_AL_VFL_GM,Dr Mamun Mahmud,1,1,0,0.7,0.5,1,1,5.2,74.28571429,76.66666667,76.67
,Dr Abid Hasan Khan,1,1,0,0.7,1,1,1,5.7,81.42857143,,
,Dr Rayhan Islam,1,1,0,0.7,0.5,1,1,5.2,74.28571429,,
E05_P03_AR_VML_GM,Dr Mamun Mahmud,1,1,0,0.9,0.5,1,1,5.4,77.14285714,79.52380952,79.52
,Dr Abid Hasan Khan,1,1,0,0.9,1,1,1,5.9,84.28571429,,
,Dr Rayhan Islam,1,1,0,0.9,0.5,1,1,5.4,77.14285714,,
E05_P03_AF_VHJ_GM,Dr Mamun Mahmud,1,1,1,1,1,1,1,7,100,100,100
,Dr Abid Hasan Khan,1,1,1,1,1,1,1,7,100,,
,Dr Rayhan Islam,1,1,1,1,1,1,1,7,100,,
E05_P03_AL_VHJ_GM,Dr Mamun Mahmud,1,1,1,1,1,1,1,7,100,100,100
,Dr Abid Hasan Khan,1,1,1,1,1,1,1,7,100,,
,Dr Rayhan Islam,1,1,1,1,1,1,1,7,100,,
E05_P03_AF_VLJ_GM,Dr Mamun Mahmud,1,1,0,0.9,1,1,1,5.9,84.28571429,84.28571429,84.29
,Dr Abid Hasan Khan,1,1,0,0.9,1,1,1,5.9,84.28571429,,
,Dr Rayhan Islam,1,1,0,0.9,1,1,1,5.9,84.28571429,,
E05_P03_AL_VLJ_GM,Dr Mamun Mahmud,1,1,1,1,1,1,1,7,100,100,100
,Dr Abid Hasan Khan,1,1,1,1,1,1,1,7,100,,
,Dr Rayhan Islam,1,1,1,1,1,1,1,7,100,,
E05_P03_AF_VLL_GM,Dr Mamun Mahmud,1,1,1,1,1,1,1,7,100,97.61904762,97.62
,Dr Abid Hasan Khan,1,1,1,1,1,1,1,7,100,,
,Dr Rayhan Islam,1,1,1,1,1,0.5,1,6.5,92.85714286,,
E05_P03_AL_VLL_GM,Dr Mamun Mahmud,1,1,1,1,1,1,1,7,100,97.61904762,97.62
,Dr Abid Hasan Khan,1,1,1,1,1,1,1,7,100,,
,Dr Rayhan Islam,1,1,1,1,1,0.5,1,6.5,92.85714286,,
E05_P03_AF_VML_GM,Dr Mamun Mahmud,1,1,0,0.6,0.5,1,1,5.1,72.85714286,77.61904762,77.62
,Dr Abid Hasan Khan,1,1,0,0.6,1,1,1,5.6,80,,
,Dr Rayhan Islam,1,1,0,0.6,1,1,1,5.6,80,,
E05_P03_AL_VML_GM,Dr Mamun Mahmud,1,1,0,0.9,0.5,1,1,5.4,77.14285714,81.9047619,81.9
,Dr Abid Hasan Khan,1,1,0,0.9,1,1,1,5.9,84.28571429,,
,Dr Rayhan Islam,1,1,0,0.9,1,1,1,5.9,84.28571429,,
E05_P03_AR_VLL_GM,Dr Mamun Mahmud,1,1,0,0.9,0.5,1,1,5.4,77.14285714,81.9047619,81.9
,Dr Abid Hasan Khan,1,1,0,0.9,1,1,1,5.9,84.28571429,,
,Dr Rayhan Islam,1,1,0,0.9,1,1,1,5.9,84.28571429,,
E05_P03_AF_VO_GM,Dr Mamun Mahmud,1,1,1,1,0.5,1,1,6.5,92.85714286,97.61904762,97.62
,Dr Abid Hasan Khan,1,1,1,1,1,1,1,7,100,,
,Dr Rayhan Islam,1,1,1,1,1,1,1,7,100,,
E05_P03_AL_VO_GM,Dr Mamun Mahmud,1,1,1,1,0.5,1,1,6.5,92.85714286,97.61904762,97.62
,Dr Abid Hasan Khan,1,1,1,1,1,1,1,7,100,,
,Dr Rayhan Islam,1,1,1,1,1,1,1,7,100,,
E05_P03_AR_VO_GM,Dr Mamun Mahmud,1,1,1,1,0.5,1,1,6.5,92.85714286,97.61904762,97.62
,Dr Abid Hasan Khan,1,1,1,1,1,1,1,7,100,,
,Dr Rayhan Islam,1,1,1,1,1,1,1,7,100,,
E05_P04_AF_VFL_GM,Dr Mamun Mahmud,1,1,1,1,1,1,1,7,100,88.0952381,88.1
,Dr Abid Hasan Khan,1,1,1,1,1,0,1,6,85.71428571,,
,Dr Rayhan Islam,1,1,1,1,0.5,0.5,0.5,5.5,78.57142857,,
E05_P04_AL_VFL_GM,Dr Mamun Mahmud,1,1,0,0.9,1,1,1,5.9,84.28571429,72.38095238,72.38
,Dr Abid Hasan Khan,1,1,0,0.9,1,0,1,4.9,70,,
,Dr Rayhan Islam,1,1,0,0.9,0.5,0.5,0.5,4.4,62.85714286,,
E05_P04_AR_VFL_GM,Dr Mamun Mahmud,1,1,1,1,1,1,1,7,100,88.0952381,88.1
,Dr Abid Hasan Khan,1,1,1,1,1,0,1,6,85.71428571,,
,Dr Rayhan Islam,1,1,1,1,0.5,0.5,0.5,5.5,78.57142857,,
E05_P04_AF_VHJ_GM,Dr Mamun Mahmud,1,1,0,0.4,1,1,1,5.4,77.14285714,65.23809524,65.24
,Dr Abid Hasan Khan,1,1,0,0.4,1,0,1,4.4,62.85714286,,
,Dr Rayhan Islam,1,1,0,0.4,0.5,0.5,0.5,3.9,55.71428571,,
E05_P04_AL_VHJ_GM,Dr Mamun Mahmud,1,1,1,1,1,1,1,7,100,88.0952381,88.1
,Dr Abid Hasan Khan,1,1,1,1,1,0,1,6,85.71428571,,
,Dr Rayhan Islam,1,1,1,1,0.5,0.5,0.5,5.5,78.57142857,,
E05_P04_AR_VHJ_GM,Dr Mamun Mahmud,1,1,0,0.6,1,1,1,5.6,80,68.0952381,68.1
,Dr Abid Hasan Khan,1,1,0,0.6,1,0,1,4.6,65.71428571,,
,Dr Rayhan Islam,1,1,0,0.6,0.5,0.5,0.5,4.1,58.57142857,,
E05_P04_AF_VLJ_GM,Dr Mamun Mahmud,1,0,0,0.7,1,1,1,4.7,67.14285714,60,60
,Dr Abid Hasan Khan,1,0,0,0.7,1,0,1,3.7,52.85714286,,
,Dr Rayhan Islam,1,0,0,0.7,1,0.5,1,4.2,60,,
E05_P04_AL_VLJ_GM,Dr Mamun Mahmud,1,0,0,0.9,1,1,1,4.9,70,62.85714286,62.86
,Dr Abid Hasan Khan,1,0,0,0.9,1,0,1,3.9,55.71428571,,
,Dr Rayhan Islam,1,0,0,0.9,1,0.5,1,4.4,62.85714286,,
E05_P04_AR_VLJ_GM,Dr Mamun Mahmud,1,0,0,0.8,1,1,1,4.8,68.57142857,61.42857143,61.43
,Dr Abid Hasan Khan,1,0,0,0.8,1,0,1,3.8,54.28571429,,
,Dr Rayhan Islam,1,0,0,0.8,1,0.5,1,4.3,61.42857143,,
E05_P04_AF_VLL_GM,Dr Mamun Mahmud,1,1,0,0.7,1,1,1,5.7,81.42857143,74.28571429,74.29
,Dr Abid Hasan Khan,1,1,0,0.7,1,0.5,1,5.2,74.28571429,,
,Dr Rayhan Islam,1,1,0,0.7,1,0.5,0.5,4.7,67.14285714,,
E05_P04_AL_VLL_GM,Dr Mamun Mahmud,1,1,0,0.9,1,1,1,5.9,84.28571429,77.14285714,77.14
,Dr Abid Hasan Khan,1,1,0,0.9,1,0.5,1,5.4,77.14285714,,
,Dr Rayhan Islam,1,1,0,0.9,1,0.5,0.5,4.9,70,,
E05_P04_AR_VLL_GM,Dr Mamun Mahmud,1,1,0,0.8,1,1,1,5.8,82.85714286,75.71428571,75.71
,Dr Abid Hasan Khan,1,1,0,0.8,1,0.5,1,5.3,75.71428571,,
,Dr Rayhan Islam,1,1,0,0.8,1,0.5,0.5,4.8,68.57142857,,
E05_P04_AF_VML_GM,Dr Mamun Mahmud,1,1,0,0.8,1,1,1,5.8,82.85714286,80.47619048,80.48
,Dr Abid Hasan Khan,1,1,0,0.8,1,0.5,1,5.3,75.71428571,,
,Dr Rayhan Islam,1,1,0,0.8,1,1,1,5.8,82.85714286,,
E05_P04_AR_VML_GM,Dr Mamun Mahmud,1,1,0,0.8,1,1,1,5.8,82.85714286,80.47619048,80.48
,Dr Abid Hasan Khan,1,1,0,0.8,1,0.5,1,5.3,75.71428571,,
,Dr Rayhan Islam,1,1,0,0.8,1,1,1,5.8,82.85714286,,
E05_P04_AF_VO_GM,Dr Mamun Mahmud,1,1,0,0.9,1,1,1,5.9,84.28571429,77.14285714,77.14
,Dr Abid Hasan Khan,1,1,0,0.9,1,0.5,1,5.4,77.14285714,,
,Dr Rayhan Islam,1,1,0,0.9,0.5,0.5,1,4.9,70,,
E05_P04_AL_VO_GM,Dr Mamun Mahmud,1,1,0,0.9,1,1,1,5.9,84.28571429,77.14285714,77.14
,Dr Abid Hasan Khan,1,1,0,0.9,1,0.5,1,5.4,77.14285714,,
,Dr Rayhan Islam,1,1,0,0.9,0.5,0.5,1,4.9,70,,
E05_P04_AR_VO_GM,Dr Mamun Mahmud,1,1,1,1,1,1,1,7,100,92.85714286,92.86
,Dr Abid Hasan Khan,1,1,1,1,1,0.5,1,6.5,92.85714286,,
,Dr Rayhan Islam,1,1,1,1,0.5,0.5,1,6,85.71428571,,
E05_P05_AF_VFL_GM,Dr Mamun Mahmud,1,1,1,1,0.5,1,1,6.5,92.85714286,97.61904762,97.62
,Dr Abid Hasan Khan,1,1,1,1,1,1,1,7,100,,
,Dr Rayhan Islam,1,1,1,1,1,1,1,7,100,,
E05_P05_AL_VFL_GM,Dr Mamun Mahmud,1,1,1,1,0.5,1,1,6.5,92.85714286,97.61904762,97.62
,Dr Abid Hasan Khan,1,1,1,1,1,1,1,7,100,,
,Dr Rayhan Islam,1,1,1,1,1,1,1,7,100,,
E05_P05_AR_VFL_GM,Dr Mamun Mahmud,1,1,1,1,0.5,1,1,6.5,92.85714286,97.61904762,97.62
,Dr Abid Hasan Khan,1,1,1,1,1,1,1,7,100,,
,Dr Rayhan Islam,1,1,1,1,1,1,1,7,100,,
E05_P05_AF_VHJ_GM,Dr Mamun Mahmud,1,1,1,1,0.5,1,1,6.5,92.85714286,97.61904762,97.62
,Dr Abid Hasan Khan,1,1,1,1,1,1,1,7,100,,
,Dr Rayhan Islam,1,1,1,1,1,1,1,7,100,,
E05_P05_AL_VHJ_GM,Dr Mamun Mahmud,1,1,1,1,0.5,1,1,6.5,92.85714286,97.61904762,97.62
,Dr Abid Hasan Khan,1,1,1,1,1,1,1,7,100,,
,Dr Rayhan Islam,1,1,1,1,1,1,1,7,100,,
E05_P05_AR_VHJ_GM,Dr Mamun Mahmud,1,1,1,1,0.5,1,1,6.5,92.85714286,97.61904762,97.62
,Dr Abid Hasan Khan,1,1,1,1,1,1,1,7,100,,
,Dr Rayhan Islam,1,1,1,1,1,1,1,7,100,,
E05_P05_AF_VLJ_GM,Dr Mamun Mahmud,1,1,1,1,0.5,1,1,6.5,92.85714286,97.61904762,97.62
,Dr Abid Hasan Khan,1,1,1,1,1,1,1,7,100,,
,Dr Rayhan Islam,1,1,1,1,1,1,1,7,100,,
E05_P05_AL_VLJ_GM,Dr Mamun Mahmud,1,1,1,1,0.5,1,1,6.5,92.85714286,97.61904762,97.62
,Dr Abid Hasan Khan,1,1,1,1,1,1,1,7,100,,
,Dr Rayhan Islam,1,1,1,1,1,1,1,7,100,,
E05_P05_AR_VLJ_GM,Dr Mamun Mahmud,1,1,1,1,0.5,1,1,6.5,92.85714286,97.61904762,97.62
,Dr Abid Hasan Khan,1,1,1,1,1,1,1,7,100,,
,Dr Rayhan Islam,1,1,1,1,1,1,1,7,100,,
E05_P05_AF_VLL_GM,Dr Mamun Mahmud,1,1,1,1,0.5,1,1,6.5,92.85714286,95.23809524,95.24
,Dr Abid Hasan Khan,1,1,1,1,1,1,1,7,100,,
,Dr Rayhan Islam,1,1,1,1,1,0.5,1,6.5,92.85714286,,
E05_P05_AL_VLL_GM,Dr Mamun Mahmud,1,1,1,1,0.5,1,1,6.5,92.85714286,95.23809524,95.24
,Dr Abid Hasan Khan,1,1,1,1,1,1,1,7,100,,
,Dr Rayhan Islam,1,1,1,1,1,0.5,1,6.5,92.85714286,,
E05_P05_AR_VLL_GM,Dr Mamun Mahmud,1,1,1,1,0.5,1,1,6.5,92.85714286,95.23809524,95.24
,Dr Abid Hasan Khan,1,1,1,1,1,1,1,7,100,,
,Dr Rayhan Islam,1,1,1,1,1,0.5,1,6.5,92.85714286,,
E05_P05_AF_VML_GM,Dr Mamun Mahmud,1,1,1,1,1,1,1,7,100,100,100
,Dr Abid Hasan Khan,1,1,1,1,1,1,1,7,100,,
,Dr Rayhan Islam,1,1,1,1,1,1,1,7,100,,
E05_P05_AL_VML_GM,Dr Mamun Mahmud,1,1,1,1,1,1,1,7,100,100,100
,Dr Abid Hasan Khan,1,1,1,1,1,1,1,7,100,,
,Dr Rayhan Islam,1,1,1,1,1,1,1,7,100,,
E05_P05_AR_VML_GM,Dr Mamun Mahmud,1,1,1,1,1,1,1,7,100,100,100
,Dr Abid Hasan Khan,1,1,1,1,1,1,1,7,100,,
,Dr Rayhan Islam,1,1,1,1,1,1,1,7,100,,
E05_P05_AF_VO_GM,Dr Mamun Mahmud,1,1,1,1,0.5,0.5,1,6,85.71428571,92.85714286,92.86
,Dr Abid Hasan Khan,1,1,1,1,1,1,1,7,100,,
,Dr Rayhan Islam,1,1,1,1,0.5,1,1,6.5,92.85714286,,
E05_P05_AL_VO_GM,Dr Mamun Mahmud,1,1,1,1,0.5,0.5,1,6,85.71428571,92.85714286,92.86
,Dr Abid Hasan Khan,1,1,1,1,1,1,1,7,100,,
,Dr Rayhan Islam,1,1,1,1,0.5,1,1,6.5,92.85714286,,
E05_P05_AR_VO_GM,Dr Mamun Mahmud,1,1,1,1,0.5,0.5,1,6,85.71428571,92.85714286,92.86
,Dr Abid Hasan Khan,1,1,1,1,1,1,1,7,100,,
,Dr Rayhan Islam,1,1,1,1,0.5,1,1,6.5,92.85714286,,
E05_P06_AF_VFL_GM,Dr Mamun Mahmud,1,1,0,0.7,1,1,1,5.7,81.42857143,76.66666667,76.67
,Dr Abid Hasan Khan,1,1,0,0.7,0.5,0.5,1,4.7,67.14285714,,
,Dr Rayhan Islam,1,1,0,0.7,1,1,1,5.7,81.42857143,,
E05_P06_AL_VFL_GM,Dr Mamun Mahmud,1,1,0,0.6,1,1,1,5.6,80,75.23809524,75.24
,Dr Abid Hasan Khan,1,1,0,0.6,0.5,0.5,1,4.6,65.71428571,,
,Dr Rayhan Islam,1,1,0,0.6,1,1,1,5.6,80,,
E05_P06_AR_VFL_GM,Dr Mamun Mahmud,1,1,0,0.8,1,1,1,5.8,82.85714286,78.0952381,78.1
,Dr Abid Hasan Khan,1,1,0,0.8,0.5,0.5,1,4.8,68.57142857,,
,Dr Rayhan Islam,1,1,0,0.8,1,1,1,5.8,82.85714286,,
E05_P06_AF_VHJ_GM,Dr Mamun Mahmud,1,1,0,0.2,1,1,1,5.2,74.28571429,69.52380952,69.52
,Dr Abid Hasan Khan,1,1,0,0.2,1,0.5,1,4.7,67.14285714,,
,Dr Rayhan Islam,1,1,0,0.2,0.5,1,1,4.7,67.14285714,,
E05_P06_AL_VHJ_GM,Dr Mamun Mahmud,1,1,0,0.5,1,1,1,5.5,78.57142857,73.80952381,73.81
,Dr Abid Hasan Khan,1,1,0,0.5,1,0.5,1,5,71.42857143,,
,Dr Rayhan Islam,1,1,0,0.5,0.5,1,1,5,71.42857143,,
E05_P06_AR_VHJ_GM,Dr Mamun Mahmud,1,1,1,1,1,1,1,7,100,95.23809524,95.24
,Dr Abid Hasan Khan,1,1,1,1,1,0.5,1,6.5,92.85714286,,
,Dr Rayhan Islam,1,1,1,1,0.5,1,1,6.5,92.85714286,,
E05_P06_AF_VLJ_GM,Dr Mamun Mahmud,1,1,0,0.3,1,1,1,5.3,75.71428571,73.33333333,73.33
,Dr Abid Hasan Khan,1,1,0,0.3,1,0.5,1,4.8,68.57142857,,
,Dr Rayhan Islam,1,1,0,0.3,1,1,1,5.3,75.71428571,,
E05_P06_AL_VLJ_GM,Dr Mamun Mahmud,1,1,0,0.6,1,1,1,5.6,80,77.61904762,77.62
,Dr Abid Hasan Khan,1,1,0,0.6,1,0.5,1,5.1,72.85714286,,
,Dr Rayhan Islam,1,1,0,0.6,1,1,1,5.6,80,,
E05_P06_AR_VLJ_GM,Dr Mamun Mahmud,1,1,1,1,1,1,1,7,100,97.61904762,97.62
,Dr Abid Hasan Khan,1,1,1,1,1,0.5,1,6.5,92.85714286,,
,Dr Rayhan Islam,1,1,1,1,1,1,1,7,100,,
E05_P06_AF_VLL_GM,Dr Mamun Mahmud,1,1,0,0.3,1,1,1,5.3,75.71428571,73.33333333,73.33
,Dr Abid Hasan Khan,1,1,0,0.3,1,0.5,1,4.8,68.57142857,,
,Dr Rayhan Islam,1,1,0,0.3,1,1,1,5.3,75.71428571,,
E05_P06_AL_VLL_GM,Dr Mamun Mahmud,1,1,0,0.3,1,1,1,5.3,75.71428571,73.33333333,73.33
,Dr Abid Hasan Khan,1,1,0,0.3,1,0.5,1,4.8,68.57142857,,
,Dr Rayhan Islam,1,1,0,0.3,1,1,1,5.3,75.71428571,,
E05_P06_AR_VLL_GM,Dr Mamun Mahmud,1,1,0,0.9,1,1,1,5.9,84.28571429,81.9047619,81.9
,Dr Abid Hasan Khan,1,1,0,0.9,1,0.5,1,5.4,77.14285714,,
,Dr Rayhan Islam,1,1,0,0.9,1,1,1,5.9,84.28571429,,
E05_P06_AF_VML_GM,Dr Mamun Mahmud,1,1,0,0.6,1,1,1,5.6,80,75.23809524,75.24
,Dr Abid Hasan Khan,1,1,0,0.6,1,0.5,1,5.1,72.85714286,,
,Dr Rayhan Islam,1,1,0,0.6,1,0.5,1,5.1,72.85714286,,
E05_P06_AL_VML_GM,Dr Mamun Mahmud,1,1,0,0.6,1,1,1,5.6,80,75.23809524,75.24
,Dr Abid Hasan Khan,1,1,0,0.6,1,0.5,1,5.1,72.85714286,,
,Dr Rayhan Islam,1,1,0,0.6,1,0.5,1,5.1,72.85714286,,
E05_P06_AR_VML_GM,Dr Mamun Mahmud,1,1,1,1,1,1,1,7,100,95.23809524,95.24
,Dr Abid Hasan Khan,1,1,1,1,1,0.5,1,6.5,92.85714286,,
,Dr Rayhan Islam,1,1,1,1,1,0.5,1,6.5,92.85714286,,
E05_P06_AF_VO_GM,Dr Mamun Mahmud,1,1,0,0.4,1,1,1,5.4,77.14285714,74.76190476,74.76
,Dr Abid Hasan Khan,1,1,0,0.4,1,0.5,1,4.9,70,,
,Dr Rayhan Islam,1,1,0,0.4,1,1,1,5.4,77.14285714,,
E05_P06_AL_VO_GM,Dr Mamun Mahmud,1,1,0,0.6,1,1,1,5.6,80,77.61904762,77.62
,Dr Abid Hasan Khan,1,1,0,0.6,1,0.5,1,5.1,72.85714286,,
,Dr Rayhan Islam,1,1,0,0.6,1,1,1,5.6,80,,
E05_P06_AR_VO_GM,Dr Mamun Mahmud,1,1,0,0.8,1,1,1,5.8,82.85714286,80.47619048,80.48
,Dr Abid Hasan Khan,1,1,0,0.8,1,0.5,1,5.3,75.71428571,,
,Dr Rayhan Islam,1,1,0,0.8,1,1,1,5.8,82.85714286,,
E05_P07_AF_VFL_GM,Dr Mamun Mahmud,1,1,0,0.9,0.5,0.5,1,4.9,70,74.76190476,74.76
,Dr Abid Hasan Khan,1,1,0,0.9,1,0.5,1,5.4,77.14285714,,
,Dr Rayhan Islam,1,1,0,0.9,0.5,1,1,5.4,77.14285714,,
E05_P07_AL_VFL_GM,Dr Mamun Mahmud,1,1,0,0.7,0.5,0.5,1,4.7,67.14285714,71.9047619,71.9
,Dr Abid Hasan Khan,1,1,0,0.7,1,0.5,1,5.2,74.28571429,,
,Dr Rayhan Islam,1,1,0,0.7,0.5,1,1,5.2,74.28571429,,
E05_P07_AR_VFL_GM,Dr Mamun Mahmud,1,1,1,1,0.5,0.5,1,6,85.71428571,90.47619048,90.48
,Dr Abid Hasan Khan,1,1,1,1,1,0.5,1,6.5,92.85714286,,
,Dr Rayhan Islam,1,1,1,1,0.5,1,1,6.5,92.85714286,,
E05_P07_AF_VHJ_GM,Dr Mamun Mahmud,1,0,0,0.3,0.5,1,1,3.8,54.28571429,54.28571429,54.29
,Dr Abid Hasan Khan,1,0,0,0.3,1,0.5,1,3.8,54.28571429,,
,Dr Rayhan Islam,1,0,0,0.3,0.5,1,1,3.8,54.28571429,,
E05_P07_AL_VHJ_GM,Dr Mamun Mahmud,1,0,0,0.5,0.5,1,1,4,57.14285714,57.14285714,57.14
,Dr Abid Hasan Khan,1,0,0,0.5,1,0.5,1,4,57.14285714,,
,Dr Rayhan Islam,1,0,0,0.5,0.5,1,1,4,57.14285714,,
E05_P07_AR_VHJ_GM,Dr Mamun Mahmud,1,0,0,0.7,0.5,1,1,4.2,60,60,60
,Dr Abid Hasan Khan,1,0,0,0.7,1,0.5,1,4.2,60,,
,Dr Rayhan Islam,1,0,0,0.7,0.5,1,1,4.2,60,,
E05_P07_AF_VLJ_GM,Dr Mamun Mahmud,1,1,1,1,0.5,1,1,6.5,92.85714286,92.85714286,92.86
,Dr Abid Hasan Khan,1,1,1,1,1,0.5,1,6.5,92.85714286,,
,Dr Rayhan Islam,1,1,1,1,0.5,1,1,6.5,92.85714286,,
E05_P07_AL_VLJ_GM,Dr Mamun Mahmud,1,1,1,1,0.5,1,1,6.5,92.85714286,92.85714286,92.86
,Dr Abid Hasan Khan,1,1,1,1,1,0.5,1,6.5,92.85714286,,
,Dr Rayhan Islam,1,1,1,1,0.5,1,1,6.5,92.85714286,,
E05_P07_AR_VLJ_GM,Dr Mamun Mahmud,1,1,0,0.9,0.5,1,1,5.4,77.14285714,77.14285714,77.14
,Dr Abid Hasan Khan,1,1,0,0.9,1,0.5,1,5.4,77.14285714,,
,Dr Rayhan Islam,1,1,0,0.9,0.5,1,1,5.4,77.14285714,,
E05_P07_AF_VLL_GM,Dr Mamun Mahmud,1,1,1,1,0.5,1,1,6.5,92.85714286,92.85714286,92.86
,Dr Abid Hasan Khan,1,1,1,1,1,0.5,1,6.5,92.85714286,,
,Dr Rayhan Islam,1,1,1,1,0.5,1,1,6.5,92.85714286,,
E05_P07_AL_VLL_GM,Dr Mamun Mahmud,1,1,1,1,0.5,1,1,6.5,92.85714286,92.85714286,92.86
,Dr Abid Hasan Khan,1,1,1,1,1,0.5,1,6.5,92.85714286,,
,Dr Rayhan Islam,1,1,1,1,0.5,1,1,6.5,92.85714286,,
E05_P07_AR_VLL_GM,Dr Mamun Mahmud,1,1,1,1,0.5,1,1,6.5,92.85714286,92.85714286,92.86
,Dr Abid Hasan Khan,1,1,1,1,1,0.5,1,6.5,92.85714286,,
,Dr Rayhan Islam,1,1,1,1,0.5,1,1,6.5,92.85714286,,
E05_P07_AF_VML_GM,Dr Mamun Mahmud,1,1,0,0.9,0.5,1,1,5.4,77.14285714,79.52380952,79.52
,Dr Abid Hasan Khan,1,1,0,0.9,1,0.5,1,5.4,77.14285714,,
,Dr Rayhan Islam,1,1,0,0.9,1,1,1,5.9,84.28571429,,
E05_P07_AL_VML_GM,Dr Mamun Mahmud,1,1,0,0.9,0.5,1,1,5.4,77.14285714,79.52380952,79.52
,Dr Abid Hasan Khan,1,1,0,0.9,1,0.5,1,5.4,77.14285714,,
,Dr Rayhan Islam,1,1,0,0.9,1,1,1,5.9,84.28571429,,
E05_P07_AR_VML_GM,Dr Mamun Mahmud,1,1,0,0.9,0.5,1,1,5.4,77.14285714,79.52380952,79.52
,Dr Abid Hasan Khan,1,1,0,0.9,1,0.5,1,5.4,77.14285714,,
,Dr Rayhan Islam,1,1,0,0.9,1,1,1,5.9,84.28571429,,
E05_P07_AF_VO_GM,Dr Mamun Mahmud,1,1,0,0.5,0.5,1,1,5,71.42857143,71.42857143,71.43
,Dr Abid Hasan Khan,1,1,0,0.5,0.5,0.5,1,4.5,64.28571429,,
,Dr Rayhan Islam,1,1,0,0.5,1,1,1,5.5,78.57142857,,
E05_P07_AL_VO_GM,Dr Mamun Mahmud,1,1,0,0.8,0.5,1,1,5.3,75.71428571,75.71428571,75.71
,Dr Abid Hasan Khan,1,1,0,0.8,0.5,0.5,1,4.8,68.57142857,,
,Dr Rayhan Islam,1,1,0,0.8,1,1,1,5.8,82.85714286,,
E05_P07_AR_VO_GM,Dr Mamun Mahmud,1,1,0,0.9,0.5,1,1,5.4,77.14285714,77.14285714,77.14
,Dr Abid Hasan Khan,1,1,0,0.9,0.5,0.5,1,4.9,70,,
,Dr Rayhan Islam,1,1,0,0.9,1,1,1,5.9,84.28571429,,
E05_P08_AF_VFL_GM,Dr Mamun Mahmud,1,1,1,1,1,1,1,7,100,100,100
,Dr Abid Hasan Khan,1,1,1,1,1,1,1,7,100,,
,Dr Rayhan Islam,1,1,1,1,1,1,1,7,100,,
E05_P08_AL_VFL_GM,Dr Mamun Mahmud,1,1,1,1,1,1,1,7,100,100,100
,Dr Abid Hasan Khan,1,1,1,1,1,1,1,7,100,,
,Dr Rayhan Islam,1,1,1,1,1,1,1,7,100,,
E05_P08_AR_VFL_GM,Dr Mamun Mahmud,1,1,1,1,1,1,1,7,100,100,100
,Dr Abid Hasan Khan,1,1,1,1,1,1,1,7,100,,
,Dr Rayhan Islam,1,1,1,1,1,1,1,7,100,,
E05_P08_AF_VHJ_GM,Dr Mamun Mahmud,1,0,1,1,1,1,1,6,85.71428571,85.71428571,85.71
,Dr Abid Hasan Khan,1,0,1,1,1,1,1,6,85.71428571,,
,Dr Rayhan Islam,1,0,1,1,1,1,1,6,85.71428571,,
E05_P08_AL_VHJ_GM,Dr Mamun Mahmud,1,0,1,1,1,1,1,6,85.71428571,85.71428571,85.71
,Dr Abid Hasan Khan,1,0,1,1,1,1,1,6,85.71428571,,
,Dr Rayhan Islam,1,0,1,1,1,1,1,6,85.71428571,,
E05_P08_AR_VHJ_GM,Dr Mamun Mahmud,1,0,1,1,1,1,1,6,85.71428571,85.71428571,85.71
,Dr Abid Hasan Khan,1,0,1,1,1,1,1,6,85.71428571,,
,Dr Rayhan Islam,1,0,1,1,1,1,1,6,85.71428571,,
E05_P08_AF_VLJ_GM,Dr Mamun Mahmud,1,1,1,1,1,1,1,7,100,97.61904762,97.62
,Dr Abid Hasan Khan,1,1,1,1,1,1,1,7,100,,
,Dr Rayhan Islam,1,1,1,1,1,1,0.5,6.5,92.85714286,,
E05_P08_AL_VLJ_GM,Dr Mamun Mahmud,1,1,1,1,1,1,1,7,100,97.61904762,97.62
,Dr Abid Hasan Khan,1,1,1,1,1,1,1,7,100,,
,Dr Rayhan Islam,1,1,1,1,1,1,0.5,6.5,92.85714286,,
E05_P08_AR_VLJ_GM,Dr Mamun Mahmud,1,1,1,1,1,1,1,7,100,97.61904762,97.62
,Dr Abid Hasan Khan,1,1,1,1,1,1,1,7,100,,
,Dr Rayhan Islam,1,1,1,1,1,1,0.5,6.5,92.85714286,,
E05_P08_AF_VLL_GM,Dr Mamun Mahmud,1,1,1,1,1,1,1,7,100,97.61904762,97.62
,Dr Abid Hasan Khan,1,1,1,1,1,1,1,7,100,,
,Dr Rayhan Islam,1,1,1,1,1,1,0.5,6.5,92.85714286,,
E05_P08_AR_VLL_GM,Dr Mamun Mahmud,1,1,1,1,1,1,1,7,100,97.61904762,97.62
,Dr Abid Hasan Khan,1,1,1,1,1,1,1,7,100,,
,Dr Rayhan Islam,1,1,1,1,1,1,0.5,6.5,92.85714286,,
E05_P08_AF_VML_GM,Dr Mamun Mahmud,1,1,1,1,1,1,1,7,100,97.61904762,97.62
,Dr Abid Hasan Khan,1,1,1,1,1,1,1,7,100,,
,Dr Rayhan Islam,1,1,1,1,1,1,0.5,6.5,92.85714286,,
E05_P08_AL_VML_GM,Dr Mamun Mahmud,1,1,1,1,1,1,1,7,100,97.61904762,97.62
,Dr Abid Hasan Khan,1,1,1,1,1,1,1,7,100,,
,Dr Rayhan Islam,1,1,1,1,1,1,0.5,6.5,92.85714286,,
E05_P08_AR_VML_GM,Dr Mamun Mahmud,1,1,0,0.9,1,1,1,5.9,84.28571429,81.9047619,81.9
,Dr Abid Hasan Khan,1,1,0,0.9,1,1,1,5.9,84.28571429,,
,Dr Rayhan Islam,1,1,0,0.9,1,1,0.5,5.4,77.14285714,,
E05_P08_AF_VO_GM,Dr Mamun Mahmud,1,1,1,1,1,0.5,1,6.5,92.85714286,95.23809524,95.24
,Dr Abid Hasan Khan,1,1,1,1,1,1,1,7,100,,
,Dr Rayhan Islam,1,1,1,1,1,1,0.5,6.5,92.85714286,,
E05_P08_AL_VO_GM,Dr Mamun Mahmud,1,1,1,1,1,0.5,1,6.5,92.85714286,95.23809524,95.24
,Dr Abid Hasan Khan,1,1,1,1,1,1,1,7,100,,
,Dr Rayhan Islam,1,1,1,1,1,1,0.5,6.5,92.85714286,,
E05_P08_AR_VO_GM,Dr Mamun Mahmud,1,1,1,1,1,0.5,1,6.5,92.85714286,95.23809524,95.24
,Dr Abid Hasan Khan,1,1,1,1,1,1,1,7,100,,
,Dr Rayhan Islam,1,1,1,1,1,1,0.5,6.5,92.85714286,,
E05_P09_AF_VFL_GF,Dr Mamun Mahmud,1,1,1,1,1,1,1,7,100,95.23809524,95.24
,Dr Abid Hasan Khan,1,1,1,1,1,1,1,7,100,,
,Dr Rayhan Islam,1,1,1,1,0.5,0.5,1,6,85.71428571,,
E05_P09_AL_VFL_GF,Dr Mamun Mahmud,1,1,1,1,1,1,1,7,100,95.23809524,95.24
,Dr Abid Hasan Khan,1,1,1,1,1,1,1,7,100,,
,Dr Rayhan Islam,1,1,1,1,0.5,0.5,1,6,85.71428571,,
E05_P09_AR_VFL_GF,Dr Mamun Mahmud,1,1,1,1,1,1,1,7,100,95.23809524,95.24
,Dr Abid Hasan Khan,1,1,1,1,1,1,1,7,100,,
,Dr Rayhan Islam,1,1,1,1,0.5,0.5,1,6,85.71428571,,
E05_P09_AF_VLL_GF,Dr Mamun Mahmud,1,1,0,0.8,1,1,1,5.8,82.85714286,78.0952381,78.1
,Dr Abid Hasan Khan,1,1,0,0.8,1,1,1,5.8,82.85714286,,
,Dr Rayhan Islam,1,1,0,0.8,0.5,0.5,1,4.8,68.57142857,,
E05_P09_AL_VLL_GF,Dr Mamun Mahmud,1,1,0,0.9,1,1,1,5.9,84.28571429,79.52380952,79.52
,Dr Abid Hasan Khan,1,1,0,0.9,1,1,1,5.9,84.28571429,,
,Dr Rayhan Islam,1,1,0,0.9,0.5,0.5,1,4.9,70,,
E05_P09_AR_VLL_GF,Dr Mamun Mahmud,1,1,1,1,1,1,1,7,100,95.23809524,95.24
,Dr Abid Hasan Khan,1,1,1,1,1,1,1,7,100,,
,Dr Rayhan Islam,1,1,1,1,0.5,0.5,1,6,85.71428571,,
E05_P09_AF_VML_GF,Dr Mamun Mahmud,1,1,1,1,1,1,1,7,100,97.61904762,97.62
,Dr Abid Hasan Khan,1,1,1,1,1,1,1,7,100,,
,Dr Rayhan Islam,1,1,1,1,0.5,1,1,6.5,92.85714286,,
E05_P09_AL_VML_GF,Dr Mamun Mahmud,1,1,1,1,1,1,1,7,100,97.61904762,97.62
,Dr Abid Hasan Khan,1,1,1,1,1,1,1,7,100,,
,Dr Rayhan Islam,1,1,1,1,0.5,1,1,6.5,92.85714286,,
E05_P09_AR_VML_GF,Dr Mamun Mahmud,1,1,1,1,1,1,1,7,100,97.61904762,97.62
,Dr Abid Hasan Khan,1,1,1,1,1,1,1,7,100,,
,Dr Rayhan Islam,1,1,1,1,0.5,1,1,6.5,92.85714286,,
E05_P09_AF_VO_GF,Dr Mamun Mahmud,1,1,1,1,1,1,1,7,100,100,100
,Dr Abid Hasan Khan,1,1,1,1,1,1,1,7,100,,
,Dr Rayhan Islam,1,1,1,1,1,1,1,7,100,,
E05_P09_AL_VO_GF,Dr Mamun Mahmud,1,1,1,1,1,1,1,7,100,100,100
,Dr Abid Hasan Khan,1,1,1,1,1,1,1,7,100,,
,Dr Rayhan Islam,1,1,1,1,1,1,1,7,100,,
E05_P09_AR_VO_GF,Dr Mamun Mahmud,1,1,1,1,1,1,1,7,100,100,100
,Dr Abid Hasan Khan,1,1,1,1,1,1,1,7,100,,
,Dr Rayhan Islam,1,1,1,1,1,1,1,7,100,,
E05_P10_AF_VFL_GF,Dr Mamun Mahmud,1,1,1,1,1,1,1,7,100,100,100
,Dr Abid Hasan Khan,1,1,1,1,1,1,1,7,100,,
,Dr Rayhan Islam,1,1,1,1,1,1,1,7,100,,
E05_P10_AL_VFL_GF,Dr Mamun Mahmud,1,1,1,1,1,1,1,7,100,100,100
,Dr Abid Hasan Khan,1,1,1,1,1,1,1,7,100,,
,Dr Rayhan Islam,1,1,1,1,1,1,1,7,100,,
E05_P10_AR_VFL_GF,Dr Mamun Mahmud,1,1,1,1,1,1,1,7,100,100,100
,Dr Abid Hasan Khan,1,1,1,1,1,1,1,7,100,,
,Dr Rayhan Islam,1,1,1,1,1,1,1,7,100,,
E05_P10_AF_VLL_GF,Dr Mamun Mahmud,1,1,1,1,1,1,1,7,100,97.61904762,97.62
,Dr Abid Hasan Khan,1,1,1,1,1,0.5,1,6.5,92.85714286,,
,Dr Rayhan Islam,1,1,1,1,1,1,1,7,100,,
E05_P10_AL_VLL_GF,Dr Mamun Mahmud,1,1,1,1,1,1,1,7,100,97.61904762,97.62
,Dr Abid Hasan Khan,1,1,1,1,1,0.5,1,6.5,92.85714286,,
,Dr Rayhan Islam,1,1,1,1,1,1,1,7,100,,
E05_P10_AR_VLL_GF,Dr Mamun Mahmud,1,1,1,1,1,1,1,7,100,97.61904762,97.62
,Dr Abid Hasan Khan,1,1,1,1,1,0.5,1,6.5,92.85714286,,
,Dr Rayhan Islam,1,1,1,1,1,1,1,7,100,,
E05_P10_AF_VML_GF,Dr Mamun Mahmud,1,1,1,1,1,1,1,7,100,97.61904762,97.62
,Dr Abid Hasan Khan,1,1,1,1,1,0.5,1,6.5,92.85714286,,
,Dr Rayhan Islam,1,1,1,1,1,1,1,7,100,,
E05_P10_AL_VML_GF,Dr Mamun Mahmud,1,1,1,1,1,1,1,7,100,97.61904762,97.62
,Dr Abid Hasan Khan,1,1,1,1,1,0.5,1,6.5,92.85714286,,
,Dr Rayhan Islam,1,1,1,1,1,1,1,7,100,,
E05_P10_AF_VO_GF,Dr Mamun Mahmud,1,1,1,1,1,1,1,7,100,100,100
,Dr Abid Hasan Khan,1,1,1,1,1,1,1,7,100,,
,Dr Rayhan Islam,1,1,1,1,1,1,1,7,100,,
E05_P10_AL_VO_GF,Dr Mamun Mahmud,1,1,1,1,1,1,1,7,100,100,100
,Dr Abid Hasan Khan,1,1,1,1,1,1,1,7,100,,
,Dr Rayhan Islam,1,1,1,1,1,1,1,7,100,,
E05_P10_AR_VO_GF,Dr Mamun Mahmud,1,1,1,1,1,1,1,7,100,100,100
,Dr Abid Hasan Khan,1,1,1,1,1,1,1,7,100,,
,Dr Rayhan Islam,1,1,1,1,1,1,1,7,100,,
E05_P11_AF_VFL_GF,Dr Mamun Mahmud,1,1,1,1,1,1,1,7,100,100,100
,Dr Abid Hasan Khan,1,1,1,1,1,1,1,7,100,,
,Dr Rayhan Islam,1,1,1,1,1,1,1,7,100,,
E05_P11_AL_VFL_GF,Dr Mamun Mahmud,1,1,1,1,1,1,1,7,100,100,100
,Dr Abid Hasan Khan,1,1,1,1,1,1,1,7,100,,
,Dr Rayhan Islam,1,1,1,1,1,1,1,7,100,,
E05_P11_AR_VFL_GF,Dr Mamun Mahmud,1,1,1,1,1,1,1,7,100,100,100
,Dr Abid Hasan Khan,1,1,1,1,1,1,1,7,100,,
,Dr Rayhan Islam,1,1,1,1,1,1,1,7,100,,
E05_P11_AF_VLL_GF,Dr Mamun Mahmud,1,1,1,1,1,1,1,7,100,100,100
,Dr Abid Hasan Khan,1,1,1,1,1,1,1,7,100,,
,Dr Rayhan Islam,1,1,1,1,1,1,1,7,100,,
E05_P11_AL_VLL_GF,Dr Mamun Mahmud,1,1,0,0.9,1,1,1,5.9,84.28571429,84.28571429,84.29
,Dr Abid Hasan Khan,1,1,0,0.9,1,1,1,5.9,84.28571429,,
,Dr Rayhan Islam,1,1,0,0.9,1,1,1,5.9,84.28571429,,
E05_P11_AR_VLL_GF,Dr Mamun Mahmud,1,1,1,1,1,1,1,7,100,100,100
,Dr Abid Hasan Khan,1,1,1,1,1,1,1,7,100,,
,Dr Rayhan Islam,1,1,1,1,1,1,1,7,100,,
E05_P11_AF_VML_GF,Dr Mamun Mahmud,1,1,1,1,1,1,1,7,100,100,100
,Dr Abid Hasan Khan,1,1,1,1,1,1,1,7,100,,
,Dr Rayhan Islam,1,1,1,1,1,1,1,7,100,,
E05_P11_AL_VML_GF,Dr Mamun Mahmud,1,1,1,1,1,1,1,7,100,100,100
,Dr Abid Hasan Khan,1,1,1,1,1,1,1,7,100,,
,Dr Rayhan Islam,1,1,1,1,1,1,1,7,100,,
E05_P11_AR_VML_GF,Dr Mamun Mahmud,1,1,1,1,1,1,1,7,100,100,100
,Dr Abid Hasan Khan,1,1,1,1,1,1,1,7,100,,
,Dr Rayhan Islam,1,1,1,1,1,1,1,7,100,,
E05_P11_AF_VO_GF,Dr Mamun Mahmud,1,1,1,1,1,1,1,7,100,100,100
,Dr Abid Hasan Khan,1,1,1,1,1,1,1,7,100,,
,Dr Rayhan Islam,1,1,1,1,1,1,1,7,100,,
E05_P11_AL_VO_GF,Dr Mamun Mahmud,1,1,1,1,1,1,1,7,100,100,100
,Dr Abid Hasan Khan,1,1,1,1,1,1,1,7,100,,
,Dr Rayhan Islam,1,1,1,1,1,1,1,7,100,,
E05_P11_AR_VO_GF,Dr Mamun Mahmud,1,1,1,1,1,1,1,7,100,100,100
,Dr Abid Hasan Khan,1,1,1,1,1,1,1,7,100,,
,Dr Rayhan Islam,1,1,1,1,1,1,1,7,100,,
E05_P12_AF_VFL_GF,Dr Mamun Mahmud,1,1,0,0.8,1,1,1,5.8,82.85714286,80.47619048,80.48
,Dr Abid Hasan Khan,1,1,0,0.8,1,1,1,5.8,82.85714286,,
,Dr Rayhan Islam,1,1,0,0.8,1,0.5,1,5.3,75.71428571,,
E05_P12_AL_VFL_GF,Dr Mamun Mahmud,1,1,0,0.9,1,1,1,5.9,84.28571429,81.9047619,81.9
,Dr Abid Hasan Khan,1,1,0,0.9,1,1,1,5.9,84.28571429,,
,Dr Rayhan Islam,1,1,0,0.9,1,0.5,1,5.4,77.14285714,,
E05_P12_AR_VFL_GF,Dr Mamun Mahmud,1,1,1,1,1,1,1,7,100,97.61904762,97.62
,Dr Abid Hasan Khan,1,1,1,1,1,1,1,7,100,,
,Dr Rayhan Islam,1,1,1,1,1,0.5,1,6.5,92.85714286,,
E05_P12_AF_VLL_GF,Dr Mamun Mahmud,1,1,0,0.9,1,1,1,5.9,84.28571429,81.9047619,81.9
,Dr Abid Hasan Khan,1,1,0,0.9,1,1,1,5.9,84.28571429,,
,Dr Rayhan Islam,1,1,0,0.9,1,0.5,1,5.4,77.14285714,,
E05_P12_AL_VLL_GF,Dr Mamun Mahmud,1,1,0,0.9,1,1,1,5.9,84.28571429,81.9047619,81.9
,Dr Abid Hasan Khan,1,1,0,0.9,1,1,1,5.9,84.28571429,,
,Dr Rayhan Islam,1,1,0,0.9,1,0.5,1,5.4,77.14285714,,
E05_P12_AR_VLL_GF,Dr Mamun Mahmud,1,1,1,1,1,1,1,7,100,97.61904762,97.62
,Dr Abid Hasan Khan,1,1,1,1,1,1,1,7,100,,
,Dr Rayhan Islam,1,1,1,1,1,0.5,1,6.5,92.85714286,,
E05_P12_AF_VML_GF,Dr Mamun Mahmud,1,1,0,0.9,1,1,1,5.9,84.28571429,84.28571429,84.29
,Dr Abid Hasan Khan,1,1,0,0.9,1,1,1,5.9,84.28571429,,
,Dr Rayhan Islam,1,1,0,0.9,1,1,1,5.9,84.28571429,,
E05_P12_AL_VML_GF,Dr Mamun Mahmud,1,1,0,0.8,1,1,1,5.8,82.85714286,82.85714286,82.86
,Dr Abid Hasan Khan,1,1,0,0.8,1,1,1,5.8,82.85714286,,
,Dr Rayhan Islam,1,1,0,0.8,1,1,1,5.8,82.85714286,,
E05_P12_AR_VML_GF,Dr Mamun Mahmud,1,1,1,1,1,1,1,7,100,100,100
,Dr Abid Hasan Khan,1,1,1,1,1,1,1,7,100,,
,Dr Rayhan Islam,1,1,1,1,1,1,1,7,100,,
E05_P12_AF_VO_GF,Dr Mamun Mahmud,1,1,1,1,1,1,1,7,100,95.23809524,95.24
,Dr Abid Hasan Khan,1,1,1,1,1,1,1,7,100,,
,Dr Rayhan Islam,1,1,1,1,0.5,0.5,1,6,85.71428571,,
E05_P12_AL_VO_GF,Dr Mamun Mahmud,1,1,1,1,1,1,1,7,100,95.23809524,95.24
,Dr Abid Hasan Khan,1,1,1,1,1,1,1,7,100,,
,Dr Rayhan Islam,1,1,1,1,0.5,0.5,1,6,85.71428571,,
E05_P12_AR_VO_GF,Dr Mamun Mahmud,1,1,1,1,1,1,1,7,100,95.23809524,95.24
,Dr Abid Hasan Khan,1,1,1,1,1,1,1,7,100,,
,Dr Rayhan Islam,1,1,1,1,0.5,0.5,1,6,85.71428571,,
E05_P13_AF_VFL_GF,Dr Mamun Mahmud,1,1,1,1,1,0.5,1,6.5,92.85714286,92.85714286,92.86
,Dr Abid Hasan Khan,1,1,1,1,1,1,0.5,6.5,92.85714286,,
,Dr Rayhan Islam,1,1,1,1,0.5,1,1,6.5,92.85714286,,
E05_P13_AL_VFL_GF,Dr Mamun Mahmud,1,1,1,1,1,0.5,1,6.5,92.85714286,92.85714286,92.86
,Dr Abid Hasan Khan,1,1,1,1,1,1,0.5,6.5,92.85714286,,
,Dr Rayhan Islam,1,1,1,1,0.5,1,1,6.5,92.85714286,,
E05_P13_AR_VFL_GF,Dr Mamun Mahmud,1,1,1,1,1,0.5,1,6.5,92.85714286,92.85714286,92.86
,Dr Abid Hasan Khan,1,1,1,1,1,1,0.5,6.5,92.85714286,,
,Dr Rayhan Islam,1,1,1,1,0.5,1,1,6.5,92.85714286,,
E05_P13_AF_VHJ_GF,Dr Mamun Mahmud,1,1,1,1,1,1,1,7,100,95.23809524,95.24
,Dr Abid Hasan Khan,1,1,1,1,1,1,0.5,6.5,92.85714286,,
,Dr Rayhan Islam,1,1,1,1,0.5,1,1,6.5,92.85714286,,
E05_P13_AL_VHJ_GF,Dr Mamun Mahmud,1,1,1,1,1,1,1,7,100,95.23809524,95.24
,Dr Abid Hasan Khan,1,1,1,1,1,1,0.5,6.5,92.85714286,,
,Dr Rayhan Islam,1,1,1,1,0.5,1,1,6.5,92.85714286,,
E05_P13_AR_VHJ_GF,Dr Mamun Mahmud,1,1,1,1,1,1,1,7,100,95.23809524,95.24
,Dr Abid Hasan Khan,1,1,1,1,1,1,0.5,6.5,92.85714286,,
,Dr Rayhan Islam,1,1,1,1,0.5,1,1,6.5,92.85714286,,
E05_P13_AF_VLJ_GF,Dr Mamun Mahmud,1,1,1,1,1,1,1,7,100,95.23809524,95.24
,Dr Abid Hasan Khan,1,1,1,1,1,1,0.5,6.5,92.85714286,,
,Dr Rayhan Islam,1,1,1,1,0.5,1,1,6.5,92.85714286,,
E05_P13_AL_VLJ_GF,Dr Mamun Mahmud,1,1,1,1,1,1,1,7,100,95.23809524,95.24
,Dr Abid Hasan Khan,1,1,1,1,1,1,0.5,6.5,92.85714286,,
,Dr Rayhan Islam,1,1,1,1,0.5,1,1,6.5,92.85714286,,
E05_P13_AR_VLJ_GF,Dr Mamun Mahmud,1,1,1,1,1,1,1,7,100,95.23809524,95.24
,Dr Abid Hasan Khan,1,1,1,1,1,1,0.5,6.5,92.85714286,,
,Dr Rayhan Islam,1,1,1,1,0.5,1,1,6.5,92.85714286,,
E05_P13_AF_VLL_GF,Dr Mamun Mahmud,1,1,1,1,1,1,1,7,100,92.85714286,92.86
,Dr Abid Hasan Khan,1,1,1,1,1,1,0.5,6.5,92.85714286,,
,Dr Rayhan Islam,1,1,1,1,0.5,0.5,1,6,85.71428571,,
E05_P13_AL_VLL_GF,Dr Mamun Mahmud,1,1,1,1,1,1,1,7,100,92.85714286,92.86
,Dr Abid Hasan Khan,1,1,1,1,1,1,0.5,6.5,92.85714286,,
,Dr Rayhan Islam,1,1,1,1,0.5,0.5,1,6,85.71428571,,
E05_P13_AR_VLL_GF,Dr Mamun Mahmud,1,1,1,1,1,1,1,7,100,92.85714286,92.86
,Dr Abid Hasan Khan,1,1,1,1,1,1,0.5,6.5,92.85714286,,
,Dr Rayhan Islam,1,1,1,1,0.5,0.5,1,6,85.71428571,,
E05_P13_AF_VML_GF,Dr Mamun Mahmud,1,1,0,0.5,1,1,1,5.5,78.57142857,73.80952381,73.81
,Dr Abid Hasan Khan,1,1,0,0.5,1,1,0.5,5,71.42857143,,
,Dr Rayhan Islam,1,1,0,0.5,0.5,1,1,5,71.42857143,,
E05_P13_AL_VML_GF,Dr Mamun Mahmud,1,1,1,1,1,1,1,7,100,95.23809524,95.24
,Dr Abid Hasan Khan,1,1,1,1,1,1,0.5,6.5,92.85714286,,
,Dr Rayhan Islam,1,1,1,1,0.5,1,1,6.5,92.85714286,,
E05_P13_AR_VML_GF,Dr Mamun Mahmud,1,1,0,0.8,1,1,1,5.8,82.85714286,78.0952381,78.1
,Dr Abid Hasan Khan,1,1,0,0.8,1,1,0.5,5.3,75.71428571,,
,Dr Rayhan Islam,1,1,0,0.8,0.5,1,1,5.3,75.71428571,,
E05_P13_AF_VO_GF,Dr Mamun Mahmud,1,1,1,1,1,0.5,1,6.5,92.85714286,95.23809524,95.24
,Dr Abid Hasan Khan,1,1,1,1,1,1,0.5,6.5,92.85714286,,
,Dr Rayhan Islam,1,1,1,1,1,1,1,7,100,,
E05_P13_AL_VO_GF,Dr Mamun Mahmud,1,1,1,1,1,0.5,1,6.5,92.85714286,95.23809524,95.24
,Dr Abid Hasan Khan,1,1,1,1,1,1,0.5,6.5,92.85714286,,
,Dr Rayhan Islam,1,1,1,1,1,1,1,7,100,,
E05_P13_AR_VO_GF,Dr Mamun Mahmud,1,1,0,0.9,1,0.5,1,5.4,77.14285714,79.52380952,79.52
,Dr Abid Hasan Khan,1,1,0,0.9,1,1,0.5,5.4,77.14285714,,
,Dr Rayhan Islam,1,1,0,0.9,1,1,1,5.9,84.28571429,,
E05_P14_AF_VFL_GF,Dr Mamun Mahmud,1,1,0,0.1,1,1,1,5.1,72.85714286,63.33333333,63.33
,Dr Abid Hasan Khan,1,1,0,0.1,1,0.5,0.5,4.1,58.57142857,,
,Dr Rayhan Islam,1,1,0,0.1,0.5,0.5,1,4.1,58.57142857,,
E05_P14_AL_VFL_GF,Dr Mamun Mahmud,1,1,0,0.2,1,1,1,5.2,74.28571429,64.76190476,64.76
,Dr Abid Hasan Khan,1,1,0,0.2,1,0.5,0.5,4.2,60,,
,Dr Rayhan Islam,1,1,0,0.2,0.5,0.5,1,4.2,60,,
E05_P14_AR_VFL_GF,Dr Mamun Mahmud,1,1,0,0.2,1,1,1,5.2,74.28571429,64.76190476,64.76
,Dr Abid Hasan Khan,1,1,0,0.2,1,0.5,0.5,4.2,60,,
,Dr Rayhan Islam,1,1,0,0.2,0.5,0.5,1,4.2,60,,
E05_P14_AF_VLJ_GF,Dr Mamun Mahmud,1,1,0,0.5,1,1,1,5.5,78.57142857,76.19047619,76.19
,Dr Abid Hasan Khan,1,1,0,0.5,1,1,1,5.5,78.57142857,,
,Dr Rayhan Islam,1,1,0,0.5,0.5,1,1,5,71.42857143,,
E05_P14_AL_VLJ_GF,Dr Mamun Mahmud,1,1,0,0.9,1,1,1,5.9,84.28571429,81.9047619,81.9
,Dr Abid Hasan Khan,1,1,0,0.9,1,1,1,5.9,84.28571429,,
,Dr Rayhan Islam,1,1,0,0.9,0.5,1,1,5.4,77.14285714,,
E05_P14_AR_VLJ_GF,Dr Mamun Mahmud,1,1,0,0.8,1,1,1,5.8,82.85714286,80.47619048,80.48
,Dr Abid Hasan Khan,1,1,0,0.8,1,1,1,5.8,82.85714286,,
,Dr Rayhan Islam,1,1,0,0.8,0.5,1,1,5.3,75.71428571,,
E05_P14_AF_VLL_GF,Dr Mamun Mahmud,1,1,0,0.6,1,1,1,5.6,80,72.85714286,72.86
,Dr Abid Hasan Khan,1,1,0,0.6,1,0.5,1,5.1,72.85714286,,
,Dr Rayhan Islam,1,1,0,0.6,0.5,0.5,1,4.6,65.71428571,,
E05_P14_AL_VLL_GF,Dr Mamun Mahmud,1,1,0,0.7,1,1,1,5.7,81.42857143,74.28571429,74.29
,Dr Abid Hasan Khan,1,1,0,0.7,1,0.5,1,5.2,74.28571429,,
,Dr Rayhan Islam,1,1,0,0.7,0.5,0.5,1,4.7,67.14285714,,
E05_P14_AR_VLL_GF,Dr Mamun Mahmud,1,1,0,0.9,1,1,1,5.9,84.28571429,77.14285714,77.14
,Dr Abid Hasan Khan,1,1,0,0.9,1,0.5,1,5.4,77.14285714,,
,Dr Rayhan Islam,1,1,0,0.9,0.5,0.5,1,4.9,70,,
E05_P14_AF_VML_GF,Dr Mamun Mahmud,1,1,0,0.1,1,0.5,1,4.6,65.71428571,63.33333333,63.33
,Dr Abid Hasan Khan,1,1,0,0.1,1,0.5,1,4.6,65.71428571,,
,Dr Rayhan Islam,1,1,0,0.1,0.5,0.5,1,4.1,58.57142857,,
E05_P14_AL_VML_GF,Dr Mamun Mahmud,1,1,0,0.8,1,0.5,1,5.3,75.71428571,73.33333333,73.33
,Dr Abid Hasan Khan,1,1,0,0.8,1,0.5,1,5.3,75.71428571,,
,Dr Rayhan Islam,1,1,0,0.8,0.5,0.5,1,4.8,68.57142857,,
E05_P14_AR_VML_GF,Dr Mamun Mahmud,1,1,0,0.1,1,0.5,1,4.6,65.71428571,63.33333333,63.33
,Dr Abid Hasan Khan,1,1,0,0.1,1,0.5,1,4.6,65.71428571,,
,Dr Rayhan Islam,1,1,0,0.1,0.5,0.5,1,4.1,58.57142857,,
E05_P15_AF_VFL_GF,Dr Mamun Mahmud,1,1,1,1,1,1,1,7,100,100,100
,Dr Abid Hasan Khan,1,1,1,1,1,1,1,7,100,,
,Dr Rayhan Islam,1,1,1,1,1,1,1,7,100,,
E05_P15_AL_VFL_GF,Dr Mamun Mahmud,1,1,1,1,1,1,1,7,100,100,100
,Dr Abid Hasan Khan,1,1,1,1,1,1,1,7,100,,
,Dr Rayhan Islam,1,1,1,1,1,1,1,7,100,,
E05_P15_AR_VFL_GF,Dr Mamun Mahmud,1,1,1,1,1,1,1,7,100,100,100
,Dr Abid Hasan Khan,1,1,1,1,1,1,1,7,100,,
,Dr Rayhan Islam,1,1,1,1,1,1,1,7,100,,
E05_P15_AF_VLJ_GF,Dr Mamun Mahmud,1,1,1,1,1,1,1,7,100,100,100
,Dr Abid Hasan Khan,1,1,1,1,1,1,1,7,100,,
,Dr Rayhan Islam,1,1,1,1,1,1,1,7,100,,
E05_P15_AL_VLJ_GF,Dr Mamun Mahmud,1,1,1,1,1,1,1,7,100,100,100
,Dr Abid Hasan Khan,1,1,1,1,1,1,1,7,100,,
,Dr Rayhan Islam,1,1,1,1,1,1,1,7,100,,
E05_P15_AR_VLJ_GF,Dr Mamun Mahmud,1,1,1,1,1,1,1,7,100,100,100
,Dr Abid Hasan Khan,1,1,1,1,1,1,1,7,100,,
,Dr Rayhan Islam,1,1,1,1,1,1,1,7,100,,
E05_P15_AF_VLL_GF,Dr Mamun Mahmud,1,1,1,1,1,1,1,7,100,100,100
,Dr Abid Hasan Khan,1,1,1,1,1,1,1,7,100,,
,Dr Rayhan Islam,1,1,1,1,1,1,1,7,100,,
E05_P15_AL_VLL_GF,Dr Mamun Mahmud,1,1,0,0.9,1,1,1,5.9,84.28571429,84.28571429,84.29
,Dr Abid Hasan Khan,1,1,0,0.9,1,1,1,5.9,84.28571429,,
,Dr Rayhan Islam,1,1,0,0.9,1,1,1,5.9,84.28571429,,
E05_P15_AR_VLL_GF,Dr Mamun Mahmud,1,1,0,0.9,1,1,1,5.9,84.28571429,84.28571429,84.29
,Dr Abid Hasan Khan,1,1,0,0.9,1,1,1,5.9,84.28571429,,
,Dr Rayhan Islam,1,1,0,0.9,1,1,1,5.9,84.28571429,,
E05_P15_AF_VML_GF,Dr Mamun Mahmud,1,1,1,1,1,1,1,7,100,100,100
,Dr Abid Hasan Khan,1,1,1,1,1,1,1,7,100,,
,Dr Rayhan Islam,1,1,1,1,1,1,1,7,100,,
E05_P15_AL_VML_GF,Dr Mamun Mahmud,1,1,0,0.9,1,1,1,5.9,84.28571429,84.28571429,84.29
,Dr Abid Hasan Khan,1,1,0,0.9,1,1,1,5.9,84.28571429,,
,Dr Rayhan Islam,1,1,0,0.9,1,1,1,5.9,84.28571429,,
E05_P15_AR_VML_GF,Dr Mamun Mahmud,1,1,0,0.9,1,1,1,5.9,84.28571429,84.28571429,84.29
,Dr Abid Hasan Khan,1,1,0,0.9,1,1,1,5.9,84.28571429,,
,Dr Rayhan Islam,1,1,0,0.9,1,1,1,5.9,84.28571429,,
E05_P16_AF_VFL_GF,Dr Mamun Mahmud,1,1,0,0.9,1,0.5,1,5.4,77.14285714,77.14285714,77.14
,Dr Abid Hasan Khan,1,1,0,0.9,1,1,1,5.9,84.28571429,,
,Dr Rayhan Islam,1,1,0,0.9,0.5,0.5,1,4.9,70,,
E05_P16_AL_VFL_GF,Dr Mamun Mahmud,1,1,1,1,1,0.5,1,6.5,92.85714286,92.85714286,92.86
,Dr Abid Hasan Khan,1,1,1,1,1,1,1,7,100,,
,Dr Rayhan Islam,1,1,1,1,0.5,0.5,1,6,85.71428571,,
E05_P16_AR_VFL_GF,Dr Mamun Mahmud,1,1,0,0.9,1,0.5,1,5.4,77.14285714,77.14285714,77.14
,Dr Abid Hasan Khan,1,1,0,0.9,1,1,1,5.9,84.28571429,,
,Dr Rayhan Islam,1,1,0,0.9,0.5,0.5,1,4.9,70,,
E05_P16_AF_VHJ_GF,Dr Mamun Mahmud,1,1,0,0.9,1,1,1,5.9,84.28571429,79.52380952,79.52
,Dr Abid Hasan Khan,1,1,0,0.9,1,1,1,5.9,84.28571429,,
,Dr Rayhan Islam,1,1,0,0.9,0.5,0.5,1,4.9,70,,
E05_P16_AL_VHJ_GF,Dr Mamun Mahmud,1,1,0,0.9,1,1,1,5.9,84.28571429,79.52380952,79.52
,Dr Abid Hasan Khan,1,1,0,0.9,1,1,1,5.9,84.28571429,,
,Dr Rayhan Islam,1,1,0,0.9,0.5,0.5,1,4.9,70,,
E05_P16_AR_VHJ_GF,Dr Mamun Mahmud,1,1,0,0.9,1,1,1,5.9,84.28571429,79.52380952,79.52
,Dr Abid Hasan Khan,1,1,0,0.9,1,1,1,5.9,84.28571429,,
,Dr Rayhan Islam,1,1,0,0.9,0.5,0.5,1,4.9,70,,
E05_P16_AF_VLJ_GF,Dr Mamun Mahmud,1,1,0,0.9,0.5,0.5,1,4.9,70,72.38095238,72.38
,Dr Abid Hasan Khan,1,1,0,0.9,1,0.5,1,5.4,77.14285714,,
,Dr Rayhan Islam,1,1,0,0.9,0.5,0.5,1,4.9,70,,
E05_P16_AL_VLJ_GF,Dr Mamun Mahmud,1,1,1,1,0.5,0.5,1,6,85.71428571,88.0952381,88.1
,Dr Abid Hasan Khan,1,1,1,1,1,0.5,1,6.5,92.85714286,,
,Dr Rayhan Islam,1,1,1,1,0.5,0.5,1,6,85.71428571,,
E05_P16_AR_VLJ_GF,Dr Mamun Mahmud,1,1,0,0.9,0.5,0.5,1,4.9,70,72.38095238,72.38
,Dr Abid Hasan Khan,1,1,0,0.9,1,0.5,1,5.4,77.14285714,,
,Dr Rayhan Islam,1,1,0,0.9,0.5,0.5,1,4.9,70,,
E05_P16_AF_VLL_GF,Dr Mamun Mahmud,1,1,1,1,1,0.5,1,6.5,92.85714286,90.47619048,90.48
,Dr Abid Hasan Khan,1,1,1,1,1,0.5,1,6.5,92.85714286,,
,Dr Rayhan Islam,1,1,1,1,0.5,0.5,1,6,85.71428571,,
E05_P16_AL_VLL_GF,Dr Mamun Mahmud,1,1,0,0.9,1,0.5,1,5.4,77.14285714,74.76190476,74.76
,Dr Abid Hasan Khan,1,1,0,0.9,1,0.5,1,5.4,77.14285714,,
,Dr Rayhan Islam,1,1,0,0.9,0.5,0.5,1,4.9,70,,
E05_P16_AR_VLL_GF,Dr Mamun Mahmud,1,1,1,1,1,0.5,1,6.5,92.85714286,90.47619048,90.48
,Dr Abid Hasan Khan,1,1,1,1,1,0.5,1,6.5,92.85714286,,
,Dr Rayhan Islam,1,1,1,1,0.5,0.5,1,6,85.71428571,,
E05_P16_AF_VML_GF,Dr Mamun Mahmud,1,1,0,0.8,0.5,1,1,5.3,75.71428571,73.33333333,73.33
,Dr Abid Hasan Khan,1,1,0,0.8,1,0.5,1,5.3,75.71428571,,
,Dr Rayhan Islam,1,1,0,0.8,0.5,0.5,1,4.8,68.57142857,,
E05_P16_AL_VML_GF,Dr Mamun Mahmud,1,1,1,1,0.5,1,1,6.5,92.85714286,90.47619048,90.48
,Dr Abid Hasan Khan,1,1,1,1,1,0.5,1,6.5,92.85714286,,
,Dr Rayhan Islam,1,1,1,1,0.5,0.5,1,6,85.71428571,,
E05_P16_AR_VML_GF,Dr Mamun Mahmud,1,1,1,1,0.5,1,1,6.5,92.85714286,90.47619048,90.48
,Dr Abid Hasan Khan,1,1,1,1,1,0.5,1,6.5,92.85714286,,
,Dr Rayhan Islam,1,1,1,1,0.5,0.5,1,6,85.71428571,,
E05_P16_AF_VO_GF,Dr Mamun Mahmud,1,1,0,0.8,0.5,0.5,1,4.8,68.57142857,70.95238095,70.95
,Dr Abid Hasan Khan,1,1,0,0.8,1,0.5,1,5.3,75.71428571,,
,Dr Rayhan Islam,1,1,0,0.8,0.5,0.5,1,4.8,68.57142857,,
E05_P16_AL_VO_GF,Dr Mamun Mahmud,1,1,1,1,0.5,0.5,1,6,85.71428571,88.0952381,88.1
,Dr Abid Hasan Khan,1,1,1,1,1,0.5,1,6.5,92.85714286,,
,Dr Rayhan Islam,1,1,1,1,0.5,0.5,1,6,85.71428571,,
E05_P16_AR_VO_GF,Dr Mamun Mahmud,1,1,0,0.9,0.5,0.5,1,4.9,70,72.38095238,72.38
,Dr Abid Hasan Khan,1,1,0,0.9,1,0.5,1,5.4,77.14285714,,
,Dr Rayhan Islam,1,1,0,0.9,0.5,0.5,1,4.9,70,,
E05_P17_AF_VFL_GM,Dr Mamun Mahmud,1,1,1,1,1,1,1,7,100,97.61904762,97.62
,Dr Abid Hasan Khan,1,1,1,1,1,1,1,7,100,,
,Dr Rayhan Islam,1,1,1,1,0.5,1,1,6.5,92.85714286,,
E05_P17_AL_VFL_GM,Dr Mamun Mahmud,1,1,1,1,1,1,1,7,100,97.61904762,97.62
,Dr Abid Hasan Khan,1,1,1,1,1,1,1,7,100,,
,Dr Rayhan Islam,1,1,1,1,0.5,1,1,6.5,92.85714286,,
E05_P17_AR_VFL_GM,Dr Mamun Mahmud,1,1,1,1,1,1,1,7,100,97.61904762,97.62
,Dr Abid Hasan Khan,1,1,1,1,1,1,1,7,100,,
,Dr Rayhan Islam,1,1,1,1,0.5,1,1,6.5,92.85714286,,
E05_P17_AF_VHJ_GM,Dr Mamun Mahmud,1,1,1,1,1,1,0.5,6.5,92.85714286,95.23809524,95.24
,Dr Abid Hasan Khan,1,1,1,1,1,1,1,7,100,,
,Dr Rayhan Islam,1,1,1,1,1,0.5,1,6.5,92.85714286,,
E05_P17_AL_VHJ_GM,Dr Mamun Mahmud,1,1,0,0.9,1,1,0.5,5.4,77.14285714,79.52380952,79.52
,Dr Abid Hasan Khan,1,1,0,0.9,1,1,1,5.9,84.28571429,,
,Dr Rayhan Islam,1,1,0,0.9,1,0.5,1,5.4,77.14285714,,
E05_P17_AR_VHJ_GM,Dr Mamun Mahmud,1,1,1,1,1,1,0.5,6.5,92.85714286,95.23809524,95.24
,Dr Abid Hasan Khan,1,1,1,1,1,1,1,7,100,,
,Dr Rayhan Islam,1,1,1,1,1,0.5,1,6.5,92.85714286,,
E05_P17_AF_VLJ_GM,Dr Mamun Mahmud,1,1,1,1,1,0.5,0.5,6,85.71428571,92.85714286,92.86
,Dr Abid Hasan Khan,1,1,1,1,1,1,1,7,100,,
,Dr Rayhan Islam,1,1,1,1,0.5,1,1,6.5,92.85714286,,
E05_P17_AL_VLJ_GM,Dr Mamun Mahmud,1,1,1,1,1,0.5,0.5,6,85.71428571,92.85714286,92.86
,Dr Abid Hasan Khan,1,1,1,1,1,1,1,7,100,,
,Dr Rayhan Islam,1,1,1,1,0.5,1,1,6.5,92.85714286,,
E05_P17_AR_VLJ_GM,Dr Mamun Mahmud,1,1,1,1,1,0.5,0.5,6,85.71428571,92.85714286,92.86
,Dr Abid Hasan Khan,1,1,1,1,1,1,1,7,100,,
,Dr Rayhan Islam,1,1,1,1,0.5,1,1,6.5,92.85714286,,
E05_P17_AF_VLL_GM,Dr Mamun Mahmud,1,1,1,1,0.5,0.5,0.5,5.5,78.57142857,92.85714286,92.86
,Dr Abid Hasan Khan,1,1,1,1,1,1,1,7,100,,
,Dr Rayhan Islam,1,1,1,1,1,1,1,7,100,,
E05_P17_AL_VLL_GM,Dr Mamun Mahmud,1,1,1,1,0.5,0.5,0.5,5.5,78.57142857,92.85714286,92.86
,Dr Abid Hasan Khan,1,1,1,1,1,1,1,7,100,,
,Dr Rayhan Islam,1,1,1,1,1,1,1,7,100,,
E05_P17_AF_VML_GM,Dr Mamun Mahmud,1,1,1,1,0.5,0.5,1,6,85.71428571,92.85714286,92.86
,Dr Abid Hasan Khan,1,1,1,1,1,1,1,7,100,,
,Dr Rayhan Islam,1,1,1,1,0.5,1,1,6.5,92.85714286,,
E05_P17_AL_VML_GM,Dr Mamun Mahmud,1,1,1,1,0.5,0.5,1,6,85.71428571,92.85714286,92.86
,Dr Abid Hasan Khan,1,1,1,1,1,1,1,7,100,,
,Dr Rayhan Islam,1,1,1,1,0.5,1,1,6.5,92.85714286,,
E05_P17_AR_VML_GM,Dr Mamun Mahmud,1,1,1,1,0.5,0.5,1,6,85.71428571,92.85714286,92.86
,Dr Abid Hasan Khan,1,1,1,1,1,1,1,7,100,,
,Dr Rayhan Islam,1,1,1,1,0.5,1,1,6.5,92.85714286,,
E05_P17_AF_VO_GM,Dr Mamun Mahmud,1,1,1,1,1,0.5,1,6.5,92.85714286,92.85714286,92.86
,Dr Abid Hasan Khan,1,1,1,1,1,1,1,7,100,,
,Dr Rayhan Islam,1,1,1,1,0.5,0.5,1,6,85.71428571,,
E05_P17_AL_VO_GM,Dr Mamun Mahmud,1,1,1,1,1,0.5,1,6.5,92.85714286,92.85714286,92.86
,Dr Abid Hasan Khan,1,1,1,1,1,1,1,7,100,,
,Dr Rayhan Islam,1,1,1,1,0.5,0.5,1,6,85.71428571,,
E05_P17_AR_VO_GM,Dr Mamun Mahmud,1,1,1,1,1,0.5,1,6.5,92.85714286,92.85714286,92.86
,Dr Abid Hasan Khan,1,1,1,1,1,1,1,7,100,,
,Dr Rayhan Islam,1,1,1,1,0.5,0.5,1,6,85.71428571,,
E05_P18_AF_VFL_GM,Dr Mamun Mahmud,1,1,1,1,1,0.5,1,6.5,92.85714286,97.61904762,97.62
,Dr Abid Hasan Khan,1,1,1,1,1,1,1,7,100,,
,Dr Rayhan Islam,1,1,1,1,1,1,1,7,100,,
E05_P18_AL_VFL_GM,Dr Mamun Mahmud,1,1,1,1,1,0.5,1,6.5,92.85714286,97.61904762,97.62
,Dr Abid Hasan Khan,1,1,1,1,1,1,1,7,100,,
,Dr Rayhan Islam,1,1,1,1,1,1,1,7,100,,
E05_P18_AR_VFL_GM,Dr Mamun Mahmud,1,1,1,1,1,0.5,1,6.5,92.85714286,97.61904762,97.62
,Dr Abid Hasan Khan,1,1,1,1,1,1,1,7,100,,
,Dr Rayhan Islam,1,1,1,1,1,1,1,7,100,,
E05_P18_AF_VHJ_GM,Dr Mamun Mahmud,1,1,1,1,1,1,1,7,100,100,100
,Dr Abid Hasan Khan,1,1,1,1,1,1,1,7,100,,
,Dr Rayhan Islam,1,1,1,1,1,1,1,7,100,,
E05_P18_AL_VHJ_GM,Dr Mamun Mahmud,1,1,1,1,1,1,1,7,100,100,100
,Dr Abid Hasan Khan,1,1,1,1,1,1,1,7,100,,
,Dr Rayhan Islam,1,1,1,1,1,1,1,7,100,,
E05_P18_AR_VHJ_GM,Dr Mamun Mahmud,1,1,1,1,1,1,1,7,100,100,100
,Dr Abid Hasan Khan,1,1,1,1,1,1,1,7,100,,
,Dr Rayhan Islam,1,1,1,1,1,1,1,7,100,,
E05_P18_AF_VLJ_GM,Dr Mamun Mahmud,1,1,1,1,1,0.5,1,6.5,92.85714286,97.61904762,97.62
,Dr Abid Hasan Khan,1,1,1,1,1,1,1,7,100,,
,Dr Rayhan Islam,1,1,1,1,1,1,1,7,100,,
E05_P18_AL_VLJ_GM,Dr Mamun Mahmud,1,1,1,1,1,0.5,1,6.5,92.85714286,97.61904762,97.62
,Dr Abid Hasan Khan,1,1,1,1,1,1,1,7,100,,
,Dr Rayhan Islam,1,1,1,1,1,1,1,7,100,,
E05_P18_AR_VLJ_GM,Dr Mamun Mahmud,1,1,1,1,1,0.5,1,6.5,92.85714286,97.61904762,97.62
,Dr Abid Hasan Khan,1,1,1,1,1,1,1,7,100,,
,Dr Rayhan Islam,1,1,1,1,1,1,1,7,100,,
E05_P18_AF_VLL_GM,Dr Mamun Mahmud,1,1,1,1,1,1,1,7,100,97.61904762,97.62
,Dr Abid Hasan Khan,1,1,1,1,1,1,1,7,100,,
,Dr Rayhan Islam,1,1,1,1,0.5,1,1,6.5,92.85714286,,
E05_P18_AL_VLL_GM,Dr Mamun Mahmud,1,1,1,1,1,1,1,7,100,97.61904762,97.62
,Dr Abid Hasan Khan,1,1,1,1,1,1,1,7,100,,
,Dr Rayhan Islam,1,1,1,1,0.5,1,1,6.5,92.85714286,,
E05_P18_AR_VLL_GM,Dr Mamun Mahmud,1,1,1,1,1,1,1,7,100,97.61904762,97.62
,Dr Abid Hasan Khan,1,1,1,1,1,1,1,7,100,,
,Dr Rayhan Islam,1,1,1,1,0.5,1,1,6.5,92.85714286,,
E05_P18_AF_VML_GM,Dr Mamun Mahmud,1,1,1,1,1,0.5,1,6.5,92.85714286,95.23809524,95.24
,Dr Abid Hasan Khan,1,1,1,1,1,1,1,7,100,,
,Dr Rayhan Islam,1,1,1,1,0.5,1,1,6.5,92.85714286,,
E05_P18_AL_VML_GM,Dr Mamun Mahmud,1,1,1,1,1,0.5,1,6.5,92.85714286,95.23809524,95.24
,Dr Abid Hasan Khan,1,1,1,1,1,1,1,7,100,,
,Dr Rayhan Islam,1,1,1,1,0.5,1,1,6.5,92.85714286,,
E05_P18_AR_VML_GM,Dr Mamun Mahmud,1,1,0,0.9,1,0.5,1,5.4,77.14285714,79.52380952,79.52
,Dr Abid Hasan Khan,1,1,0,0.9,1,1,1,5.9,84.28571429,,
,Dr Rayhan Islam,1,1,0,0.9,0.5,1,1,5.4,77.14285714,,
E05_P18_AF_VO_GM,Dr Mamun Mahmud,1,1,1,1,1,0.5,1,6.5,92.85714286,95.23809524,95.24
,Dr Abid Hasan Khan,1,1,1,1,1,1,1,7,100,,
,Dr Rayhan Islam,1,1,1,1,0.5,1,1,6.5,92.85714286,,
E05_P18_AL_VO_GM,Dr Mamun Mahmud,1,1,1,1,1,0.5,1,6.5,92.85714286,95.23809524,95.24
,Dr Abid Hasan Khan,1,1,1,1,1,1,1,7,100,,
,Dr Rayhan Islam,1,1,1,1,0.5,1,1,6.5,92.85714286,,
E05_P18_AR_VO_GM,Dr Mamun Mahmud,1,1,1,1,1,0.5,1,6.5,92.85714286,95.23809524,95.24
,Dr Abid Hasan Khan,1,1,1,1,1,1,1,7,100,,
,Dr Rayhan Islam,1,1,1,1,0.5,1,1,6.5,92.85714286,,
E05_P19_AF_VFL_GM,Dr Mamun Mahmud,1,1,1,1,0.5,1,1,6.5,92.85714286,92.85714286,92.86
,Dr Abid Hasan Khan,1,1,1,1,1,0.5,1,6.5,92.85714286,,
,Dr Rayhan Islam,1,1,1,1,0.5,1,1,6.5,92.85714286,,
E05_P19_AL_VFL_GM,Dr Mamun Mahmud,1,1,1,1,0.5,1,1,6.5,92.85714286,92.85714286,92.86
,Dr Abid Hasan Khan,1,1,1,1,1,0.5,1,6.5,92.85714286,,
,Dr Rayhan Islam,1,1,1,1,0.5,1,1,6.5,92.85714286,,
E05_P19_AR_VFL_GM,Dr Mamun Mahmud,1,1,1,1,0.5,1,1,6.5,92.85714286,92.85714286,92.86
,Dr Abid Hasan Khan,1,1,1,1,1,0.5,1,6.5,92.85714286,,
,Dr Rayhan Islam,1,1,1,1,0.5,1,1,6.5,92.85714286,,
E05_P19_AF_VHJ_GM,Dr Mamun Mahmud,1,1,1,1,0.5,0.5,1,6,85.71428571,90.47619048,90.48
,Dr Abid Hasan Khan,1,1,1,1,1,0.5,1,6.5,92.85714286,,
,Dr Rayhan Islam,1,1,1,1,0.5,1,1,6.5,92.85714286,,
E05_P19_AL_VHJ_GM,Dr Mamun Mahmud,1,1,1,1,0.5,0.5,1,6,85.71428571,90.47619048,90.48
,Dr Abid Hasan Khan,1,1,1,1,1,0.5,1,6.5,92.85714286,,
,Dr Rayhan Islam,1,1,1,1,0.5,1,1,6.5,92.85714286,,
E05_P19_AR_VHJ_GM,Dr Mamun Mahmud,1,1,1,1,0.5,0.5,1,6,85.71428571,90.47619048,90.48
,Dr Abid Hasan Khan,1,1,1,1,1,0.5,1,6.5,92.85714286,,
,Dr Rayhan Islam,1,1,1,1,0.5,1,1,6.5,92.85714286,,
E05_P19_AF_VLJ_GM,Dr Mamun Mahmud,1,1,0,0.1,1,0.5,1,4.6,65.71428571,63.33333333,63.33
,Dr Abid Hasan Khan,1,1,0,0.1,1,0.5,1,4.6,65.71428571,,
,Dr Rayhan Islam,1,1,0,0.1,0.5,0.5,1,4.1,58.57142857,,
E05_P19_AL_VLJ_GM,Dr Mamun Mahmud,1,1,1,1,1,0.5,1,6.5,92.85714286,90.47619048,90.48
,Dr Abid Hasan Khan,1,1,1,1,1,0.5,1,6.5,92.85714286,,
,Dr Rayhan Islam,1,1,1,1,0.5,0.5,1,6,85.71428571,,
E05_P19_AR_VLJ_GM,Dr Mamun Mahmud,1,1,1,1,1,0.5,1,6.5,92.85714286,90.47619048,90.48
,Dr Abid Hasan Khan,1,1,1,1,1,0.5,1,6.5,92.85714286,,
,Dr Rayhan Islam,1,1,1,1,0.5,0.5,1,6,85.71428571,,
E05_P19_AF_VLL_GM,Dr Mamun Mahmud,1,1,1,1,0.5,0.5,1,6,85.71428571,88.0952381,88.1
,Dr Abid Hasan Khan,1,1,1,1,1,0.5,1,6.5,92.85714286,,
,Dr Rayhan Islam,1,1,1,1,0.5,0.5,1,6,85.71428571,,
E05_P19_AL_VLL_GM,Dr Mamun Mahmud,1,1,1,1,0.5,0.5,1,6,85.71428571,88.0952381,88.1
,Dr Abid Hasan Khan,1,1,1,1,1,0.5,1,6.5,92.85714286,,
,Dr Rayhan Islam,1,1,1,1,0.5,0.5,1,6,85.71428571,,
E05_P19_AR_VLL_GM,Dr Mamun Mahmud,1,1,0,0.9,0.5,0.5,1,4.9,70,72.38095238,72.38
,Dr Abid Hasan Khan,1,1,0,0.9,1,0.5,1,5.4,77.14285714,,
,Dr Rayhan Islam,1,1,0,0.9,0.5,0.5,1,4.9,70,,
E05_P19_AF_VML_GM,Dr Mamun Mahmud,1,1,1,1,0.5,0.5,1,6,85.71428571,88.0952381,88.1
,Dr Abid Hasan Khan,1,1,1,1,1,0.5,1,6.5,92.85714286,,
,Dr Rayhan Islam,1,1,1,1,0.5,0.5,1,6,85.71428571,,
E05_P19_AL_VML_GM,Dr Mamun Mahmud,1,1,1,1,0.5,0.5,1,6,85.71428571,88.0952381,88.1
,Dr Abid Hasan Khan,1,1,1,1,1,0.5,1,6.5,92.85714286,,
,Dr Rayhan Islam,1,1,1,1,0.5,0.5,1,6,85.71428571,,
E05_P19_AR_VML_GM,Dr Mamun Mahmud,1,1,1,1,0.5,0.5,1,6,85.71428571,88.0952381,88.1
,Dr Abid Hasan Khan,1,1,1,1,1,0.5,1,6.5,92.85714286,,
,Dr Rayhan Islam,1,1,1,1,0.5,0.5,1,6,85.71428571,,
E05_P19_AF_VO_GM,Dr Mamun Mahmud,1,1,0,0.9,0.5,0.5,1,4.9,70,72.38095238,72.38
,Dr Abid Hasan Khan,1,1,0,0.9,1,0.5,1,5.4,77.14285714,,
,Dr Rayhan Islam,1,1,0,0.9,0.5,0.5,1,4.9,70,,
E05_P19_AL_VO_GM,Dr Mamun Mahmud,1,1,0,0.9,0.5,0.5,1,4.9,70,72.38095238,72.38
,Dr Abid Hasan Khan,1,1,0,0.9,1,0.5,1,5.4,77.14285714,,
,Dr Rayhan Islam,1,1,0,0.9,0.5,0.5,1,4.9,70,,
E05_P19_AR_VO_GM,Dr Mamun Mahmud,1,1,0,0.9,0.5,0.5,1,4.9,70,72.38095238,72.38
,Dr Abid Hasan Khan,1,1,0,0.9,1,0.5,1,5.4,77.14285714,,
,Dr Rayhan Islam,1,1,0,0.9,0.5,0.5,1,4.9,70,,
E05_P20_AF_VFL_GM,Dr Mamun Mahmud,1,1,1,1,1,1,1,7,100,100,100
,Dr Abid Hasan Khan,1,1,1,1,1,1,1,7,100,,
,Dr Rayhan Islam,1,1,1,1,1,1,1,7,100,,
E05_P20_AL_VFL_GM,Dr Mamun Mahmud,1,1,1,1,1,1,1,7,100,100,100
,Dr Abid Hasan Khan,1,1,1,1,1,1,1,7,100,,
,Dr Rayhan Islam,1,1,1,1,1,1,1,7,100,,
E05_P20_AR_VFL_GM,Dr Mamun Mahmud,1,1,1,1,1,1,1,7,100,100,100
,Dr Abid Hasan Khan,1,1,1,1,1,1,1,7,100,,
,Dr Rayhan Islam,1,1,1,1,1,1,1,7,100,,
E05_P20_AF_VHJ_GM,Dr Mamun Mahmud,1,1,1,1,0.5,1,1,6.5,92.85714286,92.85714286,92.86
,Dr Abid Hasan Khan,1,1,1,1,1,1,1,7,100,,
,Dr Rayhan Islam,1,1,1,1,0.5,0.5,1,6,85.71428571,,
E05_P20_AL_VHJ_GM,Dr Mamun Mahmud,1,1,1,1,0.5,1,1,6.5,92.85714286,92.85714286,92.86
,Dr Abid Hasan Khan,1,1,1,1,1,1,1,7,100,,
,Dr Rayhan Islam,1,1,1,1,0.5,0.5,1,6,85.71428571,,
E05_P20_AR_VHJ_GM,Dr Mamun Mahmud,1,1,0,0.9,0.5,1,1,5.4,77.14285714,77.14285714,77.14
,Dr Abid Hasan Khan,1,1,0,0.9,1,1,1,5.9,84.28571429,,
,Dr Rayhan Islam,1,1,0,0.9,0.5,0.5,1,4.9,70,,
E05_P20_AF_VLJ_GM,Dr Mamun Mahmud,1,1,1,1,0.5,0.5,1,6,85.71428571,90.47619048,90.48
,Dr Abid Hasan Khan,1,1,1,1,1,1,1,7,100,,
,Dr Rayhan Islam,1,1,1,1,0.5,0.5,1,6,85.71428571,,
E05_P20_AL_VLJ_GM,Dr Mamun Mahmud,1,1,1,1,0.5,0.5,1,6,85.71428571,90.47619048,90.48
,Dr Abid Hasan Khan,1,1,1,1,1,1,1,7,100,,
,Dr Rayhan Islam,1,1,1,1,0.5,0.5,1,6,85.71428571,,
E05_P20_AR_VLJ_GM,Dr Mamun Mahmud,1,1,1,1,0.5,0.5,1,6,85.71428571,90.47619048,90.48
,Dr Abid Hasan Khan,1,1,1,1,1,1,1,7,100,,
,Dr Rayhan Islam,1,1,1,1,0.5,0.5,1,6,85.71428571,,
E05_P20_AF_VLL_GM,Dr Mamun Mahmud,1,1,1,1,1,1,1,7,100,95.23809524,95.24
,Dr Abid Hasan Khan,1,1,1,1,1,1,1,7,100,,
,Dr Rayhan Islam,1,1,1,1,0.5,0.5,1,6,85.71428571,,
E05_P20_AL_VLL_GM,Dr Mamun Mahmud,1,1,1,1,1,1,1,7,100,95.23809524,95.24
,Dr Abid Hasan Khan,1,1,1,1,1,1,1,7,100,,
,Dr Rayhan Islam,1,1,1,1,0.5,0.5,1,6,85.71428571,,
E05_P20_AR_VLL_GM,Dr Mamun Mahmud,1,1,1,1,1,1,1,7,100,95.23809524,95.24
,Dr Abid Hasan Khan,1,1,1,1,1,1,1,7,100,,
,Dr Rayhan Islam,1,1,1,1,0.5,0.5,1,6,85.71428571,,
E05_P20_AF_VML_GM,Dr Mamun Mahmud,1,1,1,1,0.5,0.5,1,6,85.71428571,90.47619048,90.48
,Dr Abid Hasan Khan,1,1,1,1,1,1,1,7,100,,
,Dr Rayhan Islam,1,1,1,1,0.5,0.5,1,6,85.71428571,,
E05_P20_AL_VML_GM,Dr Mamun Mahmud,1,1,1,1,0.5,0.5,1,6,85.71428571,90.47619048,90.48
,Dr Abid Hasan Khan,1,1,1,1,1,1,1,7,100,,
,Dr Rayhan Islam,1,1,1,1,0.5,0.5,1,6,85.71428571,,
E05_P20_AR_VML_GM,Dr Mamun Mahmud,1,1,1,1,0.5,0.5,1,6,85.71428571,90.47619048,90.48
,Dr Abid Hasan Khan,1,1,1,1,1,1,1,7,100,,
,Dr Rayhan Islam,1,1,1,1,0.5,0.5,1,6,85.71428571,,
E05_P20_AF_VO_GM,Dr Mamun Mahmud,1,1,1,1,0.5,0.5,1,6,85.71428571,90.47619048,90.48
,Dr Abid Hasan Khan,1,1,1,1,1,1,1,7,100,,
,Dr Rayhan Islam,1,1,1,1,0.5,0.5,1,6,85.71428571,,
E05_P20_AL_VO_GM,Dr Mamun Mahmud,1,1,1,1,0.5,0.5,1,6,85.71428571,90.47619048,90.48
,Dr Abid Hasan Khan,1,1,1,1,1,1,1,7,100,,
,Dr Rayhan Islam,1,1,1,1,0.5,0.5,1,6,85.71428571,,
E05_P20_AR_VO_GM,Dr Mamun Mahmud,1,1,1,1,0.5,0.5,1,6,85.71428571,90.47619048,90.48
,Dr Abid Hasan Khan,1,1,1,1,1,1,1,7,100,,
,Dr Rayhan Islam,1,1,1,1,0.5,0.5,1,6,85.71428571,,
E05_P21_AF_VFL_GM,Dr Mamun Mahmud,1,1,1,1,0.5,0.5,1,6,85.71428571,88.0952381,88.1
,Dr Abid Hasan Khan,1,1,1,1,1,0.5,1,6.5,92.85714286,,
,Dr Rayhan Islam,1,1,1,1,0.5,0.5,1,6,85.71428571,,
E05_P21_AL_VFL_GM,Dr Mamun Mahmud,1,1,1,1,0.5,0.5,1,6,85.71428571,88.0952381,88.1
,Dr Abid Hasan Khan,1,1,1,1,1,0.5,1,6.5,92.85714286,,
,Dr Rayhan Islam,1,1,1,1,0.5,0.5,1,6,85.71428571,,
E05_P21_AR_VFL_GM,Dr Mamun Mahmud,1,1,1,1,0.5,0.5,1,6,85.71428571,88.0952381,88.1
,Dr Abid Hasan Khan,1,1,1,1,1,0.5,1,6.5,92.85714286,,
,Dr Rayhan Islam,1,1,1,1,0.5,0.5,1,6,85.71428571,,
E05_P21_AF_VHJ_GM,Dr Mamun Mahmud,1,1,1,1,0.5,0.5,0.5,5.5,78.57142857,90.47619048,90.48
,Dr Abid Hasan Khan,1,1,1,1,1,0.5,1,6.5,92.85714286,,
,Dr Rayhan Islam,1,1,1,1,1,1,1,7,100,,
E05_P21_AL_VHJ_GM,Dr Mamun Mahmud,1,1,1,1,0.5,0.5,0.5,5.5,78.57142857,90.47619048,90.48
,Dr Abid Hasan Khan,1,1,1,1,1,0.5,1,6.5,92.85714286,,
,Dr Rayhan Islam,1,1,1,1,1,1,1,7,100,,
E05_P21_AR_VHJ_GM,Dr Mamun Mahmud,1,1,0,0.9,0.5,0.5,0.5,4.4,62.85714286,74.76190476,74.76
,Dr Abid Hasan Khan,1,1,0,0.9,1,0.5,1,5.4,77.14285714,,
,Dr Rayhan Islam,1,1,0,0.9,1,1,1,5.9,84.28571429,,
E05_P21_AF_VLJ_GM,Dr Mamun Mahmud,1,1,1,1,0.5,1,1,6.5,92.85714286,90.47619048,90.48
,Dr Abid Hasan Khan,1,1,1,1,1,0.5,1,6.5,92.85714286,,
,Dr Rayhan Islam,1,1,1,1,0.5,0.5,1,6,85.71428571,,
E05_P21_AL_VLJ_GM,Dr Mamun Mahmud,1,1,1,1,0.5,1,1,6.5,92.85714286,90.47619048,90.48
,Dr Abid Hasan Khan,1,1,1,1,1,0.5,1,6.5,92.85714286,,
,Dr Rayhan Islam,1,1,1,1,0.5,0.5,1,6,85.71428571,,
E05_P21_AR_VLJ_GM,Dr Mamun Mahmud,1,1,1,1,0.5,1,1,6.5,92.85714286,90.47619048,90.48
,Dr Abid Hasan Khan,1,1,1,1,1,0.5,1,6.5,92.85714286,,
,Dr Rayhan Islam,1,1,1,1,0.5,0.5,1,6,85.71428571,,
E05_P21_AF_VLL_GM,Dr Mamun Mahmud,1,1,0,0.2,0.5,0.5,1,4.2,60,62.38095238,62.38
,Dr Abid Hasan Khan,1,1,0,0.2,1,0.5,1,4.7,67.14285714,,
,Dr Rayhan Islam,1,1,0,0.2,0.5,0.5,1,4.2,60,,
E05_P21_AL_VLL_GM,Dr Mamun Mahmud,1,1,0,0.4,0.5,0.5,1,4.4,62.85714286,65.23809524,65.24
,Dr Abid Hasan Khan,1,1,0,0.4,1,0.5,1,4.9,70,,
,Dr Rayhan Islam,1,1,0,0.4,0.5,0.5,1,4.4,62.85714286,,
E05_P21_AR_VLL_GM,Dr Mamun Mahmud,1,1,0,0.3,0.5,0.5,1,4.3,61.42857143,63.80952381,63.81
,Dr Abid Hasan Khan,1,1,0,0.3,1,0.5,1,4.8,68.57142857,,
,Dr Rayhan Islam,1,1,0,0.3,0.5,0.5,1,4.3,61.42857143,,
E05_P21_AF_VML_GM,Dr Mamun Mahmud,1,1,0,0.6,0.5,0.5,1,4.6,65.71428571,68.0952381,68.1
,Dr Abid Hasan Khan,1,1,0,0.6,1,0.5,1,5.1,72.85714286,,
,Dr Rayhan Islam,1,1,0,0.6,0.5,0.5,1,4.6,65.71428571,,
E05_P21_AL_VML_GM,Dr Mamun Mahmud,1,1,0,0.8,0.5,0.5,1,4.8,68.57142857,70.95238095,70.95
,Dr Abid Hasan Khan,1,1,0,0.8,1,0.5,1,5.3,75.71428571,,
,Dr Rayhan Islam,1,1,0,0.8,0.5,0.5,1,4.8,68.57142857,,
E05_P21_AR_VML_GM,Dr Mamun Mahmud,1,1,0,0.9,0.5,0.5,1,4.9,70,72.38095238,72.38
,Dr Abid Hasan Khan,1,1,0,0.9,1,0.5,1,5.4,77.14285714,,
,Dr Rayhan Islam,1,1,0,0.9,0.5,0.5,1,4.9,70,,
E05_P21_AF_VO_GM,Dr Mamun Mahmud,1,1,0,0.4,0.5,0.5,1,4.4,62.85714286,65.23809524,65.24
,Dr Abid Hasan Khan,1,1,0,0.4,1,0.5,1,4.9,70,,
,Dr Rayhan Islam,1,1,0,0.4,0.5,0.5,1,4.4,62.85714286,,
E05_P21_AL_VO_GM,Dr Mamun Mahmud,1,1,0,0.3,0.5,0.5,1,4.3,61.42857143,63.80952381,63.81
,Dr Abid Hasan Khan,1,1,0,0.3,1,0.5,1,4.8,68.57142857,,
,Dr Rayhan Islam,1,1,0,0.3,0.5,0.5,1,4.3,61.42857143,,
E05_P21_AR_VO_GM,Dr Mamun Mahmud,1,1,0,0.3,0.5,0.5,1,4.3,61.42857143,63.80952381,63.81
,Dr Abid Hasan Khan,1,1,0,0.3,1,0.5,1,4.8,68.57142857,,
,Dr Rayhan Islam,1,1,0,0.3,0.5,0.5,1,4.3,61.42857143,,
E05_P22_AF_VFL_GM,Dr Mamun Mahmud,1,1,1,1,0.5,1,1,6.5,92.85714286,97.61904762,97.62
,Dr Abid Hasan Khan,1,1,1,1,1,1,1,7,100,,
,Dr Rayhan Islam,1,1,1,1,1,1,1,7,100,,
E05_P22_AL_VFL_GM,Dr Mamun Mahmud,1,1,1,1,0.5,1,1,6.5,92.85714286,97.61904762,97.62
,Dr Abid Hasan Khan,1,1,1,1,1,1,1,7,100,,
,Dr Rayhan Islam,1,1,1,1,1,1,1,7,100,,
E05_P22_AR_VFL_GM,Dr Mamun Mahmud,1,1,1,1,0.5,1,1,6.5,92.85714286,97.61904762,97.62
,Dr Abid Hasan Khan,1,1,1,1,1,1,1,7,100,,
,Dr Rayhan Islam,1,1,1,1,1,1,1,7,100,,
E05_P22_AF_VHJ_GM,Dr Mamun Mahmud,1,1,0,0.7,0.5,0.5,1,4.7,67.14285714,76.66666667,76.67
,Dr Abid Hasan Khan,1,1,0,0.7,1,1,1,5.7,81.42857143,,
,Dr Rayhan Islam,1,1,0,0.7,1,1,1,5.7,81.42857143,,
E05_P22_AL_VHJ_GM,Dr Mamun Mahmud,1,1,1,1,0.5,0.5,1,6,85.71428571,95.23809524,95.24
,Dr Abid Hasan Khan,1,1,1,1,1,1,1,7,100,,
,Dr Rayhan Islam,1,1,1,1,1,1,1,7,100,,
E05_P22_AR_VHJ_GM,Dr Mamun Mahmud,1,1,0,0.9,0.5,0.5,1,4.9,70,79.52380952,79.52
,Dr Abid Hasan Khan,1,1,0,0.9,1,1,1,5.9,84.28571429,,
,Dr Rayhan Islam,1,1,0,0.9,1,1,1,5.9,84.28571429,,
E05_P22_AF_VLJ_GM,Dr Mamun Mahmud,1,1,0,0.5,0.5,1,1,5,71.42857143,76.19047619,76.19
,Dr Abid Hasan Khan,1,1,0,0.5,1,1,1,5.5,78.57142857,,
,Dr Rayhan Islam,1,1,0,0.5,1,1,1,5.5,78.57142857,,
E05_P22_AL_VLJ_GM,Dr Mamun Mahmud,1,1,0,0.5,0.5,1,1,5,71.42857143,76.19047619,76.19
,Dr Abid Hasan Khan,1,1,0,0.5,1,1,1,5.5,78.57142857,,
,Dr Rayhan Islam,1,1,0,0.5,1,1,1,5.5,78.57142857,,
E05_P22_AR_VLJ_GM,Dr Mamun Mahmud,1,1,0,0.6,0.5,1,1,5.1,72.85714286,77.61904762,77.62
,Dr Abid Hasan Khan,1,1,0,0.6,1,1,1,5.6,80,,
,Dr Rayhan Islam,1,1,0,0.6,1,1,1,5.6,80,,
E05_P22_AF_VLL_GM,Dr Mamun Mahmud,1,1,0,0.9,0.5,0.5,1,4.9,70,79.52380952,79.52
,Dr Abid Hasan Khan,1,1,0,0.9,1,1,1,5.9,84.28571429,,
,Dr Rayhan Islam,1,1,0,0.9,1,1,1,5.9,84.28571429,,
E05_P22_AL_VLL_GM,Dr Mamun Mahmud,1,1,1,1,0.5,0.5,1,6,85.71428571,95.23809524,95.24
,Dr Abid Hasan Khan,1,1,1,1,1,1,1,7,100,,
,Dr Rayhan Islam,1,1,1,1,1,1,1,7,100,,
E05_P22_AR_VLL_GM,Dr Mamun Mahmud,1,1,0,0.9,0.5,0.5,1,4.9,70,79.52380952,79.52
,Dr Abid Hasan Khan,1,1,0,0.9,1,1,1,5.9,84.28571429,,
,Dr Rayhan Islam,1,1,0,0.9,1,1,1,5.9,84.28571429,,
E05_P22_AF_VML_GM,Dr Mamun Mahmud,1,1,0,0.9,0.5,0.5,1,4.9,70,84.76190476,84.76
,Dr Abid Hasan Khan,1,1,0,0.9,1,1,1,5.9,84.28571429,,
,Dr Rayhan Islam,1,1,1,1,1,1,1,7,100,,
E05_P22_AL_VML_GM,Dr Mamun Mahmud,1,1,1,1,0.5,0.5,1,6,85.71428571,95.23809524,95.24
,Dr Abid Hasan Khan,1,1,1,1,1,1,1,7,100,,
,Dr Rayhan Islam,1,1,1,1,1,1,1,7,100,,
E05_P22_AR_VML_GM,Dr Mamun Mahmud,1,1,1,1,0.5,0.5,1,6,85.71428571,95.23809524,95.24
,Dr Abid Hasan Khan,1,1,1,1,1,1,1,7,100,,
,Dr Rayhan Islam,1,1,1,1,1,1,1,7,100,,
E05_P22_AF_VO_GM,Dr Mamun Mahmud,1,1,0,0.8,0.5,0.5,1,4.8,68.57142857,75.71428571,75.71
,Dr Abid Hasan Khan,1,1,0,0.8,1,1,1,5.8,82.85714286,,
,Dr Rayhan Islam,1,1,0,0.8,0.5,1,1,5.3,75.71428571,,
E05_P22_AL_VO_GM,Dr Mamun Mahmud,1,1,0,0.8,0.5,0.5,1,4.8,68.57142857,75.71428571,75.71
,Dr Abid Hasan Khan,1,1,0,0.8,1,1,1,5.8,82.85714286,,
,Dr Rayhan Islam,1,1,0,0.8,0.5,1,1,5.3,75.71428571,,
E05_P22_AR_VO_GM,Dr Mamun Mahmud,1,1,0,0.7,0.5,0.5,1,4.7,67.14285714,74.28571429,74.29
,Dr Abid Hasan Khan,1,1,0,0.7,1,1,1,5.7,81.42857143,,
,Dr Rayhan Islam,1,1,0,0.7,0.5,1,1,5.2,74.28571429,,
E05_P23_AF_VFL_GM,Dr Mamun Mahmud,1,1,0,0.6,0.5,1,1,5.1,72.85714286,72.85714286,72.86
,Dr Abid Hasan Khan,1,1,0,0.6,1,1,1,5.6,80,,
,Dr Rayhan Islam,1,1,0,0.6,0.5,0.5,1,4.6,65.71428571,,
E05_P23_AL_VFL_GM,Dr Mamun Mahmud,1,1,1,1,0.5,1,1,6.5,92.85714286,92.85714286,92.86
,Dr Abid Hasan Khan,1,1,1,1,1,1,1,7,100,,
,Dr Rayhan Islam,1,1,1,1,0.5,0.5,1,6,85.71428571,,
E05_P23_AR_VFL_GM,Dr Mamun Mahmud,1,1,1,1,0.5,1,1,6.5,92.85714286,92.85714286,92.86
,Dr Abid Hasan Khan,1,1,1,1,1,1,1,7,100,,
,Dr Rayhan Islam,1,1,1,1,0.5,0.5,1,6,85.71428571,,
E05_P23_AF_VHJ_GM,Dr Mamun Mahmud,1,1,0,0.9,0.5,1,1,5.4,77.14285714,81.9047619,81.9
,Dr Abid Hasan Khan,1,1,0,0.9,1,1,1,5.9,84.28571429,,
,Dr Rayhan Islam,1,1,0,0.9,1,1,1,5.9,84.28571429,,
E05_P23_AL_VHJ_GM,Dr Mamun Mahmud,1,1,0,0.9,0.5,1,1,5.4,77.14285714,81.9047619,81.9
,Dr Abid Hasan Khan,1,1,0,0.9,1,1,1,5.9,84.28571429,,
,Dr Rayhan Islam,1,1,0,0.9,1,1,1,5.9,84.28571429,,
E05_P23_AR_VHJ_GM,Dr Mamun Mahmud,1,1,0,0.9,0.5,1,1,5.4,77.14285714,81.9047619,81.9
,Dr Abid Hasan Khan,1,1,0,0.9,1,1,1,5.9,84.28571429,,
,Dr Rayhan Islam,1,1,0,0.9,1,1,1,5.9,84.28571429,,
E05_P23_AF_VLJ_GM,Dr Mamun Mahmud,1,1,1,1,0.5,0.5,1,6,85.71428571,92.85714286,92.86
,Dr Abid Hasan Khan,1,1,1,1,1,1,1,7,100,,
,Dr Rayhan Islam,1,1,1,1,0.5,1,1,6.5,92.85714286,,
E05_P23_AL_VLJ_GM,Dr Mamun Mahmud,1,1,1,1,0.5,0.5,1,6,85.71428571,92.85714286,92.86
,Dr Abid Hasan Khan,1,1,1,1,1,1,1,7,100,,
,Dr Rayhan Islam,1,1,1,1,0.5,1,1,6.5,92.85714286,,
E05_P23_AR_VLJ_GM,Dr Mamun Mahmud,1,1,0,0.9,0.5,0.5,1,4.9,70,77.14285714,77.14
,Dr Abid Hasan Khan,1,1,0,0.9,1,1,1,5.9,84.28571429,,
,Dr Rayhan Islam,1,1,0,0.9,0.5,1,1,5.4,77.14285714,,
E05_P23_AF_VLL_GM,Dr Mamun Mahmud,1,1,0,0.6,0.5,1,1,5.1,72.85714286,72.85714286,72.86
,Dr Abid Hasan Khan,1,1,0,0.6,1,1,1,5.6,80,,
,Dr Rayhan Islam,1,1,0,0.6,0.5,0.5,1,4.6,65.71428571,,
E05_P23_AL_VLL_GM,Dr Mamun Mahmud,1,1,0,0.8,0.5,1,1,5.3,75.71428571,75.71428571,75.71
,Dr Abid Hasan Khan,1,1,0,0.8,1,1,1,5.8,82.85714286,,
,Dr Rayhan Islam,1,1,0,0.8,0.5,0.5,1,4.8,68.57142857,,
E05_P23_AR_VLL_GM,Dr Mamun Mahmud,1,1,1,1,0.5,1,1,6.5,92.85714286,92.85714286,92.86
,Dr Abid Hasan Khan,1,1,1,1,1,1,1,7,100,,
,Dr Rayhan Islam,1,1,1,1,0.5,0.5,1,6,85.71428571,,
E05_P23_AF_VML_GM,Dr Mamun Mahmud,1,1,0,0.9,0.5,0.5,1,4.9,70,74.76190476,74.76
,Dr Abid Hasan Khan,1,1,0,0.9,1,1,1,5.9,84.28571429,,
,Dr Rayhan Islam,1,1,0,0.9,0.5,0.5,1,4.9,70,,
E05_P23_AL_VML_GM,Dr Mamun Mahmud,1,1,0,0.9,0.5,0.5,1,4.9,70,74.76190476,74.76
,Dr Abid Hasan Khan,1,1,0,0.9,1,1,1,5.9,84.28571429,,
,Dr Rayhan Islam,1,1,0,0.9,0.5,0.5,1,4.9,70,,
E05_P23_AR_VML_GM,Dr Mamun Mahmud,1,1,1,1,0.5,0.5,1,6,85.71428571,90.47619048,90.48
,Dr Abid Hasan Khan,1,1,1,1,1,1,1,7,100,,
,Dr Rayhan Islam,1,1,1,1,0.5,0.5,1,6,85.71428571,,
E05_P23_AF_VO_GM,Dr Mamun Mahmud,1,1,0,0.6,0.5,0.5,1,4.6,65.71428571,70.47619048,70.48
,Dr Abid Hasan Khan,1,1,0,0.6,1,1,1,5.6,80,,
,Dr Rayhan Islam,1,1,0,0.6,0.5,0.5,1,4.6,65.71428571,,
E05_P23_AL_VO_GM,Dr Mamun Mahmud,1,1,0,0.7,0.5,0.5,1,4.7,67.14285714,71.9047619,71.9
,Dr Abid Hasan Khan,1,1,0,0.7,1,1,1,5.7,81.42857143,,
,Dr Rayhan Islam,1,1,0,0.7,0.5,0.5,1,4.7,67.14285714,,
E05_P23_AR_VO_GM,Dr Mamun Mahmud,1,1,1,1,0.5,0.5,1,6,85.71428571,90.47619048,90.48
,Dr Abid Hasan Khan,1,1,1,1,1,1,1,7,100,,
,Dr Rayhan Islam,1,1,1,1,0.5,0.5,1,6,85.71428571,,
E06_P02_AF_VFL_GM,Dr Mamun Mahmud,1,1,1,1,1,1,1,7,100,100,100
,Dr Abid Hasan Khan,1,1,1,1,1,1,1,7,100,,
,Dr Rayhan Islam,1,1,1,1,1,1,1,7,100,,
E06_P02_AL_VFL_GM,Dr Mamun Mahmud,1,1,1,1,1,1,1,7,100,100,100
,Dr Abid Hasan Khan,1,1,1,1,1,1,1,7,100,,
,Dr Rayhan Islam,1,1,1,1,1,1,1,7,100,,
E06_P02_AR_VFL_GM,Dr Mamun Mahmud,1,1,1,1,1,1,1,7,100,100,100
,Dr Abid Hasan Khan,1,1,1,1,1,1,1,7,100,,
,Dr Rayhan Islam,1,1,1,1,1,1,1,7,100,,
E06_P02_AF_VHJ_GM,Dr Mamun Mahmud,1,1,1,1,1,1,1,7,100,100,100
,Dr Abid Hasan Khan,1,1,1,1,1,1,1,7,100,,
,Dr Rayhan Islam,1,1,1,1,1,1,1,7,100,,
E06_P02_AL_VHJ_GM,Dr Mamun Mahmud,1,1,1,1,1,1,1,7,100,100,100
,Dr Abid Hasan Khan,1,1,1,1,1,1,1,7,100,,
,Dr Rayhan Islam,1,1,1,1,1,1,1,7,100,,
E06_P02_AR_VHJ_GM,Dr Mamun Mahmud,1,1,1,1,1,1,1,7,100,100,100
,Dr Abid Hasan Khan,1,1,1,1,1,1,1,7,100,,
,Dr Rayhan Islam,1,1,1,1,1,1,1,7,100,,
E06_P02_AF_VLJ_GM,Dr Mamun Mahmud,1,1,1,1,1,1,1,7,100,100,100
,Dr Abid Hasan Khan,1,1,1,1,1,1,1,7,100,,
,Dr Rayhan Islam,1,1,1,1,1,1,1,7,100,,
E06_P02_AL_VLJ_GM,Dr Mamun Mahmud,1,1,1,1,1,1,1,7,100,100,100
,Dr Abid Hasan Khan,1,1,1,1,1,1,1,7,100,,
,Dr Rayhan Islam,1,1,1,1,1,1,1,7,100,,
E06_P02_AR_VLJ_GM,Dr Mamun Mahmud,1,1,1,1,1,1,1,7,100,100,100
,Dr Abid Hasan Khan,1,1,1,1,1,1,1,7,100,,
,Dr Rayhan Islam,1,1,1,1,1,1,1,7,100,,
E06_P02_AF_VLL_GM,Dr Mamun Mahmud,1,1,1,1,1,1,1,7,100,100,100
,Dr Abid Hasan Khan,1,1,1,1,1,1,1,7,100,,
,Dr Rayhan Islam,1,1,1,1,1,1,1,7,100,,
E06_P02_AL_VLL_GM,Dr Mamun Mahmud,1,1,1,1,1,1,1,7,100,100,100
,Dr Abid Hasan Khan,1,1,1,1,1,1,1,7,100,,
,Dr Rayhan Islam,1,1,1,1,1,1,1,7,100,,
E06_P02_AR_VLL_GM,Dr Mamun Mahmud,1,1,1,1,1,1,1,7,100,100,100
,Dr Abid Hasan Khan,1,1,1,1,1,1,1,7,100,,
,Dr Rayhan Islam,1,1,1,1,1,1,1,7,100,,
E06_P02_AF_VML_GM,Dr Mamun Mahmud,1,1,1,1,1,1,1,7,100,100,100
,Dr Abid Hasan Khan,1,1,1,1,1,1,1,7,100,,
,Dr Rayhan Islam,1,1,1,1,1,1,1,7,100,,
E06_P02_AL_VML_GM,Dr Mamun Mahmud,1,1,1,1,1,1,1,7,100,100,100
,Dr Abid Hasan Khan,1,1,1,1,1,1,1,7,100,,
,Dr Rayhan Islam,1,1,1,1,1,1,1,7,100,,
E06_P02_AR_VML_GM,Dr Mamun Mahmud,1,1,1,1,1,1,1,7,100,100,100
,Dr Abid Hasan Khan,1,1,1,1,1,1,1,7,100,,
,Dr Rayhan Islam,1,1,1,1,1,1,1,7,100,,
E06_P02_AF_VO_GM,Dr Mamun Mahmud,1,1,1,1,1,1,1,7,100,100,100
,Dr Abid Hasan Khan,1,1,1,1,1,1,1,7,100,,
,Dr Rayhan Islam,1,1,1,1,1,1,1,7,100,,
E06_P02_AL_VO_GM,Dr Mamun Mahmud,1,1,1,1,1,1,1,7,100,100,100
,Dr Abid Hasan Khan,1,1,1,1,1,1,1,7,100,,
,Dr Rayhan Islam,1,1,1,1,1,1,1,7,100,,
E06_P02_AR_VO_GM,Dr Mamun Mahmud,1,1,1,1,1,1,1,7,100,100,100
,Dr Abid Hasan Khan,1,1,1,1,1,1,1,7,100,,
,Dr Rayhan Islam,1,1,1,1,1,1,1,7,100,,
E06_P03_AF_VFL_GM,Dr Mamun Mahmud,1,1,1,1,1,1,1,7,100,100,100
,Dr Abid Hasan Khan,1,1,1,1,1,1,1,7,100,,
,Dr Rayhan Islam,1,1,1,1,1,1,1,7,100,,
E06_P03_AL_VFL_GM,Dr Mamun Mahmud,1,1,1,1,1,1,1,7,100,100,100
,Dr Abid Hasan Khan,1,1,1,1,1,1,1,7,100,,
,Dr Rayhan Islam,1,1,1,1,1,1,1,7,100,,
E06_P03_AR_VFL_GM,Dr Mamun Mahmud,1,1,1,1,1,1,1,7,100,100,100
,Dr Abid Hasan Khan,1,1,1,1,1,1,1,7,100,,
,Dr Rayhan Islam,1,1,1,1,1,1,1,7,100,,
E06_P03_AF_VHJ_GM,Dr Mamun Mahmud,1,1,1,1,1,1,1,7,100,97.61904762,97.62
,Dr Abid Hasan Khan,1,1,1,1,1,1,1,7,100,,
,Dr Rayhan Islam,1,1,1,1,0.5,1,1,6.5,92.85714286,,
E06_P03_AL_VHJ_GM,Dr Mamun Mahmud,1,1,1,1,1,1,1,7,100,97.61904762,97.62
,Dr Abid Hasan Khan,1,1,1,1,1,1,1,7,100,,
,Dr Rayhan Islam,1,1,1,1,0.5,1,1,6.5,92.85714286,,
E06_P03_AR_VHJ_GM,Dr Mamun Mahmud,1,1,1,1,1,1,1,7,100,97.61904762,97.62
,Dr Abid Hasan Khan,1,1,1,1,1,1,1,7,100,,
,Dr Rayhan Islam,1,1,1,1,0.5,1,1,6.5,92.85714286,,
E06_P03_AF_VLJ_GM,Dr Mamun Mahmud,1,1,1,1,1,1,1,7,100,97.61904762,97.62
,Dr Abid Hasan Khan,1,1,1,1,1,1,1,7,100,,
,Dr Rayhan Islam,1,1,1,1,0.5,1,1,6.5,92.85714286,,
E06_P03_AL_VLJ_GM,Dr Mamun Mahmud,1,1,1,1,1,1,1,7,100,97.61904762,97.62
,Dr Abid Hasan Khan,1,1,1,1,1,1,1,7,100,,
,Dr Rayhan Islam,1,1,1,1,0.5,1,1,6.5,92.85714286,,
E06_P03_AR_VLJ_GM,Dr Mamun Mahmud,1,1,1,1,1,1,1,7,100,97.61904762,97.62
,Dr Abid Hasan Khan,1,1,1,1,1,1,1,7,100,,
,Dr Rayhan Islam,1,1,1,1,0.5,1,1,6.5,92.85714286,,
E06_P03_AF_VLL_GM,Dr Mamun Mahmud,1,1,0,0.9,1,1,1,5.9,84.28571429,84.28571429,84.29
,Dr Abid Hasan Khan,1,1,0,0.9,1,1,1,5.9,84.28571429,,
,Dr Rayhan Islam,1,1,0,0.9,1,1,1,5.9,84.28571429,,
E06_P03_AL_VLL_GM,Dr Mamun Mahmud,1,1,0,0.9,1,1,1,5.9,84.28571429,84.28571429,84.29
,Dr Abid Hasan Khan,1,1,0,0.9,1,1,1,5.9,84.28571429,,
,Dr Rayhan Islam,1,1,0,0.9,1,1,1,5.9,84.28571429,,
E06_P03_AR_VLL_GM,Dr Mamun Mahmud,1,1,0,0.9,1,1,1,5.9,84.28571429,84.28571429,84.29
,Dr Abid Hasan Khan,1,1,0,0.9,1,1,1,5.9,84.28571429,,
,Dr Rayhan Islam,1,1,0,0.9,1,1,1,5.9,84.28571429,,
E06_P03_AF_VML_GM,Dr Mamun Mahmud,1,1,0,0.9,1,1,1,5.9,84.28571429,81.9047619,81.9
,Dr Abid Hasan Khan,1,1,0,0.9,1,1,1,5.9,84.28571429,,
,Dr Rayhan Islam,1,1,0,0.9,0.5,1,1,5.4,77.14285714,,
E06_P03_AL_VML_GM,Dr Mamun Mahmud,1,1,0,0.9,1,1,1,5.9,84.28571429,81.9047619,81.9
,Dr Abid Hasan Khan,1,1,0,0.9,1,1,1,5.9,84.28571429,,
,Dr Rayhan Islam,1,1,0,0.9,0.5,1,1,5.4,77.14285714,,
E06_P03_AR_VML_GM,Dr Mamun Mahmud,1,1,0,0.9,1,1,1,5.9,84.28571429,81.9047619,81.9
,Dr Abid Hasan Khan,1,1,0,0.9,1,1,1,5.9,84.28571429,,
,Dr Rayhan Islam,1,1,0,0.9,0.5,1,1,5.4,77.14285714,,
E06_P03_AF_VO_GM,Dr Mamun Mahmud,1,1,1,1,1,1,1,7,100,97.61904762,97.62
,Dr Abid Hasan Khan,1,1,1,1,1,1,1,7,100,,
,Dr Rayhan Islam,1,1,1,1,0.5,1,1,6.5,92.85714286,,
E06_P03_AL_VO_GM,Dr Mamun Mahmud,1,1,1,1,1,1,1,7,100,97.61904762,97.62
,Dr Abid Hasan Khan,1,1,1,1,1,1,1,7,100,,
,Dr Rayhan Islam,1,1,1,1,0.5,1,1,6.5,92.85714286,,
E06_P03_AR_VO_GM,Dr Mamun Mahmud,1,1,1,1,1,1,1,7,100,97.61904762,97.62
,Dr Abid Hasan Khan,1,1,1,1,1,1,1,7,100,,
,Dr Rayhan Islam,1,1,1,1,0.5,1,1,6.5,92.85714286,,
E06_P04_AF_VFL_GM,Dr Mamun Mahmud,1,1,1,1,1,1,1,7,100,100,100
,Dr Abid Hasan Khan,1,1,1,1,1,1,1,7,100,,
,Dr Rayhan Islam,1,1,1,1,1,1,1,7,100,,
E06_P04_AL_VFL_GM,Dr Mamun Mahmud,1,1,1,1,1,1,1,7,100,100,100
,Dr Abid Hasan Khan,1,1,1,1,1,1,1,7,100,,
,Dr Rayhan Islam,1,1,1,1,1,1,1,7,100,,
E06_P04_AR_VFL_GM,Dr Mamun Mahmud,1,1,1,1,1,1,1,7,100,100,100
,Dr Abid Hasan Khan,1,1,1,1,1,1,1,7,100,,
,Dr Rayhan Islam,1,1,1,1,1,1,1,7,100,,
E06_P04_AF_VHJ_GM,Dr Mamun Mahmud,1,1,1,1,1,0,1,6,85.71428571,95.23809524,95.24
,Dr Abid Hasan Khan,1,1,1,1,1,1,1,7,100,,
,Dr Rayhan Islam,1,1,1,1,1,1,1,7,100,,
E06_P04_AL_VHJ_GM,Dr Mamun Mahmud,1,1,1,1,1,0,1,6,85.71428571,95.23809524,95.24
,Dr Abid Hasan Khan,1,1,1,1,1,1,1,7,100,,
,Dr Rayhan Islam,1,1,1,1,1,1,1,7,100,,
E06_P04_AR_VHJ_GM,Dr Mamun Mahmud,1,1,1,1,1,0,1,6,85.71428571,95.23809524,95.24
,Dr Abid Hasan Khan,1,1,1,1,1,1,1,7,100,,
,Dr Rayhan Islam,1,1,1,1,1,1,1,7,100,,
E06_P04_AF_VLJ_GM,Dr Mamun Mahmud,1,1,1,1,1,1,1,7,100,100,100
,Dr Abid Hasan Khan,1,1,1,1,1,1,1,7,100,,
,Dr Rayhan Islam,1,1,1,1,1,1,1,7,100,,
E06_P04_AL_VLJ_GM,Dr Mamun Mahmud,1,1,1,1,1,1,1,7,100,100,100
,Dr Abid Hasan Khan,1,1,1,1,1,1,1,7,100,,
,Dr Rayhan Islam,1,1,1,1,1,1,1,7,100,,
E06_P04_AR_VLJ_GM,Dr Mamun Mahmud,1,1,1,1,1,1,1,7,100,100,100
,Dr Abid Hasan Khan,1,1,1,1,1,1,1,7,100,,
,Dr Rayhan Islam,1,1,1,1,1,1,1,7,100,,
E06_P04_AF_VLL_GM,Dr Mamun Mahmud,1,1,1,1,1,1,1,7,100,100,100
,Dr Abid Hasan Khan,1,1,1,1,1,1,1,7,100,,
,Dr Rayhan Islam,1,1,1,1,1,1,1,7,100,,
E06_P04_AL_VLL_GM,Dr Mamun Mahmud,1,1,1,1,1,1,1,7,100,100,100
,Dr Abid Hasan Khan,1,1,1,1,1,1,1,7,100,,
,Dr Rayhan Islam,1,1,1,1,1,1,1,7,100,,
E06_P04_AR_VLL_GM,Dr Mamun Mahmud,1,1,1,1,1,1,1,7,100,100,100
,Dr Abid Hasan Khan,1,1,1,1,1,1,1,7,100,,
,Dr Rayhan Islam,1,1,1,1,1,1,1,7,100,,
E06_P04_AF_VML_GM,Dr Mamun Mahmud,1,1,0,0.9,1,0,1,4.9,70,79.52380952,79.52
,Dr Abid Hasan Khan,1,1,0,0.9,1,1,1,5.9,84.28571429,,
,Dr Rayhan Islam,1,1,0,0.9,1,1,1,5.9,84.28571429,,
E06_P04_AL_VML_GM,Dr Mamun Mahmud,1,1,0,0.9,1,0,1,4.9,70,79.52380952,79.52
,Dr Abid Hasan Khan,1,1,0,0.9,1,1,1,5.9,84.28571429,,
,Dr Rayhan Islam,1,1,0,0.9,1,1,1,5.9,84.28571429,,
E06_P04_AR_VML_GM,Dr Mamun Mahmud,1,1,1,1,1,0,1,6,85.71428571,95.23809524,95.24
,Dr Abid Hasan Khan,1,1,1,1,1,1,1,7,100,,
,Dr Rayhan Islam,1,1,1,1,1,1,1,7,100,,
E06_P04_AF_VO_GM,Dr Mamun Mahmud,1,1,1,1,1,1,1,7,100,100,100
,Dr Abid Hasan Khan,1,1,1,1,1,1,1,7,100,,
,Dr Rayhan Islam,1,1,1,1,1,1,1,7,100,,
E06_P04_AL_VO_GM,Dr Mamun Mahmud,1,1,1,1,1,1,1,7,100,100,100
,Dr Abid Hasan Khan,1,1,1,1,1,1,1,7,100,,
,Dr Rayhan Islam,1,1,1,1,1,1,1,7,100,,
E06_P04_AR_VO_GM,Dr Mamun Mahmud,1,1,1,1,1,1,1,7,100,100,100
,Dr Abid Hasan Khan,1,1,1,1,1,1,1,7,100,,
,Dr Rayhan Islam,1,1,1,1,1,1,1,7,100,,
E06_P05_AF_VFL_GM,Dr Mamun Mahmud,1,1,1,1,1,1,1,7,100,97.61904762,97.62
,Dr Abid Hasan Khan,1,1,1,1,1,1,1,7,100,,
,Dr Rayhan Islam,1,1,1,1,1,0.5,1,6.5,92.85714286,,
E06_P05_AL_VFL_GM,Dr Mamun Mahmud,1,1,1,1,1,1,1,7,100,97.61904762,97.62
,Dr Abid Hasan Khan,1,1,1,1,1,1,1,7,100,,
,Dr Rayhan Islam,1,1,1,1,1,0.5,1,6.5,92.85714286,,
E06_P05_AR_VFL_GM,Dr Mamun Mahmud,1,1,1,1,1,1,1,7,100,97.61904762,97.62
,Dr Abid Hasan Khan,1,1,1,1,1,1,1,7,100,,
,Dr Rayhan Islam,1,1,1,1,1,0.5,1,6.5,92.85714286,,
E06_P05_AF_VHJ_GM,Dr Mamun Mahmud,1,1,1,1,1,1,1,7,100,97.61904762,97.62
,Dr Abid Hasan Khan,1,1,1,1,1,1,1,7,100,,
,Dr Rayhan Islam,1,1,1,1,1,0.5,1,6.5,92.85714286,,
E06_P05_AL_VHJ_GM,Dr Mamun Mahmud,1,1,1,1,1,1,1,7,100,97.61904762,97.62
,Dr Abid Hasan Khan,1,1,1,1,1,1,1,7,100,,
,Dr Rayhan Islam,1,1,1,1,1,0.5,1,6.5,92.85714286,,
E06_P05_AR_VHJ_GM,Dr Mamun Mahmud,1,1,1,1,1,1,1,7,100,97.61904762,97.62
,Dr Abid Hasan Khan,1,1,1,1,1,1,1,7,100,,
,Dr Rayhan Islam,1,1,1,1,1,0.5,1,6.5,92.85714286,,
E06_P05_AF_VLJ_GM,Dr Mamun Mahmud,1,1,1,1,1,1,1,7,100,97.61904762,97.62
,Dr Abid Hasan Khan,1,1,1,1,1,1,1,7,100,,
,Dr Rayhan Islam,1,1,1,1,1,0.5,1,6.5,92.85714286,,
E06_P05_AL_VLJ_GM,Dr Mamun Mahmud,1,1,1,1,1,1,1,7,100,97.61904762,97.62
,Dr Abid Hasan Khan,1,1,1,1,1,1,1,7,100,,
,Dr Rayhan Islam,1,1,1,1,1,0.5,1,6.5,92.85714286,,
E06_P05_AR_VLJ_GM,Dr Mamun Mahmud,1,1,1,1,1,1,1,7,100,97.61904762,97.62
,Dr Abid Hasan Khan,1,1,1,1,1,1,1,7,100,,
,Dr Rayhan Islam,1,1,1,1,1,0.5,1,6.5,92.85714286,,
E06_P05_AF_VLL_GM,Dr Mamun Mahmud,1,1,1,1,1,1,1,7,100,100,100
,Dr Abid Hasan Khan,1,1,1,1,1,1,1,7,100,,
,Dr Rayhan Islam,1,1,1,1,1,1,1,7,100,,
E06_P05_AL_VLL_GM,Dr Mamun Mahmud,1,1,1,1,1,1,1,7,100,100,100
,Dr Abid Hasan Khan,1,1,1,1,1,1,1,7,100,,
,Dr Rayhan Islam,1,1,1,1,1,1,1,7,100,,
E06_P05_AR_VLL_GM,Dr Mamun Mahmud,1,1,1,1,1,1,1,7,100,100,100
,Dr Abid Hasan Khan,1,1,1,1,1,1,1,7,100,,
,Dr Rayhan Islam,1,1,1,1,1,1,1,7,100,,
E06_P05_AF_VML_GM,Dr Mamun Mahmud,1,1,0,0.9,1,0,1,4.9,70,74.76190476,74.76
,Dr Abid Hasan Khan,1,1,0,0.9,1,0.5,1,5.4,77.14285714,,
,Dr Rayhan Islam,1,1,0,0.9,1,0.5,1,5.4,77.14285714,,
E06_P05_AL_VML_GM,Dr Mamun Mahmud,1,1,0,0.9,1,0,1,4.9,70,74.76190476,74.76
,Dr Abid Hasan Khan,1,1,0,0.9,1,0.5,1,5.4,77.14285714,,
,Dr Rayhan Islam,1,1,0,0.9,1,0.5,1,5.4,77.14285714,,
E06_P05_AR_VML_GM,Dr Mamun Mahmud,1,1,0,0.9,1,0,1,4.9,70,74.76190476,74.76
,Dr Abid Hasan Khan,1,1,0,0.9,1,0.5,1,5.4,77.14285714,,
,Dr Rayhan Islam,1,1,0,0.9,1,0.5,1,5.4,77.14285714,,
E06_P05_AF_VO_GM,Dr Mamun Mahmud,1,1,1,1,1,1,1,7,100,97.61904762,97.62
,Dr Abid Hasan Khan,1,1,1,1,1,0.5,1,6.5,92.85714286,,
,Dr Rayhan Islam,1,1,1,1,1,1,1,7,100,,
E06_P05_AL_VO_GM,Dr Mamun Mahmud,1,1,1,1,1,1,1,7,100,97.61904762,97.62
,Dr Abid Hasan Khan,1,1,1,1,1,0.5,1,6.5,92.85714286,,
,Dr Rayhan Islam,1,1,1,1,1,1,1,7,100,,
E06_P05_AR_VO_GM,Dr Mamun Mahmud,1,1,1,1,1,1,1,7,100,97.61904762,97.62
,Dr Abid Hasan Khan,1,1,1,1,1,0.5,1,6.5,92.85714286,,
,Dr Rayhan Islam,1,1,1,1,1,1,1,7,100,,
E06_P06_AF_VFL_GM,Dr Mamun Mahmud,1,1,1,1,1,1,1,7,100,100,100
,Dr Abid Hasan Khan,1,1,1,1,1,1,1,7,100,,
,Dr Rayhan Islam,1,1,1,1,1,1,1,7,100,,
E06_P06_AR_VFL_GM,Dr Mamun Mahmud,1,1,1,1,1,1,1,7,100,100,100
,Dr Abid Hasan Khan,1,1,1,1,1,1,1,7,100,,
,Dr Rayhan Islam,1,1,1,1,1,1,1,7,100,,
E06_P06_AF_VHJ_GM,Dr Mamun Mahmud,1,1,1,1,1,1,1,7,100,100,100
,Dr Abid Hasan Khan,1,1,1,1,1,1,1,7,100,,
,Dr Rayhan Islam,1,1,1,1,1,1,1,7,100,,
E06_P06_AL_VHJ_GM,Dr Mamun Mahmud,1,1,1,1,1,1,1,7,100,100,100
,Dr Abid Hasan Khan,1,1,1,1,1,1,1,7,100,,
,Dr Rayhan Islam,1,1,1,1,1,1,1,7,100,,
E06_P06_AR_VHJ_GM,Dr Mamun Mahmud,1,1,1,1,1,1,1,7,100,100,100
,Dr Abid Hasan Khan,1,1,1,1,1,1,1,7,100,,
,Dr Rayhan Islam,1,1,1,1,1,1,1,7,100,,
E06_P06_AF_VLJ_GM,Dr Mamun Mahmud,1,1,1,1,1,1,1,7,100,100,100
,Dr Abid Hasan Khan,1,1,1,1,1,1,1,7,100,,
,Dr Rayhan Islam,1,1,1,1,1,1,1,7,100,,
E06_P06_AL_VLJ_GM,Dr Mamun Mahmud,1,1,1,1,1,1,1,7,100,100,100
,Dr Abid Hasan Khan,1,1,1,1,1,1,1,7,100,,
,Dr Rayhan Islam,1,1,1,1,1,1,1,7,100,,
E06_P06_AR_VLJ_GM,Dr Mamun Mahmud,1,1,1,1,1,1,1,7,100,100,100
,Dr Abid Hasan Khan,1,1,1,1,1,1,1,7,100,,
,Dr Rayhan Islam,1,1,1,1,1,1,1,7,100,,
E06_P06_AF_VLL_GM,Dr Mamun Mahmud,1,1,1,1,1,1,1,7,100,100,100
,Dr Abid Hasan Khan,1,1,1,1,1,1,1,7,100,,
,Dr Rayhan Islam,1,1,1,1,1,1,1,7,100,,
E06_P06_AL_VLL_GM,Dr Mamun Mahmud,1,1,1,1,1,1,1,7,100,100,100
,Dr Abid Hasan Khan,1,1,1,1,1,1,1,7,100,,
,Dr Rayhan Islam,1,1,1,1,1,1,1,7,100,,
E06_P06_AR_VLL_GM,Dr Mamun Mahmud,1,1,1,1,1,1,1,7,100,100,100
,Dr Abid Hasan Khan,1,1,1,1,1,1,1,7,100,,
,Dr Rayhan Islam,1,1,1,1,1,1,1,7,100,,
E06_P06_AF_VML_GM,Dr Mamun Mahmud,1,1,1,1,1,1,1,7,100,100,100
,Dr Abid Hasan Khan,1,1,1,1,1,1,1,7,100,,
,Dr Rayhan Islam,1,1,1,1,1,1,1,7,100,,
E06_P06_AL_VML_GM,Dr Mamun Mahmud,1,1,1,1,1,1,1,7,100,100,100
,Dr Abid Hasan Khan,1,1,1,1,1,1,1,7,100,,
,Dr Rayhan Islam,1,1,1,1,1,1,1,7,100,,
E06_P06_AR_VML_GM,Dr Mamun Mahmud,1,1,1,1,1,1,1,7,100,100,100
,Dr Abid Hasan Khan,1,1,1,1,1,1,1,7,100,,
,Dr Rayhan Islam,1,1,1,1,1,1,1,7,100,,
E06_P06_AF_VO_GM,Dr Mamun Mahmud,1,1,1,1,1,1,1,7,100,100,100
,Dr Abid Hasan Khan,1,1,1,1,1,1,1,7,100,,
,Dr Rayhan Islam,1,1,1,1,1,1,1,7,100,,
E06_P06_AL_VO_GM,Dr Mamun Mahmud,1,1,1,1,1,1,1,7,100,100,100
,Dr Abid Hasan Khan,1,1,1,1,1,1,1,7,100,,
,Dr Rayhan Islam,1,1,1,1,1,1,1,7,100,,
E06_P06_AR_VO_GM,Dr Mamun Mahmud,1,1,1,1,1,1,1,7,100,100,100
,Dr Abid Hasan Khan,1,1,1,1,1,1,1,7,100,,
,Dr Rayhan Islam,1,1,1,1,1,1,1,7,100,,
E06_P07_AF_VFL_GM,Dr Mamun Mahmud,1,1,1,1,1,1,1,7,100,95.23809524,95.24
,Dr Abid Hasan Khan,1,1,1,1,0.5,1,1,6.5,92.85714286,,
,Dr Rayhan Islam,1,1,1,1,0.5,1,1,6.5,92.85714286,,
E06_P07_AL_VFL_GM,Dr Mamun Mahmud,1,1,1,1,1,1,1,7,100,95.23809524,95.24
,Dr Abid Hasan Khan,1,1,1,1,0.5,1,1,6.5,92.85714286,,
,Dr Rayhan Islam,1,1,1,1,0.5,1,1,6.5,92.85714286,,
E06_P07_AR_VFL_GM,Dr Mamun Mahmud,1,1,1,1,1,1,1,7,100,95.23809524,95.24
,Dr Abid Hasan Khan,1,1,1,1,0.5,1,1,6.5,92.85714286,,
,Dr Rayhan Islam,1,1,1,1,0.5,1,1,6.5,92.85714286,,
E06_P07_AF_VHJ_GM,Dr Mamun Mahmud,1,0,1,1,0,1,1,5,71.42857143,73.80952381,73.81
,Dr Abid Hasan Khan,1,0,1,1,0.5,1,1,5.5,78.57142857,,
,Dr Rayhan Islam,1,0,1,1,0.5,0.5,1,5,71.42857143,,
E06_P07_AL_VHJ_GM,Dr Mamun Mahmud,1,0,1,1,0,1,1,5,71.42857143,73.80952381,73.81
,Dr Abid Hasan Khan,1,0,1,1,0.5,1,1,5.5,78.57142857,,
,Dr Rayhan Islam,1,0,1,1,0.5,0.5,1,5,71.42857143,,
E06_P07_AR_VHJ_GM,Dr Mamun Mahmud,1,0,1,1,0,1,1,5,71.42857143,73.80952381,73.81
,Dr Abid Hasan Khan,1,0,1,1,0.5,1,1,5.5,78.57142857,,
,Dr Rayhan Islam,1,0,1,1,0.5,0.5,1,5,71.42857143,,
E06_P07_AF_VLJ_GM,Dr Mamun Mahmud,1,0,1,1,0,1,1,5,71.42857143,76.19047619,76.19
,Dr Abid Hasan Khan,1,0,1,1,1,1,1,6,85.71428571,,
,Dr Rayhan Islam,1,0,1,1,0.5,0.5,1,5,71.42857143,,
E06_P07_AL_VLJ_GM,Dr Mamun Mahmud,1,0,1,1,0,1,1,5,71.42857143,76.19047619,76.19
,Dr Abid Hasan Khan,1,0,1,1,1,1,1,6,85.71428571,,
,Dr Rayhan Islam,1,0,1,1,0.5,0.5,1,5,71.42857143,,
E06_P07_AR_VLJ_GM,Dr Mamun Mahmud,1,0,1,1,0,1,1,5,71.42857143,76.19047619,76.19
,Dr Abid Hasan Khan,1,0,1,1,1,1,1,6,85.71428571,,
,Dr Rayhan Islam,1,0,1,1,0.5,0.5,1,5,71.42857143,,
E06_P07_AF_VLL_GM,Dr Mamun Mahmud,1,0,1,1,1,1,1,6,85.71428571,85.71428571,85.71
,Dr Abid Hasan Khan,1,0,1,1,1,1,1,6,85.71428571,,
,Dr Rayhan Islam,1,0,1,1,1,1,1,6,85.71428571,,
E06_P07_AL_VLL_GM,Dr Mamun Mahmud,1,0,1,1,1,1,1,6,85.71428571,85.71428571,85.71
,Dr Abid Hasan Khan,1,0,1,1,1,1,1,6,85.71428571,,
,Dr Rayhan Islam,1,0,1,1,1,1,1,6,85.71428571,,
E06_P07_AR_VLL_GM,Dr Mamun Mahmud,1,0,1,1,1,1,1,6,85.71428571,85.71428571,85.71
,Dr Abid Hasan Khan,1,0,1,1,1,1,1,6,85.71428571,,
,Dr Rayhan Islam,1,0,1,1,1,1,1,6,85.71428571,,
E06_P07_AF_VML_GM,Dr Mamun Mahmud,1,1,1,1,1,1,1,7,100,100,100
,Dr Abid Hasan Khan,1,1,1,1,1,1,1,7,100,,
,Dr Rayhan Islam,1,1,1,1,1,1,1,7,100,,
E06_P07_AL_VML_GM,Dr Mamun Mahmud,1,1,0,0.9,1,1,1,5.9,84.28571429,84.28571429,84.29
,Dr Abid Hasan Khan,1,1,0,0.9,1,1,1,5.9,84.28571429,,
,Dr Rayhan Islam,1,1,0,0.9,1,1,1,5.9,84.28571429,,
E06_P07_AR_VML_GM,Dr Mamun Mahmud,1,1,1,1,1,1,1,7,100,100,100
,Dr Abid Hasan Khan,1,1,1,1,1,1,1,7,100,,
,Dr Rayhan Islam,1,1,1,1,1,1,1,7,100,,
E06_P07_AF_VO_GM,Dr Mamun Mahmud,1,0,1,1,1,1,1,6,85.71428571,78.0952381,78.1
,Dr Abid Hasan Khan,1,0,1,1,1,0.5,1,5.5,78.57142857,,
,Dr Rayhan Islam,1,0,0,0.9,1,1,1,4.9,70,,
E06_P07_AL_VO_GM,Dr Mamun Mahmud,1,0,0,0.9,1,1,1,4.9,70,67.61904762,67.62
,Dr Abid Hasan Khan,1,0,0,0.9,1,0.5,1,4.4,62.85714286,,
,Dr Rayhan Islam,1,0,0,0.9,1,1,1,4.9,70,,
E06_P07_AR_VO_GM,Dr Mamun Mahmud,1,0,0,0.9,1,1,1,4.9,70,67.61904762,67.62
,Dr Abid Hasan Khan,1,0,0,0.9,1,0.5,1,4.4,62.85714286,,
,Dr Rayhan Islam,1,0,0,0.9,1,1,1,4.9,70,,
E06_P08_AF_VFL_GM,Dr Mamun Mahmud,1,1,1,1,0,1,1,6,85.71428571,95.23809524,95.24
,Dr Abid Hasan Khan,1,1,1,1,1,1,1,7,100,,
,Dr Rayhan Islam,1,1,1,1,1,1,1,7,100,,
E06_P08_AL_VFL_GM,Dr Mamun Mahmud,1,1,1,1,0,1,1,6,85.71428571,95.23809524,95.24
,Dr Abid Hasan Khan,1,1,1,1,1,1,1,7,100,,
,Dr Rayhan Islam,1,1,1,1,1,1,1,7,100,,
E06_P08_AR_VFL_GM,Dr Mamun Mahmud,1,1,1,1,0,1,1,6,85.71428571,95.23809524,95.24
,Dr Abid Hasan Khan,1,1,1,1,1,1,1,7,100,,
,Dr Rayhan Islam,1,1,1,1,1,1,1,7,100,,
E06_P08_AF_VHJ_GM,Dr Mamun Mahmud,1,0,1,1,1,1,1,6,85.71428571,85.71428571,85.71
,Dr Abid Hasan Khan,1,0,1,1,1,1,1,6,85.71428571,,
,Dr Rayhan Islam,1,0,1,1,1,1,1,6,85.71428571,,
E06_P08_AL_VHJ_GM,Dr Mamun Mahmud,1,0,0,0.9,1,1,1,4.9,70,70,70
,Dr Abid Hasan Khan,1,0,0,0.9,1,1,1,4.9,70,,
,Dr Rayhan Islam,1,0,0,0.9,1,1,1,4.9,70,,
E06_P08_AR_VHJ_GM,Dr Mamun Mahmud,1,0,0,0.9,1,1,1,4.9,70,70,70
,Dr Abid Hasan Khan,1,0,0,0.9,1,1,1,4.9,70,,
,Dr Rayhan Islam,1,0,0,0.9,1,1,1,4.9,70,,
E06_P08_AF_VLJ_GM,Dr Mamun Mahmud,1,1,0,0.9,1,1,1,5.9,84.28571429,84.28571429,84.29
,Dr Abid Hasan Khan,1,1,0,0.9,1,1,1,5.9,84.28571429,,
,Dr Rayhan Islam,1,1,0,0.9,1,1,1,5.9,84.28571429,,
E06_P08_AL_VLJ_GM,Dr Mamun Mahmud,1,1,0,0.9,1,1,1,5.9,84.28571429,84.28571429,84.29
,Dr Abid Hasan Khan,1,1,0,0.9,1,1,1,5.9,84.28571429,,
,Dr Rayhan Islam,1,1,0,0.9,1,1,1,5.9,84.28571429,,
E06_P08_AR_VLJ_GM,Dr Mamun Mahmud,1,1,0,0.9,1,1,1,5.9,84.28571429,84.28571429,84.29
,Dr Abid Hasan Khan,1,1,0,0.9,1,1,1,5.9,84.28571429,,
,Dr Rayhan Islam,1,1,0,0.9,1,1,1,5.9,84.28571429,,
E06_P08_AF_VLL_GM,Dr Mamun Mahmud,1,1,0,0.9,1,1,1,5.9,84.28571429,84.28571429,84.29
,Dr Abid Hasan Khan,1,1,0,0.9,1,1,1,5.9,84.28571429,,
,Dr Rayhan Islam,1,1,0,0.9,1,1,1,5.9,84.28571429,,
E06_P08_AL_VLL_GM,Dr Mamun Mahmud,1,1,0,0.9,1,1,1,5.9,84.28571429,84.28571429,84.29
,Dr Abid Hasan Khan,1,1,0,0.9,1,1,1,5.9,84.28571429,,
,Dr Rayhan Islam,1,1,0,0.9,1,1,1,5.9,84.28571429,,
E06_P08_AR_VLL_GM,Dr Mamun Mahmud,1,1,0,0.9,1,1,1,5.9,84.28571429,84.28571429,84.29
,Dr Abid Hasan Khan,1,1,0,0.9,1,1,1,5.9,84.28571429,,
,Dr Rayhan Islam,1,1,0,0.9,1,1,1,5.9,84.28571429,,
E06_P08_AF_VML_GM,Dr Mamun Mahmud,1,1,0,0.9,1,1,1,5.9,84.28571429,84.28571429,84.29
,Dr Abid Hasan Khan,1,1,0,0.9,1,1,1,5.9,84.28571429,,
,Dr Rayhan Islam,1,1,0,0.9,1,1,1,5.9,84.28571429,,
E06_P08_AL_VML_GM,Dr Mamun Mahmud,1,1,0,0.9,1,1,1,5.9,84.28571429,84.28571429,84.29
,Dr Abid Hasan Khan,1,1,0,0.9,1,1,1,5.9,84.28571429,,
,Dr Rayhan Islam,1,1,0,0.9,1,1,1,5.9,84.28571429,,
E06_P08_AR_VML_GM,Dr Mamun Mahmud,1,1,0,0.9,1,1,1,5.9,84.28571429,84.28571429,84.29
,Dr Abid Hasan Khan,1,1,0,0.9,1,1,1,5.9,84.28571429,,
,Dr Rayhan Islam,1,1,0,0.9,1,1,1,5.9,84.28571429,,
E06_P08_AF_VO_GM,Dr Mamun Mahmud,1,1,1,1,1,1,1,7,100,100,100
,Dr Abid Hasan Khan,1,1,1,1,1,1,1,7,100,,
,Dr Rayhan Islam,1,1,1,1,1,1,1,7,100,,
E06_P08_AL_VO_GM,Dr Mamun Mahmud,1,1,0,0.9,1,1,1,5.9,84.28571429,84.28571429,84.29
,Dr Abid Hasan Khan,1,1,0,0.9,1,1,1,5.9,84.28571429,,
,Dr Rayhan Islam,1,1,0,0.9,1,1,1,5.9,84.28571429,,
E06_P08_AR_VO_GM,Dr Mamun Mahmud,1,1,0,0.9,1,1,1,5.9,84.28571429,84.28571429,84.29
,Dr Abid Hasan Khan,1,1,0,0.9,1,1,1,5.9,84.28571429,,
,Dr Rayhan Islam,1,1,0,0.9,1,1,1,5.9,84.28571429,,
E06_P09_AF_VFL_GF,Dr Mamun Mahmud,1,1,1,1,1,1,1,7,100,100,100
,Dr Abid Hasan Khan,1,1,1,1,1,1,1,7,100,,
,Dr Rayhan Islam,1,1,1,1,1,1,1,7,100,,
E06_P09_AL_VFL_GF,Dr Mamun Mahmud,1,1,1,1,1,1,1,7,100,100,100
,Dr Abid Hasan Khan,1,1,1,1,1,1,1,7,100,,
,Dr Rayhan Islam,1,1,1,1,1,1,1,7,100,,
E06_P09_AR_VFL_GF,Dr Mamun Mahmud,1,1,1,1,1,1,1,7,100,100,100
,Dr Abid Hasan Khan,1,1,1,1,1,1,1,7,100,,
,Dr Rayhan Islam,1,1,1,1,1,1,1,7,100,,
E06_P09_AF_VLL_GF,Dr Mamun Mahmud,1,1,1,1,1,1,1,7,100,100,100
,Dr Abid Hasan Khan,1,1,1,1,1,1,1,7,100,,
,Dr Rayhan Islam,1,1,1,1,1,1,1,7,100,,
E06_P09_AL_VLL_GF,Dr Mamun Mahmud,1,1,1,1,1,1,1,7,100,100,100
,Dr Abid Hasan Khan,1,1,1,1,1,1,1,7,100,,
,Dr Rayhan Islam,1,1,1,1,1,1,1,7,100,,
E06_P09_AR_VLL_GF,Dr Mamun Mahmud,1,1,1,1,1,1,1,7,100,100,100
,Dr Abid Hasan Khan,1,1,1,1,1,1,1,7,100,,
,Dr Rayhan Islam,1,1,1,1,1,1,1,7,100,,
E06_P09_AF_VML_GF,Dr Mamun Mahmud,1,1,1,1,1,0,1,6,85.71428571,95.23809524,95.24
,Dr Abid Hasan Khan,1,1,1,1,1,1,1,7,100,,
,Dr Rayhan Islam,1,1,1,1,1,1,1,7,100,,
E06_P09_AL_VML_GF,Dr Mamun Mahmud,1,1,1,1,1,0,1,6,85.71428571,95.23809524,95.24
,Dr Abid Hasan Khan,1,1,1,1,1,1,1,7,100,,
,Dr Rayhan Islam,1,1,1,1,1,1,1,7,100,,
E06_P09_AR_VML_GF,Dr Mamun Mahmud,1,1,1,1,1,0,1,6,85.71428571,95.23809524,95.24
,Dr Abid Hasan Khan,1,1,1,1,1,1,1,7,100,,
,Dr Rayhan Islam,1,1,1,1,1,1,1,7,100,,
E06_P09_AF_VO_GF,Dr Mamun Mahmud,1,1,1,1,1,1,1,7,100,100,100
,Dr Abid Hasan Khan,1,1,1,1,1,1,1,7,100,,
,Dr Rayhan Islam,1,1,1,1,1,1,1,7,100,,
E06_P09_AL_VO_GF,Dr Mamun Mahmud,1,1,1,1,1,1,1,7,100,100,100
,Dr Abid Hasan Khan,1,1,1,1,1,1,1,7,100,,
,Dr Rayhan Islam,1,1,1,1,1,1,1,7,100,,
E06_P09_AR_VO_GF,Dr Mamun Mahmud,1,1,1,1,1,1,1,7,100,100,100
,Dr Abid Hasan Khan,1,1,1,1,1,1,1,7,100,,
,Dr Rayhan Islam,1,1,1,1,1,1,1,7,100,,
E06_P10_AF_VFL_GF,Dr Mamun Mahmud,1,1,1,1,1,1,1,7,100,100,100
,Dr Abid Hasan Khan,1,1,1,1,1,1,1,7,100,,
,Dr Rayhan Islam,1,1,1,1,1,1,1,7,100,,
E06_P10_AL_VFL_GF,Dr Mamun Mahmud,1,1,1,1,1,1,1,7,100,100,100
,Dr Abid Hasan Khan,1,1,1,1,1,1,1,7,100,,
,Dr Rayhan Islam,1,1,1,1,1,1,1,7,100,,
E06_P10_AR_VFL_GF,Dr Mamun Mahmud,1,1,1,1,1,1,1,7,100,100,100
,Dr Abid Hasan Khan,1,1,1,1,1,1,1,7,100,,
,Dr Rayhan Islam,1,1,1,1,1,1,1,7,100,,
E06_P10_AF_VLL_GF,Dr Mamun Mahmud,1,1,1,1,1,1,1,7,100,95.23809524,95.24
,Dr Abid Hasan Khan,1,1,1,1,1,1,1,7,100,,
,Dr Rayhan Islam,1,1,1,1,0.5,0.5,1,6,85.71428571,,
E06_P10_AL_VLL_GF,Dr Mamun Mahmud,1,1,0,0.9,1,1,1,5.9,84.28571429,79.52380952,79.52
,Dr Abid Hasan Khan,1,1,0,0.9,1,1,1,5.9,84.28571429,,
,Dr Rayhan Islam,1,1,0,0.9,0.5,0.5,1,4.9,70,,
E06_P10_AR_VLL_GF,Dr Mamun Mahmud,1,1,1,1,1,1,1,7,100,95.23809524,95.24
,Dr Abid Hasan Khan,1,1,1,1,1,1,1,7,100,,
,Dr Rayhan Islam,1,1,1,1,0.5,0.5,1,6,85.71428571,,
E06_P10_AF_VML_GF,Dr Mamun Mahmud,1,1,1,1,1,1,1,7,100,97.61904762,97.62
,Dr Abid Hasan Khan,1,1,1,1,1,1,1,7,100,,
,Dr Rayhan Islam,1,1,1,1,1,0.5,1,6.5,92.85714286,,
E06_P10_AL_VML_GF,Dr Mamun Mahmud,1,1,1,1,1,1,1,7,100,97.61904762,97.62
,Dr Abid Hasan Khan,1,1,1,1,1,1,1,7,100,,
,Dr Rayhan Islam,1,1,1,1,1,0.5,1,6.5,92.85714286,,
E06_P10_AF_VO_GF,Dr Mamun Mahmud,1,1,1,1,1,0,1,6,85.71428571,95.23809524,95.24
,Dr Abid Hasan Khan,1,1,1,1,1,1,1,7,100,,
,Dr Rayhan Islam,1,1,1,1,1,1,1,7,100,,
E06_P10_AL_VO_GF,Dr Mamun Mahmud,1,1,1,1,1,0,1,6,85.71428571,95.23809524,95.24
,Dr Abid Hasan Khan,1,1,1,1,1,1,1,7,100,,
,Dr Rayhan Islam,1,1,1,1,1,1,1,7,100,,
E06_P10_AR_VO_GF,Dr Mamun Mahmud,1,1,1,1,1,0,1,6,85.71428571,95.23809524,95.24
,Dr Abid Hasan Khan,1,1,1,1,1,1,1,7,100,,
,Dr Rayhan Islam,1,1,1,1,1,1,1,7,100,,
E06_P11_AF_VFL_GF,Dr Mamun Mahmud,1,1,1,1,1,1,1,7,100,100,100
,Dr Abid Hasan Khan,1,1,1,1,1,1,1,7,100,,
,Dr Rayhan Islam,1,1,1,1,1,1,1,7,100,,
E06_P11_AL_VFL_GF,Dr Mamun Mahmud,1,1,1,1,1,1,1,7,100,100,100
,Dr Abid Hasan Khan,1,1,1,1,1,1,1,7,100,,
,Dr Rayhan Islam,1,1,1,1,1,1,1,7,100,,
E06_P11_AR_VFL_GF,Dr Mamun Mahmud,1,1,1,1,1,1,1,7,100,100,100
,Dr Abid Hasan Khan,1,1,1,1,1,1,1,7,100,,
,Dr Rayhan Islam,1,1,1,1,1,1,1,7,100,,
E06_P11_AF_VLL_GF,Dr Mamun Mahmud,1,1,1,1,1,0,1,6,85.71428571,95.23809524,95.24
,Dr Abid Hasan Khan,1,1,1,1,1,1,1,7,100,,
,Dr Rayhan Islam,1,1,1,1,1,1,1,7,100,,
E06_P11_AL_VLL_GF,Dr Mamun Mahmud,1,1,1,1,1,0,1,6,85.71428571,95.23809524,95.24
,Dr Abid Hasan Khan,1,1,1,1,1,1,1,7,100,,
,Dr Rayhan Islam,1,1,1,1,1,1,1,7,100,,
E06_P11_AR_VLL_GF,Dr Mamun Mahmud,1,1,1,1,1,0,1,6,85.71428571,95.23809524,95.24
,Dr Abid Hasan Khan,1,1,1,1,1,1,1,7,100,,
,Dr Rayhan Islam,1,1,1,1,1,1,1,7,100,,
E06_P11_AF_VML_GF,Dr Mamun Mahmud,1,1,1,1,1,1,1,7,100,100,100
,Dr Abid Hasan Khan,1,1,1,1,1,1,1,7,100,,
,Dr Rayhan Islam,1,1,1,1,1,1,1,7,100,,
E06_P11_AR_VML_GF,Dr Mamun Mahmud,1,1,1,1,1,1,1,7,100,100,100
,Dr Abid Hasan Khan,1,1,1,1,1,1,1,7,100,,
,Dr Rayhan Islam,1,1,1,1,1,1,1,7,100,,
E06_P11_AF_VO_GF,Dr Mamun Mahmud,1,1,0,0.9,1,0,1,4.9,70,79.52380952,79.52
,Dr Abid Hasan Khan,1,1,0,0.9,1,1,1,5.9,84.28571429,,
,Dr Rayhan Islam,1,1,0,0.9,1,1,1,5.9,84.28571429,,
E06_P11_AL_VO_GF,Dr Mamun Mahmud,1,1,0,0.9,1,0,1,4.9,70,79.52380952,79.52
,Dr Abid Hasan Khan,1,1,0,0.9,1,1,1,5.9,84.28571429,,
,Dr Rayhan Islam,1,1,0,0.9,1,1,1,5.9,84.28571429,,
E06_P11_AR_VO_GF,Dr Mamun Mahmud,1,1,0,0.9,1,0,1,4.9,70,79.52380952,79.52
,Dr Abid Hasan Khan,1,1,0,0.9,1,1,1,5.9,84.28571429,,
,Dr Rayhan Islam,1,1,0,0.9,1,1,1,5.9,84.28571429,,
E06_P12_AF_VFL_GF,Dr Mamun Mahmud,1,1,1,1,1,0,1,6,85.71428571,95.23809524,95.24
,Dr Abid Hasan Khan,1,1,1,1,1,1,1,7,100,,
,Dr Rayhan Islam,1,1,1,1,1,1,1,7,100,,
E06_P12_AL_VFL_GF,Dr Mamun Mahmud,1,1,1,1,1,0,1,6,85.71428571,95.23809524,95.24
,Dr Abid Hasan Khan,1,1,1,1,1,1,1,7,100,,
,Dr Rayhan Islam,1,1,1,1,1,1,1,7,100,,
E06_P12_AR_VFL_GF,Dr Mamun Mahmud,1,1,1,1,1,0,1,6,85.71428571,95.23809524,95.24
,Dr Abid Hasan Khan,1,1,1,1,1,1,1,7,100,,
,Dr Rayhan Islam,1,1,1,1,1,1,1,7,100,,
E06_P12_AF_VLL_GF,Dr Mamun Mahmud,1,1,1,1,1,1,1,7,100,100,100
,Dr Abid Hasan Khan,1,1,1,1,1,1,1,7,100,,
,Dr Rayhan Islam,1,1,1,1,1,1,1,7,100,,
E06_P12_AL_VLL_GF,Dr Mamun Mahmud,1,1,1,1,1,1,1,7,100,100,100
,Dr Abid Hasan Khan,1,1,1,1,1,1,1,7,100,,
,Dr Rayhan Islam,1,1,1,1,1,1,1,7,100,,
E06_P12_AR_VLL_GF,Dr Mamun Mahmud,1,1,1,1,1,1,1,7,100,100,100
,Dr Abid Hasan Khan,1,1,1,1,1,1,1,7,100,,
,Dr Rayhan Islam,1,1,1,1,1,1,1,7,100,,
E06_P12_AF_VML_GF,Dr Mamun Mahmud,1,1,1,1,1,1,1,7,100,100,100
,Dr Abid Hasan Khan,1,1,1,1,1,1,1,7,100,,
,Dr Rayhan Islam,1,1,1,1,1,1,1,7,100,,
E06_P12_AL_VML_GF,Dr Mamun Mahmud,1,1,1,1,1,1,1,7,100,100,100
,Dr Abid Hasan Khan,1,1,1,1,1,1,1,7,100,,
,Dr Rayhan Islam,1,1,1,1,1,1,1,7,100,,
E06_P12_AR_VML_GF,Dr Mamun Mahmud,1,1,1,1,1,1,1,7,100,100,100
,Dr Abid Hasan Khan,1,1,1,1,1,1,1,7,100,,
,Dr Rayhan Islam,1,1,1,1,1,1,1,7,100,,
E06_P12_AF_VO_GF,Dr Mamun Mahmud,1,1,1,1,1,1,1,7,100,100,100
,Dr Abid Hasan Khan,1,1,1,1,1,1,1,7,100,,
,Dr Rayhan Islam,1,1,1,1,1,1,1,7,100,,
E06_P12_AL_VO_GF,Dr Mamun Mahmud,1,1,1,1,1,1,1,7,100,100,100
,Dr Abid Hasan Khan,1,1,1,1,1,1,1,7,100,,
,Dr Rayhan Islam,1,1,1,1,1,1,1,7,100,,
E06_P12_AR_VO_GF,Dr Mamun Mahmud,1,1,1,1,1,1,1,7,100,100,100
,Dr Abid Hasan Khan,1,1,1,1,1,1,1,7,100,,
,Dr Rayhan Islam,1,1,1,1,1,1,1,7,100,,
E06_P13_AF_VFL_GF,Dr Mamun Mahmud,1,1,1,1,1,1,1,7,100,100,100
,Dr Abid Hasan Khan,1,1,1,1,1,1,1,7,100,,
,Dr Rayhan Islam,1,1,1,1,1,1,1,7,100,,
E06_P13_AL_VFL_GF,Dr Mamun Mahmud,1,1,1,1,1,1,1,7,100,100,100
,Dr Abid Hasan Khan,1,1,1,1,1,1,1,7,100,,
,Dr Rayhan Islam,1,1,1,1,1,1,1,7,100,,
E06_P13_AR_VFL_GF,Dr Mamun Mahmud,1,1,1,1,1,1,1,7,100,100,100
,Dr Abid Hasan Khan,1,1,1,1,1,1,1,7,100,,
,Dr Rayhan Islam,1,1,1,1,1,1,1,7,100,,
E06_P13_AF_VHJ_GF,Dr Mamun Mahmud,1,1,1,1,1,1,1,7,100,100,100
,Dr Abid Hasan Khan,1,1,1,1,1,1,1,7,100,,
,Dr Rayhan Islam,1,1,1,1,1,1,1,7,100,,
E06_P13_AL_VHJ_GF,Dr Mamun Mahmud,1,1,1,1,1,1,1,7,100,100,100
,Dr Abid Hasan Khan,1,1,1,1,1,1,1,7,100,,
,Dr Rayhan Islam,1,1,1,1,1,1,1,7,100,,
E06_P13_AR_VHJ_GF,Dr Mamun Mahmud,1,1,1,1,1,1,1,7,100,100,100
,Dr Abid Hasan Khan,1,1,1,1,1,1,1,7,100,,
,Dr Rayhan Islam,1,1,1,1,1,1,1,7,100,,
E06_P13_AF_VLJ_GF,Dr Mamun Mahmud,1,1,1,1,1,1,1,7,100,100,100
,Dr Abid Hasan Khan,1,1,1,1,1,1,1,7,100,,
,Dr Rayhan Islam,1,1,1,1,1,1,1,7,100,,
E06_P13_AL_VLJ_GF,Dr Mamun Mahmud,1,1,1,1,1,1,1,7,100,100,100
,Dr Abid Hasan Khan,1,1,1,1,1,1,1,7,100,,
,Dr Rayhan Islam,1,1,1,1,1,1,1,7,100,,
E06_P13_AR_VLJ_GF,Dr Mamun Mahmud,1,1,1,1,1,1,1,7,100,100,100
,Dr Abid Hasan Khan,1,1,1,1,1,1,1,7,100,,
,Dr Rayhan Islam,1,1,1,1,1,1,1,7,100,,
E06_P13_AF_VLL_GF,Dr Mamun Mahmud,1,1,1,1,1,1,1,7,100,100,100
,Dr Abid Hasan Khan,1,1,1,1,1,1,1,7,100,,
,Dr Rayhan Islam,1,1,1,1,1,1,1,7,100,,
E06_P13_AL_VLL_GF,Dr Mamun Mahmud,1,1,0,0.9,1,1,1,5.9,84.28571429,84.28571429,84.29
,Dr Abid Hasan Khan,1,1,0,0.9,1,1,1,5.9,84.28571429,,
,Dr Rayhan Islam,1,1,0,0.9,1,1,1,5.9,84.28571429,,
E06_P13_AR_VLL_GF,Dr Mamun Mahmud,1,1,1,1,1,1,1,7,100,100,100
,Dr Abid Hasan Khan,1,1,1,1,1,1,1,7,100,,
,Dr Rayhan Islam,1,1,1,1,1,1,1,7,100,,
E06_P13_AF_VML_GF,Dr Mamun Mahmud,1,1,1,1,1,1,1,7,100,100,100
,Dr Abid Hasan Khan,1,1,1,1,1,1,1,7,100,,
,Dr Rayhan Islam,1,1,1,1,1,1,1,7,100,,
E06_P13_AL_VML_GF,Dr Mamun Mahmud,1,1,1,1,1,1,1,7,100,100,100
,Dr Abid Hasan Khan,1,1,1,1,1,1,1,7,100,,
,Dr Rayhan Islam,1,1,1,1,1,1,1,7,100,,
E06_P13_AR_VML_GF,Dr Mamun Mahmud,1,1,1,1,1,1,1,7,100,100,100
,Dr Abid Hasan Khan,1,1,1,1,1,1,1,7,100,,
,Dr Rayhan Islam,1,1,1,1,1,1,1,7,100,,
E06_P13_AF_VO_GF,Dr Mamun Mahmud,1,1,1,1,1,0,1,6,85.71428571,95.23809524,95.24
,Dr Abid Hasan Khan,1,1,1,1,1,1,1,7,100,,
,Dr Rayhan Islam,1,1,1,1,1,1,1,7,100,,
E06_P13_AL_VO_GF,Dr Mamun Mahmud,1,1,1,1,1,0,1,6,85.71428571,95.23809524,95.24
,Dr Abid Hasan Khan,1,1,1,1,1,1,1,7,100,,
,Dr Rayhan Islam,1,1,1,1,1,1,1,7,100,,
E06_P13_AR_VO_GF,Dr Mamun Mahmud,1,1,1,1,1,0,1,6,85.71428571,95.23809524,95.24
,Dr Abid Hasan Khan,1,1,1,1,1,1,1,7,100,,
,Dr Rayhan Islam,1,1,1,1,1,1,1,7,100,,
E06_P14_AF_VFL_GF,Dr Mamun Mahmud,1,1,1,1,1,1,1,7,100,100,100
,Dr Abid Hasan Khan,1,1,1,1,1,1,1,7,100,,
,Dr Rayhan Islam,1,1,1,1,1,1,1,7,100,,
E06_P14_AL_VFL_GF,Dr Mamun Mahmud,1,1,1,1,1,1,1,7,100,100,100
,Dr Abid Hasan Khan,1,1,1,1,1,1,1,7,100,,
,Dr Rayhan Islam,1,1,1,1,1,1,1,7,100,,
E06_P14_AR_VFL_GF,Dr Mamun Mahmud,1,1,1,1,1,1,1,7,100,100,100
,Dr Abid Hasan Khan,1,1,1,1,1,1,1,7,100,,
,Dr Rayhan Islam,1,1,1,1,1,1,1,7,100,,
E06_P14_AF_VLJ_GF,Dr Mamun Mahmud,1,1,1,1,1,1,1,7,100,97.61904762,97.62
,Dr Abid Hasan Khan,1,1,1,1,1,1,1,7,100,,
,Dr Rayhan Islam,1,1,1,1,1,0.5,1,6.5,92.85714286,,
E06_P14_AL_VLJ_GF,Dr Mamun Mahmud,1,1,0,0.9,1,1,1,5.9,84.28571429,81.9047619,81.9
,Dr Abid Hasan Khan,1,1,0,0.9,1,1,1,5.9,84.28571429,,
,Dr Rayhan Islam,1,1,0,0.9,1,0.5,1,5.4,77.14285714,,
E06_P14_AR_VLJ_GF,Dr Mamun Mahmud,1,1,1,1,1,1,1,7,100,97.61904762,97.62
,Dr Abid Hasan Khan,1,1,1,1,1,1,1,7,100,,
,Dr Rayhan Islam,1,1,1,1,1,0.5,1,6.5,92.85714286,,
E06_P14_AF_VLL_GF,Dr Mamun Mahmud,1,1,1,1,1,0,1,6,85.71428571,95.23809524,95.24
,Dr Abid Hasan Khan,1,1,1,1,1,1,1,7,100,,
,Dr Rayhan Islam,1,1,1,1,1,1,1,7,100,,
E06_P14_AL_VLL_GF,Dr Mamun Mahmud,1,1,1,1,1,0,1,6,85.71428571,95.23809524,95.24
,Dr Abid Hasan Khan,1,1,1,1,1,1,1,7,100,,
,Dr Rayhan Islam,1,1,1,1,1,1,1,7,100,,
E06_P14_AR_VLL_GF,Dr Mamun Mahmud,1,1,1,1,1,0,1,6,85.71428571,95.23809524,95.24
,Dr Abid Hasan Khan,1,1,1,1,1,1,1,7,100,,
,Dr Rayhan Islam,1,1,1,1,1,1,1,7,100,,
E06_P14_AF_VML_GF,Dr Mamun Mahmud,1,1,1,1,1,1,1,7,100,100,100
,Dr Abid Hasan Khan,1,1,1,1,1,1,1,7,100,,
,Dr Rayhan Islam,1,1,1,1,1,1,1,7,100,,
E06_P14_AL_VML_GF,Dr Mamun Mahmud,1,1,1,1,1,1,1,7,100,100,100
,Dr Abid Hasan Khan,1,1,1,1,1,1,1,7,100,,
,Dr Rayhan Islam,1,1,1,1,1,1,1,7,100,,
E06_P14_AR_VML_GF,Dr Mamun Mahmud,1,1,1,1,1,1,1,7,100,100,100
,Dr Abid Hasan Khan,1,1,1,1,1,1,1,7,100,,
,Dr Rayhan Islam,1,1,1,1,1,1,1,7,100,,
E06_P15_AF_VFL_GF,Dr Mamun Mahmud,1,1,1,1,1,1,1,7,100,100,100
,Dr Abid Hasan Khan,1,1,1,1,1,1,1,7,100,,
,Dr Rayhan Islam,1,1,1,1,1,1,1,7,100,,
E06_P15_AL_VFL_GF,Dr Mamun Mahmud,1,1,1,1,1,1,1,7,100,100,100
,Dr Abid Hasan Khan,1,1,1,1,1,1,1,7,100,,
,Dr Rayhan Islam,1,1,1,1,1,1,1,7,100,,
E06_P15_AR_VFL_GF,Dr Mamun Mahmud,1,1,1,1,1,1,1,7,100,100,100
,Dr Abid Hasan Khan,1,1,1,1,1,1,1,7,100,,
,Dr Rayhan Islam,1,1,1,1,1,1,1,7,100,,
E06_P15_AF_VLJ_GF,Dr Mamun Mahmud,1,1,1,1,1,1,1,7,100,100,100
,Dr Abid Hasan Khan,1,1,1,1,1,1,1,7,100,,
,Dr Rayhan Islam,1,1,1,1,1,1,1,7,100,,
E06_P15_AL_VLJ_GF,Dr Mamun Mahmud,1,1,1,1,1,1,1,7,100,100,100
,Dr Abid Hasan Khan,1,1,1,1,1,1,1,7,100,,
,Dr Rayhan Islam,1,1,1,1,1,1,1,7,100,,
E06_P15_AR_VLJ_GF,Dr Mamun Mahmud,1,1,1,1,1,1,1,7,100,100,100
,Dr Abid Hasan Khan,1,1,1,1,1,1,1,7,100,,
,Dr Rayhan Islam,1,1,1,1,1,1,1,7,100,,
E06_P15_AF_VLL_GF,Dr Mamun Mahmud,1,1,1,1,1,1,1,7,100,100,100
,Dr Abid Hasan Khan,1,1,1,1,1,1,1,7,100,,
,Dr Rayhan Islam,1,1,1,1,1,1,1,7,100,,
E06_P15_AL_VLL_GF,Dr Mamun Mahmud,1,1,1,1,1,1,1,7,100,100,100
,Dr Abid Hasan Khan,1,1,1,1,1,1,1,7,100,,
,Dr Rayhan Islam,1,1,1,1,1,1,1,7,100,,
E06_P15_AR_VLL_GF,Dr Mamun Mahmud,1,1,1,1,1,1,1,7,100,100,100
,Dr Abid Hasan Khan,1,1,1,1,1,1,1,7,100,,
,Dr Rayhan Islam,1,1,1,1,1,1,1,7,100,,
E06_P15_AF_VML_GF,Dr Mamun Mahmud,1,1,1,1,1,1,1,7,100,100,100
,Dr Abid Hasan Khan,1,1,1,1,1,1,1,7,100,,
,Dr Rayhan Islam,1,1,1,1,1,1,1,7,100,,
E06_P15_AL_VML_GF,Dr Mamun Mahmud,1,1,1,1,1,1,1,7,100,100,100
,Dr Abid Hasan Khan,1,1,1,1,1,1,1,7,100,,
,Dr Rayhan Islam,1,1,1,1,1,1,1,7,100,,
E06_P15_AR_VML_GF,Dr Mamun Mahmud,1,1,1,1,1,1,1,7,100,100,100
,Dr Abid Hasan Khan,1,1,1,1,1,1,1,7,100,,
,Dr Rayhan Islam,1,1,1,1,1,1,1,7,100,,
E06_P16_AF_VFL_GF,Dr Mamun Mahmud,1,1,1,1,1,0,1,6,85.71428571,92.85714286,92.86
,Dr Abid Hasan Khan,1,1,1,1,1,1,1,7,100,,
,Dr Rayhan Islam,1,1,1,1,1,0.5,1,6.5,92.85714286,,
E06_P16_AR_VFL_GF,Dr Mamun Mahmud,1,1,1,1,1,0,1,6,85.71428571,92.85714286,92.86
,Dr Abid Hasan Khan,1,1,1,1,1,1,1,7,100,,
,Dr Rayhan Islam,1,1,1,1,1,0.5,1,6.5,92.85714286,,
E06_P16_AF_VHJ_GF,Dr Mamun Mahmud,1,1,1,1,1,0,1,6,85.71428571,95.23809524,95.24
,Dr Abid Hasan Khan,1,1,1,1,1,1,1,7,100,,
,Dr Rayhan Islam,1,1,1,1,1,1,1,7,100,,
E06_P16_AL_VHJ_GF,Dr Mamun Mahmud,1,1,1,1,1,0,1,6,85.71428571,95.23809524,95.24
,Dr Abid Hasan Khan,1,1,1,1,1,1,1,7,100,,
,Dr Rayhan Islam,1,1,1,1,1,1,1,7,100,,
E06_P16_AR_VHJ_GF,Dr Mamun Mahmud,1,1,1,1,1,0,1,6,85.71428571,95.23809524,95.24
,Dr Abid Hasan Khan,1,1,1,1,1,1,1,7,100,,
,Dr Rayhan Islam,1,1,1,1,1,1,1,7,100,,
E06_P16_AF_VLJ_GF,Dr Mamun Mahmud,1,1,1,1,1,0,1,6,85.71428571,95.23809524,95.24
,Dr Abid Hasan Khan,1,1,1,1,1,1,1,7,100,,
,Dr Rayhan Islam,1,1,1,1,1,1,1,7,100,,
E06_P16_AL_VLJ_GF,Dr Mamun Mahmud,1,1,0,0.9,1,0,1,4.9,70,79.52380952,79.52
,Dr Abid Hasan Khan,1,1,0,0.9,1,1,1,5.9,84.28571429,,
,Dr Rayhan Islam,1,1,0,0.9,1,1,1,5.9,84.28571429,,
E06_P16_AR_VLJ_GF,Dr Mamun Mahmud,1,1,0,0.9,1,0,1,4.9,70,79.52380952,79.52
,Dr Abid Hasan Khan,1,1,0,0.9,1,1,1,5.9,84.28571429,,
,Dr Rayhan Islam,1,1,0,0.9,1,1,1,5.9,84.28571429,,
E06_P16_AF_VLL_GF,Dr Mamun Mahmud,1,1,0,0.9,1,0,1,4.9,70,77.14285714,77.14
,Dr Abid Hasan Khan,1,1,0,0.9,1,1,1,5.9,84.28571429,,
,Dr Rayhan Islam,1,1,0,0.9,1,0.5,1,5.4,77.14285714,,
E06_P16_AL_VLL_GF,Dr Mamun Mahmud,1,1,0,0.8,1,0,1,4.8,68.57142857,75.71428571,75.71
,Dr Abid Hasan Khan,1,1,0,0.8,1,1,1,5.8,82.85714286,,
,Dr Rayhan Islam,1,1,0,0.8,1,0.5,1,5.3,75.71428571,,
E06_P16_AR_VLL_GF,Dr Mamun Mahmud,1,1,0,0.8,1,0,1,4.8,68.57142857,75.71428571,75.71
,Dr Abid Hasan Khan,1,1,0,0.8,1,1,1,5.8,82.85714286,,
,Dr Rayhan Islam,1,1,0,0.8,1,0.5,1,5.3,75.71428571,,
E06_P16_AF_VML_GF,Dr Mamun Mahmud,1,1,1,1,1,0,1,6,85.71428571,92.85714286,92.86
,Dr Abid Hasan Khan,1,1,1,1,1,1,1,7,100,,
,Dr Rayhan Islam,1,1,1,1,1,0.5,1,6.5,92.85714286,,
E06_P16_AL_VML_GF,Dr Mamun Mahmud,1,1,1,1,1,0,1,6,85.71428571,92.85714286,92.86
,Dr Abid Hasan Khan,1,1,1,1,1,1,1,7,100,,
,Dr Rayhan Islam,1,1,1,1,1,0.5,1,6.5,92.85714286,,
E06_P16_AR_VML_GF,Dr Mamun Mahmud,1,1,1,1,1,0,1,6,85.71428571,92.85714286,92.86
,Dr Abid Hasan Khan,1,1,1,1,1,1,1,7,100,,
,Dr Rayhan Islam,1,1,1,1,1,0.5,1,6.5,92.85714286,,
E06_P16_AF_VO_GF,Dr Mamun Mahmud,1,1,1,1,1,0,1,6,85.71428571,92.85714286,92.86
,Dr Abid Hasan Khan,1,1,1,1,1,1,1,7,100,,
,Dr Rayhan Islam,1,1,1,1,1,0.5,1,6.5,92.85714286,,
E06_P16_AL_VO_GF,Dr Mamun Mahmud,1,1,1,1,1,0,1,6,85.71428571,92.85714286,92.86
,Dr Abid Hasan Khan,1,1,1,1,1,1,1,7,100,,
,Dr Rayhan Islam,1,1,1,1,1,0.5,1,6.5,92.85714286,,
E06_P16_AR_VO_GF,Dr Mamun Mahmud,1,1,1,1,1,0,1,6,85.71428571,92.85714286,92.86
,Dr Abid Hasan Khan,1,1,1,1,1,1,1,7,100,,
,Dr Rayhan Islam,1,1,1,1,1,0.5,1,6.5,92.85714286,,
E06_P17_AF_VFL_GM,Dr Mamun Mahmud,1,1,1,1,1,0,1,6,85.71428571,95.23809524,95.24
,Dr Abid Hasan Khan,1,1,1,1,1,1,1,7,100,,
,Dr Rayhan Islam,1,1,1,1,1,1,1,7,100,,
E06_P17_AL_VFL_GM,Dr Mamun Mahmud,1,1,1,1,1,0,1,6,85.71428571,95.23809524,95.24
,Dr Abid Hasan Khan,1,1,1,1,1,1,1,7,100,,
,Dr Rayhan Islam,1,1,1,1,1,1,1,7,100,,
E06_P17_AR_VFL_GM,Dr Mamun Mahmud,1,1,1,1,1,0,1,6,85.71428571,95.23809524,95.24
,Dr Abid Hasan Khan,1,1,1,1,1,1,1,7,100,,
,Dr Rayhan Islam,1,1,1,1,1,1,1,7,100,,
E06_P17_AF_VHJ_GM,Dr Mamun Mahmud,1,1,1,1,1,1,1,7,100,100,100
,Dr Abid Hasan Khan,1,1,1,1,1,1,1,7,100,,
,Dr Rayhan Islam,1,1,1,1,1,1,1,7,100,,
E06_P17_AL_VHJ_GM,Dr Mamun Mahmud,1,1,0,0.8,1,1,1,5.8,82.85714286,82.85714286,82.86
,Dr Abid Hasan Khan,1,1,0,0.8,1,1,1,5.8,82.85714286,,
,Dr Rayhan Islam,1,1,0,0.8,1,1,1,5.8,82.85714286,,
E06_P17_AR_VHJ_GM,Dr Mamun Mahmud,1,1,0,0.9,1,1,1,5.9,84.28571429,84.28571429,84.29
,Dr Abid Hasan Khan,1,1,0,0.9,1,1,1,5.9,84.28571429,,
,Dr Rayhan Islam,1,1,0,0.9,1,1,1,5.9,84.28571429,,
E06_P17_AF_VLJ_GM,Dr Mamun Mahmud,1,1,1,1,1,1,1,7,100,100,100
,Dr Abid Hasan Khan,1,1,1,1,1,1,1,7,100,,
,Dr Rayhan Islam,1,1,1,1,1,1,1,7,100,,
E06_P17_AL_VLJ_GM,Dr Mamun Mahmud,1,1,1,1,1,1,1,7,100,100,100
,Dr Abid Hasan Khan,1,1,1,1,1,1,1,7,100,,
,Dr Rayhan Islam,1,1,1,1,1,1,1,7,100,,
E06_P17_AR_VLJ_GM,Dr Mamun Mahmud,1,1,1,1,1,1,1,7,100,100,100
,Dr Abid Hasan Khan,1,1,1,1,1,1,1,7,100,,
,Dr Rayhan Islam,1,1,1,1,1,1,1,7,100,,
E06_P17_AF_VLL_GM,Dr Mamun Mahmud,1,1,1,1,1,1,1,7,100,100,100
,Dr Abid Hasan Khan,1,1,1,1,1,1,1,7,100,,
,Dr Rayhan Islam,1,1,1,1,1,1,1,7,100,,
E06_P17_AL_VLL_GM,Dr Mamun Mahmud,1,1,0,0.9,1,1,1,5.9,84.28571429,84.28571429,84.29
,Dr Abid Hasan Khan,1,1,0,0.9,1,1,1,5.9,84.28571429,,
,Dr Rayhan Islam,1,1,0,0.9,1,1,1,5.9,84.28571429,,
E06_P17_AF_VML_GM,Dr Mamun Mahmud,1,1,1,1,1,1,1,7,100,100,100
,Dr Abid Hasan Khan,1,1,1,1,1,1,1,7,100,,
,Dr Rayhan Islam,1,1,1,1,1,1,1,7,100,,
E06_P17_AL_VML_GM,Dr Mamun Mahmud,1,1,1,1,1,1,1,7,100,100,100
,Dr Abid Hasan Khan,1,1,1,1,1,1,1,7,100,,
,Dr Rayhan Islam,1,1,1,1,1,1,1,7,100,,
E06_P17_AR_VML_GM,Dr Mamun Mahmud,1,1,1,1,1,1,1,7,100,100,100
,Dr Abid Hasan Khan,1,1,1,1,1,1,1,7,100,,
,Dr Rayhan Islam,1,1,1,1,1,1,1,7,100,,
E06_P17_AF_VO_GM,Dr Mamun Mahmud,1,1,1,1,1,1,1,7,100,100,100
,Dr Abid Hasan Khan,1,1,1,1,1,1,1,7,100,,
,Dr Rayhan Islam,1,1,1,1,1,1,1,7,100,,
E06_P17_AL_VO_GM,Dr Mamun Mahmud,1,1,1,1,1,1,1,7,100,100,100
,Dr Abid Hasan Khan,1,1,1,1,1,1,1,7,100,,
,Dr Rayhan Islam,1,1,1,1,1,1,1,7,100,,
E06_P17_AR_VO_GM,Dr Mamun Mahmud,1,1,0,0.9,1,1,1,5.9,84.28571429,84.28571429,84.29
,Dr Abid Hasan Khan,1,1,0,0.9,1,1,1,5.9,84.28571429,,
,Dr Rayhan Islam,1,1,0,0.9,1,1,1,5.9,84.28571429,,
E06_P18_AF_VFL_GM,Dr Mamun Mahmud,1,1,1,1,1,1,1,7,100,100,100
,Dr Abid Hasan Khan,1,1,1,1,1,1,1,7,100,,
,Dr Rayhan Islam,1,1,1,1,1,1,1,7,100,,
E06_P18_AL_VFL_GM,Dr Mamun Mahmud,1,1,1,1,1,1,1,7,100,100,100
,Dr Abid Hasan Khan,1,1,1,1,1,1,1,7,100,,
,Dr Rayhan Islam,1,1,1,1,1,1,1,7,100,,
E06_P18_AR_VFL_GM,Dr Mamun Mahmud,1,1,1,1,1,1,1,7,100,100,100
,Dr Abid Hasan Khan,1,1,1,1,1,1,1,7,100,,
,Dr Rayhan Islam,1,1,1,1,1,1,1,7,100,,
E06_P18_AF_VHJ_GM,Dr Mamun Mahmud,1,1,1,1,1,1,1,7,100,100,100
,Dr Abid Hasan Khan,1,1,1,1,1,1,1,7,100,,
,Dr Rayhan Islam,1,1,1,1,1,1,1,7,100,,
E06_P18_AL_VHJ_GM,Dr Mamun Mahmud,1,1,1,1,1,1,1,7,100,100,100
,Dr Abid Hasan Khan,1,1,1,1,1,1,1,7,100,,
,Dr Rayhan Islam,1,1,1,1,1,1,1,7,100,,
E06_P18_AR_VHJ_GM,Dr Mamun Mahmud,1,1,1,1,1,1,1,7,100,100,100
,Dr Abid Hasan Khan,1,1,1,1,1,1,1,7,100,,
,Dr Rayhan Islam,1,1,1,1,1,1,1,7,100,,
E06_P18_AF_VLJ_GM,Dr Mamun Mahmud,1,1,1,1,1,1,1,7,100,100,100
,Dr Abid Hasan Khan,1,1,1,1,1,1,1,7,100,,
,Dr Rayhan Islam,1,1,1,1,1,1,1,7,100,,
E06_P18_AL_VLJ_GM,Dr Mamun Mahmud,1,1,0,0.8,1,1,1,5.8,82.85714286,82.85714286,82.86
,Dr Abid Hasan Khan,1,1,0,0.8,1,1,1,5.8,82.85714286,,
,Dr Rayhan Islam,1,1,0,0.8,1,1,1,5.8,82.85714286,,
E06_P18_AR_VLJ_GM,Dr Mamun Mahmud,1,1,1,1,1,1,1,7,100,100,100
,Dr Abid Hasan Khan,1,1,1,1,1,1,1,7,100,,
,Dr Rayhan Islam,1,1,1,1,1,1,1,7,100,,
E06_P18_AF_VLL_GM,Dr Mamun Mahmud,1,1,1,1,1,1,1,7,100,100,100
,Dr Abid Hasan Khan,1,1,1,1,1,1,1,7,100,,
,Dr Rayhan Islam,1,1,1,1,1,1,1,7,100,,
E06_P18_AL_VLL_GM,Dr Mamun Mahmud,1,1,1,1,1,1,1,7,100,100,100
,Dr Abid Hasan Khan,1,1,1,1,1,1,1,7,100,,
,Dr Rayhan Islam,1,1,1,1,1,1,1,7,100,,
E06_P18_AR_VLL_GM,Dr Mamun Mahmud,1,1,0,0.9,1,1,1,5.9,84.28571429,84.28571429,84.29
,Dr Abid Hasan Khan,1,1,0,0.9,1,1,1,5.9,84.28571429,,
,Dr Rayhan Islam,1,1,0,0.9,1,1,1,5.9,84.28571429,,
E06_P18_AF_VML_GM,Dr Mamun Mahmud,1,1,1,1,1,1,1,7,100,100,100
,Dr Abid Hasan Khan,1,1,1,1,1,1,1,7,100,,
,Dr Rayhan Islam,1,1,1,1,1,1,1,7,100,,
E06_P18_AL_VML_GM,Dr Mamun Mahmud,1,1,1,1,1,1,1,7,100,100,100
,Dr Abid Hasan Khan,1,1,1,1,1,1,1,7,100,,
,Dr Rayhan Islam,1,1,1,1,1,1,1,7,100,,
E06_P18_AR_VML_GM,Dr Mamun Mahmud,1,1,1,1,1,1,1,7,100,100,100
,Dr Abid Hasan Khan,1,1,1,1,1,1,1,7,100,,
,Dr Rayhan Islam,1,1,1,1,1,1,1,7,100,,
E06_P18_AF_VO_GM,Dr Mamun Mahmud,1,1,1,1,1,1,1,7,100,100,100
,Dr Abid Hasan Khan,1,1,1,1,1,1,1,7,100,,
,Dr Rayhan Islam,1,1,1,1,1,1,1,7,100,,
E06_P18_AL_VO_GM,Dr Mamun Mahmud,1,1,1,1,1,1,1,7,100,100,100
,Dr Abid Hasan Khan,1,1,1,1,1,1,1,7,100,,
,Dr Rayhan Islam,1,1,1,1,1,1,1,7,100,,
E06_P18_AR_VO_GM,Dr Mamun Mahmud,1,1,1,1,1,1,1,7,100,100,100
,Dr Abid Hasan Khan,1,1,1,1,1,1,1,7,100,,
,Dr Rayhan Islam,1,1,1,1,1,1,1,7,100,,
E06_P19_AF_VFL_GM,Dr Mamun Mahmud,1,1,1,1,1,1,1,7,100,100,100
,Dr Abid Hasan Khan,1,1,1,1,1,1,1,7,100,,
,Dr Rayhan Islam,1,1,1,1,1,1,1,7,100,,
E06_P19_AL_VFL_GM,Dr Mamun Mahmud,1,1,1,1,1,1,1,7,100,100,100
,Dr Abid Hasan Khan,1,1,1,1,1,1,1,7,100,,
,Dr Rayhan Islam,1,1,1,1,1,1,1,7,100,,
E06_P19_AR_VFL_GM,Dr Mamun Mahmud,1,1,1,1,1,1,1,7,100,100,100
,Dr Abid Hasan Khan,1,1,1,1,1,1,1,7,100,,
,Dr Rayhan Islam,1,1,1,1,1,1,1,7,100,,
E06_P19_AF_VHJ_GM,Dr Mamun Mahmud,1,1,1,1,1,1,1,7,100,97.61904762,97.62
,Dr Abid Hasan Khan,1,1,1,1,1,1,1,7,100,,
,Dr Rayhan Islam,1,1,1,1,1,0.5,1,6.5,92.85714286,,
E06_P19_AL_VHJ_GM,Dr Mamun Mahmud,1,1,1,1,1,1,1,7,100,97.61904762,97.62
,Dr Abid Hasan Khan,1,1,1,1,1,1,1,7,100,,
,Dr Rayhan Islam,1,1,1,1,1,0.5,1,6.5,92.85714286,,
E06_P19_AR_VHJ_GM,Dr Mamun Mahmud,1,1,1,1,1,1,1,7,100,97.61904762,97.62
,Dr Abid Hasan Khan,1,1,1,1,1,1,1,7,100,,
,Dr Rayhan Islam,1,1,1,1,1,0.5,1,6.5,92.85714286,,
E06_P19_AL_VLJ_GM,Dr Mamun Mahmud,1,1,1,1,1,0,1,6,85.71428571,92.85714286,92.86
,Dr Abid Hasan Khan,1,1,1,1,1,1,1,7,100,,
,Dr Rayhan Islam,1,1,1,1,1,0.5,1,6.5,92.85714286,,
E06_P19_AR_VLJ_GM,Dr Mamun Mahmud,1,1,1,1,1,0,1,6,85.71428571,92.85714286,92.86
,Dr Abid Hasan Khan,1,1,1,1,1,1,1,7,100,,
,Dr Rayhan Islam,1,1,1,1,1,0.5,1,6.5,92.85714286,,
E06_P19_AF_VLL_GM,Dr Mamun Mahmud,1,1,1,1,1,0,1,6,85.71428571,92.85714286,92.86
,Dr Abid Hasan Khan,1,1,1,1,1,1,1,7,100,,
,Dr Rayhan Islam,1,1,1,1,1,0.5,1,6.5,92.85714286,,
E06_P19_AL_VLL_GM,Dr Mamun Mahmud,1,1,1,1,1,0,1,6,85.71428571,92.85714286,92.86
,Dr Abid Hasan Khan,1,1,1,1,1,1,1,7,100,,
,Dr Rayhan Islam,1,1,1,1,1,0.5,1,6.5,92.85714286,,
E06_P19_AR_VLL_GM,Dr Mamun Mahmud,1,1,1,1,1,0,1,6,85.71428571,92.85714286,92.86
,Dr Abid Hasan Khan,1,1,1,1,1,1,1,7,100,,
,Dr Rayhan Islam,1,1,1,1,1,0.5,1,6.5,92.85714286,,
E06_P19_AF_VML_GM,Dr Mamun Mahmud,1,1,1,1,1,1,1,7,100,97.61904762,97.62
,Dr Abid Hasan Khan,1,1,1,1,1,1,1,7,100,,
,Dr Rayhan Islam,1,1,1,1,1,0.5,1,6.5,92.85714286,,
E06_P19_AL_VML_GM,Dr Mamun Mahmud,1,1,1,1,1,1,1,7,100,97.61904762,97.62
,Dr Abid Hasan Khan,1,1,1,1,1,1,1,7,100,,
,Dr Rayhan Islam,1,1,1,1,1,0.5,1,6.5,92.85714286,,
E06_P19_AR_VML_GM,Dr Mamun Mahmud,1,1,1,1,1,1,1,7,100,97.61904762,97.62
,Dr Abid Hasan Khan,1,1,1,1,1,1,1,7,100,,
,Dr Rayhan Islam,1,1,1,1,1,0.5,1,6.5,92.85714286,,
E06_P19_AF_VO_GM,Dr Mamun Mahmud,1,1,1,1,1,0,1,6,85.71428571,92.85714286,92.86
,Dr Abid Hasan Khan,1,1,1,1,1,1,1,7,100,,
,Dr Rayhan Islam,1,1,1,1,1,0.5,1,6.5,92.85714286,,
E06_P19_AL_VO_GM,Dr Mamun Mahmud,1,1,1,1,1,0,1,6,85.71428571,92.85714286,92.86
,Dr Abid Hasan Khan,1,1,1,1,1,1,1,7,100,,
,Dr Rayhan Islam,1,1,1,1,1,0.5,1,6.5,92.85714286,,
E06_P19_AR_VO_GM,Dr Mamun Mahmud,1,1,1,1,1,0,1,6,85.71428571,92.85714286,92.86
,Dr Abid Hasan Khan,1,1,1,1,1,1,1,7,100,,
,Dr Rayhan Islam,1,1,1,1,1,0.5,1,6.5,92.85714286,,
E06_P20_AF_VFL_GM,Dr Mamun Mahmud,1,1,1,1,1,1,1,7,100,100,100
,Dr Abid Hasan Khan,1,1,1,1,1,1,1,7,100,,
,Dr Rayhan Islam,1,1,1,1,1,1,1,7,100,,
E06_P20_AL_VFL_GM,Dr Mamun Mahmud,1,1,1,1,1,1,1,7,100,100,100
,Dr Abid Hasan Khan,1,1,1,1,1,1,1,7,100,,
,Dr Rayhan Islam,1,1,1,1,1,1,1,7,100,,
E06_P20_AR_VFL_GM,Dr Mamun Mahmud,1,1,1,1,1,1,1,7,100,100,100
,Dr Abid Hasan Khan,1,1,1,1,1,1,1,7,100,,
,Dr Rayhan Islam,1,1,1,1,1,1,1,7,100,,
E06_P20_AF_VHJ_GM,Dr Mamun Mahmud,1,1,1,1,1,1,1,7,100,100,100
,Dr Abid Hasan Khan,1,1,1,1,1,1,1,7,100,,
,Dr Rayhan Islam,1,1,1,1,1,1,1,7,100,,
E06_P20_AL_VHJ_GM,Dr Mamun Mahmud,1,1,1,1,1,1,1,7,100,100,100
,Dr Abid Hasan Khan,1,1,1,1,1,1,1,7,100,,
,Dr Rayhan Islam,1,1,1,1,1,1,1,7,100,,
E06_P20_AR_VHJ_GM,Dr Mamun Mahmud,1,1,1,1,1,1,1,7,100,100,100
,Dr Abid Hasan Khan,1,1,1,1,1,1,1,7,100,,
,Dr Rayhan Islam,1,1,1,1,1,1,1,7,100,,
E06_P20_AF_VLJ_GM,Dr Mamun Mahmud,1,1,1,1,1,1,1,7,100,100,100
,Dr Abid Hasan Khan,1,1,1,1,1,1,1,7,100,,
,Dr Rayhan Islam,1,1,1,1,1,1,1,7,100,,
E06_P20_AL_VLJ_GM,Dr Mamun Mahmud,1,1,1,1,1,1,1,7,100,100,100
,Dr Abid Hasan Khan,1,1,1,1,1,1,1,7,100,,
,Dr Rayhan Islam,1,1,1,1,1,1,1,7,100,,
E06_P20_AR_VLJ_GM,Dr Mamun Mahmud,1,1,1,1,1,1,1,7,100,100,100
,Dr Abid Hasan Khan,1,1,1,1,1,1,1,7,100,,
,Dr Rayhan Islam,1,1,1,1,1,1,1,7,100,,
E06_P20_AF_VLL_GM,Dr Mamun Mahmud,1,1,1,1,1,0,1,6,85.71428571,90.47619048,90.48
,Dr Abid Hasan Khan,1,1,1,1,1,1,1,7,100,,
,Dr Rayhan Islam,1,1,1,1,0.5,0.5,1,6,85.71428571,,
E06_P20_AL_VLL_GM,Dr Mamun Mahmud,1,1,1,1,1,0,1,6,85.71428571,90.47619048,90.48
,Dr Abid Hasan Khan,1,1,1,1,1,1,1,7,100,,
,Dr Rayhan Islam,1,1,1,1,0.5,0.5,1,6,85.71428571,,
E06_P20_AR_VLL_GM,Dr Mamun Mahmud,1,1,1,1,1,0,1,6,85.71428571,90.47619048,90.48
,Dr Abid Hasan Khan,1,1,1,1,1,1,1,7,100,,
,Dr Rayhan Islam,1,1,1,1,0.5,0.5,1,6,85.71428571,,
E06_P20_AF_VML_GM,Dr Mamun Mahmud,1,1,1,1,1,1,1,7,100,100,100
,Dr Abid Hasan Khan,1,1,1,1,1,1,1,7,100,,
,Dr Rayhan Islam,1,1,1,1,1,1,1,7,100,,
E06_P20_AL_VML_GM,Dr Mamun Mahmud,1,1,1,1,1,1,1,7,100,100,100
,Dr Abid Hasan Khan,1,1,1,1,1,1,1,7,100,,
,Dr Rayhan Islam,1,1,1,1,1,1,1,7,100,,
E06_P20_AR_VML_GM,Dr Mamun Mahmud,1,1,1,1,1,1,1,7,100,100,100
,Dr Abid Hasan Khan,1,1,1,1,1,1,1,7,100,,
,Dr Rayhan Islam,1,1,1,1,1,1,1,7,100,,
E06_P20_AF_VO_GM,Dr Mamun Mahmud,1,1,0,0.9,1,1,1,5.9,84.28571429,84.28571429,84.29
,Dr Abid Hasan Khan,1,1,0,0.9,1,1,1,5.9,84.28571429,,
,Dr Rayhan Islam,1,1,0,0.9,1,1,1,5.9,84.28571429,,
E06_P20_AL_VO_GM,Dr Mamun Mahmud,1,1,0,0.9,1,1,1,5.9,84.28571429,84.28571429,84.29
,Dr Abid Hasan Khan,1,1,0,0.9,1,1,1,5.9,84.28571429,,
,Dr Rayhan Islam,1,1,0,0.9,1,1,1,5.9,84.28571429,,
E06_P20_AR_VO_GM,Dr Mamun Mahmud,1,1,0,0.9,1,1,1,5.9,84.28571429,84.28571429,84.29
,Dr Abid Hasan Khan,1,1,0,0.9,1,1,1,5.9,84.28571429,,
,Dr Rayhan Islam,1,1,0,0.9,1,1,1,5.9,84.28571429,,
E06_P21_AF_VFL_GM,Dr Mamun Mahmud,1,1,1,1,1,1,1,7,100,100,100
,Dr Abid Hasan Khan,1,1,1,1,1,1,1,7,100,,
,Dr Rayhan Islam,1,1,1,1,1,1,1,7,100,,
E06_P21_AL_VFL_GM,Dr Mamun Mahmud,1,1,1,1,1,1,1,7,100,100,100
,Dr Abid Hasan Khan,1,1,1,1,1,1,1,7,100,,
,Dr Rayhan Islam,1,1,1,1,1,1,1,7,100,,
E06_P21_AR_VFL_GM,Dr Mamun Mahmud,1,1,1,1,1,1,1,7,100,100,100
,Dr Abid Hasan Khan,1,1,1,1,1,1,1,7,100,,
,Dr Rayhan Islam,1,1,1,1,1,1,1,7,100,,
E06_P21_AF_VHJ_GM,Dr Mamun Mahmud,1,1,1,1,1,1,1,7,100,100,100
,Dr Abid Hasan Khan,1,1,1,1,1,1,1,7,100,,
,Dr Rayhan Islam,1,1,1,1,1,1,1,7,100,,
E06_P21_AL_VHJ_GM,Dr Mamun Mahmud,1,1,1,1,1,1,1,7,100,100,100
,Dr Abid Hasan Khan,1,1,1,1,1,1,1,7,100,,
,Dr Rayhan Islam,1,1,1,1,1,1,1,7,100,,
E06_P21_AR_VHJ_GM,Dr Mamun Mahmud,1,1,1,1,1,1,1,7,100,100,100
,Dr Abid Hasan Khan,1,1,1,1,1,1,1,7,100,,
,Dr Rayhan Islam,1,1,1,1,1,1,1,7,100,,
E06_P21_AF_VLJ_GM,Dr Mamun Mahmud,1,1,1,1,0,1,1,6,85.71428571,88.0952381,88.1
,Dr Abid Hasan Khan,1,1,1,1,0.5,0.5,1,6,85.71428571,,
,Dr Rayhan Islam,1,1,1,1,0.5,1,1,6.5,92.85714286,,
E06_P21_AL_VLJ_GM,Dr Mamun Mahmud,1,1,1,1,0,1,1,6,85.71428571,88.0952381,88.1
,Dr Abid Hasan Khan,1,1,1,1,0.5,0.5,1,6,85.71428571,,
,Dr Rayhan Islam,1,1,1,1,0.5,1,1,6.5,92.85714286,,
E06_P21_AR_VLJ_GM,Dr Mamun Mahmud,1,1,1,1,0,1,1,6,85.71428571,88.0952381,88.1
,Dr Abid Hasan Khan,1,1,1,1,0.5,0.5,1,6,85.71428571,,
,Dr Rayhan Islam,1,1,1,1,0.5,1,1,6.5,92.85714286,,
E06_P21_AF_VLL_GM,Dr Mamun Mahmud,1,1,1,1,0.5,1,1,6.5,92.85714286,90.47619048,90.48
,Dr Abid Hasan Khan,1,1,1,1,0.5,0.5,1,6,85.71428571,,
,Dr Rayhan Islam,1,1,1,1,0.5,1,1,6.5,92.85714286,,
E06_P21_AL_VLL_GM,Dr Mamun Mahmud,1,1,0,0.9,0.5,1,1,5.4,77.14285714,74.76190476,74.76
,Dr Abid Hasan Khan,1,1,0,0.9,0.5,0.5,1,4.9,70,,
,Dr Rayhan Islam,1,1,0,0.9,0.5,1,1,5.4,77.14285714,,
E06_P21_AR_VLL_GM,Dr Mamun Mahmud,1,1,1,1,0.5,1,1,6.5,92.85714286,90.47619048,90.48
,Dr Abid Hasan Khan,1,1,1,1,0.5,0.5,1,6,85.71428571,,
,Dr Rayhan Islam,1,1,1,1,0.5,1,1,6.5,92.85714286,,
E06_P21_AF_VML_GM,Dr Mamun Mahmud,1,1,1,1,0.5,0,1,5.5,78.57142857,83.33333333,83.33
,Dr Abid Hasan Khan,1,1,1,1,0.5,0.5,1,6,85.71428571,,
,Dr Rayhan Islam,1,1,1,1,0.5,0.5,1,6,85.71428571,,
E06_P21_AL_VML_GM,Dr Mamun Mahmud,1,1,0,0.9,0.5,0,1,4.4,62.85714286,67.61904762,67.62
,Dr Abid Hasan Khan,1,1,0,0.9,0.5,0.5,1,4.9,70,,
,Dr Rayhan Islam,1,1,0,0.9,0.5,0.5,1,4.9,70,,
E06_P21_AR_VML_GM,Dr Mamun Mahmud,1,1,0,0.9,0.5,0,1,4.4,62.85714286,67.61904762,67.62
,Dr Abid Hasan Khan,1,1,0,0.9,0.5,0.5,1,4.9,70,,
,Dr Rayhan Islam,1,1,0,0.9,0.5,0.5,1,4.9,70,,
E06_P21_AF_VO_GM,Dr Mamun Mahmud,1,1,1,1,0.5,0,1,5.5,78.57142857,83.33333333,83.33
,Dr Abid Hasan Khan,1,1,1,1,0.5,0.5,1,6,85.71428571,,
,Dr Rayhan Islam,1,1,1,1,0.5,0.5,1,6,85.71428571,,
E06_P21_AL_VO_GM,Dr Mamun Mahmud,1,1,0,0.9,0.5,0,1,4.4,62.85714286,67.61904762,67.62
,Dr Abid Hasan Khan,1,1,0,0.9,0.5,0.5,1,4.9,70,,
,Dr Rayhan Islam,1,1,0,0.9,0.5,0.5,1,4.9,70,,
E06_P21_AR_VO_GM,Dr Mamun Mahmud,1,1,1,1,0.5,0,1,5.5,78.57142857,83.33333333,83.33
,Dr Abid Hasan Khan,1,1,1,1,0.5,0.5,1,6,85.71428571,,
,Dr Rayhan Islam,1,1,1,1,0.5,0.5,1,6,85.71428571,,
E06_P22_AF_VFL_GM,Dr Mamun Mahmud,1,1,1,1,1,1,1,7,100,100,100
,Dr Abid Hasan Khan,1,1,1,1,1,1,1,7,100,,
,Dr Rayhan Islam,1,1,1,1,1,1,1,7,100,,
E06_P22_AL_VFL_GM,Dr Mamun Mahmud,1,1,0,0.9,1,1,1,5.9,84.28571429,84.28571429,84.29
,Dr Abid Hasan Khan,1,1,0,0.9,1,1,1,5.9,84.28571429,,
,Dr Rayhan Islam,1,1,0,0.9,1,1,1,5.9,84.28571429,,
E06_P22_AR_VFL_GM,Dr Mamun Mahmud,1,1,1,1,1,1,1,7,100,100,100
,Dr Abid Hasan Khan,1,1,1,1,1,1,1,7,100,,
,Dr Rayhan Islam,1,1,1,1,1,1,1,7,100,,
E06_P22_AF_VHJ_GM,Dr Mamun Mahmud,1,1,1,1,1,1,1,7,100,100,100
,Dr Abid Hasan Khan,1,1,1,1,1,1,1,7,100,,
,Dr Rayhan Islam,1,1,1,1,1,1,1,7,100,,
E06_P22_AL_VHJ_GM,Dr Mamun Mahmud,1,1,1,1,1,1,1,7,100,100,100
,Dr Abid Hasan Khan,1,1,1,1,1,1,1,7,100,,
,Dr Rayhan Islam,1,1,1,1,1,1,1,7,100,,
E06_P22_AR_VHJ_GM,Dr Mamun Mahmud,1,1,1,1,1,1,1,7,100,100,100
,Dr Abid Hasan Khan,1,1,1,1,1,1,1,7,100,,
,Dr Rayhan Islam,1,1,1,1,1,1,1,7,100,,
E06_P22_AF_VLJ_GM,Dr Mamun Mahmud,1,1,1,1,1,0,1,6,85.71428571,95.23809524,95.24
,Dr Abid Hasan Khan,1,1,1,1,1,1,1,7,100,,
,Dr Rayhan Islam,1,1,1,1,1,1,1,7,100,,
E06_P22_AL_VLJ_GM,Dr Mamun Mahmud,1,1,1,1,1,0,1,6,85.71428571,95.23809524,95.24
,Dr Abid Hasan Khan,1,1,1,1,1,1,1,7,100,,
,Dr Rayhan Islam,1,1,1,1,1,1,1,7,100,,
E06_P22_AR_VLJ_GM,Dr Mamun Mahmud,1,1,1,1,1,0,1,6,85.71428571,95.23809524,95.24
,Dr Abid Hasan Khan,1,1,1,1,1,1,1,7,100,,
,Dr Rayhan Islam,1,1,1,1,1,1,1,7,100,,
E06_P22_AF_VLL_GM,Dr Mamun Mahmud,1,1,1,1,1,0,1,6,85.71428571,95.23809524,95.24
,Dr Abid Hasan Khan,1,1,1,1,1,1,1,7,100,,
,Dr Rayhan Islam,1,1,1,1,1,1,1,7,100,,
E06_P22_AL_VLL_GM,Dr Mamun Mahmud,1,1,0,0.9,1,0,1,4.9,70,79.52380952,79.52
,Dr Abid Hasan Khan,1,1,0,0.9,1,1,1,5.9,84.28571429,,
,Dr Rayhan Islam,1,1,0,0.9,1,1,1,5.9,84.28571429,,
E06_P22_AR_VLL_GM,Dr Mamun Mahmud,1,1,0,0.9,1,0,1,4.9,70,79.52380952,79.52
,Dr Abid Hasan Khan,1,1,0,0.9,1,1,1,5.9,84.28571429,,
,Dr Rayhan Islam,1,1,0,0.9,1,1,1,5.9,84.28571429,,
E06_P22_AF_VML_GM,Dr Mamun Mahmud,1,1,1,1,1,0,1,6,85.71428571,95.23809524,95.24
,Dr Abid Hasan Khan,1,1,1,1,1,1,1,7,100,,
,Dr Rayhan Islam,1,1,1,1,1,1,1,7,100,,
E06_P22_AL_VML_GM,Dr Mamun Mahmud,1,1,0,0.9,1,0,1,4.9,70,79.52380952,79.52
,Dr Abid Hasan Khan,1,1,0,0.9,1,1,1,5.9,84.28571429,,
,Dr Rayhan Islam,1,1,0,0.9,1,1,1,5.9,84.28571429,,
E06_P22_AR_VML_GM,Dr Mamun Mahmud,1,1,1,1,1,0,1,6,85.71428571,95.23809524,95.24
,Dr Abid Hasan Khan,1,1,1,1,1,1,1,7,100,,
,Dr Rayhan Islam,1,1,1,1,1,1,1,7,100,,
E06_P22_AF_VO_GM,Dr Mamun Mahmud,1,1,1,1,1,1,1,7,100,100,100
,Dr Abid Hasan Khan,1,1,1,1,1,1,1,7,100,,
,Dr Rayhan Islam,1,1,1,1,1,1,1,7,100,,
E06_P22_AL_VO_GM,Dr Mamun Mahmud,1,1,0,0.9,1,1,1,5.9,84.28571429,84.28571429,84.29
,Dr Abid Hasan Khan,1,1,0,0.9,1,1,1,5.9,84.28571429,,
,Dr Rayhan Islam,1,1,0,0.9,1,1,1,5.9,84.28571429,,
E06_P22_AR_VO_GM,Dr Mamun Mahmud,1,1,1,1,1,1,1,7,100,100,100
,Dr Abid Hasan Khan,1,1,1,1,1,1,1,7,100,,
,Dr Rayhan Islam,1,1,1,1,1,1,1,7,100,,
E06_P23_AF_VFL_GM,Dr Mamun Mahmud,1,1,1,1,1,1,1,7,100,100,100
,Dr Abid Hasan Khan,1,1,1,1,1,1,1,7,100,,
,Dr Rayhan Islam,1,1,1,1,1,1,1,7,100,,
E06_P23_AL_VFL_GM,Dr Mamun Mahmud,1,1,1,1,1,1,1,7,100,100,100
,Dr Abid Hasan Khan,1,1,1,1,1,1,1,7,100,,
,Dr Rayhan Islam,1,1,1,1,1,1,1,7,100,,
E06_P23_AR_VFL_GM,Dr Mamun Mahmud,1,1,0,0.9,1,1,1,5.9,84.28571429,84.28571429,84.29
,Dr Abid Hasan Khan,1,1,0,0.9,1,1,1,5.9,84.28571429,,
,Dr Rayhan Islam,1,1,0,0.9,1,1,1,5.9,84.28571429,,
E06_P23_AF_VHJ_GM,Dr Mamun Mahmud,1,1,1,1,1,1,1,7,100,100,100
,Dr Abid Hasan Khan,1,1,1,1,1,1,1,7,100,,
,Dr Rayhan Islam,1,1,1,1,1,1,1,7,100,,
E06_P23_AL_VHJ_GM,Dr Mamun Mahmud,1,1,1,1,1,1,1,7,100,100,100
,Dr Abid Hasan Khan,1,1,1,1,1,1,1,7,100,,
,Dr Rayhan Islam,1,1,1,1,1,1,1,7,100,,
E06_P23_AR_VHJ_GM,Dr Mamun Mahmud,1,1,1,1,1,1,1,7,100,100,100
,Dr Abid Hasan Khan,1,1,1,1,1,1,1,7,100,,
,Dr Rayhan Islam,1,1,1,1,1,1,1,7,100,,
E06_P23_AF_VLJ_GM,Dr Mamun Mahmud,1,1,1,1,1,0,1,6,85.71428571,92.85714286,92.86
,Dr Abid Hasan Khan,1,1,1,1,1,1,1,7,100,,
,Dr Rayhan Islam,1,1,1,1,1,0.5,1,6.5,92.85714286,,
E06_P23_AL_VLJ_GM,Dr Mamun Mahmud,1,1,1,1,1,0,1,6,85.71428571,92.85714286,92.86
,Dr Abid Hasan Khan,1,1,1,1,1,1,1,7,100,,
,Dr Rayhan Islam,1,1,1,1,1,0.5,1,6.5,92.85714286,,
E06_P23_AR_VLJ_GM,Dr Mamun Mahmud,1,1,1,1,1,0,1,6,85.71428571,92.85714286,92.86
,Dr Abid Hasan Khan,1,1,1,1,1,1,1,7,100,,
,Dr Rayhan Islam,1,1,1,1,1,0.5,1,6.5,92.85714286,,
E06_P23_AF_VLL_GM,Dr Mamun Mahmud,1,1,0,0.9,1,1,1,5.9,84.28571429,84.28571429,84.29
,Dr Abid Hasan Khan,1,1,0,0.9,1,1,1,5.9,84.28571429,,
,Dr Rayhan Islam,1,1,0,0.9,1,1,1,5.9,84.28571429,,
E06_P23_AL_VLL_GM,Dr Mamun Mahmud,1,1,0,0.9,1,1,1,5.9,84.28571429,84.28571429,84.29
,Dr Abid Hasan Khan,1,1,0,0.9,1,1,1,5.9,84.28571429,,
,Dr Rayhan Islam,1,1,0,0.9,1,1,1,5.9,84.28571429,,
E06_P23_AR_VLL_GM,Dr Mamun Mahmud,1,1,0,0.9,1,1,1,5.9,84.28571429,84.28571429,84.29
,Dr Abid Hasan Khan,1,1,0,0.9,1,1,1,5.9,84.28571429,,
,Dr Rayhan Islam,1,1,0,0.9,1,1,1,5.9,84.28571429,,
E06_P23_AF_VML_GM,Dr Mamun Mahmud,1,1,1,1,1,0,1,6,85.71428571,95.23809524,95.24
,Dr Abid Hasan Khan,1,1,1,1,1,1,1,7,100,,
,Dr Rayhan Islam,1,1,1,1,1,1,1,7,100,,
E06_P23_AL_VML_GM,Dr Mamun Mahmud,1,1,1,1,1,0,1,6,85.71428571,95.23809524,95.24
,Dr Abid Hasan Khan,1,1,1,1,1,1,1,7,100,,
,Dr Rayhan Islam,1,1,1,1,1,1,1,7,100,,
E06_P23_AR_VML_GM,Dr Mamun Mahmud,1,1,1,1,1,0,1,6,85.71428571,95.23809524,95.24
,Dr Abid Hasan Khan,1,1,1,1,1,1,1,7,100,,
,Dr Rayhan Islam,1,1,1,1,1,1,1,7,100,,
E06_P23_AF_VO_GM,Dr Mamun Mahmud,1,1,1,1,0.5,1,1,6.5,92.85714286,97.61904762,97.62
,Dr Abid Hasan Khan,1,1,1,1,1,1,1,7,100,,
,Dr Rayhan Islam,1,1,1,1,1,1,1,7,100,,
E06_P23_AL_VO_GM,Dr Mamun Mahmud,1,1,1,1,0.5,1,1,6.5,92.85714286,97.61904762,97.62
,Dr Abid Hasan Khan,1,1,1,1,1,1,1,7,100,,
,Dr Rayhan Islam,1,1,1,1,1,1,1,7,100,,
E06_P23_AR_VO_GM,Dr Mamun Mahmud,1,1,1,1,0.5,1,1,6.5,92.85714286,97.61904762,97.62
,Dr Abid Hasan Khan,1,1,1,1,1,1,1,7,100,,
,Dr Rayhan Islam,1,1,1,1,1,1,1,7,100,,
E07_P02_AF_VFL_GM,Dr Mamun Mahmud,1,1,1,1,1,0.5,0,5.5,78.57142857,80.95238095,80.95
,Dr Abid Hasan Khan,1,1,1,1,0.5,1,0,5.5,78.57142857,,
,Dr Rayhan Islam,1,1,1,1,1,1,0,6,85.71428571,,
E07_P02_AL_VFL_GM,Dr Mamun Mahmud,1,1,1,1,1,0.5,0,5.5,78.57142857,80.95238095,80.95
,Dr Abid Hasan Khan,1,1,1,1,0.5,1,0,5.5,78.57142857,,
,Dr Rayhan Islam,1,1,1,1,1,1,0,6,85.71428571,,
E07_P02_AR_VFL_GM,Dr Mamun Mahmud,1,1,1,1,1,0.5,0,5.5,78.57142857,80.95238095,80.95
,Dr Abid Hasan Khan,1,1,1,1,0.5,1,0,5.5,78.57142857,,
,Dr Rayhan Islam,1,1,1,1,1,1,0,6,85.71428571,,
E07_P02_AF_VHJ_GM,Dr Mamun Mahmud,1,1,0,0.9,1,0.5,0,4.4,62.85714286,65.23809524,65.24
,Dr Abid Hasan Khan,1,1,0,0.9,1,1,0,4.9,70,,
,Dr Rayhan Islam,1,1,0,0.9,1,0.5,0,4.4,62.85714286,,
E07_P02_AL_VHJ_GM,Dr Mamun Mahmud,1,1,0,0.9,1,0.5,0,4.4,62.85714286,65.23809524,65.24
,Dr Abid Hasan Khan,1,1,0,0.9,1,1,0,4.9,70,,
,Dr Rayhan Islam,1,1,0,0.9,1,0.5,0,4.4,62.85714286,,
E07_P02_AR_VHJ_GM,Dr Mamun Mahmud,1,1,0,0.9,1,0.5,0,4.4,62.85714286,65.23809524,65.24
,Dr Abid Hasan Khan,1,1,0,0.9,1,1,0,4.9,70,,
,Dr Rayhan Islam,1,1,0,0.9,1,0.5,0,4.4,62.85714286,,
E07_P02_AF_VLJ_GM,Dr Mamun Mahmud,1,1,1,1,1,1,1,7,100,97.61904762,97.62
,Dr Abid Hasan Khan,1,1,1,1,1,1,1,7,100,,
,Dr Rayhan Islam,1,1,1,1,1,0.5,1,6.5,92.85714286,,
E07_P02_AL_VLJ_GM,Dr Mamun Mahmud,1,1,1,1,1,1,1,7,100,97.61904762,97.62
,Dr Abid Hasan Khan,1,1,1,1,1,1,1,7,100,,
,Dr Rayhan Islam,1,1,1,1,1,0.5,1,6.5,92.85714286,,
E07_P02_AR_VLJ_GM,Dr Mamun Mahmud,1,1,1,1,1,1,1,7,100,97.61904762,97.62
,Dr Abid Hasan Khan,1,1,1,1,1,1,1,7,100,,
,Dr Rayhan Islam,1,1,1,1,1,0.5,1,6.5,92.85714286,,
E07_P02_AF_VLL_GM,Dr Mamun Mahmud,1,1,1,1,1,1,0,6,85.71428571,83.33333333,83.33
,Dr Abid Hasan Khan,1,1,1,1,1,1,0,6,85.71428571,,
,Dr Rayhan Islam,1,1,1,1,1,0.5,0,5.5,78.57142857,,
E07_P02_AL_VLL_GM,Dr Mamun Mahmud,1,1,1,1,1,1,0,6,85.71428571,83.33333333,83.33
,Dr Abid Hasan Khan,1,1,1,1,1,1,0,6,85.71428571,,
,Dr Rayhan Islam,1,1,1,1,1,0.5,0,5.5,78.57142857,,
E07_P02_AR_VLL_GM,Dr Mamun Mahmud,1,1,1,1,1,1,0,6,85.71428571,83.33333333,83.33
,Dr Abid Hasan Khan,1,1,1,1,1,1,0,6,85.71428571,,
,Dr Rayhan Islam,1,1,1,1,1,0.5,0,5.5,78.57142857,,
E07_P02_AF_VML_GM,Dr Mamun Mahmud,1,1,0,0.9,1,0,0,3.9,55.71428571,65.23809524,65.24
,Dr Abid Hasan Khan,1,1,0,0.9,1,1,0,4.9,70,,
,Dr Rayhan Islam,1,1,0,0.9,1,1,0,4.9,70,,
E07_P02_AL_VML_GM,Dr Mamun Mahmud,1,1,0,0.9,1,0,0,3.9,55.71428571,65.23809524,65.24
,Dr Abid Hasan Khan,1,1,0,0.9,1,1,0,4.9,70,,
,Dr Rayhan Islam,1,1,0,0.9,1,1,0,4.9,70,,
E07_P02_AR_VML_GM,Dr Mamun Mahmud,1,1,0,0.9,1,0,0,3.9,55.71428571,65.23809524,65.24
,Dr Abid Hasan Khan,1,1,0,0.9,1,1,0,4.9,70,,
,Dr Rayhan Islam,1,1,0,0.9,1,1,0,4.9,70,,
E07_P02_AF_VO_GM,Dr Mamun Mahmud,1,1,0,0.9,1,1,0,4.9,70,70,70
,Dr Abid Hasan Khan,1,1,0,0.9,1,1,0,4.9,70,,
,Dr Rayhan Islam,1,1,0,0.9,1,1,0,4.9,70,,
E07_P02_AL_VO_GM,Dr Mamun Mahmud,1,1,0,0.9,1,1,0,4.9,70,70,70
,Dr Abid Hasan Khan,1,1,0,0.9,1,1,0,4.9,70,,
,Dr Rayhan Islam,1,1,0,0.9,1,1,0,4.9,70,,
E07_P02_AR_VO_GM,Dr Mamun Mahmud,1,1,0,0.9,1,1,0,4.9,70,70,70
,Dr Abid Hasan Khan,1,1,0,0.9,1,1,0,4.9,70,,
,Dr Rayhan Islam,1,1,0,0.9,1,1,0,4.9,70,,
E07_P03_AF_VFL_GM,Dr Mamun Mahmud,1,1,1,1,1,1,1,7,100,100,100
,Dr Abid Hasan Khan,1,1,1,1,1,1,1,7,100,,
,Dr Rayhan Islam,1,1,1,1,1,1,1,7,100,,
E07_P03_AL_VFL_GM,Dr Mamun Mahmud,1,1,1,1,1,1,1,7,100,100,100
,Dr Abid Hasan Khan,1,1,1,1,1,1,1,7,100,,
,Dr Rayhan Islam,1,1,1,1,1,1,1,7,100,,
E07_P03_AR_VFL_GM,Dr Mamun Mahmud,1,1,1,1,1,1,1,7,100,100,100
,Dr Abid Hasan Khan,1,1,1,1,1,1,1,7,100,,
,Dr Rayhan Islam,1,1,1,1,1,1,1,7,100,,
E07_P03_AF_VHJ_GM,Dr Mamun Mahmud,1,1,1,1,1,1,1,7,100,100,100
,Dr Abid Hasan Khan,1,1,1,1,1,1,1,7,100,,
,Dr Rayhan Islam,1,1,1,1,1,1,1,7,100,,
E07_P03_AL_VHJ_GM,Dr Mamun Mahmud,1,1,1,1,1,1,1,7,100,100,100
,Dr Abid Hasan Khan,1,1,1,1,1,1,1,7,100,,
,Dr Rayhan Islam,1,1,1,1,1,1,1,7,100,,
E07_P03_AR_VHJ_GM,Dr Mamun Mahmud,1,1,1,1,1,1,1,7,100,100,100
,Dr Abid Hasan Khan,1,1,1,1,1,1,1,7,100,,
,Dr Rayhan Islam,1,1,1,1,1,1,1,7,100,,
E07_P03_AF_VLJ_GM,Dr Mamun Mahmud,1,1,1,1,1,1,1,7,100,100,100
,Dr Abid Hasan Khan,1,1,1,1,1,1,1,7,100,,
,Dr Rayhan Islam,1,1,1,1,1,1,1,7,100,,
E07_P03_AL_VLJ_GM,Dr Mamun Mahmud,1,1,1,1,1,1,1,7,100,100,100
,Dr Abid Hasan Khan,1,1,1,1,1,1,1,7,100,,
,Dr Rayhan Islam,1,1,1,1,1,1,1,7,100,,
E07_P03_AR_VLJ_GM,Dr Mamun Mahmud,1,1,1,1,1,1,1,7,100,100,100
,Dr Abid Hasan Khan,1,1,1,1,1,1,1,7,100,,
,Dr Rayhan Islam,1,1,1,1,1,1,1,7,100,,
E07_P03_AF_VLL_GM,Dr Mamun Mahmud,1,1,1,1,1,1,1,7,100,100,100
,Dr Abid Hasan Khan,1,1,1,1,1,1,1,7,100,,
,Dr Rayhan Islam,1,1,1,1,1,1,1,7,100,,
E07_P03_AL_VLL_GM,Dr Mamun Mahmud,1,1,1,1,1,1,1,7,100,100,100
,Dr Abid Hasan Khan,1,1,1,1,1,1,1,7,100,,
,Dr Rayhan Islam,1,1,1,1,1,1,1,7,100,,
E07_P03_AR_VLL_GM,Dr Mamun Mahmud,1,1,1,1,1,1,1,7,100,100,100
,Dr Abid Hasan Khan,1,1,1,1,1,1,1,7,100,,
,Dr Rayhan Islam,1,1,1,1,1,1,1,7,100,,
E07_P03_AF_VML_GM,Dr Mamun Mahmud,1,1,1,1,1,1,1,7,100,100,100
,Dr Abid Hasan Khan,1,1,1,1,1,1,1,7,100,,
,Dr Rayhan Islam,1,1,1,1,1,1,1,7,100,,
E07_P03_AL_VML_GM,Dr Mamun Mahmud,1,1,1,1,1,1,1,7,100,100,100
,Dr Abid Hasan Khan,1,1,1,1,1,1,1,7,100,,
,Dr Rayhan Islam,1,1,1,1,1,1,1,7,100,,
E07_P03_AR_VML_GM,Dr Mamun Mahmud,1,1,1,1,1,1,1,7,100,100,100
,Dr Abid Hasan Khan,1,1,1,1,1,1,1,7,100,,
,Dr Rayhan Islam,1,1,1,1,1,1,1,7,100,,
E07_P03_AF_VO_GM,Dr Mamun Mahmud,1,1,1,1,1,1,1,7,100,100,100
,Dr Abid Hasan Khan,1,1,1,1,1,1,1,7,100,,
,Dr Rayhan Islam,1,1,1,1,1,1,1,7,100,,
E07_P03_AL_VO_GM,Dr Mamun Mahmud,1,1,1,1,1,1,1,7,100,100,100
,Dr Abid Hasan Khan,1,1,1,1,1,1,1,7,100,,
,Dr Rayhan Islam,1,1,1,1,1,1,1,7,100,,
E07_P03_AR_VO_GM,Dr Mamun Mahmud,1,1,1,1,1,1,1,7,100,100,100
,Dr Abid Hasan Khan,1,1,1,1,1,1,1,7,100,,
,Dr Rayhan Islam,1,1,1,1,1,1,1,7,100,,
E07_P04_AF_VFL_GM,Dr Mamun Mahmud,1,1,1,1,1,1,0.5,6.5,92.85714286,88.0952381,88.1
,Dr Abid Hasan Khan,1,1,1,1,1,0.5,0.5,6,85.71428571,,
,Dr Rayhan Islam,1,1,1,1,1,0.5,0.5,6,85.71428571,,
E07_P04_AL_VFL_GM,Dr Mamun Mahmud,1,1,1,1,1,1,0.5,6.5,92.85714286,88.0952381,88.1
,Dr Abid Hasan Khan,1,1,1,1,1,0.5,0.5,6,85.71428571,,
,Dr Rayhan Islam,1,1,1,1,1,0.5,0.5,6,85.71428571,,
E07_P04_AR_VFL_GM,Dr Mamun Mahmud,1,1,1,1,1,1,0.5,6.5,92.85714286,88.0952381,88.1
,Dr Abid Hasan Khan,1,1,1,1,1,0.5,0.5,6,85.71428571,,
,Dr Rayhan Islam,1,1,1,1,1,0.5,0.5,6,85.71428571,,
E07_P04_AF_VHJ_GM,Dr Mamun Mahmud,1,1,0,0.9,1,0.5,0.5,4.9,70,72.38095238,72.38
,Dr Abid Hasan Khan,1,1,0,0.9,1,1,0.5,5.4,77.14285714,,
,Dr Rayhan Islam,1,1,0,0.9,1,0.5,0.5,4.9,70,,
E07_P04_AL_VHJ_GM,Dr Mamun Mahmud,1,1,0,0.9,1,0.5,0.5,4.9,70,72.38095238,72.38
,Dr Abid Hasan Khan,1,1,0,0.9,1,1,0.5,5.4,77.14285714,,
,Dr Rayhan Islam,1,1,0,0.9,1,0.5,0.5,4.9,70,,
E07_P04_AR_VHJ_GM,Dr Mamun Mahmud,1,1,0,0.9,1,0.5,0.5,4.9,70,72.38095238,72.38
,Dr Abid Hasan Khan,1,1,0,0.9,1,1,0.5,5.4,77.14285714,,
,Dr Rayhan Islam,1,1,0,0.9,1,0.5,0.5,4.9,70,,
E07_P04_AF_VLJ_GM,Dr Mamun Mahmud,1,1,1,1,1,1,0.5,6.5,92.85714286,88.0952381,88.1
,Dr Abid Hasan Khan,1,1,1,1,1,0.5,0.5,6,85.71428571,,
,Dr Rayhan Islam,1,1,1,1,1,0.5,0.5,6,85.71428571,,
E07_P04_AL_VLJ_GM,Dr Mamun Mahmud,1,1,1,1,1,1,0.5,6.5,92.85714286,88.0952381,88.1
,Dr Abid Hasan Khan,1,1,1,1,1,0.5,0.5,6,85.71428571,,
,Dr Rayhan Islam,1,1,1,1,1,0.5,0.5,6,85.71428571,,
E07_P04_AR_VLJ_GM,Dr Mamun Mahmud,1,1,1,1,1,1,0.5,6.5,92.85714286,88.0952381,88.1
,Dr Abid Hasan Khan,1,1,1,1,1,0.5,0.5,6,85.71428571,,
,Dr Rayhan Islam,1,1,1,1,1,0.5,0.5,6,85.71428571,,
E07_P04_AF_VLL_GM,Dr Mamun Mahmud,1,1,1,1,1,1,0.5,6.5,92.85714286,88.0952381,88.1
,Dr Abid Hasan Khan,1,1,1,1,1,0.5,0.5,6,85.71428571,,
,Dr Rayhan Islam,1,1,1,1,1,0.5,0.5,6,85.71428571,,
E07_P04_AL_VLL_GM,Dr Mamun Mahmud,1,1,1,1,1,1,0.5,6.5,92.85714286,88.0952381,88.1
,Dr Abid Hasan Khan,1,1,1,1,1,0.5,0.5,6,85.71428571,,
,Dr Rayhan Islam,1,1,1,1,1,0.5,0.5,6,85.71428571,,
E07_P04_AR_VLL_GM,Dr Mamun Mahmud,1,1,1,1,1,1,0.5,6.5,92.85714286,88.0952381,88.1
,Dr Abid Hasan Khan,1,1,1,1,1,0.5,0.5,6,85.71428571,,
,Dr Rayhan Islam,1,1,1,1,1,0.5,0.5,6,85.71428571,,
E07_P04_AF_VML_GM,Dr Mamun Mahmud,1,1,1,1,1,1,0.5,6.5,92.85714286,88.0952381,88.1
,Dr Abid Hasan Khan,1,1,1,1,1,0.5,0.5,6,85.71428571,,
,Dr Rayhan Islam,1,1,1,1,1,0.5,0.5,6,85.71428571,,
E07_P04_AL_VML_GM,Dr Mamun Mahmud,1,1,1,1,1,1,0.5,6.5,92.85714286,88.0952381,88.1
,Dr Abid Hasan Khan,1,1,1,1,1,0.5,0.5,6,85.71428571,,
,Dr Rayhan Islam,1,1,1,1,1,0.5,0.5,6,85.71428571,,
E07_P04_AR_VML_GM,Dr Mamun Mahmud,1,1,1,1,1,1,0.5,6.5,92.85714286,88.0952381,88.1
,Dr Abid Hasan Khan,1,1,1,1,1,0.5,0.5,6,85.71428571,,
,Dr Rayhan Islam,1,1,1,1,1,0.5,0.5,6,85.71428571,,
E07_P04_AF_VO_GM,Dr Mamun Mahmud,1,1,1,1,1,1,0.5,6.5,92.85714286,88.0952381,88.1
,Dr Abid Hasan Khan,1,1,1,1,1,0.5,0.5,6,85.71428571,,
,Dr Rayhan Islam,1,1,1,1,1,0.5,0.5,6,85.71428571,,
E07_P04_AL_VO_GM,Dr Mamun Mahmud,1,1,1,1,1,1,0.5,6.5,92.85714286,88.0952381,88.1
,Dr Abid Hasan Khan,1,1,1,1,1,0.5,0.5,6,85.71428571,,
,Dr Rayhan Islam,1,1,1,1,1,0.5,0.5,6,85.71428571,,
E07_P04_AR_VO_GM,Dr Mamun Mahmud,1,1,0,0.5,1,1,0.5,5,71.42857143,66.66666667,66.67
,Dr Abid Hasan Khan,1,1,0,0.5,1,0.5,0.5,4.5,64.28571429,,
,Dr Rayhan Islam,1,1,0,0.5,1,0.5,0.5,4.5,64.28571429,,
E07_P05_AF_VFL_GM,Dr Mamun Mahmud,1,1,1,1,1,1,0.5,6.5,92.85714286,92.85714286,92.86
,Dr Abid Hasan Khan,1,1,1,1,1,1,0.5,6.5,92.85714286,,
,Dr Rayhan Islam,1,1,1,1,1,1,0.5,6.5,92.85714286,,
E07_P05_AL_VFL_GM,Dr Mamun Mahmud,1,1,1,1,1,1,0.5,6.5,92.85714286,92.85714286,92.86
,Dr Abid Hasan Khan,1,1,1,1,1,1,0.5,6.5,92.85714286,,
,Dr Rayhan Islam,1,1,1,1,1,1,0.5,6.5,92.85714286,,
E07_P05_AR_VFL_GM,Dr Mamun Mahmud,1,1,1,1,1,1,0.5,6.5,92.85714286,92.85714286,92.86
,Dr Abid Hasan Khan,1,1,1,1,1,1,0.5,6.5,92.85714286,,
,Dr Rayhan Islam,1,1,1,1,1,1,0.5,6.5,92.85714286,,
E07_P05_AF_VHJ_GM,Dr Mamun Mahmud,1,1,0,0.9,1,1,0.5,5.4,77.14285714,77.14285714,77.14
,Dr Abid Hasan Khan,1,1,0,0.9,1,1,0.5,5.4,77.14285714,,
,Dr Rayhan Islam,1,1,0,0.9,1,1,0.5,5.4,77.14285714,,
E07_P05_AL_VHJ_GM,Dr Mamun Mahmud,1,1,0,0.9,1,1,0.5,5.4,77.14285714,77.14285714,77.14
,Dr Abid Hasan Khan,1,1,0,0.9,1,1,0.5,5.4,77.14285714,,
,Dr Rayhan Islam,1,1,0,0.9,1,1,0.5,5.4,77.14285714,,
E07_P05_AR_VHJ_GM,Dr Mamun Mahmud,1,1,0,0.9,1,1,0.5,5.4,77.14285714,77.14285714,77.14
,Dr Abid Hasan Khan,1,1,0,0.9,1,1,0.5,5.4,77.14285714,,
,Dr Rayhan Islam,1,1,0,0.9,1,1,0.5,5.4,77.14285714,,
E07_P05_AF_VLJ_GM,Dr Mamun Mahmud,1,1,1,1,1,1,0.5,6.5,92.85714286,92.85714286,92.86
,Dr Abid Hasan Khan,1,1,1,1,1,1,0.5,6.5,92.85714286,,
,Dr Rayhan Islam,1,1,1,1,1,1,0.5,6.5,92.85714286,,
E07_P05_AL_VLJ_GM,Dr Mamun Mahmud,1,1,1,1,1,1,0.5,6.5,92.85714286,92.85714286,92.86
,Dr Abid Hasan Khan,1,1,1,1,1,1,0.5,6.5,92.85714286,,
,Dr Rayhan Islam,1,1,1,1,1,1,0.5,6.5,92.85714286,,
E07_P05_AR_VLJ_GM,Dr Mamun Mahmud,1,1,1,1,1,1,0.5,6.5,92.85714286,92.85714286,92.86
,Dr Abid Hasan Khan,1,1,1,1,1,1,0.5,6.5,92.85714286,,
,Dr Rayhan Islam,1,1,1,1,1,1,0.5,6.5,92.85714286,,
E07_P05_AF_VLL_GM,Dr Mamun Mahmud,1,1,1,1,1,1,0.5,6.5,92.85714286,92.85714286,92.86
,Dr Abid Hasan Khan,1,1,1,1,1,1,0.5,6.5,92.85714286,,
,Dr Rayhan Islam,1,1,1,1,1,1,0.5,6.5,92.85714286,,
E07_P05_AL_VLL_GM,Dr Mamun Mahmud,1,1,1,1,1,1,0.5,6.5,92.85714286,92.85714286,92.86
,Dr Abid Hasan Khan,1,1,1,1,1,1,0.5,6.5,92.85714286,,
,Dr Rayhan Islam,1,1,1,1,1,1,0.5,6.5,92.85714286,,
E07_P05_AR_VLL_GM,Dr Mamun Mahmud,1,1,1,1,1,1,0.5,6.5,92.85714286,92.85714286,92.86
,Dr Abid Hasan Khan,1,1,1,1,1,1,0.5,6.5,92.85714286,,
,Dr Rayhan Islam,1,1,1,1,1,1,0.5,6.5,92.85714286,,
E07_P05_AF_VML_GM,Dr Mamun Mahmud,1,1,1,1,1,1,0.5,6.5,92.85714286,92.85714286,92.86
,Dr Abid Hasan Khan,1,1,1,1,1,1,0.5,6.5,92.85714286,,
,Dr Rayhan Islam,1,1,1,1,1,1,0.5,6.5,92.85714286,,
E07_P05_AL_VML_GM,Dr Mamun Mahmud,1,1,1,1,1,1,0.5,6.5,92.85714286,92.85714286,92.86
,Dr Abid Hasan Khan,1,1,1,1,1,1,0.5,6.5,92.85714286,,
,Dr Rayhan Islam,1,1,1,1,1,1,0.5,6.5,92.85714286,,
E07_P05_AR_VML_GM,Dr Mamun Mahmud,1,1,1,1,1,1,0.5,6.5,92.85714286,92.85714286,92.86
,Dr Abid Hasan Khan,1,1,1,1,1,1,0.5,6.5,92.85714286,,
,Dr Rayhan Islam,1,1,1,1,1,1,0.5,6.5,92.85714286,,
E07_P05_AF_VO_GM,Dr Mamun Mahmud,1,1,1,1,1,1,0.5,6.5,92.85714286,92.85714286,92.86
,Dr Abid Hasan Khan,1,1,1,1,1,1,0.5,6.5,92.85714286,,
,Dr Rayhan Islam,1,1,1,1,1,1,0.5,6.5,92.85714286,,
E07_P05_AL_VO_GM,Dr Mamun Mahmud,1,1,1,1,1,1,0.5,6.5,92.85714286,92.85714286,92.86
,Dr Abid Hasan Khan,1,1,1,1,1,1,0.5,6.5,92.85714286,,
,Dr Rayhan Islam,1,1,1,1,1,1,0.5,6.5,92.85714286,,
E07_P05_AR_VO_GM,Dr Mamun Mahmud,1,1,1,1,1,1,0.5,6.5,92.85714286,92.85714286,92.86
,Dr Abid Hasan Khan,1,1,1,1,1,1,0.5,6.5,92.85714286,,
,Dr Rayhan Islam,1,1,1,1,1,1,0.5,6.5,92.85714286,,
E07_P06_AF_VFL_GM,Dr Mamun Mahmud,1,1,1,1,1,1,0.5,6.5,92.85714286,92.85714286,92.86
,Dr Abid Hasan Khan,1,1,1,1,1,1,0.5,6.5,92.85714286,,
,Dr Rayhan Islam,1,1,1,1,1,1,0.5,6.5,92.85714286,,
E07_P06_AL_VFL_GM,Dr Mamun Mahmud,1,1,1,1,1,1,0.5,6.5,92.85714286,92.85714286,92.86
,Dr Abid Hasan Khan,1,1,1,1,1,1,0.5,6.5,92.85714286,,
,Dr Rayhan Islam,1,1,1,1,1,1,0.5,6.5,92.85714286,,
E07_P06_AR_VFL_GM,Dr Mamun Mahmud,1,1,1,1,1,1,0.5,6.5,92.85714286,92.85714286,92.86
,Dr Abid Hasan Khan,1,1,1,1,1,1,0.5,6.5,92.85714286,,
,Dr Rayhan Islam,1,1,1,1,1,1,0.5,6.5,92.85714286,,
E07_P06_AF_VHJ_GM,Dr Mamun Mahmud,1,1,1,1,1,1,0.5,6.5,92.85714286,92.85714286,92.86
,Dr Abid Hasan Khan,1,1,1,1,1,1,0.5,6.5,92.85714286,,
,Dr Rayhan Islam,1,1,1,1,1,1,0.5,6.5,92.85714286,,
E07_P06_AL_VHJ_GM,Dr Mamun Mahmud,1,1,1,1,1,1,0.5,6.5,92.85714286,92.85714286,92.86
,Dr Abid Hasan Khan,1,1,1,1,1,1,0.5,6.5,92.85714286,,
,Dr Rayhan Islam,1,1,1,1,1,1,0.5,6.5,92.85714286,,
E07_P06_AR_VHJ_GM,Dr Mamun Mahmud,1,1,1,1,1,1,0.5,6.5,92.85714286,92.85714286,92.86
,Dr Abid Hasan Khan,1,1,1,1,1,1,0.5,6.5,92.85714286,,
,Dr Rayhan Islam,1,1,1,1,1,1,0.5,6.5,92.85714286,,
E07_P06_AF_VLJ_GM,Dr Mamun Mahmud,1,1,1,1,1,1,0.5,6.5,92.85714286,92.85714286,92.86
,Dr Abid Hasan Khan,1,1,1,1,1,1,0.5,6.5,92.85714286,,
,Dr Rayhan Islam,1,1,1,1,1,1,0.5,6.5,92.85714286,,
E07_P06_AL_VLJ_GM,Dr Mamun Mahmud,1,1,1,1,1,1,0.5,6.5,92.85714286,92.85714286,92.86
,Dr Abid Hasan Khan,1,1,1,1,1,1,0.5,6.5,92.85714286,,
,Dr Rayhan Islam,1,1,1,1,1,1,0.5,6.5,92.85714286,,
E07_P06_AR_VLJ_GM,Dr Mamun Mahmud,1,1,1,1,1,1,0.5,6.5,92.85714286,92.85714286,92.86
,Dr Abid Hasan Khan,1,1,1,1,1,1,0.5,6.5,92.85714286,,
,Dr Rayhan Islam,1,1,1,1,1,1,0.5,6.5,92.85714286,,
E07_P06_AF_VLL_GM,Dr Mamun Mahmud,1,0,0,0.7,1,1,0.5,4.2,60,60,60
,Dr Abid Hasan Khan,1,0,0,0.7,1,1,0.5,4.2,60,,
,Dr Rayhan Islam,1,0,0,0.7,1,1,0.5,4.2,60,,
E07_P06_AL_VLL_GM,Dr Mamun Mahmud,1,0,0,0.7,1,1,0.5,4.2,60,60,60
,Dr Abid Hasan Khan,1,0,0,0.7,1,1,0.5,4.2,60,,
,Dr Rayhan Islam,1,0,0,0.7,1,1,0.5,4.2,60,,
E07_P06_AR_VLL_GM,Dr Mamun Mahmud,1,0,0,0.8,1,1,0.5,4.3,61.42857143,61.42857143,61.43
,Dr Abid Hasan Khan,1,0,0,0.8,1,1,0.5,4.3,61.42857143,,
,Dr Rayhan Islam,1,0,0,0.8,1,1,0.5,4.3,61.42857143,,
E07_P06_AF_VML_GM,Dr Mamun Mahmud,1,0,1,1,1,0.5,0.5,5,71.42857143,76.19047619,76.19
,Dr Abid Hasan Khan,1,0,1,1,1,1,0.5,5.5,78.57142857,,
,Dr Rayhan Islam,1,0,1,1,1,1,0.5,5.5,78.57142857,,
E07_P06_AL_VML_GM,Dr Mamun Mahmud,1,0,1,1,1,0.5,0.5,5,71.42857143,76.19047619,76.19
,Dr Abid Hasan Khan,1,0,1,1,1,1,0.5,5.5,78.57142857,,
,Dr Rayhan Islam,1,0,1,1,1,1,0.5,5.5,78.57142857,,
E07_P06_AR_VML_GM,Dr Mamun Mahmud,1,0,1,1,1,0.5,0.5,5,71.42857143,76.19047619,76.19
,Dr Abid Hasan Khan,1,0,1,1,1,1,0.5,5.5,78.57142857,,
,Dr Rayhan Islam,1,0,1,1,1,1,0.5,5.5,78.57142857,,
E07_P06_AF_VO_GM,Dr Mamun Mahmud,1,0,1,1,1,1,0.5,5.5,78.57142857,78.57142857,78.57
,Dr Abid Hasan Khan,1,0,1,1,1,1,0.5,5.5,78.57142857,,
,Dr Rayhan Islam,1,0,1,1,1,1,0.5,5.5,78.57142857,,
E07_P06_AL_VO_GM,Dr Mamun Mahmud,1,0,1,1,1,1,0.5,5.5,78.57142857,78.57142857,78.57
,Dr Abid Hasan Khan,1,0,1,1,1,1,0.5,5.5,78.57142857,,
,Dr Rayhan Islam,1,0,1,1,1,1,0.5,5.5,78.57142857,,
E07_P06_AR_VO_GM,Dr Mamun Mahmud,1,0,1,1,1,1,0.5,5.5,78.57142857,78.57142857,78.57
,Dr Abid Hasan Khan,1,0,1,1,1,1,0.5,5.5,78.57142857,,
,Dr Rayhan Islam,1,0,1,1,1,1,0.5,5.5,78.57142857,,
E07_P07_AF_VFL_GM,Dr Mamun Mahmud,1,1,0,0.8,1,1,0.5,5.3,75.71428571,75.71428571,75.71
,Dr Abid Hasan Khan,1,1,0,0.8,1,1,0.5,5.3,75.71428571,,
,Dr Rayhan Islam,1,1,0,0.8,1,1,0.5,5.3,75.71428571,,
E07_P07_AL_VFL_GM,Dr Mamun Mahmud,1,1,0,0.8,1,1,0.5,5.3,75.71428571,75.71428571,75.71
,Dr Abid Hasan Khan,1,1,0,0.8,1,1,0.5,5.3,75.71428571,,
,Dr Rayhan Islam,1,1,0,0.8,1,1,0.5,5.3,75.71428571,,
E07_P07_AR_VFL_GM,Dr Mamun Mahmud,1,1,0,0.9,1,1,0.5,5.4,77.14285714,77.14285714,77.14
,Dr Abid Hasan Khan,1,1,0,0.9,1,1,0.5,5.4,77.14285714,,
,Dr Rayhan Islam,1,1,0,0.9,1,1,0.5,5.4,77.14285714,,
E07_P07_AF_VHJ_GM,Dr Mamun Mahmud,1,0,1,1,1,1,0.5,5.5,78.57142857,78.57142857,78.57
,Dr Abid Hasan Khan,1,0,1,1,1,1,0.5,5.5,78.57142857,,
,Dr Rayhan Islam,1,0,1,1,1,1,0.5,5.5,78.57142857,,
E07_P07_AL_VHJ_GM,Dr Mamun Mahmud,1,0,1,1,1,1,0.5,5.5,78.57142857,78.57142857,78.57
,Dr Abid Hasan Khan,1,0,1,1,1,1,0.5,5.5,78.57142857,,
,Dr Rayhan Islam,1,0,1,1,1,1,0.5,5.5,78.57142857,,
E07_P07_AR_VHJ_GM,Dr Mamun Mahmud,1,0,1,1,1,1,0.5,5.5,78.57142857,78.57142857,78.57
,Dr Abid Hasan Khan,1,0,1,1,1,1,0.5,5.5,78.57142857,,
,Dr Rayhan Islam,1,0,1,1,1,1,0.5,5.5,78.57142857,,
E07_P07_AF_VLJ_GM,Dr Mamun Mahmud,1,0,1,1,1,0.5,0.5,5,71.42857143,76.19047619,76.19
,Dr Abid Hasan Khan,1,0,1,1,1,1,0.5,5.5,78.57142857,,
,Dr Rayhan Islam,1,0,1,1,1,1,0.5,5.5,78.57142857,,
E07_P07_AL_VLJ_GM,Dr Mamun Mahmud,1,0,1,1,1,0.5,0.5,5,71.42857143,76.19047619,76.19
,Dr Abid Hasan Khan,1,0,1,1,1,1,0.5,5.5,78.57142857,,
,Dr Rayhan Islam,1,0,1,1,1,1,0.5,5.5,78.57142857,,
E07_P07_AR_VLJ_GM,Dr Mamun Mahmud,1,0,1,1,1,0.5,0.5,5,71.42857143,76.19047619,76.19
,Dr Abid Hasan Khan,1,0,1,1,1,1,0.5,5.5,78.57142857,,
,Dr Rayhan Islam,1,0,1,1,1,1,0.5,5.5,78.57142857,,
E07_P07_AF_VLL_GM,Dr Mamun Mahmud,1,0,0,0.9,1,0.5,0.5,3.9,55.71428571,60.47619048,60.48
,Dr Abid Hasan Khan,1,0,0,0.9,1,1,0.5,4.4,62.85714286,,
,Dr Rayhan Islam,1,0,0,0.9,1,1,0.5,4.4,62.85714286,,
E07_P07_AL_VLL_GM,Dr Mamun Mahmud,1,0,1,1,1,0.5,0.5,5,71.42857143,76.19047619,76.19
,Dr Abid Hasan Khan,1,0,1,1,1,1,0.5,5.5,78.57142857,,
,Dr Rayhan Islam,1,0,1,1,1,1,0.5,5.5,78.57142857,,
E07_P07_AR_VLL_GM,Dr Mamun Mahmud,1,0,1,1,1,0.5,0.5,5,71.42857143,76.19047619,76.19
,Dr Abid Hasan Khan,1,0,1,1,1,1,0.5,5.5,78.57142857,,
,Dr Rayhan Islam,1,0,1,1,1,1,0.5,5.5,78.57142857,,
E07_P07_AF_VML_GM,Dr Mamun Mahmud,1,1,1,1,1,0.5,0.5,6,85.71428571,90.47619048,90.48
,Dr Abid Hasan Khan,1,1,1,1,1,1,0.5,6.5,92.85714286,,
,Dr Rayhan Islam,1,1,1,1,1,1,0.5,6.5,92.85714286,,
E07_P07_AL_VML_GM,Dr Mamun Mahmud,1,1,1,1,1,0.5,0.5,6,85.71428571,90.47619048,90.48
,Dr Abid Hasan Khan,1,1,1,1,1,1,0.5,6.5,92.85714286,,
,Dr Rayhan Islam,1,1,1,1,1,1,0.5,6.5,92.85714286,,
E07_P07_AR_VML_GM,Dr Mamun Mahmud,1,1,1,1,1,0.5,0.5,6,85.71428571,90.47619048,90.48
,Dr Abid Hasan Khan,1,1,1,1,1,1,0.5,6.5,92.85714286,,
,Dr Rayhan Islam,1,1,1,1,1,1,0.5,6.5,92.85714286,,
E07_P07_AF_VO_GM,Dr Mamun Mahmud,1,1,0,0.9,1,1,1,5.9,84.28571429,84.28571429,84.29
,Dr Abid Hasan Khan,1,1,0,0.9,1,1,1,5.9,84.28571429,,
,Dr Rayhan Islam,1,1,0,0.9,1,1,1,5.9,84.28571429,,
E07_P07_AL_VO_GM,Dr Mamun Mahmud,1,1,0,0.9,1,1,1,5.9,84.28571429,84.28571429,84.29
,Dr Abid Hasan Khan,1,1,0,0.9,1,1,1,5.9,84.28571429,,
,Dr Rayhan Islam,1,1,0,0.9,1,1,1,5.9,84.28571429,,
E07_P07_AR_VO_GM,Dr Mamun Mahmud,1,1,0,0.9,1,1,1,5.9,84.28571429,84.28571429,84.29
,Dr Abid Hasan Khan,1,1,0,0.9,1,1,1,5.9,84.28571429,,
,Dr Rayhan Islam,1,1,0,0.9,1,1,1,5.9,84.28571429,,
E07_P08_AF_VFL_GM,Dr Mamun Mahmud,1,1,1,1,1,1,1,7,100,100,100
,Dr Abid Hasan Khan,1,1,1,1,1,1,1,7,100,,
,Dr Rayhan Islam,1,1,1,1,1,1,1,7,100,,
E07_P08_AL_VFL_GM,Dr Mamun Mahmud,1,1,1,1,1,1,1,7,100,100,100
,Dr Abid Hasan Khan,1,1,1,1,1,1,1,7,100,,
,Dr Rayhan Islam,1,1,1,1,1,1,1,7,100,,
E07_P08_AR_VFL_GM,Dr Mamun Mahmud,1,1,1,1,1,1,1,7,100,100,100
,Dr Abid Hasan Khan,1,1,1,1,1,1,1,7,100,,
,Dr Rayhan Islam,1,1,1,1,1,1,1,7,100,,
E07_P08_AF_VHJ_GM,Dr Mamun Mahmud,1,0,1,1,1,0.5,0.5,5,71.42857143,71.42857143,71.43
,Dr Abid Hasan Khan,1,0,1,1,1,0.5,0.5,5,71.42857143,,
,Dr Rayhan Islam,1,0,1,1,1,0.5,0.5,5,71.42857143,,
E07_P08_AL_VHJ_GM,Dr Mamun Mahmud,1,0,1,1,1,0.5,0.5,5,71.42857143,71.42857143,71.43
,Dr Abid Hasan Khan,1,0,1,1,1,0.5,0.5,5,71.42857143,,
,Dr Rayhan Islam,1,0,1,1,1,0.5,0.5,5,71.42857143,,
E07_P08_AR_VHJ_GM,Dr Mamun Mahmud,1,0,1,1,1,0.5,0.5,5,71.42857143,71.42857143,71.43
,Dr Abid Hasan Khan,1,0,1,1,1,0.5,0.5,5,71.42857143,,
,Dr Rayhan Islam,1,0,1,1,1,0.5,0.5,5,71.42857143,,
E07_P08_AF_VLJ_GM,Dr Mamun Mahmud,0,1,0,0.1,1,0,1,3.1,44.28571429,44.28571429,44.29
,Dr Abid Hasan Khan,0,1,0,0.1,1,0,1,3.1,44.28571429,,
,Dr Rayhan Islam,0,1,0,0.1,1,0,1,3.1,44.28571429,,
E07_P08_AL_VLJ_GM,Dr Mamun Mahmud,0,1,0,0.1,1,0,1,3.1,44.28571429,44.28571429,44.29
,Dr Abid Hasan Khan,0,1,0,0.1,1,0,1,3.1,44.28571429,,
,Dr Rayhan Islam,0,1,0,0.1,1,0,1,3.1,44.28571429,,
E07_P08_AR_VLJ_GM,Dr Mamun Mahmud,0,1,0,0.1,1,0,1,3.1,44.28571429,44.28571429,44.29
,Dr Abid Hasan Khan,0,1,0,0.1,1,0,1,3.1,44.28571429,,
,Dr Rayhan Islam,0,1,0,0.1,1,0,1,3.1,44.28571429,,
E07_P08_AF_VLL_GM,Dr Mamun Mahmud,0,1,0,0.1,1,0.5,0.5,3.1,44.28571429,44.28571429,44.29
,Dr Abid Hasan Khan,0,1,0,0.1,1,0.5,0.5,3.1,44.28571429,,
,Dr Rayhan Islam,0,1,0,0.1,1,0.5,0.5,3.1,44.28571429,,
E07_P08_AL_VLL_GM,Dr Mamun Mahmud,0,1,0,0.2,1,0.5,0.5,3.2,45.71428571,45.71428571,45.71
,Dr Abid Hasan Khan,0,1,0,0.2,1,0.5,0.5,3.2,45.71428571,,
,Dr Rayhan Islam,0,1,0,0.2,1,0.5,0.5,3.2,45.71428571,,
E07_P08_AR_VLL_GM,Dr Mamun Mahmud,0,1,0,0.2,1,0.5,0.5,3.2,45.71428571,45.71428571,45.71
,Dr Abid Hasan Khan,0,1,0,0.2,1,0.5,0.5,3.2,45.71428571,,
,Dr Rayhan Islam,0,1,0,0.2,1,0.5,0.5,3.2,45.71428571,,
E07_P08_AF_VML_GM,Dr Mamun Mahmud,0,1,0,0.5,1,0.5,0.5,3.5,50,47.61904762,47.62
,Dr Abid Hasan Khan,0,1,0,0.5,0.5,0.5,0.5,3,42.85714286,,
,Dr Rayhan Islam,0,1,0,0.5,1,0.5,0.5,3.5,50,,
E07_P08_AL_VML_GM,Dr Mamun Mahmud,0,1,0,0.3,1,0.5,0.5,3.3,47.14285714,44.76190476,44.76
,Dr Abid Hasan Khan,0,1,0,0.3,0.5,0.5,0.5,2.8,40,,
,Dr Rayhan Islam,0,1,0,0.3,1,0.5,0.5,3.3,47.14285714,,
E07_P08_AR_VML_GM,Dr Mamun Mahmud,0,1,0,0.3,1,0.5,0.5,3.3,47.14285714,44.76190476,44.76
,Dr Abid Hasan Khan,0,1,0,0.3,0.5,0.5,0.5,2.8,40,,
,Dr Rayhan Islam,0,1,0,0.3,1,0.5,0.5,3.3,47.14285714,,
E07_P08_AF_VO_GM,Dr Mamun Mahmud,1,0,1,1,1,1,0.5,5.5,78.57142857,78.57142857,78.57
,Dr Abid Hasan Khan,1,0,1,1,1,1,0.5,5.5,78.57142857,,
,Dr Rayhan Islam,1,0,1,1,1,1,0.5,5.5,78.57142857,,
E07_P08_AL_VO_GM,Dr Mamun Mahmud,1,0,1,1,1,1,0.5,5.5,78.57142857,78.57142857,78.57
,Dr Abid Hasan Khan,1,0,1,1,1,1,0.5,5.5,78.57142857,,
,Dr Rayhan Islam,1,0,1,1,1,1,0.5,5.5,78.57142857,,
E07_P08_AR_VO_GM,Dr Mamun Mahmud,1,0,0,0.9,1,1,0.5,4.4,62.85714286,62.85714286,62.86
,Dr Abid Hasan Khan,1,0,0,0.9,1,1,0.5,4.4,62.85714286,,
,Dr Rayhan Islam,1,0,0,0.9,1,1,0.5,4.4,62.85714286,,
E07_P17_AF_VFL_GM,Dr Mamun Mahmud,1,1,1,1,1,1,1,7,100,100,100
,Dr Abid Hasan Khan,1,1,1,1,1,1,1,7,100,,
,Dr Rayhan Islam,1,1,1,1,1,1,1,7,100,,
E07_P17_AL_VFL_GM,Dr Mamun Mahmud,1,1,1,1,1,1,1,7,100,100,100
,Dr Abid Hasan Khan,1,1,1,1,1,1,1,7,100,,
,Dr Rayhan Islam,1,1,1,1,1,1,1,7,100,,
E07_P17_AR_VFL_GM,Dr Mamun Mahmud,1,1,1,1,1,1,1,7,100,100,100
,Dr Abid Hasan Khan,1,1,1,1,1,1,1,7,100,,
,Dr Rayhan Islam,1,1,1,1,1,1,1,7,100,,
E07_P17_AF_VHJ_GM,Dr Mamun Mahmud,1,1,1,1,1,1,0.5,6.5,92.85714286,92.85714286,92.86
,Dr Abid Hasan Khan,1,1,1,1,1,1,0.5,6.5,92.85714286,,
,Dr Rayhan Islam,1,1,1,1,1,1,0.5,6.5,92.85714286,,
E07_P17_AL_VHJ_GM,Dr Mamun Mahmud,1,1,1,1,1,1,0.5,6.5,92.85714286,92.85714286,92.86
,Dr Abid Hasan Khan,1,1,1,1,1,1,0.5,6.5,92.85714286,,
,Dr Rayhan Islam,1,1,1,1,1,1,0.5,6.5,92.85714286,,
E07_P17_AR_VHJ_GM,Dr Mamun Mahmud,1,1,0,0.8,1,1,0.5,5.3,75.71428571,75.71428571,75.71
,Dr Abid Hasan Khan,1,1,0,0.8,1,1,0.5,5.3,75.71428571,,
,Dr Rayhan Islam,1,1,0,0.8,1,1,0.5,5.3,75.71428571,,
E07_P17_AF_VLJ_GM,Dr Mamun Mahmud,1,1,1,1,1,1,0.5,6.5,92.85714286,92.85714286,92.86
,Dr Abid Hasan Khan,1,1,1,1,1,1,0.5,6.5,92.85714286,,
,Dr Rayhan Islam,1,1,1,1,1,1,0.5,6.5,92.85714286,,
E07_P17_AL_VLJ_GM,Dr Mamun Mahmud,1,1,1,1,1,1,0.5,6.5,92.85714286,92.85714286,92.86
,Dr Abid Hasan Khan,1,1,1,1,1,1,0.5,6.5,92.85714286,,
,Dr Rayhan Islam,1,1,1,1,1,1,0.5,6.5,92.85714286,,
E07_P17_AR_VLJ_GM,Dr Mamun Mahmud,1,1,1,1,1,1,0.5,6.5,92.85714286,92.85714286,92.86
,Dr Abid Hasan Khan,1,1,1,1,1,1,0.5,6.5,92.85714286,,
,Dr Rayhan Islam,1,1,1,1,1,1,0.5,6.5,92.85714286,,
E07_P17_AF_VLL_GM,Dr Mamun Mahmud,1,1,1,1,1,1,0.5,6.5,92.85714286,92.85714286,92.86
,Dr Abid Hasan Khan,1,1,1,1,1,1,0.5,6.5,92.85714286,,
,Dr Rayhan Islam,1,1,1,1,1,1,0.5,6.5,92.85714286,,
E07_P17_AL_VLL_GM,Dr Mamun Mahmud,1,1,1,1,1,1,0.5,6.5,92.85714286,92.85714286,92.86
,Dr Abid Hasan Khan,1,1,1,1,1,1,0.5,6.5,92.85714286,,
,Dr Rayhan Islam,1,1,1,1,1,1,0.5,6.5,92.85714286,,
E07_P17_AR_VLL_GM,Dr Mamun Mahmud,1,1,1,1,1,1,0.5,6.5,92.85714286,92.85714286,92.86
,Dr Abid Hasan Khan,1,1,1,1,1,1,0.5,6.5,92.85714286,,
,Dr Rayhan Islam,1,1,1,1,1,1,0.5,6.5,92.85714286,,
E07_P17_AF_VML_GM,Dr Mamun Mahmud,1,1,0,0.8,1,1,0,4.8,68.57142857,68.57142857,68.57
,Dr Abid Hasan Khan,1,1,0,0.8,1,1,0,4.8,68.57142857,,
,Dr Rayhan Islam,1,1,0,0.8,1,1,0,4.8,68.57142857,,
E07_P17_AL_VML_GM,Dr Mamun Mahmud,1,1,0,0.6,1,1,0,4.6,65.71428571,65.71428571,65.71
,Dr Abid Hasan Khan,1,1,0,0.6,1,1,0,4.6,65.71428571,,
,Dr Rayhan Islam,1,1,0,0.6,1,1,0,4.6,65.71428571,,
E07_P17_AR_VML_GM,Dr Mamun Mahmud,1,1,0,0.6,1,1,0,4.6,65.71428571,65.71428571,65.71
,Dr Abid Hasan Khan,1,1,0,0.6,1,1,0,4.6,65.71428571,,
,Dr Rayhan Islam,1,1,0,0.6,1,1,0,4.6,65.71428571,,
E07_P17_AF_VO_GM,Dr Mamun Mahmud,1,1,1,1,1,1,0.5,6.5,92.85714286,92.85714286,92.86
,Dr Abid Hasan Khan,1,1,1,1,1,1,0.5,6.5,92.85714286,,
,Dr Rayhan Islam,1,1,1,1,1,1,0.5,6.5,92.85714286,,
E07_P17_AL_VO_GM,Dr Mamun Mahmud,1,1,1,1,1,1,0.5,6.5,92.85714286,92.85714286,92.86
,Dr Abid Hasan Khan,1,1,1,1,1,1,0.5,6.5,92.85714286,,
,Dr Rayhan Islam,1,1,1,1,1,1,0.5,6.5,92.85714286,,
E07_P17_AR_VO_GM,Dr Mamun Mahmud,1,1,1,1,1,1,0.5,6.5,92.85714286,92.85714286,92.86
,Dr Abid Hasan Khan,1,1,1,1,1,1,0.5,6.5,92.85714286,,
,Dr Rayhan Islam,1,1,1,1,1,1,0.5,6.5,92.85714286,,
E07_P18_AF_VFL_GM,Dr Mamun Mahmud,1,1,1,1,1,1,0.5,6.5,92.85714286,92.85714286,92.86
,Dr Abid Hasan Khan,1,1,1,1,1,1,0.5,6.5,92.85714286,,
,Dr Rayhan Islam,1,1,1,1,1,1,0.5,6.5,92.85714286,,
E07_P18_AL_VFL_GM,Dr Mamun Mahmud,1,1,1,1,1,1,0.5,6.5,92.85714286,92.85714286,92.86
,Dr Abid Hasan Khan,1,1,1,1,1,1,0.5,6.5,92.85714286,,
,Dr Rayhan Islam,1,1,1,1,1,1,0.5,6.5,92.85714286,,
E07_P18_AR_VFL_GM,Dr Mamun Mahmud,1,1,1,1,1,1,0.5,6.5,92.85714286,92.85714286,92.86
,Dr Abid Hasan Khan,1,1,1,1,1,1,0.5,6.5,92.85714286,,
,Dr Rayhan Islam,1,1,1,1,1,1,0.5,6.5,92.85714286,,
E07_P18_AF_VHJ_GM,Dr Mamun Mahmud,1,0,1,1,1,1,0.5,5.5,78.57142857,78.57142857,78.57
,Dr Abid Hasan Khan,1,0,1,1,1,1,0.5,5.5,78.57142857,,
,Dr Rayhan Islam,1,0,1,1,1,1,0.5,5.5,78.57142857,,
E07_P18_AL_VHJ_GM,Dr Mamun Mahmud,1,0,1,1,1,1,0.5,5.5,78.57142857,78.57142857,78.57
,Dr Abid Hasan Khan,1,0,1,1,1,1,0.5,5.5,78.57142857,,
,Dr Rayhan Islam,1,0,1,1,1,1,0.5,5.5,78.57142857,,
E07_P18_AR_VHJ_GM,Dr Mamun Mahmud,1,0,1,1,1,1,0.5,5.5,78.57142857,78.57142857,78.57
,Dr Abid Hasan Khan,1,0,1,1,1,1,0.5,5.5,78.57142857,,
,Dr Rayhan Islam,1,0,1,1,1,1,0.5,5.5,78.57142857,,
E07_P18_AF_VLJ_GM,Dr Mamun Mahmud,1,0,1,1,1,1,0.5,5.5,78.57142857,78.57142857,78.57
,Dr Abid Hasan Khan,1,0,1,1,1,1,0.5,5.5,78.57142857,,
,Dr Rayhan Islam,1,0,1,1,1,1,0.5,5.5,78.57142857,,
E07_P18_AL_VLJ_GM,Dr Mamun Mahmud,1,0,1,1,1,1,0.5,5.5,78.57142857,78.57142857,78.57
,Dr Abid Hasan Khan,1,0,1,1,1,1,0.5,5.5,78.57142857,,
,Dr Rayhan Islam,1,0,1,1,1,1,0.5,5.5,78.57142857,,
E07_P18_AR_VLJ_GM,Dr Mamun Mahmud,1,0,1,1,1,1,0.5,5.5,78.57142857,78.57142857,78.57
,Dr Abid Hasan Khan,1,0,1,1,1,1,0.5,5.5,78.57142857,,
,Dr Rayhan Islam,1,0,1,1,1,1,0.5,5.5,78.57142857,,
E07_P18_AF_VLL_GM,Dr Mamun Mahmud,1,1,1,1,1,1,0.5,6.5,92.85714286,90.47619048,90.48
,Dr Abid Hasan Khan,1,1,1,1,1,1,0.5,6.5,92.85714286,,
,Dr Rayhan Islam,1,1,1,1,1,0.5,0.5,6,85.71428571,,
E07_P18_AL_VLL_GM,Dr Mamun Mahmud,1,1,1,1,1,1,0.5,6.5,92.85714286,90.47619048,90.48
,Dr Abid Hasan Khan,1,1,1,1,1,1,0.5,6.5,92.85714286,,
,Dr Rayhan Islam,1,1,1,1,1,0.5,0.5,6,85.71428571,,
E07_P18_AR_VLL_GM,Dr Mamun Mahmud,1,1,1,1,1,1,0.5,6.5,92.85714286,90.47619048,90.48
,Dr Abid Hasan Khan,1,1,1,1,1,1,0.5,6.5,92.85714286,,
,Dr Rayhan Islam,1,1,1,1,1,0.5,0.5,6,85.71428571,,
E07_P18_AF_VML_GM,Dr Mamun Mahmud,1,1,1,1,1,0.5,0.5,6,85.71428571,85.71428571,85.71
,Dr Abid Hasan Khan,1,1,1,1,1,1,0.5,6.5,92.85714286,,
,Dr Rayhan Islam,1,1,1,1,1,0,0.5,5.5,78.57142857,,
E07_P18_AL_VML_GM,Dr Mamun Mahmud,1,1,1,1,1,0.5,0.5,6,85.71428571,85.71428571,85.71
,Dr Abid Hasan Khan,1,1,1,1,1,1,0.5,6.5,92.85714286,,
,Dr Rayhan Islam,1,1,1,1,1,0,0.5,5.5,78.57142857,,
E07_P18_AR_VML_GM,Dr Mamun Mahmud,1,1,1,1,1,0.5,0.5,6,85.71428571,85.71428571,85.71
,Dr Abid Hasan Khan,1,1,1,1,1,1,0.5,6.5,92.85714286,,
,Dr Rayhan Islam,1,1,1,1,1,0,0.5,5.5,78.57142857,,
E07_P18_AF_VO_GM,Dr Mamun Mahmud,1,1,1,1,1,0,1,6,85.71428571,90.47619048,90.48
,Dr Abid Hasan Khan,1,1,1,1,1,1,1,7,100,,
,Dr Rayhan Islam,1,1,1,1,1,0,1,6,85.71428571,,
E07_P18_AL_VO_GM,Dr Mamun Mahmud,1,1,1,1,1,0,1,6,85.71428571,90.47619048,90.48
,Dr Abid Hasan Khan,1,1,1,1,1,1,1,7,100,,
,Dr Rayhan Islam,1,1,1,1,1,0,1,6,85.71428571,,
E07_P18_AR_VO_GM,Dr Mamun Mahmud,1,1,1,1,1,0,1,6,85.71428571,90.47619048,90.48
,Dr Abid Hasan Khan,1,1,1,1,1,1,1,7,100,,
,Dr Rayhan Islam,1,1,1,1,1,0,1,6,85.71428571,,
E07_P19_AF_VFL_GM,Dr Mamun Mahmud,1,1,1,1,1,1,1,7,100,100,100
,Dr Abid Hasan Khan,1,1,1,1,1,1,1,7,100,,
,Dr Rayhan Islam,1,1,1,1,1,1,1,7,100,,
E07_P19_AL_VFL_GM,Dr Mamun Mahmud,1,1,1,1,1,1,1,7,100,100,100
,Dr Abid Hasan Khan,1,1,1,1,1,1,1,7,100,,
,Dr Rayhan Islam,1,1,1,1,1,1,1,7,100,,
E07_P19_AR_VFL_GM,Dr Mamun Mahmud,1,1,1,1,1,1,1,7,100,100,100
,Dr Abid Hasan Khan,1,1,1,1,1,1,1,7,100,,
,Dr Rayhan Islam,1,1,1,1,1,1,1,7,100,,
E07_P19_AF_VHJ_GM,Dr Mamun Mahmud,1,1,1,1,1,1,0.5,6.5,92.85714286,92.85714286,92.86
,Dr Abid Hasan Khan,1,1,1,1,1,1,0.5,6.5,92.85714286,,
,Dr Rayhan Islam,1,1,1,1,1,1,0.5,6.5,92.85714286,,
E07_P19_AL_VHJ_GM,Dr Mamun Mahmud,1,1,1,1,1,1,0.5,6.5,92.85714286,92.85714286,92.86
,Dr Abid Hasan Khan,1,1,1,1,1,1,0.5,6.5,92.85714286,,
,Dr Rayhan Islam,1,1,1,1,1,1,0.5,6.5,92.85714286,,
E07_P19_AR_VHJ_GM,Dr Mamun Mahmud,1,1,1,1,1,1,0.5,6.5,92.85714286,92.85714286,92.86
,Dr Abid Hasan Khan,1,1,1,1,1,1,0.5,6.5,92.85714286,,
,Dr Rayhan Islam,1,1,1,1,1,1,0.5,6.5,92.85714286,,
E07_P19_AL_VLJ_GM,Dr Mamun Mahmud,1,1,1,1,1,1,0.5,6.5,92.85714286,92.85714286,92.86
,Dr Abid Hasan Khan,1,1,1,1,1,1,0.5,6.5,92.85714286,,
,Dr Rayhan Islam,1,1,1,1,1,1,0.5,6.5,92.85714286,,
E07_P19_AR_VLJ_GM,Dr Mamun Mahmud,1,1,1,1,1,1,0.5,6.5,92.85714286,92.85714286,92.86
,Dr Abid Hasan Khan,1,1,1,1,1,1,0.5,6.5,92.85714286,,
,Dr Rayhan Islam,1,1,1,1,1,1,0.5,6.5,92.85714286,,
E07_P19_AF_VLL_GM,Dr Mamun Mahmud,1,0,1,1,1,1,0.5,5.5,78.57142857,78.57142857,78.57
,Dr Abid Hasan Khan,1,0,1,1,1,1,0.5,5.5,78.57142857,,
,Dr Rayhan Islam,1,0,1,1,1,1,0.5,5.5,78.57142857,,
E07_P19_AL_VLL_GM,Dr Mamun Mahmud,1,0,1,1,1,1,0.5,5.5,78.57142857,78.57142857,78.57
,Dr Abid Hasan Khan,1,0,1,1,1,1,0.5,5.5,78.57142857,,
,Dr Rayhan Islam,1,0,1,1,1,1,0.5,5.5,78.57142857,,
E07_P19_AR_VLL_GM,Dr Mamun Mahmud,1,0,1,1,1,1,0.5,5.5,78.57142857,78.57142857,78.57
,Dr Abid Hasan Khan,1,0,1,1,1,1,0.5,5.5,78.57142857,,
,Dr Rayhan Islam,1,0,1,1,1,1,0.5,5.5,78.57142857,,
E07_P19_AF_VML_GM,Dr Mamun Mahmud,1,1,1,1,0.5,1,0.5,6,85.71428571,90.47619048,90.48
,Dr Abid Hasan Khan,1,1,1,1,1,1,0.5,6.5,92.85714286,,
,Dr Rayhan Islam,1,1,1,1,1,1,0.5,6.5,92.85714286,,
E07_P19_AL_VML_GM,Dr Mamun Mahmud,1,1,1,1,0.5,1,0.5,6,85.71428571,90.47619048,90.48
,Dr Abid Hasan Khan,1,1,1,1,1,1,0.5,6.5,92.85714286,,
,Dr Rayhan Islam,1,1,1,1,1,1,0.5,6.5,92.85714286,,
E07_P19_AR_VML_GM,Dr Mamun Mahmud,1,1,1,1,0.5,1,0.5,6,85.71428571,90.47619048,90.48
,Dr Abid Hasan Khan,1,1,1,1,1,1,0.5,6.5,92.85714286,,
,Dr Rayhan Islam,1,1,1,1,1,1,0.5,6.5,92.85714286,,
E07_P19_AF_VO_GM,Dr Mamun Mahmud,1,1,1,1,1,0.5,0,5.5,78.57142857,80.95238095,80.95
,Dr Abid Hasan Khan,1,1,1,1,1,1,0,6,85.71428571,,
,Dr Rayhan Islam,1,1,1,1,1,0.5,0,5.5,78.57142857,,
E07_P19_AL_VO_GM,Dr Mamun Mahmud,1,1,0,0.9,1,0.5,0,4.4,62.85714286,65.23809524,65.24
,Dr Abid Hasan Khan,1,1,0,0.9,1,1,0,4.9,70,,
,Dr Rayhan Islam,1,1,0,0.9,1,0.5,0,4.4,62.85714286,,
E07_P19_AR_VO_GM,Dr Mamun Mahmud,1,1,1,1,1,0.5,0,5.5,78.57142857,80.95238095,80.95
,Dr Abid Hasan Khan,1,1,1,1,1,1,0,6,85.71428571,,
,Dr Rayhan Islam,1,1,1,1,1,0.5,0,5.5,78.57142857,,
E07_P20_AF_VFL_GM,Dr Mamun Mahmud,1,1,1,1,1,1,1,7,100,100,100
,Dr Abid Hasan Khan,1,1,1,1,1,1,1,7,100,,
,Dr Rayhan Islam,1,1,1,1,1,1,1,7,100,,
E07_P20_AL_VFL_GM,Dr Mamun Mahmud,1,1,1,1,1,1,1,7,100,100,100
,Dr Abid Hasan Khan,1,1,1,1,1,1,1,7,100,,
,Dr Rayhan Islam,1,1,1,1,1,1,1,7,100,,
E07_P20_AR_VFL_GM,Dr Mamun Mahmud,1,1,1,1,1,1,1,7,100,100,100
,Dr Abid Hasan Khan,1,1,1,1,1,1,1,7,100,,
,Dr Rayhan Islam,1,1,1,1,1,1,1,7,100,,
E07_P20_AF_VHJ_GM,Dr Mamun Mahmud,1,1,1,1,1,1,1,7,100,100,100
,Dr Abid Hasan Khan,1,1,1,1,1,1,1,7,100,,
,Dr Rayhan Islam,1,1,1,1,1,1,1,7,100,,
E07_P20_AL_VHJ_GM,Dr Mamun Mahmud,1,1,1,1,1,1,1,7,100,100,100
,Dr Abid Hasan Khan,1,1,1,1,1,1,1,7,100,,
,Dr Rayhan Islam,1,1,1,1,1,1,1,7,100,,
E07_P20_AR_VHJ_GM,Dr Mamun Mahmud,1,1,1,1,1,1,1,7,100,100,100
,Dr Abid Hasan Khan,1,1,1,1,1,1,1,7,100,,
,Dr Rayhan Islam,1,1,1,1,1,1,1,7,100,,
E07_P20_AF_VLJ_GM,Dr Mamun Mahmud,1,1,1,1,1,1,0.5,6.5,92.85714286,92.85714286,92.86
,Dr Abid Hasan Khan,1,1,1,1,1,1,0.5,6.5,92.85714286,,
,Dr Rayhan Islam,1,1,1,1,1,1,0.5,6.5,92.85714286,,
E07_P20_AL_VLJ_GM,Dr Mamun Mahmud,1,1,0,0.9,1,1,0.5,5.4,77.14285714,77.14285714,77.14
,Dr Abid Hasan Khan,1,1,0,0.9,1,1,0.5,5.4,77.14285714,,
,Dr Rayhan Islam,1,1,0,0.9,1,1,0.5,5.4,77.14285714,,
E07_P20_AR_VLJ_GM,Dr Mamun Mahmud,1,1,0,0.9,1,1,0.5,5.4,77.14285714,77.14285714,77.14
,Dr Abid Hasan Khan,1,1,0,0.9,1,1,0.5,5.4,77.14285714,,
,Dr Rayhan Islam,1,1,0,0.9,1,1,0.5,5.4,77.14285714,,
E07_P20_AF_VLL_GM,Dr Mamun Mahmud,1,1,1,1,1,1,0.5,6.5,92.85714286,92.85714286,92.86
,Dr Abid Hasan Khan,1,1,1,1,1,1,0.5,6.5,92.85714286,,
,Dr Rayhan Islam,1,1,1,1,1,1,0.5,6.5,92.85714286,,
E07_P20_AL_VLL_GM,Dr Mamun Mahmud,1,1,1,1,1,1,0.5,6.5,92.85714286,92.85714286,92.86
,Dr Abid Hasan Khan,1,1,1,1,1,1,0.5,6.5,92.85714286,,
,Dr Rayhan Islam,1,1,1,1,1,1,0.5,6.5,92.85714286,,
E07_P20_AR_VLL_GM,Dr Mamun Mahmud,1,1,1,1,1,1,0.5,6.5,92.85714286,92.85714286,92.86
,Dr Abid Hasan Khan,1,1,1,1,1,1,0.5,6.5,92.85714286,,
,Dr Rayhan Islam,1,1,1,1,1,1,0.5,6.5,92.85714286,,
E07_P20_AF_VML_GM,Dr Mamun Mahmud,1,1,0,0.9,1,1,0.5,5.4,77.14285714,77.14285714,77.14
,Dr Abid Hasan Khan,1,1,0,0.9,1,1,0.5,5.4,77.14285714,,
,Dr Rayhan Islam,1,1,0,0.9,1,1,0.5,5.4,77.14285714,,
E07_P20_AL_VML_GM,Dr Mamun Mahmud,1,1,0,0.9,1,1,0.5,5.4,77.14285714,77.14285714,77.14
,Dr Abid Hasan Khan,1,1,0,0.9,1,1,0.5,5.4,77.14285714,,
,Dr Rayhan Islam,1,1,0,0.9,1,1,0.5,5.4,77.14285714,,
E07_P20_AR_VML_GM,Dr Mamun Mahmud,1,1,1,1,1,1,0.5,6.5,92.85714286,92.85714286,92.86
,Dr Abid Hasan Khan,1,1,1,1,1,1,0.5,6.5,92.85714286,,
,Dr Rayhan Islam,1,1,1,1,1,1,0.5,6.5,92.85714286,,
E07_P20_AF_VO_GM,Dr Mamun Mahmud,1,1,1,1,1,1,0.5,6.5,92.85714286,92.85714286,92.86
,Dr Abid Hasan Khan,1,1,1,1,1,1,0.5,6.5,92.85714286,,
,Dr Rayhan Islam,1,1,1,1,1,1,0.5,6.5,92.85714286,,
E07_P20_AL_VO_GM,Dr Mamun Mahmud,1,1,1,1,1,1,0.5,6.5,92.85714286,92.85714286,92.86
,Dr Abid Hasan Khan,1,1,1,1,1,1,0.5,6.5,92.85714286,,
,Dr Rayhan Islam,1,1,1,1,1,1,0.5,6.5,92.85714286,,
E07_P20_AR_VO_GM,Dr Mamun Mahmud,1,1,1,1,1,1,0.5,6.5,92.85714286,92.85714286,92.86
,Dr Abid Hasan Khan,1,1,1,1,1,1,0.5,6.5,92.85714286,,
,Dr Rayhan Islam,1,1,1,1,1,1,0.5,6.5,92.85714286,,
E07_P21_AF_VFL_GM,Dr Mamun Mahmud,1,1,0,0.6,1,1,0,4.6,65.71428571,65.71428571,65.71
,Dr Abid Hasan Khan,1,1,0,0.6,1,1,0,4.6,65.71428571,,
,Dr Rayhan Islam,1,1,0,0.6,1,1,0,4.6,65.71428571,,
E07_P21_AL_VFL_GM,Dr Mamun Mahmud,1,1,0,0.6,1,1,0,4.6,65.71428571,65.71428571,65.71
,Dr Abid Hasan Khan,1,1,0,0.6,1,1,0,4.6,65.71428571,,
,Dr Rayhan Islam,1,1,0,0.6,1,1,0,4.6,65.71428571,,
E07_P21_AR_VFL_GM,Dr Mamun Mahmud,1,1,0,0.6,1,1,0,4.6,65.71428571,65.71428571,65.71
,Dr Abid Hasan Khan,1,1,0,0.6,1,1,0,4.6,65.71428571,,
,Dr Rayhan Islam,1,1,0,0.6,1,1,0,4.6,65.71428571,,
E07_P21_AF_VHJ_GM,Dr Mamun Mahmud,1,1,0,0.7,1,1,0,4.7,67.14285714,67.14285714,67.14
,Dr Abid Hasan Khan,1,1,0,0.7,1,1,0,4.7,67.14285714,,
,Dr Rayhan Islam,1,1,0,0.7,1,1,0,4.7,67.14285714,,
E07_P21_AL_VHJ_GM,Dr Mamun Mahmud,1,1,0,0.6,1,1,0,4.6,65.71428571,65.71428571,65.71
,Dr Abid Hasan Khan,1,1,0,0.6,1,1,0,4.6,65.71428571,,
,Dr Rayhan Islam,1,1,0,0.6,1,1,0,4.6,65.71428571,,
E07_P21_AR_VHJ_GM,Dr Mamun Mahmud,1,1,0,0.6,1,1,0,4.6,65.71428571,65.71428571,65.71
,Dr Abid Hasan Khan,1,1,0,0.6,1,1,0,4.6,65.71428571,,
,Dr Rayhan Islam,1,1,0,0.6,1,1,0,4.6,65.71428571,,
E07_P21_AF_VLJ_GM,Dr Mamun Mahmud,1,1,0,0.2,1,1,0,4.2,60,60,60
,Dr Abid Hasan Khan,1,1,0,0.2,1,1,0,4.2,60,,
,Dr Rayhan Islam,1,1,0,0.2,1,1,0,4.2,60,,
E07_P21_AL_VLJ_GM,Dr Mamun Mahmud,1,1,0,0.1,1,1,0,4.1,58.57142857,58.57142857,58.57
,Dr Abid Hasan Khan,1,1,0,0.1,1,1,0,4.1,58.57142857,,
,Dr Rayhan Islam,1,1,0,0.1,1,1,0,4.1,58.57142857,,
E07_P21_AR_VLJ_GM,Dr Mamun Mahmud,1,1,0,0.1,1,1,0,4.1,58.57142857,58.57142857,58.57
,Dr Abid Hasan Khan,1,1,0,0.1,1,1,0,4.1,58.57142857,,
,Dr Rayhan Islam,1,1,0,0.1,1,1,0,4.1,58.57142857,,
E07_P21_AF_VLL_GM,Dr Mamun Mahmud,1,1,0,0.9,1,1,0,4.9,70,70,70
,Dr Abid Hasan Khan,1,1,0,0.9,1,1,0,4.9,70,,
,Dr Rayhan Islam,1,1,0,0.9,1,1,0,4.9,70,,
E07_P21_AL_VLL_GM,Dr Mamun Mahmud,1,1,1,1,1,1,0,6,85.71428571,85.71428571,85.71
,Dr Abid Hasan Khan,1,1,1,1,1,1,0,6,85.71428571,,
,Dr Rayhan Islam,1,1,1,1,1,1,0,6,85.71428571,,
E07_P21_AR_VLL_GM,Dr Mamun Mahmud,1,1,1,1,1,1,0,6,85.71428571,85.71428571,85.71
,Dr Abid Hasan Khan,1,1,1,1,1,1,0,6,85.71428571,,
,Dr Rayhan Islam,1,1,1,1,1,1,0,6,85.71428571,,
E07_P21_AF_VML_GM,Dr Mamun Mahmud,1,1,1,1,1,1,0,6,85.71428571,85.71428571,85.71
,Dr Abid Hasan Khan,1,1,1,1,1,1,0,6,85.71428571,,
,Dr Rayhan Islam,1,1,1,1,1,1,0,6,85.71428571,,
E07_P21_AL_VML_GM,Dr Mamun Mahmud,1,1,0,0.9,1,1,0,4.9,70,70,70
,Dr Abid Hasan Khan,1,1,0,0.9,1,1,0,4.9,70,,
,Dr Rayhan Islam,1,1,0,0.9,1,1,0,4.9,70,,
E07_P21_AR_VML_GM,Dr Mamun Mahmud,1,1,0,0.9,1,1,0,4.9,70,70,70
,Dr Abid Hasan Khan,1,1,0,0.9,1,1,0,4.9,70,,
,Dr Rayhan Islam,1,1,0,0.9,1,1,0,4.9,70,,
E07_P21_AF_VO_GM,Dr Mamun Mahmud,1,1,0,0.4,1,1,0,4.4,62.85714286,62.85714286,62.86
,Dr Abid Hasan Khan,1,1,0,0.4,1,1,0,4.4,62.85714286,,
,Dr Rayhan Islam,1,1,0,0.4,1,1,0,4.4,62.85714286,,
E07_P21_AL_VO_GM,Dr Mamun Mahmud,1,1,0,0.3,1,1,0,4.3,61.42857143,61.42857143,61.43
,Dr Abid Hasan Khan,1,1,0,0.3,1,1,0,4.3,61.42857143,,
,Dr Rayhan Islam,1,1,0,0.3,1,1,0,4.3,61.42857143,,
E07_P21_AR_VO_GM,Dr Mamun Mahmud,1,1,0,0.4,1,1,0,4.4,62.85714286,62.85714286,62.86
,Dr Abid Hasan Khan,1,1,0,0.4,1,1,0,4.4,62.85714286,,
,Dr Rayhan Islam,1,1,0,0.4,1,1,0,4.4,62.85714286,,
E07_P22_AF_VFL_GM,Dr Mamun Mahmud,1,1,0,0.8,1,0.5,0,4.3,61.42857143,66.19047619,66.19
,Dr Abid Hasan Khan,1,1,0,0.8,1,1,0,4.8,68.57142857,,
,Dr Rayhan Islam,1,1,0,0.8,1,1,0,4.8,68.57142857,,
E07_P22_AL_VFL_GM,Dr Mamun Mahmud,1,1,0,0.9,1,0.5,0,4.4,62.85714286,67.61904762,67.62
,Dr Abid Hasan Khan,1,1,0,0.9,1,1,0,4.9,70,,
,Dr Rayhan Islam,1,1,0,0.9,1,1,0,4.9,70,,
E07_P22_AR_VFL_GM,Dr Mamun Mahmud,1,1,0,0.6,1,0.5,0,4.1,58.57142857,63.33333333,63.33
,Dr Abid Hasan Khan,1,1,0,0.6,1,1,0,4.6,65.71428571,,
,Dr Rayhan Islam,1,1,0,0.6,1,1,0,4.6,65.71428571,,
E07_P22_AF_VHJ_GM,Dr Mamun Mahmud,1,1,0,0.6,1,1,0,4.6,65.71428571,65.71428571,65.71
,Dr Abid Hasan Khan,1,1,0,0.6,1,1,0,4.6,65.71428571,,
,Dr Rayhan Islam,1,1,0,0.6,1,1,0,4.6,65.71428571,,
E07_P22_AL_VHJ_GM,Dr Mamun Mahmud,1,1,0,0.7,1,1,0,4.7,67.14285714,67.14285714,67.14
,Dr Abid Hasan Khan,1,1,0,0.7,1,1,0,4.7,67.14285714,,
,Dr Rayhan Islam,1,1,0,0.7,1,1,0,4.7,67.14285714,,
E07_P22_AR_VHJ_GM,Dr Mamun Mahmud,1,1,0,0.3,1,1,0,4.3,61.42857143,61.42857143,61.43
,Dr Abid Hasan Khan,1,1,0,0.3,1,1,0,4.3,61.42857143,,
,Dr Rayhan Islam,1,1,0,0.3,1,1,0,4.3,61.42857143,,
E07_P22_AF_VLJ_GM,Dr Mamun Mahmud,1,1,0,0.8,1,1,0,4.8,68.57142857,68.57142857,68.57
,Dr Abid Hasan Khan,1,1,0,0.8,1,1,0,4.8,68.57142857,,
,Dr Rayhan Islam,1,1,0,0.8,1,1,0,4.8,68.57142857,,
E07_P22_AL_VLJ_GM,Dr Mamun Mahmud,1,1,0,0.8,1,1,0,4.8,68.57142857,68.57142857,68.57
,Dr Abid Hasan Khan,1,1,0,0.8,1,1,0,4.8,68.57142857,,
,Dr Rayhan Islam,1,1,0,0.8,1,1,0,4.8,68.57142857,,
E07_P22_AR_VLJ_GM,Dr Mamun Mahmud,1,1,0,0.4,1,1,0,4.4,62.85714286,62.85714286,62.86
,Dr Abid Hasan Khan,1,1,0,0.4,1,1,0,4.4,62.85714286,,
,Dr Rayhan Islam,1,1,0,0.4,1,1,0,4.4,62.85714286,,
E07_P22_AF_VLL_GM,Dr Mamun Mahmud,1,1,0,0.7,1,1,0,4.7,67.14285714,67.14285714,67.14
,Dr Abid Hasan Khan,1,1,0,0.7,1,1,0,4.7,67.14285714,,
,Dr Rayhan Islam,1,1,0,0.7,1,1,0,4.7,67.14285714,,
E07_P22_AL_VLL_GM,Dr Mamun Mahmud,1,1,0,0.5,1,1,0,4.5,64.28571429,64.28571429,64.29
,Dr Abid Hasan Khan,1,1,0,0.5,1,1,0,4.5,64.28571429,,
,Dr Rayhan Islam,1,1,0,0.5,1,1,0,4.5,64.28571429,,
E07_P22_AR_VLL_GM,Dr Mamun Mahmud,1,1,0,0.4,1,1,0,4.4,62.85714286,62.85714286,62.86
,Dr Abid Hasan Khan,1,1,0,0.4,1,1,0,4.4,62.85714286,,
,Dr Rayhan Islam,1,1,0,0.4,1,1,0,4.4,62.85714286,,
E07_P22_AF_VML_GM,Dr Mamun Mahmud,1,1,0,0.6,1,1,0,4.6,65.71428571,65.71428571,65.71
,Dr Abid Hasan Khan,1,1,0,0.6,1,1,0,4.6,65.71428571,,
,Dr Rayhan Islam,1,1,0,0.6,1,1,0,4.6,65.71428571,,
E07_P22_AL_VML_GM,Dr Mamun Mahmud,1,1,0,0.4,1,1,0,4.4,62.85714286,62.85714286,62.86
,Dr Abid Hasan Khan,1,1,0,0.4,1,1,0,4.4,62.85714286,,
,Dr Rayhan Islam,1,1,0,0.4,1,1,0,4.4,62.85714286,,
E07_P22_AR_VML_GM,Dr Mamun Mahmud,1,1,0,0.2,1,1,0,4.2,60,60,60
,Dr Abid Hasan Khan,1,1,0,0.2,1,1,0,4.2,60,,
,Dr Rayhan Islam,1,1,0,0.2,1,1,0,4.2,60,,
E07_P22_AF_VO_GM,Dr Mamun Mahmud,1,1,0,0.5,1,1,0,4.5,64.28571429,64.28571429,64.29
,Dr Abid Hasan Khan,1,1,0,0.5,1,1,0,4.5,64.28571429,,
,Dr Rayhan Islam,1,1,0,0.5,1,1,0,4.5,64.28571429,,
E07_P22_AL_VO_GM,Dr Mamun Mahmud,1,1,0,0.4,1,1,0,4.4,62.85714286,62.85714286,62.86
,Dr Abid Hasan Khan,1,1,0,0.4,1,1,0,4.4,62.85714286,,
,Dr Rayhan Islam,1,1,0,0.4,1,1,0,4.4,62.85714286,,
E07_P22_AR_VO_GM,Dr Mamun Mahmud,1,1,0,0.3,1,1,0,4.3,61.42857143,61.42857143,61.43
,Dr Abid Hasan Khan,1,1,0,0.3,1,1,0,4.3,61.42857143,,
,Dr Rayhan Islam,1,1,0,0.3,1,1,0,4.3,61.42857143,,
E07_P23_AF_VFL_GM,Dr Mamun Mahmud,1,1,1,1,1,1,1,7,100,100,100
,Dr Abid Hasan Khan,1,1,1,1,1,1,1,7,100,,
,Dr Rayhan Islam,1,1,1,1,1,1,1,7,100,,
E07_P23_AL_VFL_GM,Dr Mamun Mahmud,1,1,1,1,1,1,1,7,100,100,100
,Dr Abid Hasan Khan,1,1,1,1,1,1,1,7,100,,
,Dr Rayhan Islam,1,1,1,1,1,1,1,7,100,,
E07_P23_AR_VFL_GM,Dr Mamun Mahmud,1,1,1,1,1,1,1,7,100,100,100
,Dr Abid Hasan Khan,1,1,1,1,1,1,1,7,100,,
,Dr Rayhan Islam,1,1,1,1,1,1,1,7,100,,
E07_P23_AF_VHJ_GM,Dr Mamun Mahmud,1,1,1,1,1,1,0.5,6.5,92.85714286,92.85714286,92.86
,Dr Abid Hasan Khan,1,1,1,1,1,1,0.5,6.5,92.85714286,,
,Dr Rayhan Islam,1,1,1,1,1,1,0.5,6.5,92.85714286,,
E07_P23_AL_VHJ_GM,Dr Mamun Mahmud,1,1,1,1,1,1,0.5,6.5,92.85714286,92.85714286,92.86
,Dr Abid Hasan Khan,1,1,1,1,1,1,0.5,6.5,92.85714286,,
,Dr Rayhan Islam,1,1,1,1,1,1,0.5,6.5,92.85714286,,
E07_P23_AR_VHJ_GM,Dr Mamun Mahmud,1,1,1,1,1,1,0.5,6.5,92.85714286,92.85714286,92.86
,Dr Abid Hasan Khan,1,1,1,1,1,1,0.5,6.5,92.85714286,,
,Dr Rayhan Islam,1,1,1,1,1,1,0.5,6.5,92.85714286,,
E07_P23_AF_VLJ_GM,Dr Mamun Mahmud,1,1,1,1,1,1,1,7,100,100,100
,Dr Abid Hasan Khan,1,1,1,1,1,1,1,7,100,,
,Dr Rayhan Islam,1,1,1,1,1,1,1,7,100,,
E07_P23_AL_VLJ_GM,Dr Mamun Mahmud,1,1,1,1,1,1,1,7,100,100,100
,Dr Abid Hasan Khan,1,1,1,1,1,1,1,7,100,,
,Dr Rayhan Islam,1,1,1,1,1,1,1,7,100,,
E07_P23_AR_VLJ_GM,Dr Mamun Mahmud,1,1,1,1,1,1,1,7,100,100,100
,Dr Abid Hasan Khan,1,1,1,1,1,1,1,7,100,,
,Dr Rayhan Islam,1,1,1,1,1,1,1,7,100,,
E07_P23_AF_VLL_GM,Dr Mamun Mahmud,1,1,0,0.9,1,0.5,1,5.4,77.14285714,77.14285714,77.14
,Dr Abid Hasan Khan,1,1,0,0.9,1,0.5,1,5.4,77.14285714,,
,Dr Rayhan Islam,1,1,0,0.9,1,0.5,1,5.4,77.14285714,,
E07_P23_AL_VLL_GM,Dr Mamun Mahmud,1,1,0,0.8,1,0.5,1,5.3,75.71428571,75.71428571,75.71
,Dr Abid Hasan Khan,1,1,0,0.8,1,0.5,1,5.3,75.71428571,,
,Dr Rayhan Islam,1,1,0,0.8,1,0.5,1,5.3,75.71428571,,
E07_P23_AR_VLL_GM,Dr Mamun Mahmud,1,1,0,0.8,1,0.5,1,5.3,75.71428571,75.71428571,75.71
,Dr Abid Hasan Khan,1,1,0,0.8,1,0.5,1,5.3,75.71428571,,
,Dr Rayhan Islam,1,1,0,0.8,1,0.5,1,5.3,75.71428571,,
E07_P23_AF_VML_GM,Dr Mamun Mahmud,1,1,1,1,1,0.5,1,6.5,92.85714286,95.23809524,95.24
,Dr Abid Hasan Khan,1,1,1,1,1,1,1,7,100,,
,Dr Rayhan Islam,1,1,1,1,1,0.5,1,6.5,92.85714286,,
E07_P23_AL_VML_GM,Dr Mamun Mahmud,1,1,1,1,1,0.5,1,6.5,92.85714286,95.23809524,95.24
,Dr Abid Hasan Khan,1,1,1,1,1,1,1,7,100,,
,Dr Rayhan Islam,1,1,1,1,1,0.5,1,6.5,92.85714286,,
E07_P23_AR_VML_GM,Dr Mamun Mahmud,1,1,1,1,1,0.5,1,6.5,92.85714286,95.23809524,95.24
,Dr Abid Hasan Khan,1,1,1,1,1,1,1,7,100,,
,Dr Rayhan Islam,1,1,1,1,1,0.5,1,6.5,92.85714286,,
E07_P23_AF_VO_GM,Dr Mamun Mahmud,1,1,1,1,1,0.5,0.5,6,85.71428571,85.71428571,85.71
,Dr Abid Hasan Khan,1,1,1,1,1,0.5,0.5,6,85.71428571,,
,Dr Rayhan Islam,1,1,1,1,1,0.5,0.5,6,85.71428571,,
E07_P23_AL_VO_GM,Dr Mamun Mahmud,1,1,0,0.9,1,0.5,0.5,4.9,70,70,70
,Dr Abid Hasan Khan,1,1,0,0.9,1,0.5,0.5,4.9,70,,
,Dr Rayhan Islam,1,1,0,0.9,1,0.5,0.5,4.9,70,,
E07_P23_AR_VO_GM,Dr Mamun Mahmud,1,1,1,1,1,0.5,0.5,6,85.71428571,85.71428571,85.71
,Dr Abid Hasan Khan,1,1,1,1,1,0.5,0.5,6,85.71428571,,
,Dr Rayhan Islam,1,1,1,1,1,0.5,0.5,6,85.71428571,,
E08_P02_AF_VFL_GM,Dr Mamun Mahmud,1,1,0,0.8,1,1,1,5.8,82.85714286,82.85714286,82.86
,Dr Abid Hasan Khan,1,1,0,0.8,1,1,1,5.8,82.85714286,,
,Dr Rayhan Islam,1,1,0,0.8,1,1,1,5.8,82.85714286,,
E08_P02_AL_VFL_GM,Dr Mamun Mahmud,1,1,0,0.8,1,1,1,5.8,82.85714286,82.85714286,82.86
,Dr Abid Hasan Khan,1,1,0,0.8,1,1,1,5.8,82.85714286,,
,Dr Rayhan Islam,1,1,0,0.8,1,1,1,5.8,82.85714286,,
E08_P02_AR_VFL_GM,Dr Mamun Mahmud,1,1,0,0.8,1,1,1,5.8,82.85714286,82.85714286,82.86
,Dr Abid Hasan Khan,1,1,0,0.8,1,1,1,5.8,82.85714286,,
,Dr Rayhan Islam,1,1,0,0.8,1,1,1,5.8,82.85714286,,
E08_P02_AF_VHJ_GM,Dr Mamun Mahmud,1,1,1,1,1,1,1,7,100,100,100
,Dr Abid Hasan Khan,1,1,1,1,1,1,1,7,100,,
,Dr Rayhan Islam,1,1,1,1,1,1,1,7,100,,
E08_P02_AL_VHJ_GM,Dr Mamun Mahmud,1,1,1,1,1,1,1,7,100,100,100
,Dr Abid Hasan Khan,1,1,1,1,1,1,1,7,100,,
,Dr Rayhan Islam,1,1,1,1,1,1,1,7,100,,
E08_P02_AR_VHJ_GM,Dr Mamun Mahmud,1,1,1,1,1,1,1,7,100,100,100
,Dr Abid Hasan Khan,1,1,1,1,1,1,1,7,100,,
,Dr Rayhan Islam,1,1,1,1,1,1,1,7,100,,
E08_P02_AF_VLJ_GM,Dr Mamun Mahmud,1,1,1,1,1,1,1,7,100,100,100
,Dr Abid Hasan Khan,1,1,1,1,1,1,1,7,100,,
,Dr Rayhan Islam,1,1,1,1,1,1,1,7,100,,
E08_P02_AL_VLJ_GM,Dr Mamun Mahmud,1,1,0,0.9,1,1,1,5.9,84.28571429,84.28571429,84.29
,Dr Abid Hasan Khan,1,1,0,0.9,1,1,1,5.9,84.28571429,,
,Dr Rayhan Islam,1,1,0,0.9,1,1,1,5.9,84.28571429,,
E08_P02_AR_VLJ_GM,Dr Mamun Mahmud,1,1,0,0.9,1,1,1,5.9,84.28571429,84.28571429,84.29
,Dr Abid Hasan Khan,1,1,0,0.9,1,1,1,5.9,84.28571429,,
,Dr Rayhan Islam,1,1,0,0.9,1,1,1,5.9,84.28571429,,
E08_P02_AF_VLL_GM,Dr Mamun Mahmud,1,1,1,1,1,1,1,7,100,100,100
,Dr Abid Hasan Khan,1,1,1,1,1,1,1,7,100,,
,Dr Rayhan Islam,1,1,1,1,1,1,1,7,100,,
E08_P02_AL_VLL_GM,Dr Mamun Mahmud,1,1,1,1,1,1,1,7,100,100,100
,Dr Abid Hasan Khan,1,1,1,1,1,1,1,7,100,,
,Dr Rayhan Islam,1,1,1,1,1,1,1,7,100,,
E08_P02_AR_VLL_GM,Dr Mamun Mahmud,1,1,0,0.9,1,1,1,5.9,84.28571429,84.28571429,84.29
,Dr Abid Hasan Khan,1,1,0,0.9,1,1,1,5.9,84.28571429,,
,Dr Rayhan Islam,1,1,0,0.9,1,1,1,5.9,84.28571429,,
E08_P02_AF_VML_GM,Dr Mamun Mahmud,1,1,1,1,1,1,1,7,100,100,100
,Dr Abid Hasan Khan,1,1,1,1,1,1,1,7,100,,
,Dr Rayhan Islam,1,1,1,1,1,1,1,7,100,,
E08_P02_AL_VML_GM,Dr Mamun Mahmud,1,1,1,1,1,1,1,7,100,100,100
,Dr Abid Hasan Khan,1,1,1,1,1,1,1,7,100,,
,Dr Rayhan Islam,1,1,1,1,1,1,1,7,100,,
E08_P02_AR_VML_GM,Dr Mamun Mahmud,1,1,1,1,1,1,1,7,100,100,100
,Dr Abid Hasan Khan,1,1,1,1,1,1,1,7,100,,
,Dr Rayhan Islam,1,1,1,1,1,1,1,7,100,,
E08_P02_AF_VO_GM,Dr Mamun Mahmud,1,1,1,1,1,1,1,7,100,100,100
,Dr Abid Hasan Khan,1,1,1,1,1,1,1,7,100,,
,Dr Rayhan Islam,1,1,1,1,1,1,1,7,100,,
E08_P02_AL_VO_GM,Dr Mamun Mahmud,1,1,1,1,1,1,1,7,100,100,100
,Dr Abid Hasan Khan,1,1,1,1,1,1,1,7,100,,
,Dr Rayhan Islam,1,1,1,1,1,1,1,7,100,,
E08_P02_AR_VO_GM,Dr Mamun Mahmud,1,1,1,1,1,1,1,7,100,100,100
,Dr Abid Hasan Khan,1,1,1,1,1,1,1,7,100,,
,Dr Rayhan Islam,1,1,1,1,1,1,1,7,100,,
E08_P03_AF_VFL_GM,Dr Mamun Mahmud,1,1,1,1,1,1,1,7,100,100,100
,Dr Abid Hasan Khan,1,1,1,1,1,1,1,7,100,,
,Dr Rayhan Islam,1,1,1,1,1,1,1,7,100,,
E08_P03_AL_VFL_GM,Dr Mamun Mahmud,1,1,1,1,1,1,1,7,100,100,100
,Dr Abid Hasan Khan,1,1,1,1,1,1,1,7,100,,
,Dr Rayhan Islam,1,1,1,1,1,1,1,7,100,,
E08_P03_AR_VFL_GM,Dr Mamun Mahmud,1,1,1,1,1,1,1,7,100,100,100
,Dr Abid Hasan Khan,1,1,1,1,1,1,1,7,100,,
,Dr Rayhan Islam,1,1,1,1,1,1,1,7,100,,
E08_P03_AF_VHJ_GM,Dr Mamun Mahmud,1,1,1,1,1,1,1,7,100,100,100
,Dr Abid Hasan Khan,1,1,1,1,1,1,1,7,100,,
,Dr Rayhan Islam,1,1,1,1,1,1,1,7,100,,
E08_P03_AL_VHJ_GM,Dr Mamun Mahmud,1,1,0,0.9,1,1,1,5.9,84.28571429,84.28571429,84.29
,Dr Abid Hasan Khan,1,1,0,0.9,1,1,1,5.9,84.28571429,,
,Dr Rayhan Islam,1,1,0,0.9,1,1,1,5.9,84.28571429,,
E08_P03_AR_VHJ_GM,Dr Mamun Mahmud,1,1,0,0.9,1,1,1,5.9,84.28571429,84.28571429,84.29
,Dr Abid Hasan Khan,1,1,0,0.9,1,1,1,5.9,84.28571429,,
,Dr Rayhan Islam,1,1,0,0.9,1,1,1,5.9,84.28571429,,
E08_P03_AF_VLJ_GM,Dr Mamun Mahmud,1,1,1,1,1,1,1,7,100,100,100
,Dr Abid Hasan Khan,1,1,1,1,1,1,1,7,100,,
,Dr Rayhan Islam,1,1,1,1,1,1,1,7,100,,
E08_P03_AL_VLJ_GM,Dr Mamun Mahmud,1,1,1,1,1,1,1,7,100,100,100
,Dr Abid Hasan Khan,1,1,1,1,1,1,1,7,100,,
,Dr Rayhan Islam,1,1,1,1,1,1,1,7,100,,
E08_P03_AR_VLJ_GM,Dr Mamun Mahmud,1,1,1,1,1,1,1,7,100,100,100
,Dr Abid Hasan Khan,1,1,1,1,1,1,1,7,100,,
,Dr Rayhan Islam,1,1,1,1,1,1,1,7,100,,
E08_P03_AF_VLL_GM,Dr Mamun Mahmud,1,1,1,1,1,1,1,7,100,100,100
,Dr Abid Hasan Khan,1,1,1,1,1,1,1,7,100,,
,Dr Rayhan Islam,1,1,1,1,1,1,1,7,100,,
E08_P03_AL_VLL_GM,Dr Mamun Mahmud,1,1,1,1,1,1,1,7,100,100,100
,Dr Abid Hasan Khan,1,1,1,1,1,1,1,7,100,,
,Dr Rayhan Islam,1,1,1,1,1,1,1,7,100,,
E08_P03_AR_VLL_GM,Dr Mamun Mahmud,1,1,1,1,1,1,1,7,100,100,100
,Dr Abid Hasan Khan,1,1,1,1,1,1,1,7,100,,
,Dr Rayhan Islam,1,1,1,1,1,1,1,7,100,,
E08_P03_AF_VML_GM,Dr Mamun Mahmud,1,1,1,1,1,1,1,7,100,100,100
,Dr Abid Hasan Khan,1,1,1,1,1,1,1,7,100,,
,Dr Rayhan Islam,1,1,1,1,1,1,1,7,100,,
E08_P03_AL_VML_GM,Dr Mamun Mahmud,1,1,0,0.9,1,1,1,5.9,84.28571429,84.28571429,84.29
,Dr Abid Hasan Khan,1,1,0,0.9,1,1,1,5.9,84.28571429,,
,Dr Rayhan Islam,1,1,0,0.9,1,1,1,5.9,84.28571429,,
E08_P03_AR_VML_GM,Dr Mamun Mahmud,1,1,1,1,1,1,1,7,100,100,100
,Dr Abid Hasan Khan,1,1,1,1,1,1,1,7,100,,
,Dr Rayhan Islam,1,1,1,1,1,1,1,7,100,,
E08_P03_AF_VO_GM,Dr Mamun Mahmud,1,1,0,0.9,1,1,1,5.9,84.28571429,84.28571429,84.29
,Dr Abid Hasan Khan,1,1,0,0.9,1,1,1,5.9,84.28571429,,
,Dr Rayhan Islam,1,1,0,0.9,1,1,1,5.9,84.28571429,,
E08_P03_AL_VO_GM,Dr Mamun Mahmud,1,1,0,0.9,1,1,1,5.9,84.28571429,84.28571429,84.29
,Dr Abid Hasan Khan,1,1,0,0.9,1,1,1,5.9,84.28571429,,
,Dr Rayhan Islam,1,1,0,0.9,1,1,1,5.9,84.28571429,,
E08_P03_AR_VO_GM,Dr Mamun Mahmud,1,1,0,0.9,1,1,1,5.9,84.28571429,84.28571429,84.29
,Dr Abid Hasan Khan,1,1,0,0.9,1,1,1,5.9,84.28571429,,
,Dr Rayhan Islam,1,1,0,0.9,1,1,1,5.9,84.28571429,,
E08_P04_AF_VFL_GM,Dr Mamun Mahmud,1,1,0,0.7,1,1,1,5.7,81.42857143,76.66666667,76.67
,Dr Abid Hasan Khan,1,1,0,0.7,1,1,1,5.7,81.42857143,,
,Dr Rayhan Islam,1,1,0,0.7,0.5,0.5,1,4.7,67.14285714,,
E08_P04_AL_VFL_GM,Dr Mamun Mahmud,1,1,1,1,1,1,1,7,100,95.23809524,95.24
,Dr Abid Hasan Khan,1,1,1,1,1,1,1,7,100,,
,Dr Rayhan Islam,1,1,1,1,0.5,0.5,1,6,85.71428571,,
E08_P04_AR_VFL_GM,Dr Mamun Mahmud,1,1,1,1,1,1,1,7,100,95.23809524,95.24
,Dr Abid Hasan Khan,1,1,1,1,1,1,1,7,100,,
,Dr Rayhan Islam,1,1,1,1,0.5,0.5,1,6,85.71428571,,
E08_P04_AF_VHJ_GM,Dr Mamun Mahmud,1,0,1,1,1,1,1,6,85.71428571,83.33333333,83.33
,Dr Abid Hasan Khan,1,0,1,1,1,1,1,6,85.71428571,,
,Dr Rayhan Islam,1,0,1,1,1,1,0.5,5.5,78.57142857,,
E08_P04_AL_VHJ_GM,Dr Mamun Mahmud,1,0,0,0.9,1,1,1,4.9,70,67.61904762,67.62
,Dr Abid Hasan Khan,1,0,0,0.9,1,1,1,4.9,70,,
,Dr Rayhan Islam,1,0,0,0.9,1,1,0.5,4.4,62.85714286,,
E08_P04_AR_VHJ_GM,Dr Mamun Mahmud,1,0,0,0.9,1,1,1,4.9,70,67.61904762,67.62
,Dr Abid Hasan Khan,1,0,0,0.9,1,1,1,4.9,70,,
,Dr Rayhan Islam,1,0,0,0.9,1,1,0.5,4.4,62.85714286,,
E08_P04_AF_VLJ_GM,Dr Mamun Mahmud,1,1,1,1,1,1,1,7,100,97.61904762,97.62
,Dr Abid Hasan Khan,1,1,1,1,1,1,1,7,100,,
,Dr Rayhan Islam,1,1,1,1,1,1,0.5,6.5,92.85714286,,
E08_P04_AL_VLJ_GM,Dr Mamun Mahmud,1,1,1,1,1,1,1,7,100,97.61904762,97.62
,Dr Abid Hasan Khan,1,1,1,1,1,1,1,7,100,,
,Dr Rayhan Islam,1,1,1,1,1,1,0.5,6.5,92.85714286,,
E08_P04_AR_VLJ_GM,Dr Mamun Mahmud,1,1,1,1,1,1,1,7,100,97.61904762,97.62
,Dr Abid Hasan Khan,1,1,1,1,1,1,1,7,100,,
,Dr Rayhan Islam,1,1,1,1,1,1,0.5,6.5,92.85714286,,
E08_P04_AF_VLL_GM,Dr Mamun Mahmud,1,1,1,1,1,1,1,7,100,97.61904762,97.62
,Dr Abid Hasan Khan,1,1,1,1,1,1,1,7,100,,
,Dr Rayhan Islam,1,1,1,1,1,1,0.5,6.5,92.85714286,,
E08_P04_AL_VLL_GM,Dr Mamun Mahmud,1,1,1,1,1,1,1,7,100,97.61904762,97.62
,Dr Abid Hasan Khan,1,1,1,1,1,1,1,7,100,,
,Dr Rayhan Islam,1,1,1,1,1,1,0.5,6.5,92.85714286,,
E08_P04_AR_VLL_GM,Dr Mamun Mahmud,1,1,1,1,1,1,1,7,100,97.61904762,97.62
,Dr Abid Hasan Khan,1,1,1,1,1,1,1,7,100,,
,Dr Rayhan Islam,1,1,1,1,1,1,0.5,6.5,92.85714286,,
E08_P04_AF_VML_GM,Dr Mamun Mahmud,1,1,1,1,1,1,1,7,100,97.61904762,97.62
,Dr Abid Hasan Khan,1,1,1,1,1,1,1,7,100,,
,Dr Rayhan Islam,1,1,1,1,1,1,0.5,6.5,92.85714286,,
E08_P04_AL_VML_GM,Dr Mamun Mahmud,1,1,0,0.9,1,1,1,5.9,84.28571429,81.9047619,81.9
,Dr Abid Hasan Khan,1,1,0,0.9,1,1,1,5.9,84.28571429,,
,Dr Rayhan Islam,1,1,0,0.9,1,1,0.5,5.4,77.14285714,,
E08_P04_AR_VML_GM,Dr Mamun Mahmud,1,1,1,1,1,1,1,7,100,97.61904762,97.62
,Dr Abid Hasan Khan,1,1,1,1,1,1,1,7,100,,
,Dr Rayhan Islam,1,1,1,1,1,1,0.5,6.5,92.85714286,,
E08_P04_AF_VO_GM,Dr Mamun Mahmud,1,1,1,1,1,1,1,7,100,97.61904762,97.62
,Dr Abid Hasan Khan,1,1,1,1,1,1,1,7,100,,
,Dr Rayhan Islam,1,1,1,1,1,1,0.5,6.5,92.85714286,,
E08_P04_AL_VO_GM,Dr Mamun Mahmud,1,1,1,1,1,1,1,7,100,97.61904762,97.62
,Dr Abid Hasan Khan,1,1,1,1,1,1,1,7,100,,
,Dr Rayhan Islam,1,1,1,1,1,1,0.5,6.5,92.85714286,,
E08_P04_AR_VO_GM,Dr Mamun Mahmud,1,1,1,1,1,1,1,7,100,97.61904762,97.62
,Dr Abid Hasan Khan,1,1,1,1,1,1,1,7,100,,
,Dr Rayhan Islam,1,1,1,1,1,1,0.5,6.5,92.85714286,,
E08_P05_AF_VFL_GM,Dr Mamun Mahmud,1,1,1,1,1,1,1,7,100,100,100
,Dr Abid Hasan Khan,1,1,1,1,1,1,1,7,100,,
,Dr Rayhan Islam,1,1,1,1,1,1,1,7,100,,
E08_P05_AL_VFL_GM,Dr Mamun Mahmud,1,1,1,1,1,1,1,7,100,100,100
,Dr Abid Hasan Khan,1,1,1,1,1,1,1,7,100,,
,Dr Rayhan Islam,1,1,1,1,1,1,1,7,100,,
E08_P05_AR_VFL_GM,Dr Mamun Mahmud,1,1,1,1,1,1,1,7,100,100,100
,Dr Abid Hasan Khan,1,1,1,1,1,1,1,7,100,,
,Dr Rayhan Islam,1,1,1,1,1,1,1,7,100,,
E08_P05_AF_VHJ_GM,Dr Mamun Mahmud,1,1,1,1,1,1,1,7,100,100,100
,Dr Abid Hasan Khan,1,1,1,1,1,1,1,7,100,,
,Dr Rayhan Islam,1,1,1,1,1,1,1,7,100,,
E08_P05_AL_VHJ_GM,Dr Mamun Mahmud,1,1,1,1,1,1,1,7,100,100,100
,Dr Abid Hasan Khan,1,1,1,1,1,1,1,7,100,,
,Dr Rayhan Islam,1,1,1,1,1,1,1,7,100,,
E08_P05_AR_VHJ_GM,Dr Mamun Mahmud,1,1,1,1,1,1,1,7,100,100,100
,Dr Abid Hasan Khan,1,1,1,1,1,1,1,7,100,,
,Dr Rayhan Islam,1,1,1,1,1,1,1,7,100,,
E08_P05_AF_VLJ_GM,Dr Mamun Mahmud,1,1,1,1,1,1,1,7,100,100,100
,Dr Abid Hasan Khan,1,1,1,1,1,1,1,7,100,,
,Dr Rayhan Islam,1,1,1,1,1,1,1,7,100,,
E08_P05_AL_VLJ_GM,Dr Mamun Mahmud,1,1,1,1,1,1,1,7,100,100,100
,Dr Abid Hasan Khan,1,1,1,1,1,1,1,7,100,,
,Dr Rayhan Islam,1,1,1,1,1,1,1,7,100,,
E08_P05_AR_VLJ_GM,Dr Mamun Mahmud,1,1,1,1,1,1,1,7,100,100,100
,Dr Abid Hasan Khan,1,1,1,1,1,1,1,7,100,,
,Dr Rayhan Islam,1,1,1,1,1,1,1,7,100,,
E08_P05_AF_VLL_GM,Dr Mamun Mahmud,1,1,1,1,1,1,1,7,100,100,100
,Dr Abid Hasan Khan,1,1,1,1,1,1,1,7,100,,
,Dr Rayhan Islam,1,1,1,1,1,1,1,7,100,,
E08_P05_AL_VLL_GM,Dr Mamun Mahmud,1,1,1,1,1,1,1,7,100,100,100
,Dr Abid Hasan Khan,1,1,1,1,1,1,1,7,100,,
,Dr Rayhan Islam,1,1,1,1,1,1,1,7,100,,
E08_P05_AR_VLL_GM,Dr Mamun Mahmud,1,1,1,1,1,1,1,7,100,100,100
,Dr Abid Hasan Khan,1,1,1,1,1,1,1,7,100,,
,Dr Rayhan Islam,1,1,1,1,1,1,1,7,100,,
E08_P05_AF_VML_GM,Dr Mamun Mahmud,1,1,1,1,1,1,1,7,100,100,100
,Dr Abid Hasan Khan,1,1,1,1,1,1,1,7,100,,
,Dr Rayhan Islam,1,1,1,1,1,1,1,7,100,,
E08_P05_AL_VML_GM,Dr Mamun Mahmud,1,1,1,1,1,1,1,7,100,100,100
,Dr Abid Hasan Khan,1,1,1,1,1,1,1,7,100,,
,Dr Rayhan Islam,1,1,1,1,1,1,1,7,100,,
E08_P05_AR_VML_GM,Dr Mamun Mahmud,1,1,1,1,1,1,1,7,100,100,100
,Dr Abid Hasan Khan,1,1,1,1,1,1,1,7,100,,
,Dr Rayhan Islam,1,1,1,1,1,1,1,7,100,,
E08_P05_AF_VO_GM,Dr Mamun Mahmud,1,1,1,1,1,1,1,7,100,100,100
,Dr Abid Hasan Khan,1,1,1,1,1,1,1,7,100,,
,Dr Rayhan Islam,1,1,1,1,1,1,1,7,100,,
E08_P05_AL_VO_GM,Dr Mamun Mahmud,1,1,1,1,1,1,1,7,100,100,100
,Dr Abid Hasan Khan,1,1,1,1,1,1,1,7,100,,
,Dr Rayhan Islam,1,1,1,1,1,1,1,7,100,,
E08_P05_AR_VO_GM,Dr Mamun Mahmud,1,1,1,1,1,1,1,7,100,100,100
,Dr Abid Hasan Khan,1,1,1,1,1,1,1,7,100,,
,Dr Rayhan Islam,1,1,1,1,1,1,1,7,100,,
E08_P06_AF_VFL_GM,Dr Mamun Mahmud,1,1,0,0.9,1,1,1,5.9,84.28571429,84.28571429,84.29
,Dr Abid Hasan Khan,1,1,0,0.9,1,1,1,5.9,84.28571429,,
,Dr Rayhan Islam,1,1,0,0.9,1,1,1,5.9,84.28571429,,
E08_P06_AL_VFL_GM,Dr Mamun Mahmud,1,1,0,0.9,1,1,1,5.9,84.28571429,84.28571429,84.29
,Dr Abid Hasan Khan,1,1,0,0.9,1,1,1,5.9,84.28571429,,
,Dr Rayhan Islam,1,1,0,0.9,1,1,1,5.9,84.28571429,,
E08_P06_AR_VFL_GM,Dr Mamun Mahmud,1,1,1,1,1,1,1,7,100,100,100
,Dr Abid Hasan Khan,1,1,1,1,1,1,1,7,100,,
,Dr Rayhan Islam,1,1,1,1,1,1,1,7,100,,
E08_P06_AF_VHJ_GM,Dr Mamun Mahmud,1,1,1,1,1,1,1,7,100,100,100
,Dr Abid Hasan Khan,1,1,1,1,1,1,1,7,100,,
,Dr Rayhan Islam,1,1,1,1,1,1,1,7,100,,
E08_P06_AL_VHJ_GM,Dr Mamun Mahmud,1,1,1,1,1,1,1,7,100,100,100
,Dr Abid Hasan Khan,1,1,1,1,1,1,1,7,100,,
,Dr Rayhan Islam,1,1,1,1,1,1,1,7,100,,
E08_P06_AR_VHJ_GM,Dr Mamun Mahmud,1,1,1,1,1,1,1,7,100,100,100
,Dr Abid Hasan Khan,1,1,1,1,1,1,1,7,100,,
,Dr Rayhan Islam,1,1,1,1,1,1,1,7,100,,
E08_P06_AF_VLJ_GM,Dr Mamun Mahmud,1,1,1,1,1,1,1,7,100,100,100
,Dr Abid Hasan Khan,1,1,1,1,1,1,1,7,100,,
,Dr Rayhan Islam,1,1,1,1,1,1,1,7,100,,
E08_P06_AL_VLJ_GM,Dr Mamun Mahmud,1,1,1,1,1,1,1,7,100,100,100
,Dr Abid Hasan Khan,1,1,1,1,1,1,1,7,100,,
,Dr Rayhan Islam,1,1,1,1,1,1,1,7,100,,
E08_P06_AR_VLJ_GM,Dr Mamun Mahmud,1,1,1,1,1,1,1,7,100,100,100
,Dr Abid Hasan Khan,1,1,1,1,1,1,1,7,100,,
,Dr Rayhan Islam,1,1,1,1,1,1,1,7,100,,
E08_P06_AF_VLL_GM,Dr Mamun Mahmud,1,1,1,1,1,1,1,7,100,100,100
,Dr Abid Hasan Khan,1,1,1,1,1,1,1,7,100,,
,Dr Rayhan Islam,1,1,1,1,1,1,1,7,100,,
E08_P06_AL_VLL_GM,Dr Mamun Mahmud,1,1,1,1,1,1,1,7,100,100,100
,Dr Abid Hasan Khan,1,1,1,1,1,1,1,7,100,,
,Dr Rayhan Islam,1,1,1,1,1,1,1,7,100,,
E08_P06_AR_VLL_GM,Dr Mamun Mahmud,1,1,1,1,1,1,1,7,100,100,100
,Dr Abid Hasan Khan,1,1,1,1,1,1,1,7,100,,
,Dr Rayhan Islam,1,1,1,1,1,1,1,7,100,,
E08_P06_AF_VML_GM,Dr Mamun Mahmud,1,1,1,1,1,1,1,7,100,100,100
,Dr Abid Hasan Khan,1,1,1,1,1,1,1,7,100,,
,Dr Rayhan Islam,1,1,1,1,1,1,1,7,100,,
E08_P06_AL_VML_GM,Dr Mamun Mahmud,1,1,1,1,1,1,1,7,100,100,100
,Dr Abid Hasan Khan,1,1,1,1,1,1,1,7,100,,
,Dr Rayhan Islam,1,1,1,1,1,1,1,7,100,,
E08_P06_AR_VML_GM,Dr Mamun Mahmud,1,1,1,1,1,1,1,7,100,100,100
,Dr Abid Hasan Khan,1,1,1,1,1,1,1,7,100,,
,Dr Rayhan Islam,1,1,1,1,1,1,1,7,100,,
E08_P06_AF_VO_GM,Dr Mamun Mahmud,1,1,1,1,1,1,1,7,100,100,100
,Dr Abid Hasan Khan,1,1,1,1,1,1,1,7,100,,
,Dr Rayhan Islam,1,1,1,1,1,1,1,7,100,,
E08_P06_AL_VO_GM,Dr Mamun Mahmud,1,1,1,1,1,1,1,7,100,100,100
,Dr Abid Hasan Khan,1,1,1,1,1,1,1,7,100,,
,Dr Rayhan Islam,1,1,1,1,1,1,1,7,100,,
E08_P06_AR_VO_GM,Dr Mamun Mahmud,1,1,1,1,1,1,1,7,100,100,100
,Dr Abid Hasan Khan,1,1,1,1,1,1,1,7,100,,
,Dr Rayhan Islam,1,1,1,1,1,1,1,7,100,,
E08_P07_AF_VFL_GM,Dr Mamun Mahmud,1,1,1,1,1,1,1,7,100,100,100
,Dr Abid Hasan Khan,1,1,1,1,1,1,1,7,100,,
,Dr Rayhan Islam,1,1,1,1,1,1,1,7,100,,
E08_P07_AL_VFL_GM,Dr Mamun Mahmud,1,1,1,1,1,1,1,7,100,100,100
,Dr Abid Hasan Khan,1,1,1,1,1,1,1,7,100,,
,Dr Rayhan Islam,1,1,1,1,1,1,1,7,100,,
E08_P07_AR_VFL_GM,Dr Mamun Mahmud,1,1,1,1,1,1,1,7,100,100,100
,Dr Abid Hasan Khan,1,1,1,1,1,1,1,7,100,,
,Dr Rayhan Islam,1,1,1,1,1,1,1,7,100,,
E08_P07_AF_VHJ_GM,Dr Mamun Mahmud,1,1,1,1,1,1,1,7,100,100,100
,Dr Abid Hasan Khan,1,1,1,1,1,1,1,7,100,,
,Dr Rayhan Islam,1,1,1,1,1,1,1,7,100,,
E08_P07_AL_VHJ_GM,Dr Mamun Mahmud,1,1,0,0.9,1,1,1,5.9,84.28571429,84.28571429,84.29
,Dr Abid Hasan Khan,1,1,0,0.9,1,1,1,5.9,84.28571429,,
,Dr Rayhan Islam,1,1,0,0.9,1,1,1,5.9,84.28571429,,
E08_P07_AR_VHJ_GM,Dr Mamun Mahmud,1,1,0,0.8,1,1,1,5.8,82.85714286,82.85714286,82.86
,Dr Abid Hasan Khan,1,1,0,0.8,1,1,1,5.8,82.85714286,,
,Dr Rayhan Islam,1,1,0,0.8,1,1,1,5.8,82.85714286,,
E08_P07_AF_VLJ_GM,Dr Mamun Mahmud,1,1,0,0.9,1,1,1,5.9,84.28571429,84.28571429,84.29
,Dr Abid Hasan Khan,1,1,0,0.9,1,1,1,5.9,84.28571429,,
,Dr Rayhan Islam,1,1,0,0.9,1,1,1,5.9,84.28571429,,
E08_P07_AL_VLJ_GM,Dr Mamun Mahmud,1,1,0,0.9,1,1,1,5.9,84.28571429,84.28571429,84.29
,Dr Abid Hasan Khan,1,1,0,0.9,1,1,1,5.9,84.28571429,,
,Dr Rayhan Islam,1,1,0,0.9,1,1,1,5.9,84.28571429,,
E08_P07_AR_VLJ_GM,Dr Mamun Mahmud,1,1,0,0.9,1,1,1,5.9,84.28571429,84.28571429,84.29
,Dr Abid Hasan Khan,1,1,0,0.9,1,1,1,5.9,84.28571429,,
,Dr Rayhan Islam,1,1,0,0.9,1,1,1,5.9,84.28571429,,
E08_P07_AF_VLL_GM,Dr Mamun Mahmud,1,1,1,1,1,1,1,7,100,97.61904762,97.62
,Dr Abid Hasan Khan,1,1,1,1,1,1,1,7,100,,
,Dr Rayhan Islam,1,1,1,1,1,1,0.5,6.5,92.85714286,,
E08_P07_AL_VLL_GM,Dr Mamun Mahmud,1,1,0,0.9,1,1,1,5.9,84.28571429,81.9047619,81.9
,Dr Abid Hasan Khan,1,1,0,0.9,1,1,1,5.9,84.28571429,,
,Dr Rayhan Islam,1,1,0,0.9,1,1,0.5,5.4,77.14285714,,
E08_P07_AR_VLL_GM,Dr Mamun Mahmud,1,1,0,0.9,1,1,1,5.9,84.28571429,81.9047619,81.9
,Dr Abid Hasan Khan,1,1,0,0.9,1,1,1,5.9,84.28571429,,
,Dr Rayhan Islam,1,1,0,0.9,1,1,0.5,5.4,77.14285714,,
E08_P07_AF_VML_GM,Dr Mamun Mahmud,1,1,0,0.8,1,1,1,5.8,82.85714286,80.47619048,80.48
,Dr Abid Hasan Khan,1,1,0,0.8,1,1,1,5.8,82.85714286,,
,Dr Rayhan Islam,1,1,0,0.8,1,1,0.5,5.3,75.71428571,,
E08_P07_AL_VML_GM,Dr Mamun Mahmud,1,1,0,0.7,1,1,1,5.7,81.42857143,79.04761905,79.05
,Dr Abid Hasan Khan,1,1,0,0.7,1,1,1,5.7,81.42857143,,
,Dr Rayhan Islam,1,1,0,0.7,1,1,0.5,5.2,74.28571429,,
E08_P07_AR_VML_GM,Dr Mamun Mahmud,1,1,0,0.8,1,1,1,5.8,82.85714286,80.47619048,80.48
,Dr Abid Hasan Khan,1,1,0,0.8,1,1,1,5.8,82.85714286,,
,Dr Rayhan Islam,1,1,0,0.8,1,1,0.5,5.3,75.71428571,,
E08_P07_AF_VO_GM,Dr Mamun Mahmud,1,1,0,0.9,1,1,1,5.9,84.28571429,84.28571429,84.29
,Dr Abid Hasan Khan,1,1,0,0.9,1,1,1,5.9,84.28571429,,
,Dr Rayhan Islam,1,1,0,0.9,1,1,1,5.9,84.28571429,,
E08_P07_AL_VO_GM,Dr Mamun Mahmud,1,1,1,1,1,1,1,7,100,100,100
,Dr Abid Hasan Khan,1,1,1,1,1,1,1,7,100,,
,Dr Rayhan Islam,1,1,1,1,1,1,1,7,100,,
E08_P07_AR_VO_GM,Dr Mamun Mahmud,1,1,1,1,1,1,1,7,100,100,100
,Dr Abid Hasan Khan,1,1,1,1,1,1,1,7,100,,
,Dr Rayhan Islam,1,1,1,1,1,1,1,7,100,,
E08_P08_AF_VFL_GM,Dr Mamun Mahmud,1,1,1,1,1,1,1,7,100,100,100
,Dr Abid Hasan Khan,1,1,1,1,1,1,1,7,100,,
,Dr Rayhan Islam,1,1,1,1,1,1,1,7,100,,
E08_P08_AL_VFL_GM,Dr Mamun Mahmud,1,1,1,1,1,1,1,7,100,100,100
,Dr Abid Hasan Khan,1,1,1,1,1,1,1,7,100,,
,Dr Rayhan Islam,1,1,1,1,1,1,1,7,100,,
E08_P08_AR_VFL_GM,Dr Mamun Mahmud,1,1,1,1,1,1,1,7,100,100,100
,Dr Abid Hasan Khan,1,1,1,1,1,1,1,7,100,,
,Dr Rayhan Islam,1,1,1,1,1,1,1,7,100,,
E08_P08_AF_VHJ_GM,Dr Mamun Mahmud,1,0,1,1,1,1,1,6,85.71428571,85.71428571,85.71
,Dr Abid Hasan Khan,1,0,1,1,1,1,1,6,85.71428571,,
,Dr Rayhan Islam,1,0,1,1,1,1,1,6,85.71428571,,
E08_P08_AL_VHJ_GM,Dr Mamun Mahmud,1,0,1,1,1,1,1,6,85.71428571,85.71428571,85.71
,Dr Abid Hasan Khan,1,0,1,1,1,1,1,6,85.71428571,,
,Dr Rayhan Islam,1,0,1,1,1,1,1,6,85.71428571,,
E08_P08_AR_VHJ_GM,Dr Mamun Mahmud,1,0,0,0.9,1,1,1,4.9,70,70,70
,Dr Abid Hasan Khan,1,0,0,0.9,1,1,1,4.9,70,,
,Dr Rayhan Islam,1,0,0,0.9,1,1,1,4.9,70,,
E08_P08_AF_VLJ_GM,Dr Mamun Mahmud,1,1,0,0,1,1,0.5,4.5,64.28571429,69.04761905,69.05
,Dr Abid Hasan Khan,1,1,0,0,1,1,1,5,71.42857143,,
,Dr Rayhan Islam,1,1,0,0,1,1,1,5,71.42857143,,
E08_P08_AL_VLJ_GM,Dr Mamun Mahmud,1,1,0,0,1,1,0.5,4.5,64.28571429,69.04761905,69.05
,Dr Abid Hasan Khan,1,1,0,0,1,1,1,5,71.42857143,,
,Dr Rayhan Islam,1,1,0,0,1,1,1,5,71.42857143,,
E08_P08_AR_VLJ_GM,Dr Mamun Mahmud,1,1,0,0,1,1,0.5,4.5,64.28571429,69.04761905,69.05
,Dr Abid Hasan Khan,1,1,0,0,1,1,1,5,71.42857143,,
,Dr Rayhan Islam,1,1,0,0,1,1,1,5,71.42857143,,
E08_P08_AF_VLL_GM,Dr Mamun Mahmud,1,1,0,0.9,1,1,1,5.9,84.28571429,84.28571429,84.29
,Dr Abid Hasan Khan,1,1,0,0.9,1,1,1,5.9,84.28571429,,
,Dr Rayhan Islam,1,1,0,0.9,1,1,1,5.9,84.28571429,,
E08_P08_AL_VLL_GM,Dr Mamun Mahmud,1,1,0,0.9,1,1,1,5.9,84.28571429,84.28571429,84.29
,Dr Abid Hasan Khan,1,1,0,0.9,1,1,1,5.9,84.28571429,,
,Dr Rayhan Islam,1,1,0,0.9,1,1,1,5.9,84.28571429,,
E08_P08_AR_VLL_GM,Dr Mamun Mahmud,1,1,0,0.9,1,1,1,5.9,84.28571429,84.28571429,84.29
,Dr Abid Hasan Khan,1,1,0,0.9,1,1,1,5.9,84.28571429,,
,Dr Rayhan Islam,1,1,0,0.9,1,1,1,5.9,84.28571429,,
E08_P08_AF_VML_GM,Dr Mamun Mahmud,1,1,0,0.9,1,1,0.5,5.4,77.14285714,79.52380952,79.52
,Dr Abid Hasan Khan,1,1,0,0.9,1,0.5,1,5.4,77.14285714,,
,Dr Rayhan Islam,1,1,0,0.9,1,1,1,5.9,84.28571429,,
E08_P08_AL_VML_GM,Dr Mamun Mahmud,1,1,0,0.8,1,1,0.5,5.3,75.71428571,78.0952381,78.1
,Dr Abid Hasan Khan,1,1,0,0.8,1,0.5,1,5.3,75.71428571,,
,Dr Rayhan Islam,1,1,0,0.8,1,1,1,5.8,82.85714286,,
E08_P08_AR_VML_GM,Dr Mamun Mahmud,1,1,0,0.8,1,1,0.5,5.3,75.71428571,78.0952381,78.1
,Dr Abid Hasan Khan,1,1,0,0.8,1,0.5,1,5.3,75.71428571,,
,Dr Rayhan Islam,1,1,0,0.8,1,1,1,5.8,82.85714286,,
E08_P08_AF_VO_GM,Dr Mamun Mahmud,1,1,1,1,1,1,1,7,100,100,100
,Dr Abid Hasan Khan,1,1,1,1,1,1,1,7,100,,
,Dr Rayhan Islam,1,1,1,1,1,1,1,7,100,,
E08_P08_AL_VO_GM,Dr Mamun Mahmud,1,1,0,0.9,1,1,1,5.9,84.28571429,84.28571429,84.29
,Dr Abid Hasan Khan,1,1,0,0.9,1,1,1,5.9,84.28571429,,
,Dr Rayhan Islam,1,1,0,0.9,1,1,1,5.9,84.28571429,,
E08_P08_AR_VO_GM,Dr Mamun Mahmud,1,1,1,1,1,1,1,7,100,100,100
,Dr Abid Hasan Khan,1,1,1,1,1,1,1,7,100,,
,Dr Rayhan Islam,1,1,1,1,1,1,1,7,100,,
E08_P17_AF_VFL_GM,Dr Mamun Mahmud,1,1,1,1,1,1,1,7,100,100,100
,Dr Abid Hasan Khan,1,1,1,1,1,1,1,7,100,,
,Dr Rayhan Islam,1,1,1,1,1,1,1,7,100,,
E08_P17_AL_VFL_GM,Dr Mamun Mahmud,1,1,1,1,1,1,1,7,100,100,100
,Dr Abid Hasan Khan,1,1,1,1,1,1,1,7,100,,
,Dr Rayhan Islam,1,1,1,1,1,1,1,7,100,,
E08_P17_AR_VFL_GM,Dr Mamun Mahmud,1,1,1,1,1,1,1,7,100,100,100
,Dr Abid Hasan Khan,1,1,1,1,1,1,1,7,100,,
,Dr Rayhan Islam,1,1,1,1,1,1,1,7,100,,
E08_P17_AF_VHJ_GM,Dr Mamun Mahmud,1,1,1,1,1,1,1,7,100,100,100
,Dr Abid Hasan Khan,1,1,1,1,1,1,1,7,100,,
,Dr Rayhan Islam,1,1,1,1,1,1,1,7,100,,
E08_P17_AL_VHJ_GM,Dr Mamun Mahmud,1,1,1,1,1,1,1,7,100,100,100
,Dr Abid Hasan Khan,1,1,1,1,1,1,1,7,100,,
,Dr Rayhan Islam,1,1,1,1,1,1,1,7,100,,
E08_P17_AR_VHJ_GM,Dr Mamun Mahmud,1,1,1,1,1,1,1,7,100,100,100
,Dr Abid Hasan Khan,1,1,1,1,1,1,1,7,100,,
,Dr Rayhan Islam,1,1,1,1,1,1,1,7,100,,
E08_P17_AF_VLJ_GM,Dr Mamun Mahmud,1,1,1,1,1,1,1,7,100,100,100
,Dr Abid Hasan Khan,1,1,1,1,1,1,1,7,100,,
,Dr Rayhan Islam,1,1,1,1,1,1,1,7,100,,
E08_P17_AL_VLJ_GM,Dr Mamun Mahmud,1,1,1,1,1,1,1,7,100,100,100
,Dr Abid Hasan Khan,1,1,1,1,1,1,1,7,100,,
,Dr Rayhan Islam,1,1,1,1,1,1,1,7,100,,
E08_P17_AR_VLJ_GM,Dr Mamun Mahmud,1,1,1,1,1,1,1,7,100,100,100
,Dr Abid Hasan Khan,1,1,1,1,1,1,1,7,100,,
,Dr Rayhan Islam,1,1,1,1,1,1,1,7,100,,
E08_P17_AF_VLL_GM,Dr Mamun Mahmud,1,1,1,1,1,1,1,7,100,100,100
,Dr Abid Hasan Khan,1,1,1,1,1,1,1,7,100,,
,Dr Rayhan Islam,1,1,1,1,1,1,1,7,100,,
E08_P17_AL_VLL_GM,Dr Mamun Mahmud,1,1,1,1,1,1,1,7,100,100,100
,Dr Abid Hasan Khan,1,1,1,1,1,1,1,7,100,,
,Dr Rayhan Islam,1,1,1,1,1,1,1,7,100,,
E08_P17_AR_VLL_GM,Dr Mamun Mahmud,1,1,1,1,1,1,1,7,100,100,100
,Dr Abid Hasan Khan,1,1,1,1,1,1,1,7,100,,
,Dr Rayhan Islam,1,1,1,1,1,1,1,7,100,,
E08_P17_AF_VML_GM,Dr Mamun Mahmud,1,1,1,1,1,1,0.5,6.5,92.85714286,97.61904762,97.62
,Dr Abid Hasan Khan,1,1,1,1,1,1,1,7,100,,
,Dr Rayhan Islam,1,1,1,1,1,1,1,7,100,,
E08_P17_AL_VML_GM,Dr Mamun Mahmud,1,1,1,1,1,1,0.5,6.5,92.85714286,97.61904762,97.62
,Dr Abid Hasan Khan,1,1,1,1,1,1,1,7,100,,
,Dr Rayhan Islam,1,1,1,1,1,1,1,7,100,,
E08_P17_AR_VML_GM,Dr Mamun Mahmud,1,1,1,1,1,1,0.5,6.5,92.85714286,97.61904762,97.62
,Dr Abid Hasan Khan,1,1,1,1,1,1,1,7,100,,
,Dr Rayhan Islam,1,1,1,1,1,1,1,7,100,,
E08_P17_AF_VO_GM,Dr Mamun Mahmud,1,1,1,1,1,1,1,7,100,100,100
,Dr Abid Hasan Khan,1,1,1,1,1,1,1,7,100,,
,Dr Rayhan Islam,1,1,1,1,1,1,1,7,100,,
E08_P17_AL_VO_GM,Dr Mamun Mahmud,1,1,1,1,1,1,1,7,100,100,100
,Dr Abid Hasan Khan,1,1,1,1,1,1,1,7,100,,
,Dr Rayhan Islam,1,1,1,1,1,1,1,7,100,,
E08_P17_AR_VO_GM,Dr Mamun Mahmud,1,1,1,1,1,1,1,7,100,100,100
,Dr Abid Hasan Khan,1,1,1,1,1,1,1,7,100,,
,Dr Rayhan Islam,1,1,1,1,1,1,1,7,100,,
E08_P18_AF_VFL_GM,Dr Mamun Mahmud,1,1,1,1,1,1,1,7,100,100,100
,Dr Abid Hasan Khan,1,1,1,1,1,1,1,7,100,,
,Dr Rayhan Islam,1,1,1,1,1,1,1,7,100,,
E08_P18_AL_VFL_GM,Dr Mamun Mahmud,1,1,1,1,1,1,1,7,100,100,100
,Dr Abid Hasan Khan,1,1,1,1,1,1,1,7,100,,
,Dr Rayhan Islam,1,1,1,1,1,1,1,7,100,,
E08_P18_AR_VFL_GM,Dr Mamun Mahmud,1,1,1,1,1,1,1,7,100,100,100
,Dr Abid Hasan Khan,1,1,1,1,1,1,1,7,100,,
,Dr Rayhan Islam,1,1,1,1,1,1,1,7,100,,
E08_P18_AF_VHJ_GM,Dr Mamun Mahmud,1,1,1,1,1,1,1,7,100,100,100
,Dr Abid Hasan Khan,1,1,1,1,1,1,1,7,100,,
,Dr Rayhan Islam,1,1,1,1,1,1,1,7,100,,
E08_P18_AL_VHJ_GM,Dr Mamun Mahmud,1,1,1,1,1,1,1,7,100,100,100
,Dr Abid Hasan Khan,1,1,1,1,1,1,1,7,100,,
,Dr Rayhan Islam,1,1,1,1,1,1,1,7,100,,
E08_P18_AR_VHJ_GM,Dr Mamun Mahmud,1,1,1,1,1,1,1,7,100,100,100
,Dr Abid Hasan Khan,1,1,1,1,1,1,1,7,100,,
,Dr Rayhan Islam,1,1,1,1,1,1,1,7,100,,
E08_P18_AF_VLJ_GM,Dr Mamun Mahmud,1,1,1,1,1,1,1,7,100,100,100
,Dr Abid Hasan Khan,1,1,1,1,1,1,1,7,100,,
,Dr Rayhan Islam,1,1,1,1,1,1,1,7,100,,
E08_P18_AL_VLJ_GM,Dr Mamun Mahmud,1,1,1,1,1,1,1,7,100,100,100
,Dr Abid Hasan Khan,1,1,1,1,1,1,1,7,100,,
,Dr Rayhan Islam,1,1,1,1,1,1,1,7,100,,
E08_P18_AR_VLJ_GM,Dr Mamun Mahmud,1,1,1,1,1,1,1,7,100,100,100
,Dr Abid Hasan Khan,1,1,1,1,1,1,1,7,100,,
,Dr Rayhan Islam,1,1,1,1,1,1,1,7,100,,
E08_P18_AF_VLL_GM,Dr Mamun Mahmud,1,1,1,1,1,1,1,7,100,100,100
,Dr Abid Hasan Khan,1,1,1,1,1,1,1,7,100,,
,Dr Rayhan Islam,1,1,1,1,1,1,1,7,100,,
E08_P18_AL_VLL_GM,Dr Mamun Mahmud,1,1,1,1,1,1,1,7,100,100,100
,Dr Abid Hasan Khan,1,1,1,1,1,1,1,7,100,,
,Dr Rayhan Islam,1,1,1,1,1,1,1,7,100,,
E08_P18_AR_VLL_GM,Dr Mamun Mahmud,1,1,1,1,1,1,1,7,100,100,100
,Dr Abid Hasan Khan,1,1,1,1,1,1,1,7,100,,
,Dr Rayhan Islam,1,1,1,1,1,1,1,7,100,,
E08_P18_AF_VML_GM,Dr Mamun Mahmud,1,1,1,1,1,1,1,7,100,100,100
,Dr Abid Hasan Khan,1,1,1,1,1,1,1,7,100,,
,Dr Rayhan Islam,1,1,1,1,1,1,1,7,100,,
E08_P18_AL_VML_GM,Dr Mamun Mahmud,1,1,0,0.9,1,1,1,5.9,84.28571429,84.28571429,84.29
,Dr Abid Hasan Khan,1,1,0,0.9,1,1,1,5.9,84.28571429,,
,Dr Rayhan Islam,1,1,0,0.9,1,1,1,5.9,84.28571429,,
E08_P18_AR_VML_GM,Dr Mamun Mahmud,1,1,0,0.9,1,1,1,5.9,84.28571429,84.28571429,84.29
,Dr Abid Hasan Khan,1,1,0,0.9,1,1,1,5.9,84.28571429,,
,Dr Rayhan Islam,1,1,0,0.9,1,1,1,5.9,84.28571429,,
E08_P18_AF_VO_GM,Dr Mamun Mahmud,1,1,0,0.9,1,1,1,5.9,84.28571429,84.28571429,84.29
,Dr Abid Hasan Khan,1,1,0,0.9,1,1,1,5.9,84.28571429,,
,Dr Rayhan Islam,1,1,0,0.9,1,1,1,5.9,84.28571429,,
E08_P18_AL_VO_GM,Dr Mamun Mahmud,1,1,1,1,1,1,1,7,100,100,100
,Dr Abid Hasan Khan,1,1,1,1,1,1,1,7,100,,
,Dr Rayhan Islam,1,1,1,1,1,1,1,7,100,,
E08_P18_AR_VO_GM,Dr Mamun Mahmud,1,1,0,0.9,1,1,1,5.9,84.28571429,84.28571429,84.29
,Dr Abid Hasan Khan,1,1,0,0.9,1,1,1,5.9,84.28571429,,
,Dr Rayhan Islam,1,1,0,0.9,1,1,1,5.9,84.28571429,,
E08_P19_AF_VFL_GM,Dr Mamun Mahmud,1,1,1,1,1,1,1,7,100,100,100
,Dr Abid Hasan Khan,1,1,1,1,1,1,1,7,100,,
,Dr Rayhan Islam,1,1,1,1,1,1,1,7,100,,
E08_P19_AL_VFL_GM,Dr Mamun Mahmud,1,1,1,1,1,1,1,7,100,100,100
,Dr Abid Hasan Khan,1,1,1,1,1,1,1,7,100,,
,Dr Rayhan Islam,1,1,1,1,1,1,1,7,100,,
E08_P19_AR_VFL_GM,Dr Mamun Mahmud,1,1,0,0.9,1,1,1,5.9,84.28571429,84.28571429,84.29
,Dr Abid Hasan Khan,1,1,0,0.9,1,1,1,5.9,84.28571429,,
,Dr Rayhan Islam,1,1,0,0.9,1,1,1,5.9,84.28571429,,
E08_P19_AF_VHJ_GM,Dr Mamun Mahmud,1,1,1,1,1,1,1,7,100,100,100
,Dr Abid Hasan Khan,1,1,1,1,1,1,1,7,100,,
,Dr Rayhan Islam,1,1,1,1,1,1,1,7,100,,
E08_P19_AL_VHJ_GM,Dr Mamun Mahmud,1,1,1,1,1,1,1,7,100,100,100
,Dr Abid Hasan Khan,1,1,1,1,1,1,1,7,100,,
,Dr Rayhan Islam,1,1,1,1,1,1,1,7,100,,
E08_P19_AR_VHJ_GM,Dr Mamun Mahmud,1,1,1,1,1,1,1,7,100,100,100
,Dr Abid Hasan Khan,1,1,1,1,1,1,1,7,100,,
,Dr Rayhan Islam,1,1,1,1,1,1,1,7,100,,
E08_P19_AF_VLJ_GM,Dr Mamun Mahmud,1,1,1,1,1,1,1,7,100,100,100
,Dr Abid Hasan Khan,1,1,1,1,1,1,1,7,100,,
,Dr Rayhan Islam,1,1,1,1,1,1,1,7,100,,
E08_P19_AL_VLJ_GM,Dr Mamun Mahmud,1,1,1,1,1,1,1,7,100,100,100
,Dr Abid Hasan Khan,1,1,1,1,1,1,1,7,100,,
,Dr Rayhan Islam,1,1,1,1,1,1,1,7,100,,
E08_P19_AR_VLJ_GM,Dr Mamun Mahmud,1,1,1,1,1,1,1,7,100,100,100
,Dr Abid Hasan Khan,1,1,1,1,1,1,1,7,100,,
,Dr Rayhan Islam,1,1,1,1,1,1,1,7,100,,
E08_P19_AF_VLL_GM,Dr Mamun Mahmud,1,1,1,1,1,1,1,7,100,100,100
,Dr Abid Hasan Khan,1,1,1,1,1,1,1,7,100,,
,Dr Rayhan Islam,1,1,1,1,1,1,1,7,100,,
E08_P19_AL_VLL_GM,Dr Mamun Mahmud,1,1,1,1,1,1,1,7,100,100,100
,Dr Abid Hasan Khan,1,1,1,1,1,1,1,7,100,,
,Dr Rayhan Islam,1,1,1,1,1,1,1,7,100,,
E08_P19_AR_VLL_GM,Dr Mamun Mahmud,1,1,1,1,1,1,1,7,100,100,100
,Dr Abid Hasan Khan,1,1,1,1,1,1,1,7,100,,
,Dr Rayhan Islam,1,1,1,1,1,1,1,7,100,,
E08_P19_AF_VML_GM,Dr Mamun Mahmud,1,1,0,0.8,1,1,1,5.8,82.85714286,82.85714286,82.86
,Dr Abid Hasan Khan,1,1,0,0.8,1,1,1,5.8,82.85714286,,
,Dr Rayhan Islam,1,1,0,0.8,1,1,1,5.8,82.85714286,,
E08_P19_AL_VML_GM,Dr Mamun Mahmud,1,1,1,1,1,1,1,7,100,100,100
,Dr Abid Hasan Khan,1,1,1,1,1,1,1,7,100,,
,Dr Rayhan Islam,1,1,1,1,1,1,1,7,100,,
E08_P19_AR_VML_GM,Dr Mamun Mahmud,1,1,1,1,1,1,1,7,100,100,100
,Dr Abid Hasan Khan,1,1,1,1,1,1,1,7,100,,
,Dr Rayhan Islam,1,1,1,1,1,1,1,7,100,,
E08_P19_AF_VO_GM,Dr Mamun Mahmud,1,1,1,1,1,1,0.5,6.5,92.85714286,97.61904762,97.62
,Dr Abid Hasan Khan,1,1,1,1,1,1,1,7,100,,
,Dr Rayhan Islam,1,1,1,1,1,1,1,7,100,,
E08_P19_AL_VO_GM,Dr Mamun Mahmud,1,1,1,1,1,1,0.5,6.5,92.85714286,97.61904762,97.62
,Dr Abid Hasan Khan,1,1,1,1,1,1,1,7,100,,
,Dr Rayhan Islam,1,1,1,1,1,1,1,7,100,,
E08_P19_AR_VO_GM,Dr Mamun Mahmud,1,1,1,1,1,1,0.5,6.5,92.85714286,97.61904762,97.62
,Dr Abid Hasan Khan,1,1,1,1,1,1,1,7,100,,
,Dr Rayhan Islam,1,1,1,1,1,1,1,7,100,,
E08_P20_AF_VFL_GM,Dr Mamun Mahmud,1,1,1,1,1,1,1,7,100,100,100
,Dr Abid Hasan Khan,1,1,1,1,1,1,1,7,100,,
,Dr Rayhan Islam,1,1,1,1,1,1,1,7,100,,
E08_P20_AL_VFL_GM,Dr Mamun Mahmud,1,1,1,1,1,1,1,7,100,100,100
,Dr Abid Hasan Khan,1,1,1,1,1,1,1,7,100,,
,Dr Rayhan Islam,1,1,1,1,1,1,1,7,100,,
E08_P20_AR_VFL_GM,Dr Mamun Mahmud,1,1,1,1,1,1,1,7,100,100,100
,Dr Abid Hasan Khan,1,1,1,1,1,1,1,7,100,,
,Dr Rayhan Islam,1,1,1,1,1,1,1,7,100,,
E08_P20_AF_VHJ_GM,Dr Mamun Mahmud,1,1,1,1,1,1,1,7,100,100,100
,Dr Abid Hasan Khan,1,1,1,1,1,1,1,7,100,,
,Dr Rayhan Islam,1,1,1,1,1,1,1,7,100,,
E08_P20_AL_VHJ_GM,Dr Mamun Mahmud,1,1,1,1,1,1,1,7,100,100,100
,Dr Abid Hasan Khan,1,1,1,1,1,1,1,7,100,,
,Dr Rayhan Islam,1,1,1,1,1,1,1,7,100,,
E08_P20_AR_VHJ_GM,Dr Mamun Mahmud,1,1,1,1,1,1,1,7,100,100,100
,Dr Abid Hasan Khan,1,1,1,1,1,1,1,7,100,,
,Dr Rayhan Islam,1,1,1,1,1,1,1,7,100,,
E08_P20_AF_VLJ_GM,Dr Mamun Mahmud,1,1,1,1,1,1,1,7,100,100,100
,Dr Abid Hasan Khan,1,1,1,1,1,1,1,7,100,,
,Dr Rayhan Islam,1,1,1,1,1,1,1,7,100,,
E08_P20_AL_VLJ_GM,Dr Mamun Mahmud,1,1,0,0.9,1,1,1,5.9,84.28571429,84.28571429,84.29
,Dr Abid Hasan Khan,1,1,0,0.9,1,1,1,5.9,84.28571429,,
,Dr Rayhan Islam,1,1,0,0.9,1,1,1,5.9,84.28571429,,
E08_P20_AR_VLJ_GM,Dr Mamun Mahmud,1,1,1,1,1,1,1,7,100,100,100
,Dr Abid Hasan Khan,1,1,1,1,1,1,1,7,100,,
,Dr Rayhan Islam,1,1,1,1,1,1,1,7,100,,
E08_P20_AF_VLL_GM,Dr Mamun Mahmud,1,1,1,1,1,1,1,7,100,100,100
,Dr Abid Hasan Khan,1,1,1,1,1,1,1,7,100,,
,Dr Rayhan Islam,1,1,1,1,1,1,1,7,100,,
E08_P20_AL_VLL_GM,Dr Mamun Mahmud,1,1,1,1,1,1,1,7,100,100,100
,Dr Abid Hasan Khan,1,1,1,1,1,1,1,7,100,,
,Dr Rayhan Islam,1,1,1,1,1,1,1,7,100,,
E08_P20_AR_VLL_GM,Dr Mamun Mahmud,1,1,1,1,1,1,1,7,100,100,100
,Dr Abid Hasan Khan,1,1,1,1,1,1,1,7,100,,
,Dr Rayhan Islam,1,1,1,1,1,1,1,7,100,,
E08_P20_AF_VML_GM,Dr Mamun Mahmud,1,1,0,0.9,1,1,1,5.9,84.28571429,84.28571429,84.29
,Dr Abid Hasan Khan,1,1,0,0.9,1,1,1,5.9,84.28571429,,
,Dr Rayhan Islam,1,1,0,0.9,1,1,1,5.9,84.28571429,,
E08_P20_AL_VML_GM,Dr Mamun Mahmud,1,1,0,0.9,1,1,1,5.9,84.28571429,84.28571429,84.29
,Dr Abid Hasan Khan,1,1,0,0.9,1,1,1,5.9,84.28571429,,
,Dr Rayhan Islam,1,1,0,0.9,1,1,1,5.9,84.28571429,,
E08_P20_AR_VML_GM,Dr Mamun Mahmud,1,1,0,0.9,1,1,1,5.9,84.28571429,84.28571429,84.29
,Dr Abid Hasan Khan,1,1,0,0.9,1,1,1,5.9,84.28571429,,
,Dr Rayhan Islam,1,1,0,0.9,1,1,1,5.9,84.28571429,,
E08_P20_AF_VO_GM,Dr Mamun Mahmud,1,1,1,1,1,1,1,7,100,100,100
,Dr Abid Hasan Khan,1,1,1,1,1,1,1,7,100,,
,Dr Rayhan Islam,1,1,1,1,1,1,1,7,100,,
E08_P20_AL_VO_GM,Dr Mamun Mahmud,1,1,0,0.9,1,1,1,5.9,84.28571429,84.28571429,84.29
,Dr Abid Hasan Khan,1,1,0,0.9,1,1,1,5.9,84.28571429,,
,Dr Rayhan Islam,1,1,0,0.9,1,1,1,5.9,84.28571429,,
E08_P20_AR_VO_GM,Dr Mamun Mahmud,1,1,0,0.9,1,1,1,5.9,84.28571429,84.28571429,84.29
,Dr Abid Hasan Khan,1,1,0,0.9,1,1,1,5.9,84.28571429,,
,Dr Rayhan Islam,1,1,0,0.9,1,1,1,5.9,84.28571429,,
E08_P21_AF_VFL_GM,Dr Mamun Mahmud,1,0,0,0.7,1,1,1,4.7,67.14285714,67.14285714,67.14
,Dr Abid Hasan Khan,1,0,0,0.7,1,1,1,4.7,67.14285714,,
,Dr Rayhan Islam,1,0,0,0.7,1,1,1,4.7,67.14285714,,
E08_P21_AL_VFL_GM,Dr Mamun Mahmud,1,0,0,0.7,1,1,1,4.7,67.14285714,67.14285714,67.14
,Dr Abid Hasan Khan,1,0,0,0.7,1,1,1,4.7,67.14285714,,
,Dr Rayhan Islam,1,0,0,0.7,1,1,1,4.7,67.14285714,,
E08_P21_AR_VFL_GM,Dr Mamun Mahmud,1,0,0,0.6,1,1,1,4.6,65.71428571,65.71428571,65.71
,Dr Abid Hasan Khan,1,0,0,0.6,1,1,1,4.6,65.71428571,,
,Dr Rayhan Islam,1,0,0,0.6,1,1,1,4.6,65.71428571,,
E08_P21_AF_VHJ_GM,Dr Mamun Mahmud,1,1,1,1,1,1,1,7,100,100,100
,Dr Abid Hasan Khan,1,1,1,1,1,1,1,7,100,,
,Dr Rayhan Islam,1,1,1,1,1,1,1,7,100,,
E08_P21_AL_VHJ_GM,Dr Mamun Mahmud,1,1,1,1,1,1,1,7,100,100,100
,Dr Abid Hasan Khan,1,1,1,1,1,1,1,7,100,,
,Dr Rayhan Islam,1,1,1,1,1,1,1,7,100,,
E08_P21_AR_VHJ_GM,Dr Mamun Mahmud,1,1,1,1,1,1,1,7,100,100,100
,Dr Abid Hasan Khan,1,1,1,1,1,1,1,7,100,,
,Dr Rayhan Islam,1,1,1,1,1,1,1,7,100,,
E08_P21_AF_VLJ_GM,Dr Mamun Mahmud,1,1,1,1,1,1,0.5,6.5,92.85714286,97.61904762,97.62
,Dr Abid Hasan Khan,1,1,1,1,1,1,1,7,100,,
,Dr Rayhan Islam,1,1,1,1,1,1,1,7,100,,
E08_P21_AL_VLJ_GM,Dr Mamun Mahmud,1,1,1,1,1,1,0.5,6.5,92.85714286,97.61904762,97.62
,Dr Abid Hasan Khan,1,1,1,1,1,1,1,7,100,,
,Dr Rayhan Islam,1,1,1,1,1,1,1,7,100,,
E08_P21_AR_VLJ_GM,Dr Mamun Mahmud,1,1,1,1,1,1,0.5,6.5,92.85714286,97.61904762,97.62
,Dr Abid Hasan Khan,1,1,1,1,1,1,1,7,100,,
,Dr Rayhan Islam,1,1,1,1,1,1,1,7,100,,
E08_P21_AF_VLL_GM,Dr Mamun Mahmud,1,1,0,0.8,1,1,1,5.8,82.85714286,82.85714286,82.86
,Dr Abid Hasan Khan,1,1,0,0.8,1,1,1,5.8,82.85714286,,
,Dr Rayhan Islam,1,1,0,0.8,1,1,1,5.8,82.85714286,,
E08_P21_AL_VLL_GM,Dr Mamun Mahmud,1,1,0,0.8,1,1,1,5.8,82.85714286,82.85714286,82.86
,Dr Abid Hasan Khan,1,1,0,0.8,1,1,1,5.8,82.85714286,,
,Dr Rayhan Islam,1,1,0,0.8,1,1,1,5.8,82.85714286,,
E08_P21_AR_VLL_GM,Dr Mamun Mahmud,1,1,0,0.9,1,1,1,5.9,84.28571429,84.28571429,84.29
,Dr Abid Hasan Khan,1,1,0,0.9,1,1,1,5.9,84.28571429,,
,Dr Rayhan Islam,1,1,0,0.9,1,1,1,5.9,84.28571429,,
E08_P21_AF_VML_GM,Dr Mamun Mahmud,1,1,0,0.9,1,1,1,5.9,84.28571429,84.28571429,84.29
,Dr Abid Hasan Khan,1,1,0,0.9,1,1,1,5.9,84.28571429,,
,Dr Rayhan Islam,1,1,0,0.9,1,1,1,5.9,84.28571429,,
E08_P21_AL_VML_GM,Dr Mamun Mahmud,1,1,0,0.9,1,1,1,5.9,84.28571429,84.28571429,84.29
,Dr Abid Hasan Khan,1,1,0,0.9,1,1,1,5.9,84.28571429,,
,Dr Rayhan Islam,1,1,0,0.9,1,1,1,5.9,84.28571429,,
E08_P21_AR_VML_GM,Dr Mamun Mahmud,1,1,0,0.9,1,1,1,5.9,84.28571429,84.28571429,84.29
,Dr Abid Hasan Khan,1,1,0,0.9,1,1,1,5.9,84.28571429,,
,Dr Rayhan Islam,1,1,0,0.9,1,1,1,5.9,84.28571429,,
E08_P21_AF_VO_GM,Dr Mamun Mahmud,1,1,1,1,1,1,1,7,100,100,100
,Dr Abid Hasan Khan,1,1,1,1,1,1,1,7,100,,
,Dr Rayhan Islam,1,1,1,1,1,1,1,7,100,,
E08_P21_AL_VO_GM,Dr Mamun Mahmud,1,1,0,0.9,1,1,1,5.9,84.28571429,84.28571429,84.29
,Dr Abid Hasan Khan,1,1,0,0.9,1,1,1,5.9,84.28571429,,
,Dr Rayhan Islam,1,1,0,0.9,1,1,1,5.9,84.28571429,,
E08_P21_AR_VO_GM,Dr Mamun Mahmud,1,1,1,1,1,1,1,7,100,100,100
,Dr Abid Hasan Khan,1,1,1,1,1,1,1,7,100,,
,Dr Rayhan Islam,1,1,1,1,1,1,1,7,100,,
E08_P22_AF_VFL_GM,Dr Mamun Mahmud,1,0,0,0.9,1,1,1,4.9,70,70,70
,Dr Abid Hasan Khan,1,0,0,0.9,1,1,1,4.9,70,,
,Dr Rayhan Islam,1,0,0,0.9,1,1,1,4.9,70,,
E08_P22_AL_VFL_GM,Dr Mamun Mahmud,1,0,0,0.9,1,1,1,4.9,70,70,70
,Dr Abid Hasan Khan,1,0,0,0.9,1,1,1,4.9,70,,
,Dr Rayhan Islam,1,0,0,0.9,1,1,1,4.9,70,,
E08_P22_AR_VFL_GM,Dr Mamun Mahmud,1,0,0,0.9,1,1,1,4.9,70,70,70
,Dr Abid Hasan Khan,1,0,0,0.9,1,1,1,4.9,70,,
,Dr Rayhan Islam,1,0,0,0.9,1,1,1,4.9,70,,
E08_P22_AF_VHJ_GM,Dr Mamun Mahmud,1,1,1,1,1,1,1,7,100,100,100
,Dr Abid Hasan Khan,1,1,1,1,1,1,1,7,100,,
,Dr Rayhan Islam,1,1,1,1,1,1,1,7,100,,
E08_P22_AL_VHJ_GM,Dr Mamun Mahmud,1,1,1,1,1,1,1,7,100,100,100
,Dr Abid Hasan Khan,1,1,1,1,1,1,1,7,100,,
,Dr Rayhan Islam,1,1,1,1,1,1,1,7,100,,
E08_P22_AR_VHJ_GM,Dr Mamun Mahmud,1,1,0,0.8,1,1,1,5.8,82.85714286,82.85714286,82.86
,Dr Abid Hasan Khan,1,1,0,0.8,1,1,1,5.8,82.85714286,,
,Dr Rayhan Islam,1,1,0,0.8,1,1,1,5.8,82.85714286,,
E08_P22_AF_VLJ_GM,Dr Mamun Mahmud,1,1,0,0.9,1,1,1,5.9,84.28571429,84.28571429,84.29
,Dr Abid Hasan Khan,1,1,0,0.9,1,1,1,5.9,84.28571429,,
,Dr Rayhan Islam,1,1,0,0.9,1,1,1,5.9,84.28571429,,
E08_P22_AL_VLJ_GM,Dr Mamun Mahmud,1,1,0,0.9,1,1,1,5.9,84.28571429,84.28571429,84.29
,Dr Abid Hasan Khan,1,1,0,0.9,1,1,1,5.9,84.28571429,,
,Dr Rayhan Islam,1,1,0,0.9,1,1,1,5.9,84.28571429,,
E08_P22_AR_VLJ_GM,Dr Mamun Mahmud,1,1,0,0.9,1,1,1,5.9,84.28571429,84.28571429,84.29
,Dr Abid Hasan Khan,1,1,0,0.9,1,1,1,5.9,84.28571429,,
,Dr Rayhan Islam,1,1,0,0.9,1,1,1,5.9,84.28571429,,
E08_P22_AF_VLL_GM,Dr Mamun Mahmud,1,1,0,0.6,1,1,1,5.6,80,80,80
,Dr Abid Hasan Khan,1,1,0,0.6,1,1,1,5.6,80,,
,Dr Rayhan Islam,1,1,0,0.6,1,1,1,5.6,80,,
E08_P22_AL_VLL_GM,Dr Mamun Mahmud,1,1,0,0.5,1,1,1,5.5,78.57142857,78.57142857,78.57
,Dr Abid Hasan Khan,1,1,0,0.5,1,1,1,5.5,78.57142857,,
,Dr Rayhan Islam,1,1,0,0.5,1,1,1,5.5,78.57142857,,
E08_P22_AR_VLL_GM,Dr Mamun Mahmud,1,1,0,0.6,1,1,1,5.6,80,80,80
,Dr Abid Hasan Khan,1,1,0,0.6,1,1,1,5.6,80,,
,Dr Rayhan Islam,1,1,0,0.6,1,1,1,5.6,80,,
E08_P22_AF_VML_GM,Dr Mamun Mahmud,1,1,1,1,1,1,0.5,6.5,92.85714286,97.61904762,97.62
,Dr Abid Hasan Khan,1,1,1,1,1,1,1,7,100,,
,Dr Rayhan Islam,1,1,1,1,1,1,1,7,100,,
E08_P22_AL_VML_GM,Dr Mamun Mahmud,1,1,0,0.9,1,1,0.5,5.4,77.14285714,81.9047619,81.9
,Dr Abid Hasan Khan,1,1,0,0.9,1,1,1,5.9,84.28571429,,
,Dr Rayhan Islam,1,1,0,0.9,1,1,1,5.9,84.28571429,,
E08_P22_AR_VML_GM,Dr Mamun Mahmud,1,1,1,1,1,1,0.5,6.5,92.85714286,97.61904762,97.62
,Dr Abid Hasan Khan,1,1,1,1,1,1,1,7,100,,
,Dr Rayhan Islam,1,1,1,1,1,1,1,7,100,,
E08_P22_AF_VO_GM,Dr Mamun Mahmud,1,1,1,1,1,1,0.5,6.5,92.85714286,97.61904762,97.62
,Dr Abid Hasan Khan,1,1,1,1,1,1,1,7,100,,
,Dr Rayhan Islam,1,1,1,1,1,1,1,7,100,,
E08_P22_AL_VO_GM,Dr Mamun Mahmud,1,1,1,1,1,1,0.5,6.5,92.85714286,97.61904762,97.62
,Dr Abid Hasan Khan,1,1,1,1,1,1,1,7,100,,
,Dr Rayhan Islam,1,1,1,1,1,1,1,7,100,,
E08_P22_AR_VO_GM,Dr Mamun Mahmud,1,1,1,1,1,1,0.5,6.5,92.85714286,97.61904762,97.62
,Dr Abid Hasan Khan,1,1,1,1,1,1,1,7,100,,
,Dr Rayhan Islam,1,1,1,1,1,1,1,7,100,,
E08_P23_AF_VFL_GM,Dr Mamun Mahmud,1,1,1,1,1,1,1,7,100,100,100
,Dr Abid Hasan Khan,1,1,1,1,1,1,1,7,100,,
,Dr Rayhan Islam,1,1,1,1,1,1,1,7,100,,
E08_P23_AL_VFL_GM,Dr Mamun Mahmud,1,1,1,1,1,1,1,7,100,100,100
,Dr Abid Hasan Khan,1,1,1,1,1,1,1,7,100,,
,Dr Rayhan Islam,1,1,1,1,1,1,1,7,100,,
E08_P23_AR_VFL_GM,Dr Mamun Mahmud,1,1,1,1,1,1,1,7,100,100,100
,Dr Abid Hasan Khan,1,1,1,1,1,1,1,7,100,,
,Dr Rayhan Islam,1,1,1,1,1,1,1,7,100,,
E08_P23_AF_VHJ_GM,Dr Mamun Mahmud,1,1,1,1,1,1,1,7,100,100,100
,Dr Abid Hasan Khan,1,1,1,1,1,1,1,7,100,,
,Dr Rayhan Islam,1,1,1,1,1,1,1,7,100,,
E08_P23_AL_VHJ_GM,Dr Mamun Mahmud,1,1,0,0.9,1,1,1,5.9,84.28571429,84.28571429,84.29
,Dr Abid Hasan Khan,1,1,0,0.9,1,1,1,5.9,84.28571429,,
,Dr Rayhan Islam,1,1,0,0.9,1,1,1,5.9,84.28571429,,
E08_P23_AR_VHJ_GM,Dr Mamun Mahmud,1,1,1,1,1,1,1,7,100,100,100
,Dr Abid Hasan Khan,1,1,1,1,1,1,1,7,100,,
,Dr Rayhan Islam,1,1,1,1,1,1,1,7,100,,
E08_P23_AF_VLJ_GM,Dr Mamun Mahmud,1,1,1,1,1,1,1,7,100,100,100
,Dr Abid Hasan Khan,1,1,1,1,1,1,1,7,100,,
,Dr Rayhan Islam,1,1,1,1,1,1,1,7,100,,
E08_P23_AL_VLJ_GM,Dr Mamun Mahmud,1,1,1,1,1,1,1,7,100,100,100
,Dr Abid Hasan Khan,1,1,1,1,1,1,1,7,100,,
,Dr Rayhan Islam,1,1,1,1,1,1,1,7,100,,
E08_P23_AR_VLJ_GM,Dr Mamun Mahmud,1,1,1,1,1,1,1,7,100,100,100
,Dr Abid Hasan Khan,1,1,1,1,1,1,1,7,100,,
,Dr Rayhan Islam,1,1,1,1,1,1,1,7,100,,
E08_P23_AF_VLL_GM,Dr Mamun Mahmud,1,1,0,0.9,1,1,1,5.9,84.28571429,84.28571429,84.29
,Dr Abid Hasan Khan,1,1,0,0.9,1,1,1,5.9,84.28571429,,
,Dr Rayhan Islam,1,1,0,0.9,1,1,1,5.9,84.28571429,,
E08_P23_AL_VLL_GM,Dr Mamun Mahmud,1,1,0,0.8,1,1,1,5.8,82.85714286,82.85714286,82.86
,Dr Abid Hasan Khan,1,1,0,0.8,1,1,1,5.8,82.85714286,,
,Dr Rayhan Islam,1,1,0,0.8,1,1,1,5.8,82.85714286,,
E08_P23_AR_VLL_GM,Dr Mamun Mahmud,1,1,0,0.9,1,1,1,5.9,84.28571429,84.28571429,84.29
,Dr Abid Hasan Khan,1,1,0,0.9,1,1,1,5.9,84.28571429,,
,Dr Rayhan Islam,1,1,0,0.9,1,1,1,5.9,84.28571429,,
E08_P23_AF_VML_GM,Dr Mamun Mahmud,1,1,1,1,1,1,1,7,100,100,100
,Dr Abid Hasan Khan,1,1,1,1,1,1,1,7,100,,
,Dr Rayhan Islam,1,1,1,1,1,1,1,7,100,,
E08_P23_AL_VML_GM,Dr Mamun Mahmud,1,1,1,1,1,1,1,7,100,100,100
,Dr Abid Hasan Khan,1,1,1,1,1,1,1,7,100,,
,Dr Rayhan Islam,1,1,1,1,1,1,1,7,100,,
E08_P23_AR_VML_GM,Dr Mamun Mahmud,1,1,0,0.9,1,1,1,5.9,84.28571429,84.28571429,84.29
,Dr Abid Hasan Khan,1,1,0,0.9,1,1,1,5.9,84.28571429,,
,Dr Rayhan Islam,1,1,0,0.9,1,1,1,5.9,84.28571429,,
E08_P23_AF_VO_GM,Dr Mamun Mahmud,1,1,0,0.7,1,1,1,5.7,81.42857143,81.42857143,81.43
,Dr Abid Hasan Khan,1,1,0,0.7,1,1,1,5.7,81.42857143,,
,Dr Rayhan Islam,1,1,0,0.7,1,1,1,5.7,81.42857143,,
E08_P23_AL_VO_GM,Dr Mamun Mahmud,1,1,0,0.9,1,1,1,5.9,84.28571429,84.28571429,84.29
,Dr Abid Hasan Khan,1,1,0,0.9,1,1,1,5.9,84.28571429,,
,Dr Rayhan Islam,1,1,0,0.9,1,1,1,5.9,84.28571429,,
E08_P23_AR_VO_GM,Dr Mamun Mahmud,1,1,0,0.9,1,1,1,5.9,84.28571429,84.28571429,84.29
,Dr Abid Hasan Khan,1,1,0,0.9,1,1,1,5.9,84.28571429,,
,Dr Rayhan Islam,1,1,0,0.9,1,1,1,5.9,84.28571429,,
E09_P02_AF_VFL_GM,Dr Mamun Mahmud,1,1,1,1,1,1,1,7,100,100,100
,Dr Abid Hasan Khan,1,1,1,1,1,1,1,7,100,,
,Dr Rayhan Islam,1,1,1,1,1,1,1,7,100,,
E09_P02_AL_VFL_GM,Dr Mamun Mahmud,1,1,1,1,1,1,1,7,100,100,100
,Dr Abid Hasan Khan,1,1,1,1,1,1,1,7,100,,
,Dr Rayhan Islam,1,1,1,1,1,1,1,7,100,,
E09_P02_AR_VFL_GM,Dr Mamun Mahmud,1,1,1,1,1,1,1,7,100,100,100
,Dr Abid Hasan Khan,1,1,1,1,1,1,1,7,100,,
,Dr Rayhan Islam,1,1,1,1,1,1,1,7,100,,
E09_P02_AF_VHJ_GM,Dr Mamun Mahmud,1,0,1,1,1,1,1,6,85.71428571,85.71428571,85.71
,Dr Abid Hasan Khan,1,0,1,1,1,1,1,6,85.71428571,,
,Dr Rayhan Islam,1,0,1,1,1,1,1,6,85.71428571,,
E09_P02_AL_VHJ_GM,Dr Mamun Mahmud,1,0,1,1,1,1,1,6,85.71428571,85.71428571,85.71
,Dr Abid Hasan Khan,1,0,1,1,1,1,1,6,85.71428571,,
,Dr Rayhan Islam,1,0,1,1,1,1,1,6,85.71428571,,
E09_P02_AR_VHJ_GM,Dr Mamun Mahmud,1,0,1,1,1,1,1,6,85.71428571,85.71428571,85.71
,Dr Abid Hasan Khan,1,0,1,1,1,1,1,6,85.71428571,,
,Dr Rayhan Islam,1,0,1,1,1,1,1,6,85.71428571,,
E09_P02_AF_VLJ_GM,Dr Mamun Mahmud,1,0,0,0.8,1,1,1,4.8,68.57142857,68.57142857,68.57
,Dr Abid Hasan Khan,1,0,0,0.8,1,1,1,4.8,68.57142857,,
,Dr Rayhan Islam,1,0,0,0.8,1,1,1,4.8,68.57142857,,
E09_P02_AL_VLJ_GM,Dr Mamun Mahmud,1,0,0,0.8,1,1,1,4.8,68.57142857,68.57142857,68.57
,Dr Abid Hasan Khan,1,0,0,0.8,1,1,1,4.8,68.57142857,,
,Dr Rayhan Islam,1,0,0,0.8,1,1,1,4.8,68.57142857,,
E09_P02_AR_VLJ_GM,Dr Mamun Mahmud,1,0,0,0.8,1,1,1,4.8,68.57142857,68.57142857,68.57
,Dr Abid Hasan Khan,1,0,0,0.8,1,1,1,4.8,68.57142857,,
,Dr Rayhan Islam,1,0,0,0.8,1,1,1,4.8,68.57142857,,
E09_P02_AF_VLL_GM,Dr Mamun Mahmud,1,0,0,0.8,1,1,1,4.8,68.57142857,68.57142857,68.57
,Dr Abid Hasan Khan,1,0,0,0.8,1,1,1,4.8,68.57142857,,
,Dr Rayhan Islam,1,0,0,0.8,1,1,1,4.8,68.57142857,,
E09_P02_AL_VLL_GM,Dr Mamun Mahmud,1,0,0,0.7,1,1,1,4.7,67.14285714,67.14285714,67.14
,Dr Abid Hasan Khan,1,0,0,0.7,1,1,1,4.7,67.14285714,,
,Dr Rayhan Islam,1,0,0,0.7,1,1,1,4.7,67.14285714,,
E09_P02_AR_VLL_GM,Dr Mamun Mahmud,1,0,0,0.8,1,1,1,4.8,68.57142857,68.57142857,68.57
,Dr Abid Hasan Khan,1,0,0,0.8,1,1,1,4.8,68.57142857,,
,Dr Rayhan Islam,1,0,0,0.8,1,1,1,4.8,68.57142857,,
E09_P02_AF_VML_GM,Dr Mamun Mahmud,1,1,1,1,0.5,1,1,6.5,92.85714286,97.61904762,97.62
,Dr Abid Hasan Khan,1,1,1,1,1,1,1,7,100,,
,Dr Rayhan Islam,1,1,1,1,1,1,1,7,100,,
E09_P02_AL_VML_GM,Dr Mamun Mahmud,1,1,1,1,0.5,1,1,6.5,92.85714286,97.61904762,97.62
,Dr Abid Hasan Khan,1,1,1,1,1,1,1,7,100,,
,Dr Rayhan Islam,1,1,1,1,1,1,1,7,100,,
E09_P02_AR_VML_GM,Dr Mamun Mahmud,1,1,1,1,0.5,1,1,6.5,92.85714286,97.61904762,97.62
,Dr Abid Hasan Khan,1,1,1,1,1,1,1,7,100,,
,Dr Rayhan Islam,1,1,1,1,1,1,1,7,100,,
E09_P02_AF_VO_GM,Dr Mamun Mahmud,1,0,1,1,0.5,1,1,5.5,78.57142857,83.33333333,83.33
,Dr Abid Hasan Khan,1,0,1,1,1,1,1,6,85.71428571,,
,Dr Rayhan Islam,1,0,1,1,1,1,1,6,85.71428571,,
E09_P02_AL_VO_GM,Dr Mamun Mahmud,1,0,1,1,0.5,1,1,5.5,78.57142857,83.33333333,83.33
,Dr Abid Hasan Khan,1,0,1,1,1,1,1,6,85.71428571,,
,Dr Rayhan Islam,1,0,1,1,1,1,1,6,85.71428571,,
E09_P02_AR_VO_GM,Dr Mamun Mahmud,1,0,1,1,0.5,1,1,5.5,78.57142857,83.33333333,83.33
,Dr Abid Hasan Khan,1,0,1,1,1,1,1,6,85.71428571,,
,Dr Rayhan Islam,1,0,1,1,1,1,1,6,85.71428571,,
E09_P03_AF_VFL_GM,Dr Mamun Mahmud,1,1,1,1,1,1,1,7,100,100,100
,Dr Abid Hasan Khan,1,1,1,1,1,1,1,7,100,,
,Dr Rayhan Islam,1,1,1,1,1,1,1,7,100,,
E09_P03_AL_VFL_GM,Dr Mamun Mahmud,1,1,1,1,1,1,1,7,100,100,100
,Dr Abid Hasan Khan,1,1,1,1,1,1,1,7,100,,
,Dr Rayhan Islam,1,1,1,1,1,1,1,7,100,,
E09_P03_AR_VFL_GM,Dr Mamun Mahmud,1,1,0,0.8,1,1,1,5.8,82.85714286,82.85714286,82.86
,Dr Abid Hasan Khan,1,1,0,0.8,1,1,1,5.8,82.85714286,,
,Dr Rayhan Islam,1,1,0,0.8,1,1,1,5.8,82.85714286,,
E09_P03_AF_VHJ_GM,Dr Mamun Mahmud,1,1,0,0.9,1,1,1,5.9,84.28571429,84.28571429,84.29
,Dr Abid Hasan Khan,1,1,0,0.9,1,1,1,5.9,84.28571429,,
,Dr Rayhan Islam,1,1,0,0.9,1,1,1,5.9,84.28571429,,
E09_P03_AL_VHJ_GM,Dr Mamun Mahmud,1,1,1,1,1,1,1,7,100,100,100
,Dr Abid Hasan Khan,1,1,1,1,1,1,1,7,100,,
,Dr Rayhan Islam,1,1,1,1,1,1,1,7,100,,
E09_P03_AR_VHJ_GM,Dr Mamun Mahmud,1,1,1,1,1,1,1,7,100,100,100
,Dr Abid Hasan Khan,1,1,1,1,1,1,1,7,100,,
,Dr Rayhan Islam,1,1,1,1,1,1,1,7,100,,
E09_P03_AF_VLJ_GM,Dr Mamun Mahmud,1,1,1,1,1,1,1,7,100,100,100
,Dr Abid Hasan Khan,1,1,1,1,1,1,1,7,100,,
,Dr Rayhan Islam,1,1,1,1,1,1,1,7,100,,
E09_P03_AL_VLJ_GM,Dr Mamun Mahmud,1,1,1,1,1,1,1,7,100,100,100
,Dr Abid Hasan Khan,1,1,1,1,1,1,1,7,100,,
,Dr Rayhan Islam,1,1,1,1,1,1,1,7,100,,
E09_P03_AR_VLJ_GM,Dr Mamun Mahmud,1,1,1,1,1,1,1,7,100,100,100
,Dr Abid Hasan Khan,1,1,1,1,1,1,1,7,100,,
,Dr Rayhan Islam,1,1,1,1,1,1,1,7,100,,
E09_P03_AF_VLL_GM,Dr Mamun Mahmud,1,1,1,1,1,1,1,7,100,100,100
,Dr Abid Hasan Khan,1,1,1,1,1,1,1,7,100,,
,Dr Rayhan Islam,1,1,1,1,1,1,1,7,100,,
E09_P03_AL_VLL_GM,Dr Mamun Mahmud,1,1,1,1,1,1,1,7,100,100,100
,Dr Abid Hasan Khan,1,1,1,1,1,1,1,7,100,,
,Dr Rayhan Islam,1,1,1,1,1,1,1,7,100,,
E09_P03_AR_VLL_GM,Dr Mamun Mahmud,1,1,1,1,1,1,1,7,100,100,100
,Dr Abid Hasan Khan,1,1,1,1,1,1,1,7,100,,
,Dr Rayhan Islam,1,1,1,1,1,1,1,7,100,,
E09_P03_AF_VML_GM,Dr Mamun Mahmud,1,1,1,1,0.5,1,1,6.5,92.85714286,97.61904762,97.62
,Dr Abid Hasan Khan,1,1,1,1,1,1,1,7,100,,
,Dr Rayhan Islam,1,1,1,1,1,1,1,7,100,,
E09_P03_AL_VML_GM,Dr Mamun Mahmud,1,1,1,1,0.5,1,1,6.5,92.85714286,97.61904762,97.62
,Dr Abid Hasan Khan,1,1,1,1,1,1,1,7,100,,
,Dr Rayhan Islam,1,1,1,1,1,1,1,7,100,,
E09_P03_AR_VML_GM,Dr Mamun Mahmud,1,1,1,1,0.5,1,1,6.5,92.85714286,97.61904762,97.62
,Dr Abid Hasan Khan,1,1,1,1,1,1,1,7,100,,
,Dr Rayhan Islam,1,1,1,1,1,1,1,7,100,,
E09_P03_AF_VO_GM,Dr Mamun Mahmud,1,1,0,0.9,0.5,1,1,5.4,77.14285714,81.9047619,81.9
,Dr Abid Hasan Khan,1,1,0,0.9,1,1,1,5.9,84.28571429,,
,Dr Rayhan Islam,1,1,0,0.9,1,1,1,5.9,84.28571429,,
E09_P03_AL_VO_GM,Dr Mamun Mahmud,1,1,0,0.9,0.5,1,1,5.4,77.14285714,81.9047619,81.9
,Dr Abid Hasan Khan,1,1,0,0.9,1,1,1,5.9,84.28571429,,
,Dr Rayhan Islam,1,1,0,0.9,1,1,1,5.9,84.28571429,,
E09_P03_AR_VO_GM,Dr Mamun Mahmud,1,1,0,0.9,0.5,1,1,5.4,77.14285714,81.9047619,81.9
,Dr Abid Hasan Khan,1,1,0,0.9,1,1,1,5.9,84.28571429,,
,Dr Rayhan Islam,1,1,0,0.9,1,1,1,5.9,84.28571429,,
E09_P04_AF_VFL_GM,Dr Mamun Mahmud,1,0,1,1,0.5,1,1,5.5,78.57142857,83.33333333,83.33
,Dr Abid Hasan Khan,1,0,1,1,1,1,1,6,85.71428571,,
,Dr Rayhan Islam,1,0,1,1,1,1,1,6,85.71428571,,
E09_P04_AL_VFL_GM,Dr Mamun Mahmud,1,0,1,1,0.5,1,1,5.5,78.57142857,83.33333333,83.33
,Dr Abid Hasan Khan,1,0,1,1,1,1,1,6,85.71428571,,
,Dr Rayhan Islam,1,0,1,1,1,1,1,6,85.71428571,,
E09_P04_AR_VFL_GM,Dr Mamun Mahmud,1,0,1,1,0.5,1,1,5.5,78.57142857,83.33333333,83.33
,Dr Abid Hasan Khan,1,0,1,1,1,1,1,6,85.71428571,,
,Dr Rayhan Islam,1,0,1,1,1,1,1,6,85.71428571,,
E09_P04_AF_VHJ_GM,Dr Mamun Mahmud,1,0,1,1,0.5,1,1,5.5,78.57142857,83.33333333,83.33
,Dr Abid Hasan Khan,1,0,1,1,1,1,1,6,85.71428571,,
,Dr Rayhan Islam,1,0,1,1,1,1,1,6,85.71428571,,
E09_P04_AL_VHJ_GM,Dr Mamun Mahmud,1,0,1,1,0.5,1,1,5.5,78.57142857,83.33333333,83.33
,Dr Abid Hasan Khan,1,0,1,1,1,1,1,6,85.71428571,,
,Dr Rayhan Islam,1,0,1,1,1,1,1,6,85.71428571,,
E09_P04_AR_VHJ_GM,Dr Mamun Mahmud,1,0,1,1,0.5,1,1,5.5,78.57142857,83.33333333,83.33
,Dr Abid Hasan Khan,1,0,1,1,1,1,1,6,85.71428571,,
,Dr Rayhan Islam,1,0,1,1,1,1,1,6,85.71428571,,
E09_P04_AF_VLJ_GM,Dr Mamun Mahmud,1,0,1,1,0.5,0.5,1,5,71.42857143,80.95238095,80.95
,Dr Abid Hasan Khan,1,0,1,1,1,1,1,6,85.71428571,,
,Dr Rayhan Islam,1,0,1,1,1,1,1,6,85.71428571,,
E09_P04_AL_VLJ_GM,Dr Mamun Mahmud,1,0,0,0.9,0.5,0.5,1,3.9,55.71428571,65.23809524,65.24
,Dr Abid Hasan Khan,1,0,0,0.9,1,1,1,4.9,70,,
,Dr Rayhan Islam,1,0,0,0.9,1,1,1,4.9,70,,
E09_P04_AR_VLJ_GM,Dr Mamun Mahmud,1,0,1,1,0.5,0.5,1,5,71.42857143,80.95238095,80.95
,Dr Abid Hasan Khan,1,0,1,1,1,1,1,6,85.71428571,,
,Dr Rayhan Islam,1,0,1,1,1,1,1,6,85.71428571,,
E09_P04_AF_VLL_GM,Dr Mamun Mahmud,1,0,0,0.9,0.5,0.5,1,3.9,55.71428571,65.23809524,65.24
,Dr Abid Hasan Khan,1,0,0,0.9,1,1,1,4.9,70,,
,Dr Rayhan Islam,1,0,0,0.9,1,1,1,4.9,70,,
E09_P04_AL_VLL_GM,Dr Mamun Mahmud,1,0,1,1,0.5,0.5,1,5,71.42857143,80.95238095,80.95
,Dr Abid Hasan Khan,1,0,1,1,1,1,1,6,85.71428571,,
,Dr Rayhan Islam,1,0,1,1,1,1,1,6,85.71428571,,
E09_P04_AR_VLL_GM,Dr Mamun Mahmud,1,0,0,0.9,0.5,0.5,1,3.9,55.71428571,65.23809524,65.24
,Dr Abid Hasan Khan,1,0,0,0.9,1,1,1,4.9,70,,
,Dr Rayhan Islam,1,0,0,0.9,1,1,1,4.9,70,,
E09_P04_AF_VML_GM,Dr Mamun Mahmud,1,0,1,1,0.5,0.5,1,5,71.42857143,80.95238095,80.95
,Dr Abid Hasan Khan,1,0,1,1,1,1,1,6,85.71428571,,
,Dr Rayhan Islam,1,0,1,1,1,1,1,6,85.71428571,,
E09_P04_AL_VML_GM,Dr Mamun Mahmud,1,0,1,1,0.5,0.5,1,5,71.42857143,80.95238095,80.95
,Dr Abid Hasan Khan,1,0,1,1,1,1,1,6,85.71428571,,
,Dr Rayhan Islam,1,0,1,1,1,1,1,6,85.71428571,,
E09_P04_AR_VML_GM,Dr Mamun Mahmud,1,0,0,0.9,0.5,0.5,1,3.9,55.71428571,65.23809524,65.24
,Dr Abid Hasan Khan,1,0,0,0.9,1,1,1,4.9,70,,
,Dr Rayhan Islam,1,0,0,0.9,1,1,1,4.9,70,,
E09_P04_AF_VO_GM,Dr Mamun Mahmud,1,0,1,1,1,0.5,1,5.5,78.57142857,83.33333333,83.33
,Dr Abid Hasan Khan,1,0,1,1,1,1,1,6,85.71428571,,
,Dr Rayhan Islam,1,0,1,1,1,1,1,6,85.71428571,,
E09_P04_AL_VO_GM,Dr Mamun Mahmud,1,0,1,1,1,0.5,1,5.5,78.57142857,83.33333333,83.33
,Dr Abid Hasan Khan,1,0,1,1,1,1,1,6,85.71428571,,
,Dr Rayhan Islam,1,0,1,1,1,1,1,6,85.71428571,,
E09_P04_AR_VO_GM,Dr Mamun Mahmud,1,0,1,1,1,0.5,1,5.5,78.57142857,83.33333333,83.33
,Dr Abid Hasan Khan,1,0,1,1,1,1,1,6,85.71428571,,
,Dr Rayhan Islam,1,0,1,1,1,1,1,6,85.71428571,,
E09_P05_AF_VFL_GM,Dr Mamun Mahmud,0,1,1,1,1,0,1,5,71.42857143,71.42857143,71.43
,Dr Abid Hasan Khan,0,1,1,1,1,0,1,5,71.42857143,,
,Dr Rayhan Islam,0,1,1,1,1,0,1,5,71.42857143,,
E09_P05_AL_VFL_GM,Dr Mamun Mahmud,0,1,1,1,1,0,1,5,71.42857143,71.42857143,71.43
,Dr Abid Hasan Khan,0,1,1,1,1,0,1,5,71.42857143,,
,Dr Rayhan Islam,0,1,1,1,1,0,1,5,71.42857143,,
E09_P05_AR_VFL_GM,Dr Mamun Mahmud,0,1,1,1,1,0,1,5,71.42857143,71.42857143,71.43
,Dr Abid Hasan Khan,0,1,1,1,1,0,1,5,71.42857143,,
,Dr Rayhan Islam,0,1,1,1,1,0,1,5,71.42857143,,
E09_P05_AF_VHJ_GM,Dr Mamun Mahmud,1,1,0,0.9,1,0.5,1,5.4,77.14285714,81.9047619,81.9
,Dr Abid Hasan Khan,1,1,0,0.9,1,1,1,5.9,84.28571429,,
,Dr Rayhan Islam,1,1,0,0.9,1,1,1,5.9,84.28571429,,
E09_P05_AL_VHJ_GM,Dr Mamun Mahmud,1,1,0,0.9,1,0.5,1,5.4,77.14285714,81.9047619,81.9
,Dr Abid Hasan Khan,1,1,0,0.9,1,1,1,5.9,84.28571429,,
,Dr Rayhan Islam,1,1,0,0.9,1,1,1,5.9,84.28571429,,
E09_P05_AR_VHJ_GM,Dr Mamun Mahmud,1,1,0,0.9,1,0.5,1,5.4,77.14285714,81.9047619,81.9
,Dr Abid Hasan Khan,1,1,0,0.9,1,1,1,5.9,84.28571429,,
,Dr Rayhan Islam,1,1,0,0.9,1,1,1,5.9,84.28571429,,
E09_P05_AF_VLJ_GM,Dr Mamun Mahmud,1,1,1,1,1,0.5,1,6.5,92.85714286,88.0952381,88.1
,Dr Abid Hasan Khan,1,1,1,1,1,1,0,6,85.71428571,,
,Dr Rayhan Islam,1,1,1,1,1,1,0,6,85.71428571,,
E09_P05_AL_VLJ_GM,Dr Mamun Mahmud,1,1,1,1,1,0.5,1,6.5,92.85714286,88.0952381,88.1
,Dr Abid Hasan Khan,1,1,1,1,1,1,0,6,85.71428571,,
,Dr Rayhan Islam,1,1,1,1,1,1,0,6,85.71428571,,
E09_P05_AR_VLJ_GM,Dr Mamun Mahmud,1,1,1,1,1,0.5,1,6.5,92.85714286,88.0952381,88.1
,Dr Abid Hasan Khan,1,1,1,1,1,1,0,6,85.71428571,,
,Dr Rayhan Islam,1,1,1,1,1,1,0,6,85.71428571,,
E09_P05_AF_VLL_GM,Dr Mamun Mahmud,1,1,1,1,1,0,1,6,85.71428571,85.71428571,85.71
,Dr Abid Hasan Khan,1,1,1,1,1,1,0,6,85.71428571,,
,Dr Rayhan Islam,1,1,1,1,1,1,0,6,85.71428571,,
E09_P05_AL_VLL_GM,Dr Mamun Mahmud,1,1,1,1,1,0,1,6,85.71428571,85.71428571,85.71
,Dr Abid Hasan Khan,1,1,1,1,1,1,0,6,85.71428571,,
,Dr Rayhan Islam,1,1,1,1,1,1,0,6,85.71428571,,
E09_P05_AR_VLL_GM,Dr Mamun Mahmud,1,1,1,1,1,0,1,6,85.71428571,85.71428571,85.71
,Dr Abid Hasan Khan,1,1,1,1,1,1,0,6,85.71428571,,
,Dr Rayhan Islam,1,1,1,1,1,1,0,6,85.71428571,,
E09_P05_AF_VML_GM,Dr Mamun Mahmud,1,1,0,0.5,1,0,1,4.5,64.28571429,64.28571429,64.29
,Dr Abid Hasan Khan,1,1,0,0.5,1,1,0,4.5,64.28571429,,
,Dr Rayhan Islam,1,1,0,0.5,1,1,0,4.5,64.28571429,,
E09_P05_AL_VML_GM,Dr Mamun Mahmud,1,1,0,0.5,1,0,1,4.5,64.28571429,64.28571429,64.29
,Dr Abid Hasan Khan,1,1,0,0.5,1,1,0,4.5,64.28571429,,
,Dr Rayhan Islam,1,1,0,0.5,1,1,0,4.5,64.28571429,,
E09_P05_AR_VML_GM,Dr Mamun Mahmud,1,1,0,0.5,1,0,1,4.5,64.28571429,64.28571429,64.29
,Dr Abid Hasan Khan,1,1,0,0.5,1,1,0,4.5,64.28571429,,
,Dr Rayhan Islam,1,1,0,0.5,1,1,0,4.5,64.28571429,,
E09_P05_AF_VO_GM,Dr Mamun Mahmud,1,1,1,1,0.5,0.5,1,6,85.71428571,85.71428571,85.71
,Dr Abid Hasan Khan,1,1,1,1,1,1,0,6,85.71428571,,
,Dr Rayhan Islam,1,1,1,1,1,1,0,6,85.71428571,,
E09_P05_AL_VO_GM,Dr Mamun Mahmud,1,1,1,1,0.5,0.5,1,6,85.71428571,85.71428571,85.71
,Dr Abid Hasan Khan,1,1,1,1,1,1,0,6,85.71428571,,
,Dr Rayhan Islam,1,1,1,1,1,1,0,6,85.71428571,,
E09_P05_AR_VO_GM,Dr Mamun Mahmud,1,1,1,1,0.5,0.5,1,6,85.71428571,85.71428571,85.71
,Dr Abid Hasan Khan,1,1,1,1,1,1,0,6,85.71428571,,
,Dr Rayhan Islam,1,1,1,1,1,1,0,6,85.71428571,,
E09_P06_AF_VFL_GM,Dr Mamun Mahmud,1,1,1,1,1,1,1,7,100,90.47619048,90.48
,Dr Abid Hasan Khan,1,1,1,1,1,0,1,6,85.71428571,,
,Dr Rayhan Islam,1,1,1,1,1,0,1,6,85.71428571,,
E09_P06_AL_VFL_GM,Dr Mamun Mahmud,1,1,1,1,1,1,1,7,100,90.47619048,90.48
,Dr Abid Hasan Khan,1,1,1,1,1,0,1,6,85.71428571,,
,Dr Rayhan Islam,1,1,1,1,1,0,1,6,85.71428571,,
E09_P06_AR_VFL_GM,Dr Mamun Mahmud,1,1,1,1,1,1,1,7,100,90.47619048,90.48
,Dr Abid Hasan Khan,1,1,1,1,1,0,1,6,85.71428571,,
,Dr Rayhan Islam,1,1,1,1,1,0,1,6,85.71428571,,
E09_P06_AF_VHJ_GM,Dr Mamun Mahmud,1,1,1,1,1,1,1,7,100,100,100
,Dr Abid Hasan Khan,1,1,1,1,1,1,1,7,100,,
,Dr Rayhan Islam,1,1,1,1,1,1,1,7,100,,
E09_P06_AL_VHJ_GM,Dr Mamun Mahmud,1,1,1,1,1,1,1,7,100,100,100
,Dr Abid Hasan Khan,1,1,1,1,1,1,1,7,100,,
,Dr Rayhan Islam,1,1,1,1,1,1,1,7,100,,
E09_P06_AR_VHJ_GM,Dr Mamun Mahmud,1,1,1,1,1,1,1,7,100,100,100
,Dr Abid Hasan Khan,1,1,1,1,1,1,1,7,100,,
,Dr Rayhan Islam,1,1,1,1,1,1,1,7,100,,
E09_P06_AF_VLJ_GM,Dr Mamun Mahmud,1,1,1,1,1,1,1,7,100,100,100
,Dr Abid Hasan Khan,1,1,1,1,1,1,1,7,100,,
,Dr Rayhan Islam,1,1,1,1,1,1,1,7,100,,
E09_P06_AL_VLJ_GM,Dr Mamun Mahmud,1,1,1,1,1,1,1,7,100,100,100
,Dr Abid Hasan Khan,1,1,1,1,1,1,1,7,100,,
,Dr Rayhan Islam,1,1,1,1,1,1,1,7,100,,
E09_P06_AR_VLJ_GM,Dr Mamun Mahmud,1,1,1,1,1,1,1,7,100,100,100
,Dr Abid Hasan Khan,1,1,1,1,1,1,1,7,100,,
,Dr Rayhan Islam,1,1,1,1,1,1,1,7,100,,
E09_P06_AF_VLL_GM,Dr Mamun Mahmud,1,1,1,1,1,1,1,7,100,100,100
,Dr Abid Hasan Khan,1,1,1,1,1,1,1,7,100,,
,Dr Rayhan Islam,1,1,1,1,1,1,1,7,100,,
E09_P06_AL_VLL_GM,Dr Mamun Mahmud,1,1,1,1,1,1,1,7,100,100,100
,Dr Abid Hasan Khan,1,1,1,1,1,1,1,7,100,,
,Dr Rayhan Islam,1,1,1,1,1,1,1,7,100,,
E09_P06_AR_VLL_GM,Dr Mamun Mahmud,1,1,1,1,1,1,1,7,100,100,100
,Dr Abid Hasan Khan,1,1,1,1,1,1,1,7,100,,
,Dr Rayhan Islam,1,1,1,1,1,1,1,7,100,,
E09_P06_AF_VML_GM,Dr Mamun Mahmud,1,1,1,1,1,1,1,7,100,100,100
,Dr Abid Hasan Khan,1,1,1,1,1,1,1,7,100,,
,Dr Rayhan Islam,1,1,1,1,1,1,1,7,100,,
E09_P06_AL_VML_GM,Dr Mamun Mahmud,1,1,1,1,1,1,1,7,100,100,100
,Dr Abid Hasan Khan,1,1,1,1,1,1,1,7,100,,
,Dr Rayhan Islam,1,1,1,1,1,1,1,7,100,,
E09_P06_AR_VML_GM,Dr Mamun Mahmud,1,1,1,1,1,1,1,7,100,100,100
,Dr Abid Hasan Khan,1,1,1,1,1,1,1,7,100,,
,Dr Rayhan Islam,1,1,1,1,1,1,1,7,100,,
E09_P06_AF_VO_GM,Dr Mamun Mahmud,1,1,1,1,1,1,1,7,100,100,100
,Dr Abid Hasan Khan,1,1,1,1,1,1,1,7,100,,
,Dr Rayhan Islam,1,1,1,1,1,1,1,7,100,,
E09_P06_AL_VO_GM,Dr Mamun Mahmud,1,1,1,1,1,1,1,7,100,100,100
,Dr Abid Hasan Khan,1,1,1,1,1,1,1,7,100,,
,Dr Rayhan Islam,1,1,1,1,1,1,1,7,100,,
E09_P06_AR_VO_GM,Dr Mamun Mahmud,1,1,1,1,1,1,1,7,100,100,100
,Dr Abid Hasan Khan,1,1,1,1,1,1,1,7,100,,
,Dr Rayhan Islam,1,1,1,1,1,1,1,7,100,,
E09_P07_AF_VFL_GM,Dr Mamun Mahmud,1,1,1,1,1,1,1,7,100,100,100
,Dr Abid Hasan Khan,1,1,1,1,1,1,1,7,100,,
,Dr Rayhan Islam,1,1,1,1,1,1,1,7,100,,
E09_P07_AL_VFL_GM,Dr Mamun Mahmud,1,1,1,1,1,1,1,7,100,100,100
,Dr Abid Hasan Khan,1,1,1,1,1,1,1,7,100,,
,Dr Rayhan Islam,1,1,1,1,1,1,1,7,100,,
E09_P07_AR_VFL_GM,Dr Mamun Mahmud,1,1,1,1,1,1,1,7,100,100,100
,Dr Abid Hasan Khan,1,1,1,1,1,1,1,7,100,,
,Dr Rayhan Islam,1,1,1,1,1,1,1,7,100,,
E09_P07_AF_VHJ_GM,Dr Mamun Mahmud,1,1,1,1,1,1,1,7,100,100,100
,Dr Abid Hasan Khan,1,1,1,1,1,1,1,7,100,,
,Dr Rayhan Islam,1,1,1,1,1,1,1,7,100,,
E09_P07_AL_VHJ_GM,Dr Mamun Mahmud,1,1,1,1,1,1,1,7,100,100,100
,Dr Abid Hasan Khan,1,1,1,1,1,1,1,7,100,,
,Dr Rayhan Islam,1,1,1,1,1,1,1,7,100,,
E09_P07_AR_VHJ_GM,Dr Mamun Mahmud,1,1,1,1,1,1,1,7,100,100,100
,Dr Abid Hasan Khan,1,1,1,1,1,1,1,7,100,,
,Dr Rayhan Islam,1,1,1,1,1,1,1,7,100,,
E09_P07_AF_VLJ_GM,Dr Mamun Mahmud,0,1,0,0.7,1,0,1,3.7,52.85714286,62.38095238,62.38
,Dr Abid Hasan Khan,0,1,0,0.7,1,1,1,4.7,67.14285714,,
,Dr Rayhan Islam,0,1,0,0.7,1,1,1,4.7,67.14285714,,
E09_P07_AL_VLJ_GM,Dr Mamun Mahmud,0,1,0,0.9,1,0,1,3.9,55.71428571,65.23809524,65.24
,Dr Abid Hasan Khan,0,1,0,0.9,1,1,1,4.9,70,,
,Dr Rayhan Islam,0,1,0,0.9,1,1,1,4.9,70,,
E09_P07_AR_VLJ_GM,Dr Mamun Mahmud,0,1,0,0.8,1,0,1,3.8,54.28571429,63.80952381,63.81
,Dr Abid Hasan Khan,0,1,0,0.8,1,1,1,4.8,68.57142857,,
,Dr Rayhan Islam,0,1,0,0.8,1,1,1,4.8,68.57142857,,
E09_P07_AF_VLL_GM,Dr Mamun Mahmud,0,0,0,0.9,1,0,1,2.9,41.42857143,50.95238095,50.95
,Dr Abid Hasan Khan,0,0,0,0.9,1,1,1,3.9,55.71428571,,
,Dr Rayhan Islam,0,0,0,0.9,1,1,1,3.9,55.71428571,,
E09_P07_AL_VLL_GM,Dr Mamun Mahmud,0,0,0,0.9,1,0,1,2.9,41.42857143,50.95238095,50.95
,Dr Abid Hasan Khan,0,0,0,0.9,1,1,1,3.9,55.71428571,,
,Dr Rayhan Islam,0,0,0,0.9,1,1,1,3.9,55.71428571,,
E09_P07_AR_VLL_GM,Dr Mamun Mahmud,0,0,0,0.9,1,0,1,2.9,41.42857143,50.95238095,50.95
,Dr Abid Hasan Khan,0,0,0,0.9,1,1,1,3.9,55.71428571,,
,Dr Rayhan Islam,0,0,0,0.9,1,1,1,3.9,55.71428571,,
E09_P07_AF_VML_GM,Dr Mamun Mahmud,0,1,0,0.5,1,0.5,1,4,57.14285714,61.9047619,61.9
,Dr Abid Hasan Khan,0,1,0,0.5,1,1,1,4.5,64.28571429,,
,Dr Rayhan Islam,0,1,0,0.5,1,1,1,4.5,64.28571429,,
E09_P07_AL_VML_GM,Dr Mamun Mahmud,0,1,0,0.8,1,0.5,1,4.3,61.42857143,66.19047619,66.19
,Dr Abid Hasan Khan,0,1,0,0.8,1,1,1,4.8,68.57142857,,
,Dr Rayhan Islam,0,1,0,0.8,1,1,1,4.8,68.57142857,,
E09_P07_AR_VML_GM,Dr Mamun Mahmud,0,1,0,0.8,1,0.5,1,4.3,61.42857143,66.19047619,66.19
,Dr Abid Hasan Khan,0,1,0,0.8,1,1,1,4.8,68.57142857,,
,Dr Rayhan Islam,0,1,0,0.8,1,1,1,4.8,68.57142857,,
E09_P07_AF_VO_GM,Dr Mamun Mahmud,1,1,1,1,1,0.5,1,6.5,92.85714286,97.61904762,97.62
,Dr Abid Hasan Khan,1,1,1,1,1,1,1,7,100,,
,Dr Rayhan Islam,1,1,1,1,1,1,1,7,100,,
E09_P07_AL_VO_GM,Dr Mamun Mahmud,1,1,0,0.9,1,0.5,1,5.4,77.14285714,81.9047619,81.9
,Dr Abid Hasan Khan,1,1,0,0.9,1,1,1,5.9,84.28571429,,
,Dr Rayhan Islam,1,1,0,0.9,1,1,1,5.9,84.28571429,,
E09_P07_AR_VO_GM,Dr Mamun Mahmud,1,1,0,0.9,1,0.5,1,5.4,77.14285714,81.9047619,81.9
,Dr Abid Hasan Khan,1,1,0,0.9,1,1,1,5.9,84.28571429,,
,Dr Rayhan Islam,1,1,0,0.9,1,1,1,5.9,84.28571429,,
E09_P08_AF_VFL_GM,Dr Mamun Mahmud,1,1,1,1,1,1,1,7,100,100,100
,Dr Abid Hasan Khan,1,1,1,1,1,1,1,7,100,,
,Dr Rayhan Islam,1,1,1,1,1,1,1,7,100,,
E09_P08_AL_VFL_GM,Dr Mamun Mahmud,1,1,1,1,1,1,1,7,100,100,100
,Dr Abid Hasan Khan,1,1,1,1,1,1,1,7,100,,
,Dr Rayhan Islam,1,1,1,1,1,1,1,7,100,,
E09_P08_AR_VFL_GM,Dr Mamun Mahmud,1,1,1,1,1,1,1,7,100,100,100
,Dr Abid Hasan Khan,1,1,1,1,1,1,1,7,100,,
,Dr Rayhan Islam,1,1,1,1,1,1,1,7,100,,
E09_P08_AF_VHJ_GM,Dr Mamun Mahmud,0,0,0,0,1,0.5,1,2.5,35.71428571,40.47619048,40.48
,Dr Abid Hasan Khan,0,0,0,0,1,1,1,3,42.85714286,,
,Dr Rayhan Islam,0,0,0,0,1,1,1,3,42.85714286,,
E09_P08_AL_VHJ_GM,Dr Mamun Mahmud,0,0,0,0,1,0.5,1,2.5,35.71428571,40.47619048,40.48
,Dr Abid Hasan Khan,0,0,0,0,1,1,1,3,42.85714286,,
,Dr Rayhan Islam,0,0,0,0,1,1,1,3,42.85714286,,
E09_P08_AR_VHJ_GM,Dr Mamun Mahmud,0,0,0,0,1,0.5,1,2.5,35.71428571,40.47619048,40.48
,Dr Abid Hasan Khan,0,0,0,0,1,1,1,3,42.85714286,,
,Dr Rayhan Islam,0,0,0,0,1,1,1,3,42.85714286,,
E09_P08_AF_VLJ_GM,Dr Mamun Mahmud,0,0,0,0,1,1,1,3,42.85714286,42.85714286,42.86
,Dr Abid Hasan Khan,0,0,0,0,1,1,1,3,42.85714286,,
,Dr Rayhan Islam,0,0,0,0,1,1,1,3,42.85714286,,
E09_P08_AL_VLJ_GM,Dr Mamun Mahmud,0,0,0,0,1,1,1,3,42.85714286,42.85714286,42.86
,Dr Abid Hasan Khan,0,0,0,0,1,1,1,3,42.85714286,,
,Dr Rayhan Islam,0,0,0,0,1,1,1,3,42.85714286,,
E09_P08_AR_VLJ_GM,Dr Mamun Mahmud,0,0,0,0,1,1,1,3,42.85714286,42.85714286,42.86
,Dr Abid Hasan Khan,0,0,0,0,1,1,1,3,42.85714286,,
,Dr Rayhan Islam,0,0,0,0,1,1,1,3,42.85714286,,
E09_P08_AF_VLL_GM,Dr Mamun Mahmud,1,1,1,1,1,1,1,7,100,100,100
,Dr Abid Hasan Khan,1,1,1,1,1,1,1,7,100,,
,Dr Rayhan Islam,1,1,1,1,1,1,1,7,100,,
E09_P08_AL_VLL_GM,Dr Mamun Mahmud,1,1,1,1,1,1,1,7,100,100,100
,Dr Abid Hasan Khan,1,1,1,1,1,1,1,7,100,,
,Dr Rayhan Islam,1,1,1,1,1,1,1,7,100,,
E09_P08_AR_VLL_GM,Dr Mamun Mahmud,1,1,1,1,1,1,1,7,100,100,100
,Dr Abid Hasan Khan,1,1,1,1,1,1,1,7,100,,
,Dr Rayhan Islam,1,1,1,1,1,1,1,7,100,,
E09_P08_AF_VML_GM,Dr Mamun Mahmud,0,1,0,0.7,1,0.5,1,4.2,60,64.76190476,64.76
,Dr Abid Hasan Khan,0,1,0,0.7,1,1,1,4.7,67.14285714,,
,Dr Rayhan Islam,0,1,0,0.7,1,1,1,4.7,67.14285714,,
E09_P08_AL_VML_GM,Dr Mamun Mahmud,0,1,0,0.8,1,0.5,1,4.3,61.42857143,66.19047619,66.19
,Dr Abid Hasan Khan,0,1,0,0.8,1,1,1,4.8,68.57142857,,
,Dr Rayhan Islam,0,1,0,0.8,1,1,1,4.8,68.57142857,,
E09_P08_AR_VML_GM,Dr Mamun Mahmud,0,1,0,0.6,1,0.5,1,4.1,58.57142857,63.33333333,63.33
,Dr Abid Hasan Khan,0,1,0,0.6,1,1,1,4.6,65.71428571,,
,Dr Rayhan Islam,0,1,0,0.6,1,1,1,4.6,65.71428571,,
E09_P08_AF_VO_GM,Dr Mamun Mahmud,1,0,1,1,1,1,1,6,85.71428571,85.71428571,85.71
,Dr Abid Hasan Khan,1,0,1,1,1,1,1,6,85.71428571,,
,Dr Rayhan Islam,1,0,1,1,1,1,1,6,85.71428571,,
E09_P08_AL_VO_GM,Dr Mamun Mahmud,1,0,1,1,1,1,1,6,85.71428571,85.71428571,85.71
,Dr Abid Hasan Khan,1,0,1,1,1,1,1,6,85.71428571,,
,Dr Rayhan Islam,1,0,1,1,1,1,1,6,85.71428571,,
E09_P08_AR_VO_GM,Dr Mamun Mahmud,1,0,1,1,1,1,1,6,85.71428571,85.71428571,85.71
,Dr Abid Hasan Khan,1,0,1,1,1,1,1,6,85.71428571,,
,Dr Rayhan Islam,1,0,1,1,1,1,1,6,85.71428571,,
E09_P17_AF_VFL_GM,Dr Mamun Mahmud,1,0,1,1,1,1,1,6,85.71428571,85.71428571,85.71
,Dr Abid Hasan Khan,1,0,1,1,1,1,1,6,85.71428571,,
,Dr Rayhan Islam,1,0,1,1,1,1,1,6,85.71428571,,
E09_P17_AR_VFL_GM,Dr Mamun Mahmud,1,0,1,1,1,1,1,6,85.71428571,85.71428571,85.71
,Dr Abid Hasan Khan,1,0,1,1,1,1,1,6,85.71428571,,
,Dr Rayhan Islam,1,0,1,1,1,1,1,6,85.71428571,,
E09_P17_AF_VHJ_GM,Dr Mamun Mahmud,0,1,1,1,1,1,1,6,85.71428571,85.71428571,85.71
,Dr Abid Hasan Khan,0,1,1,1,1,1,1,6,85.71428571,,
,Dr Rayhan Islam,0,1,1,1,1,1,1,6,85.71428571,,
E09_P17_AL_VHJ_GM,Dr Mamun Mahmud,0,1,0,0.8,1,1,1,4.8,68.57142857,68.57142857,68.57
,Dr Abid Hasan Khan,0,1,0,0.8,1,1,1,4.8,68.57142857,,
,Dr Rayhan Islam,0,1,0,0.8,1,1,1,4.8,68.57142857,,
E09_P17_AR_VHJ_GM,Dr Mamun Mahmud,0,1,1,1,1,1,1,6,85.71428571,85.71428571,85.71
,Dr Abid Hasan Khan,0,1,1,1,1,1,1,6,85.71428571,,
,Dr Rayhan Islam,0,1,1,1,1,1,1,6,85.71428571,,
E09_P17_AF_VLJ_GM,Dr Mamun Mahmud,1,1,1,1,1,0.5,1,6.5,92.85714286,97.61904762,97.62
,Dr Abid Hasan Khan,1,1,1,1,1,1,1,7,100,,
,Dr Rayhan Islam,1,1,1,1,1,1,1,7,100,,
E09_P17_AL_VLJ_GM,Dr Mamun Mahmud,1,1,1,1,1,0.5,1,6.5,92.85714286,97.61904762,97.62
,Dr Abid Hasan Khan,1,1,1,1,1,1,1,7,100,,
,Dr Rayhan Islam,1,1,1,1,1,1,1,7,100,,
E09_P17_AR_VLJ_GM,Dr Mamun Mahmud,1,1,1,1,1,0.5,1,6.5,92.85714286,97.61904762,97.62
,Dr Abid Hasan Khan,1,1,1,1,1,1,1,7,100,,
,Dr Rayhan Islam,1,1,1,1,1,1,1,7,100,,
E09_P17_AF_VLL_GM,Dr Mamun Mahmud,1,1,1,1,1,0.5,1,6.5,92.85714286,97.61904762,97.62
,Dr Abid Hasan Khan,1,1,1,1,1,1,1,7,100,,
,Dr Rayhan Islam,1,1,1,1,1,1,1,7,100,,
E09_P17_AL_VLL_GM,Dr Mamun Mahmud,1,1,1,1,1,0.5,1,6.5,92.85714286,97.61904762,97.62
,Dr Abid Hasan Khan,1,1,1,1,1,1,1,7,100,,
,Dr Rayhan Islam,1,1,1,1,1,1,1,7,100,,
E09_P17_AR_VLL_GM,Dr Mamun Mahmud,1,1,1,1,1,0.5,1,6.5,92.85714286,97.61904762,97.62
,Dr Abid Hasan Khan,1,1,1,1,1,1,1,7,100,,
,Dr Rayhan Islam,1,1,1,1,1,1,1,7,100,,
E09_P17_AF_VML_GM,Dr Mamun Mahmud,1,1,1,1,1,1,1,7,100,100,100
,Dr Abid Hasan Khan,1,1,1,1,1,1,1,7,100,,
,Dr Rayhan Islam,1,1,1,1,1,1,1,7,100,,
E09_P17_AL_VML_GM,Dr Mamun Mahmud,1,1,1,1,1,1,1,7,100,100,100
,Dr Abid Hasan Khan,1,1,1,1,1,1,1,7,100,,
,Dr Rayhan Islam,1,1,1,1,1,1,1,7,100,,
E09_P17_AR_VML_GM,Dr Mamun Mahmud,1,1,1,1,1,1,1,7,100,100,100
,Dr Abid Hasan Khan,1,1,1,1,1,1,1,7,100,,
,Dr Rayhan Islam,1,1,1,1,1,1,1,7,100,,
E09_P17_AF_VO_GM,Dr Mamun Mahmud,1,1,1,1,1,0.5,1,6.5,92.85714286,97.61904762,97.62
,Dr Abid Hasan Khan,1,1,1,1,1,1,1,7,100,,
,Dr Rayhan Islam,1,1,1,1,1,1,1,7,100,,
E09_P17_AL_VO_GM,Dr Mamun Mahmud,1,1,1,1,1,0.5,1,6.5,92.85714286,97.61904762,97.62
,Dr Abid Hasan Khan,1,1,1,1,1,1,1,7,100,,
,Dr Rayhan Islam,1,1,1,1,1,1,1,7,100,,
E09_P17_AR_VO_GM,Dr Mamun Mahmud,1,1,1,1,1,0.5,1,6.5,92.85714286,97.61904762,97.62
,Dr Abid Hasan Khan,1,1,1,1,1,1,1,7,100,,
,Dr Rayhan Islam,1,1,1,1,1,1,1,7,100,,
E09_P18_AF_VFL_GM,Dr Mamun Mahmud,1,1,1,1,1,1,1,7,100,100,100
,Dr Abid Hasan Khan,1,1,1,1,1,1,1,7,100,,
,Dr Rayhan Islam,1,1,1,1,1,1,1,7,100,,
E09_P18_AL_VFL_GM,Dr Mamun Mahmud,1,1,1,1,1,1,1,7,100,100,100
,Dr Abid Hasan Khan,1,1,1,1,1,1,1,7,100,,
,Dr Rayhan Islam,1,1,1,1,1,1,1,7,100,,
E09_P18_AR_VFL_GM,Dr Mamun Mahmud,1,1,1,1,1,1,1,7,100,100,100
,Dr Abid Hasan Khan,1,1,1,1,1,1,1,7,100,,
,Dr Rayhan Islam,1,1,1,1,1,1,1,7,100,,
E09_P18_AF_VHJ_GM,Dr Mamun Mahmud,1,1,1,1,1,1,1,7,100,100,100
,Dr Abid Hasan Khan,1,1,1,1,1,1,1,7,100,,
,Dr Rayhan Islam,1,1,1,1,1,1,1,7,100,,
E09_P18_AL_VHJ_GM,Dr Mamun Mahmud,1,1,1,1,1,1,1,7,100,100,100
,Dr Abid Hasan Khan,1,1,1,1,1,1,1,7,100,,
,Dr Rayhan Islam,1,1,1,1,1,1,1,7,100,,
E09_P18_AR_VHJ_GM,Dr Mamun Mahmud,1,1,1,1,1,1,1,7,100,100,100
,Dr Abid Hasan Khan,1,1,1,1,1,1,1,7,100,,
,Dr Rayhan Islam,1,1,1,1,1,1,1,7,100,,
E09_P18_AF_VLJ_GM,Dr Mamun Mahmud,1,1,1,1,1,1,1,7,100,100,100
,Dr Abid Hasan Khan,1,1,1,1,1,1,1,7,100,,
,Dr Rayhan Islam,1,1,1,1,1,1,1,7,100,,
E09_P18_AL_VLJ_GM,Dr Mamun Mahmud,1,1,1,1,1,1,1,7,100,100,100
,Dr Abid Hasan Khan,1,1,1,1,1,1,1,7,100,,
,Dr Rayhan Islam,1,1,1,1,1,1,1,7,100,,
E09_P18_AR_VLJ_GM,Dr Mamun Mahmud,1,1,1,1,1,1,1,7,100,100,100
,Dr Abid Hasan Khan,1,1,1,1,1,1,1,7,100,,
,Dr Rayhan Islam,1,1,1,1,1,1,1,7,100,,
E09_P18_AF_VLL_GM,Dr Mamun Mahmud,1,1,1,1,1,1,1,7,100,100,100
,Dr Abid Hasan Khan,1,1,1,1,1,1,1,7,100,,
,Dr Rayhan Islam,1,1,1,1,1,1,1,7,100,,
E09_P18_AL_VLL_GM,Dr Mamun Mahmud,1,1,1,1,1,1,1,7,100,100,100
,Dr Abid Hasan Khan,1,1,1,1,1,1,1,7,100,,
,Dr Rayhan Islam,1,1,1,1,1,1,1,7,100,,
E09_P18_AR_VLL_GM,Dr Mamun Mahmud,1,1,1,1,1,1,1,7,100,100,100
,Dr Abid Hasan Khan,1,1,1,1,1,1,1,7,100,,
,Dr Rayhan Islam,1,1,1,1,1,1,1,7,100,,
E09_P18_AF_VML_GM,Dr Mamun Mahmud,1,1,1,1,1,1,1,7,100,100,100
,Dr Abid Hasan Khan,1,1,1,1,1,1,1,7,100,,
,Dr Rayhan Islam,1,1,1,1,1,1,1,7,100,,
E09_P18_AL_VML_GM,Dr Mamun Mahmud,1,1,1,1,1,1,1,7,100,100,100
,Dr Abid Hasan Khan,1,1,1,1,1,1,1,7,100,,
,Dr Rayhan Islam,1,1,1,1,1,1,1,7,100,,
E09_P18_AR_VML_GM,Dr Mamun Mahmud,1,1,1,1,1,1,1,7,100,100,100
,Dr Abid Hasan Khan,1,1,1,1,1,1,1,7,100,,
,Dr Rayhan Islam,1,1,1,1,1,1,1,7,100,,
E09_P18_AF_VO_GM,Dr Mamun Mahmud,1,0,1,1,0.5,1,1,5.5,78.57142857,83.33333333,83.33
,Dr Abid Hasan Khan,1,0,1,1,1,1,1,6,85.71428571,,
,Dr Rayhan Islam,1,0,1,1,1,1,1,6,85.71428571,,
E09_P18_AL_VO_GM,Dr Mamun Mahmud,1,0,1,1,0.5,1,1,5.5,78.57142857,83.33333333,83.33
,Dr Abid Hasan Khan,1,0,1,1,1,1,1,6,85.71428571,,
,Dr Rayhan Islam,1,0,1,1,1,1,1,6,85.71428571,,
E09_P18_AR_VO_GM,Dr Mamun Mahmud,1,0,0,0.9,0.5,1,1,4.4,62.85714286,67.61904762,67.62
,Dr Abid Hasan Khan,1,0,0,0.9,1,1,1,4.9,70,,
,Dr Rayhan Islam,1,0,0,0.9,1,1,1,4.9,70,,
E09_P19_AF_VFL_GM,Dr Mamun Mahmud,1,1,0,0.9,1,1,1,5.9,84.28571429,84.28571429,84.29
,Dr Abid Hasan Khan,1,1,0,0.9,1,1,1,5.9,84.28571429,,
,Dr Rayhan Islam,1,1,0,0.9,1,1,1,5.9,84.28571429,,
E09_P19_AL_VFL_GM,Dr Mamun Mahmud,1,1,0,0.9,1,1,1,5.9,84.28571429,84.28571429,84.29
,Dr Abid Hasan Khan,1,1,0,0.9,1,1,1,5.9,84.28571429,,
,Dr Rayhan Islam,1,1,0,0.9,1,1,1,5.9,84.28571429,,
E09_P19_AR_VFL_GM,Dr Mamun Mahmud,1,1,0,0.9,1,1,1,5.9,84.28571429,84.28571429,84.29
,Dr Abid Hasan Khan,1,1,0,0.9,1,1,1,5.9,84.28571429,,
,Dr Rayhan Islam,1,1,0,0.9,1,1,1,5.9,84.28571429,,
E09_P19_AF_VHJ_GM,Dr Mamun Mahmud,1,1,1,1,1,1,1,7,100,100,100
,Dr Abid Hasan Khan,1,1,1,1,1,1,1,7,100,,
,Dr Rayhan Islam,1,1,1,1,1,1,1,7,100,,
E09_P19_AL_VHJ_GM,Dr Mamun Mahmud,1,1,1,1,1,1,1,7,100,100,100
,Dr Abid Hasan Khan,1,1,1,1,1,1,1,7,100,,
,Dr Rayhan Islam,1,1,1,1,1,1,1,7,100,,
E09_P19_AR_VHJ_GM,Dr Mamun Mahmud,1,1,1,1,1,1,1,7,100,100,100
,Dr Abid Hasan Khan,1,1,1,1,1,1,1,7,100,,
,Dr Rayhan Islam,1,1,1,1,1,1,1,7,100,,
E09_P19_AF_VLJ_GM,Dr Mamun Mahmud,1,1,1,1,1,1,1,7,100,100,100
,Dr Abid Hasan Khan,1,1,1,1,1,1,1,7,100,,
,Dr Rayhan Islam,1,1,1,1,1,1,1,7,100,,
E09_P19_AL_VLJ_GM,Dr Mamun Mahmud,1,1,1,1,1,1,1,7,100,100,100
,Dr Abid Hasan Khan,1,1,1,1,1,1,1,7,100,,
,Dr Rayhan Islam,1,1,1,1,1,1,1,7,100,,
E09_P19_AR_VLJ_GM,Dr Mamun Mahmud,1,1,1,1,1,1,1,7,100,100,100
,Dr Abid Hasan Khan,1,1,1,1,1,1,1,7,100,,
,Dr Rayhan Islam,1,1,1,1,1,1,1,7,100,,
E09_P19_AF_VLL_GM,Dr Mamun Mahmud,1,1,0,0.9,1,1,1,5.9,84.28571429,84.28571429,84.29
,Dr Abid Hasan Khan,1,1,0,0.9,1,1,1,5.9,84.28571429,,
,Dr Rayhan Islam,1,1,0,0.9,1,1,1,5.9,84.28571429,,
E09_P19_AL_VLL_GM,Dr Mamun Mahmud,1,1,0,0.8,1,1,1,5.8,82.85714286,82.85714286,82.86
,Dr Abid Hasan Khan,1,1,0,0.8,1,1,1,5.8,82.85714286,,
,Dr Rayhan Islam,1,1,0,0.8,1,1,1,5.8,82.85714286,,
E09_P19_AR_VLL_GM,Dr Mamun Mahmud,1,1,0,0.8,1,1,1,5.8,82.85714286,82.85714286,82.86
,Dr Abid Hasan Khan,1,1,0,0.8,1,1,1,5.8,82.85714286,,
,Dr Rayhan Islam,1,1,0,0.8,1,1,1,5.8,82.85714286,,
E09_P19_AF_VML_GM,Dr Mamun Mahmud,1,1,0,0.9,1,1,1,5.9,84.28571429,84.28571429,84.29
,Dr Abid Hasan Khan,1,1,0,0.9,1,1,1,5.9,84.28571429,,
,Dr Rayhan Islam,1,1,0,0.9,1,1,1,5.9,84.28571429,,
E09_P19_AL_VML_GM,Dr Mamun Mahmud,1,1,0,0.9,1,1,1,5.9,84.28571429,84.28571429,84.29
,Dr Abid Hasan Khan,1,1,0,0.9,1,1,1,5.9,84.28571429,,
,Dr Rayhan Islam,1,1,0,0.9,1,1,1,5.9,84.28571429,,
E09_P19_AR_VML_GM,Dr Mamun Mahmud,1,1,0,0.9,1,1,1,5.9,84.28571429,84.28571429,84.29
,Dr Abid Hasan Khan,1,1,0,0.9,1,1,1,5.9,84.28571429,,
,Dr Rayhan Islam,1,1,0,0.9,1,1,1,5.9,84.28571429,,
E09_P19_AF_VO_GM,Dr Mamun Mahmud,1,1,1,1,1,1,1,7,100,100,100
,Dr Abid Hasan Khan,1,1,1,1,1,1,1,7,100,,
,Dr Rayhan Islam,1,1,1,1,1,1,1,7,100,,
E09_P19_AL_VO_GM,Dr Mamun Mahmud,1,1,1,1,1,1,1,7,100,100,100
,Dr Abid Hasan Khan,1,1,1,1,1,1,1,7,100,,
,Dr Rayhan Islam,1,1,1,1,1,1,1,7,100,,
E09_P19_AR_VO_GM,Dr Mamun Mahmud,1,1,1,1,1,1,1,7,100,100,100
,Dr Abid Hasan Khan,1,1,1,1,1,1,1,7,100,,
,Dr Rayhan Islam,1,1,1,1,1,1,1,7,100,,
E09_P20_AF_VFL_GM,Dr Mamun Mahmud,1,1,1,1,1,1,1,7,100,100,100
,Dr Abid Hasan Khan,1,1,1,1,1,1,1,7,100,,
,Dr Rayhan Islam,1,1,1,1,1,1,1,7,100,,
E09_P20_AL_VFL_GM,Dr Mamun Mahmud,1,1,1,1,1,1,1,7,100,100,100
,Dr Abid Hasan Khan,1,1,1,1,1,1,1,7,100,,
,Dr Rayhan Islam,1,1,1,1,1,1,1,7,100,,
E09_P20_AR_VFL_GM,Dr Mamun Mahmud,1,1,1,1,1,1,1,7,100,100,100
,Dr Abid Hasan Khan,1,1,1,1,1,1,1,7,100,,
,Dr Rayhan Islam,1,1,1,1,1,1,1,7,100,,
E09_P20_AF_VHJ_GM,Dr Mamun Mahmud,1,1,1,1,1,0,1,6,85.71428571,85.71428571,85.71
,Dr Abid Hasan Khan,1,1,1,1,1,0,1,6,85.71428571,,
,Dr Rayhan Islam,1,1,1,1,1,0,1,6,85.71428571,,
E09_P20_AL_VHJ_GM,Dr Mamun Mahmud,1,1,1,1,1,0,1,6,85.71428571,85.71428571,85.71
,Dr Abid Hasan Khan,1,1,1,1,1,0,1,6,85.71428571,,
,Dr Rayhan Islam,1,1,1,1,1,0,1,6,85.71428571,,
E09_P20_AR_VHJ_GM,Dr Mamun Mahmud,1,1,1,1,1,0,1,6,85.71428571,85.71428571,85.71
,Dr Abid Hasan Khan,1,1,1,1,1,0,1,6,85.71428571,,
,Dr Rayhan Islam,1,1,1,1,1,0,1,6,85.71428571,,
E09_P20_AF_VLJ_GM,Dr Mamun Mahmud,1,1,1,1,1,0.5,1,6.5,92.85714286,88.0952381,88.1
,Dr Abid Hasan Khan,1,1,1,1,1,0,1,6,85.71428571,,
,Dr Rayhan Islam,1,1,1,1,1,0,1,6,85.71428571,,
E09_P20_AL_VLJ_GM,Dr Mamun Mahmud,1,1,1,1,1,0.5,1,6.5,92.85714286,88.0952381,88.1
,Dr Abid Hasan Khan,1,1,1,1,1,0,1,6,85.71428571,,
,Dr Rayhan Islam,1,1,1,1,1,0,1,6,85.71428571,,
E09_P20_AR_VLJ_GM,Dr Mamun Mahmud,1,1,1,1,1,0.5,1,6.5,92.85714286,88.0952381,88.1
,Dr Abid Hasan Khan,1,1,1,1,1,0,1,6,85.71428571,,
,Dr Rayhan Islam,1,1,1,1,1,0,1,6,85.71428571,,
E09_P20_AF_VLL_GM,Dr Mamun Mahmud,1,0,1,1,1,1,1,6,85.71428571,76.19047619,76.19
,Dr Abid Hasan Khan,1,0,1,1,1,0,1,5,71.42857143,,
,Dr Rayhan Islam,1,0,1,1,1,0,1,5,71.42857143,,
E09_P20_AL_VLL_GM,Dr Mamun Mahmud,1,0,1,1,1,1,1,6,85.71428571,76.19047619,76.19
,Dr Abid Hasan Khan,1,0,1,1,1,0,1,5,71.42857143,,
,Dr Rayhan Islam,1,0,1,1,1,0,1,5,71.42857143,,
E09_P20_AR_VLL_GM,Dr Mamun Mahmud,1,0,1,1,1,1,1,6,85.71428571,76.19047619,76.19
,Dr Abid Hasan Khan,1,0,1,1,1,0,1,5,71.42857143,,
,Dr Rayhan Islam,1,0,1,1,1,0,1,5,71.42857143,,
E09_P20_AF_VML_GM,Dr Mamun Mahmud,1,1,1,1,0.5,1,1,6.5,92.85714286,97.61904762,97.62
,Dr Abid Hasan Khan,1,1,1,1,1,1,1,7,100,,
,Dr Rayhan Islam,1,1,1,1,1,1,1,7,100,,
E09_P20_AL_VML_GM,Dr Mamun Mahmud,1,1,1,1,0.5,1,1,6.5,92.85714286,97.61904762,97.62
,Dr Abid Hasan Khan,1,1,1,1,1,1,1,7,100,,
,Dr Rayhan Islam,1,1,1,1,1,1,1,7,100,,
E09_P20_AR_VML_GM,Dr Mamun Mahmud,1,1,1,1,0.5,1,1,6.5,92.85714286,97.61904762,97.62
,Dr Abid Hasan Khan,1,1,1,1,1,1,1,7,100,,
,Dr Rayhan Islam,1,1,1,1,1,1,1,7,100,,
E09_P20_AF_VO_GM,Dr Mamun Mahmud,0,1,0,0.8,1,1,1,4.8,68.57142857,59.04761905,59.05
,Dr Abid Hasan Khan,0,1,0,0.8,1,0,1,3.8,54.28571429,,
,Dr Rayhan Islam,0,1,0,0.8,1,0,1,3.8,54.28571429,,
E09_P20_AL_VO_GM,Dr Mamun Mahmud,0,1,1,1,1,1,1,6,85.71428571,76.19047619,76.19
,Dr Abid Hasan Khan,0,1,1,1,1,0,1,5,71.42857143,,
,Dr Rayhan Islam,0,1,1,1,1,0,1,5,71.42857143,,
E09_P20_AR_VO_GM,Dr Mamun Mahmud,0,1,0,0.8,1,1,1,4.8,68.57142857,59.04761905,59.05
,Dr Abid Hasan Khan,0,1,0,0.8,1,0,1,3.8,54.28571429,,
,Dr Rayhan Islam,0,1,0,0.8,1,0,1,3.8,54.28571429,,
E09_P21_AF_VFL_GM,Dr Mamun Mahmud,0,1,0,0,1,0.5,1,3.5,50,54.76190476,54.76
,Dr Abid Hasan Khan,0,1,0,0,1,1,1,4,57.14285714,,
,Dr Rayhan Islam,0,1,0,0,1,1,1,4,57.14285714,,
E09_P21_AL_VFL_GM,Dr Mamun Mahmud,0,1,0,0,1,0.5,1,3.5,50,54.76190476,54.76
,Dr Abid Hasan Khan,0,1,0,0,1,1,1,4,57.14285714,,
,Dr Rayhan Islam,0,1,0,0,1,1,1,4,57.14285714,,
E09_P21_AR_VFL_GM,Dr Mamun Mahmud,0,1,0,0,1,0.5,1,3.5,50,54.76190476,54.76
,Dr Abid Hasan Khan,0,1,0,0,1,1,1,4,57.14285714,,
,Dr Rayhan Islam,0,1,0,0,1,1,1,4,57.14285714,,
E09_P21_AF_VHJ_GM,Dr Mamun Mahmud,0,1,0,0,1,1,1,4,57.14285714,57.14285714,57.14
,Dr Abid Hasan Khan,0,1,0,0,1,1,1,4,57.14285714,,
,Dr Rayhan Islam,0,1,0,0,1,1,1,4,57.14285714,,
E09_P21_AL_VHJ_GM,Dr Mamun Mahmud,0,1,0,0,1,1,1,4,57.14285714,57.14285714,57.14
,Dr Abid Hasan Khan,0,1,0,0,1,1,1,4,57.14285714,,
,Dr Rayhan Islam,0,1,0,0,1,1,1,4,57.14285714,,
E09_P21_AR_VHJ_GM,Dr Mamun Mahmud,0,1,0,0,1,1,1,4,57.14285714,57.14285714,57.14
,Dr Abid Hasan Khan,0,1,0,0,1,1,1,4,57.14285714,,
,Dr Rayhan Islam,0,1,0,0,1,1,1,4,57.14285714,,
E09_P21_AF_VLJ_GM,Dr Mamun Mahmud,0,1,0,0,1,1,1,4,57.14285714,57.14285714,57.14
,Dr Abid Hasan Khan,0,1,0,0,1,1,1,4,57.14285714,,
,Dr Rayhan Islam,0,1,0,0,1,1,1,4,57.14285714,,
E09_P21_AL_VLJ_GM,Dr Mamun Mahmud,0,1,0,0,1,1,1,4,57.14285714,57.14285714,57.14
,Dr Abid Hasan Khan,0,1,0,0,1,1,1,4,57.14285714,,
,Dr Rayhan Islam,0,1,0,0,1,1,1,4,57.14285714,,
E09_P21_AR_VLJ_GM,Dr Mamun Mahmud,0,1,0,0,1,1,1,4,57.14285714,57.14285714,57.14
,Dr Abid Hasan Khan,0,1,0,0,1,1,1,4,57.14285714,,
,Dr Rayhan Islam,0,1,0,0,1,1,1,4,57.14285714,,
E09_P21_AF_VLL_GM,Dr Mamun Mahmud,0,1,0,0,1,0,1,3,42.85714286,42.85714286,42.86
,Dr Abid Hasan Khan,0,1,0,0,1,0,1,3,42.85714286,,
,Dr Rayhan Islam,0,1,0,0,1,0,1,3,42.85714286,,
E09_P21_AL_VLL_GM,Dr Mamun Mahmud,0,1,0,0,1,0,1,3,42.85714286,42.85714286,42.86
,Dr Abid Hasan Khan,0,1,0,0,1,0,1,3,42.85714286,,
,Dr Rayhan Islam,0,1,0,0,1,0,1,3,42.85714286,,
E09_P21_AR_VLL_GM,Dr Mamun Mahmud,0,1,0,0,1,0,1,3,42.85714286,42.85714286,42.86
,Dr Abid Hasan Khan,0,1,0,0,1,0,1,3,42.85714286,,
,Dr Rayhan Islam,0,1,0,0,1,0,1,3,42.85714286,,
E09_P21_AF_VML_GM,Dr Mamun Mahmud,0,1,0,0,1,0.5,1,3.5,50,45.23809524,45.24
,Dr Abid Hasan Khan,0,1,0,0,1,0,1,3,42.85714286,,
,Dr Rayhan Islam,0,1,0,0,1,0,1,3,42.85714286,,
E09_P21_AL_VML_GM,Dr Mamun Mahmud,0,1,0,0,1,0.5,1,3.5,50,45.23809524,45.24
,Dr Abid Hasan Khan,0,1,0,0,1,0,1,3,42.85714286,,
,Dr Rayhan Islam,0,1,0,0,1,0,1,3,42.85714286,,
E09_P21_AR_VML_GM,Dr Mamun Mahmud,0,1,0,0,1,0.5,1,3.5,50,45.23809524,45.24
,Dr Abid Hasan Khan,0,1,0,0,1,0,1,3,42.85714286,,
,Dr Rayhan Islam,0,1,0,0,1,0,1,3,42.85714286,,
E09_P21_AF_VO_GM,Dr Mamun Mahmud,0,1,0,0,1,0.5,1,3.5,50,54.76190476,54.76
,Dr Abid Hasan Khan,0,1,0,0,1,1,1,4,57.14285714,,
,Dr Rayhan Islam,0,1,0,0,1,1,1,4,57.14285714,,
E09_P21_AL_VO_GM,Dr Mamun Mahmud,0,1,0,0,1,0.5,1,3.5,50,54.76190476,54.76
,Dr Abid Hasan Khan,0,1,0,0,1,1,1,4,57.14285714,,
,Dr Rayhan Islam,0,1,0,0,1,1,1,4,57.14285714,,
E09_P21_AR_VO_GM,Dr Mamun Mahmud,0,1,0,0,1,0.5,1,3.5,50,54.76190476,54.76
,Dr Abid Hasan Khan,0,1,0,0,1,1,1,4,57.14285714,,
,Dr Rayhan Islam,0,1,0,0,1,1,1,4,57.14285714,,
E09_P22_AF_VFL_GM,Dr Mamun Mahmud,1,1,0,0.6,1,1,1,5.6,80,80,80
,Dr Abid Hasan Khan,1,1,0,0.6,1,1,1,5.6,80,,
,Dr Rayhan Islam,1,1,0,0.6,1,1,1,5.6,80,,
E09_P22_AL_VFL_GM,Dr Mamun Mahmud,1,1,0,0.6,1,1,1,5.6,80,80,80
,Dr Abid Hasan Khan,1,1,0,0.6,1,1,1,5.6,80,,
,Dr Rayhan Islam,1,1,0,0.6,1,1,1,5.6,80,,
E09_P22_AR_VFL_GM,Dr Mamun Mahmud,1,1,0,0.6,1,1,1,5.6,80,80,80
,Dr Abid Hasan Khan,1,1,0,0.6,1,1,1,5.6,80,,
,Dr Rayhan Islam,1,1,0,0.6,1,1,1,5.6,80,,
E09_P22_AF_VHJ_GM,Dr Mamun Mahmud,1,1,0,0.8,1,0.5,1,5.3,75.71428571,80.47619048,80.48
,Dr Abid Hasan Khan,1,1,0,0.8,1,1,1,5.8,82.85714286,,
,Dr Rayhan Islam,1,1,0,0.8,1,1,1,5.8,82.85714286,,
E09_P22_AL_VHJ_GM,Dr Mamun Mahmud,1,1,0,0.8,1,0.5,1,5.3,75.71428571,80.47619048,80.48
,Dr Abid Hasan Khan,1,1,0,0.8,1,1,1,5.8,82.85714286,,
,Dr Rayhan Islam,1,1,0,0.8,1,1,1,5.8,82.85714286,,
E09_P22_AR_VHJ_GM,Dr Mamun Mahmud,1,1,0,0.9,1,0.5,1,5.4,77.14285714,81.9047619,81.9
,Dr Abid Hasan Khan,1,1,0,0.9,1,1,1,5.9,84.28571429,,
,Dr Rayhan Islam,1,1,0,0.9,1,1,1,5.9,84.28571429,,
E09_P22_AF_VLJ_GM,Dr Mamun Mahmud,1,1,0,0.7,1,1,1,5.7,81.42857143,81.42857143,81.43
,Dr Abid Hasan Khan,1,1,0,0.7,1,1,1,5.7,81.42857143,,
,Dr Rayhan Islam,1,1,0,0.7,1,1,1,5.7,81.42857143,,
E09_P22_AL_VLJ_GM,Dr Mamun Mahmud,1,1,0,0.6,1,1,1,5.6,80,80,80
,Dr Abid Hasan Khan,1,1,0,0.6,1,1,1,5.6,80,,
,Dr Rayhan Islam,1,1,0,0.6,1,1,1,5.6,80,,
E09_P22_AR_VLJ_GM,Dr Mamun Mahmud,1,1,0,0.8,1,1,1,5.8,82.85714286,82.85714286,82.86
,Dr Abid Hasan Khan,1,1,0,0.8,1,1,1,5.8,82.85714286,,
,Dr Rayhan Islam,1,1,0,0.8,1,1,1,5.8,82.85714286,,
E09_P22_AF_VLL_GM,Dr Mamun Mahmud,0,1,0,0.5,1,1,1,4.5,64.28571429,64.28571429,64.29
,Dr Abid Hasan Khan,0,1,0,0.5,1,1,1,4.5,64.28571429,,
,Dr Rayhan Islam,0,1,0,0.5,1,1,1,4.5,64.28571429,,
E09_P22_AL_VLL_GM,Dr Mamun Mahmud,0,1,0,0.5,1,1,1,4.5,64.28571429,64.28571429,64.29
,Dr Abid Hasan Khan,0,1,0,0.5,1,1,1,4.5,64.28571429,,
,Dr Rayhan Islam,0,1,0,0.5,1,1,1,4.5,64.28571429,,
E09_P22_AR_VLL_GM,Dr Mamun Mahmud,0,1,0,0.6,1,1,1,4.6,65.71428571,65.71428571,65.71
,Dr Abid Hasan Khan,0,1,0,0.6,1,1,1,4.6,65.71428571,,
,Dr Rayhan Islam,0,1,0,0.6,1,1,1,4.6,65.71428571,,
E09_P22_AF_VML_GM,Dr Mamun Mahmud,1,1,1,1,1,1,1,7,100,100,100
,Dr Abid Hasan Khan,1,1,1,1,1,1,1,7,100,,
,Dr Rayhan Islam,1,1,1,1,1,1,1,7,100,,
E09_P22_AL_VML_GM,Dr Mamun Mahmud,1,1,1,1,1,1,1,7,100,100,100
,Dr Abid Hasan Khan,1,1,1,1,1,1,1,7,100,,
,Dr Rayhan Islam,1,1,1,1,1,1,1,7,100,,
E09_P22_AR_VML_GM,Dr Mamun Mahmud,1,1,1,1,1,1,1,7,100,100,100
,Dr Abid Hasan Khan,1,1,1,1,1,1,1,7,100,,
,Dr Rayhan Islam,1,1,1,1,1,1,1,7,100,,
E09_P22_AF_VO_GM,Dr Mamun Mahmud,1,1,1,1,1,1,1,7,100,100,100
,Dr Abid Hasan Khan,1,1,1,1,1,1,1,7,100,,
,Dr Rayhan Islam,1,1,1,1,1,1,1,7,100,,
E09_P22_AL_VO_GM,Dr Mamun Mahmud,1,1,1,1,1,1,1,7,100,100,100
,Dr Abid Hasan Khan,1,1,1,1,1,1,1,7,100,,
,Dr Rayhan Islam,1,1,1,1,1,1,1,7,100,,
E09_P22_AR_VO_GM,Dr Mamun Mahmud,1,1,1,1,1,1,1,7,100,100,100
,Dr Abid Hasan Khan,1,1,1,1,1,1,1,7,100,,
,Dr Rayhan Islam,1,1,1,1,1,1,1,7,100,,
E09_P23_AF_VFL_GM,Dr Mamun Mahmud,1,1,0,0.5,0.5,1,0.66,4.66,66.57142857,71.33333333,71.33
,Dr Abid Hasan Khan,1,1,0,0.5,1,1,0.66,5.16,73.71428571,,
,Dr Rayhan Islam,1,1,0,0.5,1,1,0.66,5.16,73.71428571,,
E09_P23_AL_VFL_GM,Dr Mamun Mahmud,1,1,0,0.5,0.5,1,0.66,4.66,66.57142857,71.33333333,71.33
,Dr Abid Hasan Khan,1,1,0,0.5,1,1,0.66,5.16,73.71428571,,
,Dr Rayhan Islam,1,1,0,0.5,1,1,0.66,5.16,73.71428571,,
E09_P23_AR_VFL_GM,Dr Mamun Mahmud,1,1,0,0.7,0.5,1,0.66,4.86,69.42857143,74.19047619,74.19
,Dr Abid Hasan Khan,1,1,0,0.7,1,1,0.66,5.36,76.57142857,,
,Dr Rayhan Islam,1,1,0,0.7,1,1,0.66,5.36,76.57142857,,
E09_P23_AF_VHJ_GM,Dr Mamun Mahmud,1,1,1,1,0.5,1,1,6.5,92.85714286,97.61904762,97.62
,Dr Abid Hasan Khan,1,1,1,1,1,1,1,7,100,,
,Dr Rayhan Islam,1,1,1,1,1,1,1,7,100,,
E09_P23_AL_VHJ_GM,Dr Mamun Mahmud,1,1,1,1,0.5,1,1,6.5,92.85714286,97.61904762,97.62
,Dr Abid Hasan Khan,1,1,1,1,1,1,1,7,100,,
,Dr Rayhan Islam,1,1,1,1,1,1,1,7,100,,
E09_P23_AR_VHJ_GM,Dr Mamun Mahmud,1,1,0,0.8,0.5,1,1,5.3,75.71428571,80.47619048,80.48
,Dr Abid Hasan Khan,1,1,0,0.8,1,1,1,5.8,82.85714286,,
,Dr Rayhan Islam,1,1,0,0.8,1,1,1,5.8,82.85714286,,
E09_P23_AF_VLJ_GM,Dr Mamun Mahmud,1,1,1,1,0.5,1,1,6.5,92.85714286,97.61904762,97.62
,Dr Abid Hasan Khan,1,1,1,1,1,1,1,7,100,,
,Dr Rayhan Islam,1,1,1,1,1,1,1,7,100,,
E09_P23_AL_VLJ_GM,Dr Mamun Mahmud,1,1,1,1,0.5,1,1,6.5,92.85714286,97.61904762,97.62
,Dr Abid Hasan Khan,1,1,1,1,1,1,1,7,100,,
,Dr Rayhan Islam,1,1,1,1,1,1,1,7,100,,
E09_P23_AR_VLJ_GM,Dr Mamun Mahmud,1,1,1,1,0.5,1,1,6.5,92.85714286,97.61904762,97.62
,Dr Abid Hasan Khan,1,1,1,1,1,1,1,7,100,,
,Dr Rayhan Islam,1,1,1,1,1,1,1,7,100,,
E09_P23_AF_VLL_GM,Dr Mamun Mahmud,1,1,1,1,1,1,1,7,100,100,100
,Dr Abid Hasan Khan,1,1,1,1,1,1,1,7,100,,
,Dr Rayhan Islam,1,1,1,1,1,1,1,7,100,,
E09_P23_AL_VLL_GM,Dr Mamun Mahmud,1,1,1,1,1,1,1,7,100,100,100
,Dr Abid Hasan Khan,1,1,1,1,1,1,1,7,100,,
,Dr Rayhan Islam,1,1,1,1,1,1,1,7,100,,
E09_P23_AR_VLL_GM,Dr Mamun Mahmud,1,1,1,1,1,1,1,7,100,100,100
,Dr Abid Hasan Khan,1,1,1,1,1,1,1,7,100,,
,Dr Rayhan Islam,1,1,1,1,1,1,1,7,100,,
E09_P23_AF_VML_GM,Dr Mamun Mahmud,0,1,0,0,1,1,0.6,3.6,51.42857143,51.42857143,51.43
,Dr Abid Hasan Khan,0,1,0,0,1,1,0.6,3.6,51.42857143,,
,Dr Rayhan Islam,0,1,0,0,1,1,0.6,3.6,51.42857143,,
E09_P23_AL_VML_GM,Dr Mamun Mahmud,0,1,0,0,1,1,0.6,3.6,51.42857143,51.42857143,51.43
,Dr Abid Hasan Khan,0,1,0,0,1,1,0.6,3.6,51.42857143,,
,Dr Rayhan Islam,0,1,0,0,1,1,0.6,3.6,51.42857143,,
E09_P23_AR_VML_GM,Dr Mamun Mahmud,0,1,0,0,1,1,0.6,3.6,51.42857143,51.42857143,51.43
,Dr Abid Hasan Khan,0,1,0,0,1,1,0.6,3.6,51.42857143,,
,Dr Rayhan Islam,0,1,0,0,1,1,0.6,3.6,51.42857143,,
E09_P23_AF_VO_GM,Dr Mamun Mahmud,1,1,0,0.9,1,1,0.6,5.5,78.57142857,78.57142857,78.57
,Dr Abid Hasan Khan,1,1,0,0.9,1,1,0.6,5.5,78.57142857,,
,Dr Rayhan Islam,1,1,0,0.9,1,1,0.6,5.5,78.57142857,,
E09_P23_AL_VO_GM,Dr Mamun Mahmud,1,1,0,0.8,1,1,0.6,5.4,77.14285714,77.14285714,77.14
,Dr Abid Hasan Khan,1,1,0,0.8,1,1,0.6,5.4,77.14285714,,
,Dr Rayhan Islam,1,1,0,0.8,1,1,0.6,5.4,77.14285714,,
E09_P23_AR_VO_GM,Dr Mamun Mahmud,1,1,0,0.8,1,1,0.6,5.4,77.14285714,77.14285714,77.14
,Dr Abid Hasan Khan,1,1,0,0.8,1,1,0.6,5.4,77.14285714,,
,Dr Rayhan Islam,1,1,0,0.8,1,1,0.6,5.4,77.14285714,,
,,,,,,,,,,0,0,0
,,,,,,,,,,0,,
,,,,,,,,,,,,
,,,,,,,,,,,0,0
,,,,,,,,,,,,
,,,,,,,,,,,,
,,,,,,,,,,,0,0
,,,,,,,,,,,,
,,,,,,,,,,,,
,,,,,,,,,,,0,0
,,,,,,,,,,,,
,,,,,,,,,,,,
,,,,,,,,,,,0,0
,,,,,,,,,,,,
,,,,,,,,,,,,
,,,,,,,,,,,0,0
,,,,,,,,,,,,
,,,,,,,,,,,,
,,,,,,,,,,,0,0
,,,,,,,,,,,,
,,,,,,,,,,,,
,,,,,,,,,,,0,0
,,,,,,,,,,,,
,,,,,,,,,,,,
,,,,,,,,,,,0,0
,,,,,,,,,,,,
,,,,,,,,,,,,
,,,,,,,,,,,0,0
,,,,,,,,,,,,
,,,,,,,,,,,,
,,,,,,,,,,,0,0
